did,name,NumberOfClasses,NumberOfInstances,NumberOfFeatures,NumberOfMissingValues,classes_bin,samples_bin,features_bin_metadata,cell_metadata
45689,simulated_adult,2.0,5100000.0,15.0,0.0,2,10000+,10-20,classes=2 | samples=10000+ | features=10-20
45672,prostate,2.0,5100000.0,103.0,0.0,2,10000+,100+,classes=2 | samples=10000+ | features=100+
45660,simulated_electricity,2.0,5100000.0,9.0,0.0,2,10000+,5-10,classes=2 | samples=10000+ | features=5-10
45703,simulated_bank_marketing,2.0,5100000.0,17.0,0.0,2,10000+,10-20,classes=2 | samples=10000+ | features=10-20
45704,simulated_covertype,2.0,5100000.0,11.0,0.0,2,10000+,10-20,classes=2 | samples=10000+ | features=10-20
45693,simulated_electricity,2.0,5100000.0,9.0,0.0,2,10000+,5-10,classes=2 | samples=10000+ | features=5-10
45668,bates_classif_100,2.0,5100000.0,101.0,0.0,2,10000+,100+,classes=2 | samples=10000+ | features=100+
1110,KDDCup99_full,23.0,4898431.0,42.0,0.0,15+,10000+,40-60,classes=15+ | samples=10000+ | features=40-60
42746,KDDCup99,23.0,4898431.0,42.0,0.0,15+,10000+,40-60,classes=15+ | samples=10000+ | features=40-60
42553,BitcoinHeist_Ransomware,29.0,2916697.0,10.0,0.0,15+,10000+,5-10,classes=15+ | samples=10000+ | features=5-10
42732,sf-police-incidents,2.0,2215023.0,9.0,0.0,2,10000+,5-10,classes=2 | samples=10000+ | features=5-10
1218,Click_prediction_small,2.0,1997410.0,12.0,0.0,2,10000+,10-20,classes=2 | samples=10000+ | features=10-20
46801,ACSIncome,2.0,1664500.0,12.0,0.0,2,10000+,10-20,classes=2 | samples=10000+ | features=10-20
1216,Click_prediction_small,2.0,1496391.0,10.0,0.0,2,10000+,5-10,classes=2 | samples=10000+ | features=5-10
46649,DDXPlus,49.0,1292579.0,6.0,0.0,15+,10000+,5-10,classes=15+ | samples=10000+ | features=5-10
46804,DDXPlus,49.0,1292579.0,6.0,0.0,15+,10000+,5-10,classes=15+ | samples=10000+ | features=5-10
45579,Microsoft,5.0,1200192.0,137.0,0.0,5,10000+,100+,classes=5 | samples=10000+ | features=100+
46802,ACSPublicCoverage,2.0,1138289.0,19.0,0.0,2,10000+,10-20,classes=2 | samples=10000+ | features=10-20
354,poker,2.0,1025010.0,11.0,0.0,2,10000+,10-20,classes=2 | samples=10000+ | features=10-20
271,BNG(waveform-5000),3.0,1000000.0,41.0,0.0,3,10000+,40-60,classes=3 | samples=10000+ | features=40-60
157,RandomRBF_10_1E-3,5.0,1000000.0,11.0,0.0,5,10000+,10-20,classes=5 | samples=10000+ | features=10-20
156,RandomRBF_0_0,5.0,1000000.0,11.0,0.0,5,10000+,10-20,classes=5 | samples=10000+ | features=10-20
272,BNG(zoo),7.0,1000000.0,17.0,0.0,7-8,10000+,10-20,classes=7-8 | samples=10000+ | features=10-20
266,BNG(heart-c),5.0,1000000.0,14.0,0.0,5,10000+,10-20,classes=5 | samples=10000+ | features=10-20
269,BNG(hepatitis),2.0,1000000.0,20.0,0.0,2,10000+,10-20,classes=2 | samples=10000+ | features=10-20
77,"BNG(breast-cancer,nominal,1000000)",2.0,1000000.0,10.0,0.0,2,10000+,5-10,classes=2 | samples=10000+ | features=5-10
246,BNG(labor),2.0,1000000.0,17.0,0.0,2,10000+,10-20,classes=2 | samples=10000+ | features=10-20
162,SEA(50000),2.0,1000000.0,4.0,0.0,2,10000+,3-5,classes=2 | samples=10000+ | features=3-5
161,SEA(50),2.0,1000000.0,4.0,0.0,2,10000+,3-5,classes=2 | samples=10000+ | features=3-5
160,RandomRBF_50_1E-4,5.0,1000000.0,11.0,0.0,5,10000+,10-20,classes=5 | samples=10000+ | features=10-20
247,BNG(letter),26.0,1000000.0,17.0,0.0,15+,10000+,10-20,classes=15+ | samples=10000+ | features=10-20
262,BNG(cylinder-bands),2.0,1000000.0,40.0,0.0,2,10000+,40-60,classes=2 | samples=10000+ | features=40-60
128,"BNG(cylinder-bands,nominal,1000000)",2.0,1000000.0,40.0,0.0,2,10000+,40-60,classes=2 | samples=10000+ | features=40-60
258,BNG(credit-a),2.0,1000000.0,16.0,0.0,2,10000+,10-20,classes=2 | samples=10000+ | features=10-20
159,RandomRBF_50_1E-3,5.0,1000000.0,11.0,0.0,5,10000+,10-20,classes=5 | samples=10000+ | features=10-20
158,RandomRBF_10_1E-4,5.0,1000000.0,11.0,0.0,5,10000+,10-20,classes=5 | samples=10000+ | features=10-20
73,"BNG(labor,nominal,1000000)",2.0,1000000.0,17.0,0.0,2,10000+,10-20,classes=2 | samples=10000+ | features=10-20
74,"BNG(letter,nominal,1000000)",26.0,1000000.0,17.0,0.0,15+,10000+,10-20,classes=15+ | samples=10000+ | features=10-20
1385,"BNG(letter,10000,5)",26.0,1000000.0,17.0,0.0,15+,10000+,10-20,classes=15+ | samples=10000+ | features=10-20
1384,"BNG(letter,10000,1)",26.0,1000000.0,17.0,0.0,15+,10000+,10-20,classes=15+ | samples=10000+ | features=10-20
1185,BNG(wine),3.0,1000000.0,14.0,0.0,3,10000+,10-20,classes=3 | samples=10000+ | features=10-20
1186,BNG(eucalyptus),5.0,1000000.0,20.0,0.0,5,10000+,10-20,classes=5 | samples=10000+ | features=10-20
124,"BNG(credit-a,nominal,1000000)",2.0,1000000.0,16.0,0.0,2,10000+,10-20,classes=2 | samples=10000+ | features=10-20
43489,Census-(Augmented),2.0,1000000.0,15.0,0.0,2,10000+,10-20,classes=2 | samples=10000+ | features=10-20
152,Hyperplane_10_1E-3,2.0,1000000.0,11.0,0.0,2,10000+,10-20,classes=2 | samples=10000+ | features=10-20
153,Hyperplane_10_1E-4,2.0,1000000.0,11.0,0.0,2,10000+,10-20,classes=2 | samples=10000+ | features=10-20
138,"BNG(heart-h,nominal,1000000)",5.0,1000000.0,14.0,0.0,5,10000+,10-20,classes=5 | samples=10000+ | features=10-20
140,"BNG(heart-statlog,nominal,1000000)",2.0,1000000.0,14.0,0.0,2,10000+,10-20,classes=2 | samples=10000+ | features=10-20
1205,BNG(Australian),2.0,1000000.0,15.0,0.0,2,10000+,10-20,classes=2 | samples=10000+ | features=10-20
1212,BNG(SPECTF),2.0,1000000.0,45.0,0.0,2,10000+,40-60,classes=2 | samples=10000+ | features=40-60
1235,Agrawal1,2.0,1000000.0,10.0,0.0,2,10000+,5-10,classes=2 | samples=10000+ | features=5-10
1236,Stagger1,2.0,1000000.0,4.0,0.0,2,10000+,3-5,classes=2 | samples=10000+ | features=3-5
267,BNG(heart-statlog),2.0,1000000.0,14.0,0.0,2,10000+,10-20,classes=2 | samples=10000+ | features=10-20
40519,BNG(segment),7.0,1000000.0,20.0,0.0,7-8,10000+,10-20,classes=7-8 | samples=10000+ | features=10-20
1381,"BNG(letter,5000,1)",26.0,1000000.0,17.0,0.0,15+,10000+,10-20,classes=15+ | samples=10000+ | features=10-20
1380,"BNG(letter,1000,10)",26.0,1000000.0,17.0,0.0,15+,10000+,10-20,classes=15+ | samples=10000+ | features=10-20
1383,"BNG(letter,5000,10)",26.0,1000000.0,17.0,0.0,15+,10000+,10-20,classes=15+ | samples=10000+ | features=10-20
1382,"BNG(letter,5000,5)",26.0,1000000.0,17.0,0.0,15+,10000+,10-20,classes=15+ | samples=10000+ | features=10-20
1182,BNG(adult),2.0,1000000.0,15.0,0.0,2,10000+,10-20,classes=2 | samples=10000+ | features=10-20
1181,BNG(spectf_test),2.0,1000000.0,45.0,0.0,2,10000+,40-60,classes=2 | samples=10000+ | features=40-60
1179,BNG(solar-flare),3.0,1000000.0,13.0,0.0,3,10000+,10-20,classes=3 | samples=10000+ | features=10-20
1386,"BNG(letter,10000,10)",26.0,1000000.0,17.0,0.0,15+,10000+,10-20,classes=15+ | samples=10000+ | features=10-20
1379,"BNG(letter,1000,5)",26.0,1000000.0,17.0,0.0,15+,10000+,10-20,classes=15+ | samples=10000+ | features=10-20
1378,"BNG(letter,1000,1)",26.0,1000000.0,17.0,0.0,15+,10000+,10-20,classes=15+ | samples=10000+ | features=10-20
1238,Stagger3,2.0,1000000.0,4.0,0.0,2,10000+,3-5,classes=2 | samples=10000+ | features=3-5
45583,click,2.0,1000000.0,12.0,0.0,2,10000+,10-20,classes=2 | samples=10000+ | features=10-20
45556,Click,2.0,1000000.0,12.0,0.0,2,10000+,10-20,classes=2 | samples=10000+ | features=10-20
40515,BNG(spambase),2.0,1000000.0,58.0,0.0,2,10000+,40-60,classes=2 | samples=10000+ | features=40-60
1177,BNG(primary-tumor),22.0,1000000.0,18.0,0.0,15+,10000+,10-20,classes=15+ | samples=10000+ | features=10-20
1237,Stagger2,2.0,1000000.0,4.0,0.0,2,10000+,3-5,classes=2 | samples=10000+ | features=3-5
147,"BNG(waveform-5000,nominal,1000000)",3.0,1000000.0,41.0,0.0,3,10000+,40-60,classes=3 | samples=10000+ | features=40-60
142,"BNG(hepatitis,nominal,1000000)",2.0,1000000.0,20.0,0.0,2,10000+,10-20,classes=2 | samples=10000+ | features=10-20
135,BNG(spambase),2.0,1000000.0,58.0,0.0,2,10000+,40-60,classes=2 | samples=10000+ | features=40-60
136,"BNG(heart-c,nominal,1000000)",5.0,1000000.0,14.0,0.0,5,10000+,10-20,classes=5 | samples=10000+ | features=10-20
130,BNG(segment),7.0,1000000.0,20.0,0.0,7-8,10000+,10-20,classes=7-8 | samples=10000+ | features=10-20
148,"BNG(zoo,nominal,1000000)",7.0,1000000.0,18.0,0.0,7-8,10000+,10-20,classes=7-8 | samples=10000+ | features=10-20
42468,hls4ml_lhc_jets_hlf,5.0,830000.0,17.0,0.0,5,10000+,10-20,classes=5 | samples=10000+ | features=10-20
1178,BNG(solar-flare),2.0,663552.0,13.0,0.0,2,10000+,10-20,classes=2 | samples=10000+ | features=10-20
46041,Stylized_Meta_Album_INS2_STY_Extended,20.0,600000.0,7.0,0.0,15+,10000+,5-10,classes=15+ | samples=10000+ | features=5-10
46053,Stylized_Meta_Album_PLT_NET_STY_Extended,20.0,600000.0,7.0,0.0,15+,10000+,5-10,classes=15+ | samples=10000+ | features=5-10
1596,covertype,7.0,581012.0,55.0,0.0,7-8,10000+,40-60,classes=7-8 | samples=10000+ | features=40-60
150,covertype,7.0,581012.0,55.0,0.0,7-8,10000+,40-60,classes=7-8 | samples=10000+ | features=40-60
293,covertype,2.0,581012.0,55.0,0.0,2,10000+,40-60,classes=2 | samples=10000+ | features=40-60
46799,AVIDa-hIL6,2.0,573891.0,4.0,0.0,2,10000+,3-5,classes=2 | samples=10000+ | features=3-5
44112,covertype,2.0,566602.0,11.0,0.0,2,10000+,10-20,classes=2 | samples=10000+ | features=10-20
44081,covertype,2.0,566602.0,11.0,0.0,2,10000+,10-20,classes=2 | samples=10000+ | features=10-20
44121,covertype,2.0,566602.0,11.0,0.0,2,10000+,10-20,classes=2 | samples=10000+ | features=10-20
1169,airlines,2.0,539383.0,8.0,0.0,2,10000+,5-10,classes=2 | samples=10000+ | features=5-10
41672,airlines,2.0,539383.0,8.0,0.0,2,10000+,5-10,classes=2 | samples=10000+ | features=5-10
42344,sf-police-incidents,2.0,538638.0,7.0,0.0,2,10000+,5-10,classes=2 | samples=10000+ | features=5-10
47264,U.S._Inter-State_Migration_by_Age_Radaris_Anonymized,54.0,500000.0,3.0,0.0,15+,10000+,3-5,classes=15+ | samples=10000+ | features=3-5
45575,Epsilon,2.0,500000.0,2001.0,0.0,2,10000+,100+,classes=2 | samples=10000+ | features=100+
1113,KDDCup99,23.0,494020.0,42.0,0.0,15+,10000+,40-60,classes=15+ | samples=10000+ | features=40-60
351,codrna,2.0,488565.0,9.0,0.0,2,10000+,5-10,classes=2 | samples=10000+ | features=5-10
1241,codrnaNorm,2.0,488565.0,9.0,0.0,2,10000+,5-10,classes=2 | samples=10000+ | features=5-10
46029,Stylized_Meta_Album_AWA_STY_Extended,20.0,437820.0,7.0,0.0,15+,10000+,5-10,classes=15+ | samples=10000+ | features=5-10
43948,covertype,2.0,423680.0,55.0,0.0,2,10000+,40-60,classes=2 | samples=10000+ | features=40-60
44036,covertype,2.0,423680.0,55.0,0.0,2,10000+,40-60,classes=2 | samples=10000+ | features=40-60
44159,covertype,2.0,423680.0,55.0,0.0,2,10000+,40-60,classes=2 | samples=10000+ | features=40-60
274,20_newsgroups.drift,2.0,399940.0,1002.0,0.0,2,10000+,100+,classes=2 | samples=10000+ | features=100+
40517,20_newsgroups.drift,2.0,399940.0,1001.0,0.0,2,10000+,100+,classes=2 | samples=10000+ | features=100+
1219,Click_prediction_small,2.0,399482.0,12.0,0.0,2,10000+,10-20,classes=2 | samples=10000+ | features=10-20
41748,FOREX_usddkk-minute-Close,2.0,375840.0,12.0,0.0,2,10000+,10-20,classes=2 | samples=10000+ | features=10-20
41714,FOREX_eurpln-minute-High,2.0,375840.0,12.0,0.0,2,10000+,10-20,classes=2 | samples=10000+ | features=10-20
41710,FOREX_eurhkd-minute-High,2.0,375840.0,12.0,0.0,2,10000+,10-20,classes=2 | samples=10000+ | features=10-20
41711,FOREX_eurusd-minute-Close,2.0,375840.0,12.0,0.0,2,10000+,10-20,classes=2 | samples=10000+ | features=10-20
41745,FOREX_chfjpy-minute-High,2.0,375840.0,12.0,0.0,2,10000+,10-20,classes=2 | samples=10000+ | features=10-20
41747,FOREX_audnzd-minute-Close,2.0,375840.0,12.0,0.0,2,10000+,10-20,classes=2 | samples=10000+ | features=10-20
41708,FOREX_eurchf-minute-Close,2.0,375840.0,12.0,0.0,2,10000+,10-20,classes=2 | samples=10000+ | features=10-20
41743,FOREX_eurpln-minute-Close,2.0,375840.0,12.0,0.0,2,10000+,10-20,classes=2 | samples=10000+ | features=10-20
41741,FOREX_eursgd-minute-High,2.0,375840.0,12.0,0.0,2,10000+,10-20,classes=2 | samples=10000+ | features=10-20
41822,FOREX_audnzd-minute-High,2.0,375840.0,12.0,0.0,2,10000+,10-20,classes=2 | samples=10000+ | features=10-20
41852,FOREX_eurchf-minute-High,2.0,375840.0,12.0,0.0,2,10000+,10-20,classes=2 | samples=10000+ | features=10-20
41853,FOREX_eurnzd-minute-Close,2.0,375840.0,12.0,0.0,2,10000+,10-20,classes=2 | samples=10000+ | features=10-20
41850,FOREX_eursek-minute-High,2.0,375840.0,12.0,0.0,2,10000+,10-20,classes=2 | samples=10000+ | features=10-20
41845,FOREX_eurusd-minute-High,2.0,375840.0,12.0,0.0,2,10000+,10-20,classes=2 | samples=10000+ | features=10-20
41837,FOREX_audjpy-minute-Close,2.0,375840.0,12.0,0.0,2,10000+,10-20,classes=2 | samples=10000+ | features=10-20
41840,FOREX_eurnok-minute-High,2.0,375840.0,12.0,0.0,2,10000+,10-20,classes=2 | samples=10000+ | features=10-20
41854,FOREX_audcad-minute-Close,2.0,375840.0,12.0,0.0,2,10000+,10-20,classes=2 | samples=10000+ | features=10-20
41855,FOREX_eurtry-minute-High,2.0,375840.0,12.0,0.0,2,10000+,10-20,classes=2 | samples=10000+ | features=10-20
41775,FOREX_usdcad-minute-Close,2.0,375840.0,12.0,0.0,2,10000+,10-20,classes=2 | samples=10000+ | features=10-20
41774,FOREX_eurhuf-minute-High,2.0,375840.0,12.0,0.0,2,10000+,10-20,classes=2 | samples=10000+ | features=10-20
41793,FOREX_eurjpy-minute-High,2.0,375840.0,12.0,0.0,2,10000+,10-20,classes=2 | samples=10000+ | features=10-20
41794,FOREX_nzdusd-minute-Close,2.0,375840.0,12.0,0.0,2,10000+,10-20,classes=2 | samples=10000+ | features=10-20
41786,FOREX_eurgbp-minute-Close,2.0,375840.0,12.0,0.0,2,10000+,10-20,classes=2 | samples=10000+ | features=10-20
41789,FOREX_eurnzd-minute-High,2.0,375840.0,12.0,0.0,2,10000+,10-20,classes=2 | samples=10000+ | features=10-20
41796,FOREX_eurrub-minute-Close,2.0,375840.0,12.0,0.0,2,10000+,10-20,classes=2 | samples=10000+ | features=10-20
41795,FOREX_gbpusd-minute-Close,2.0,375840.0,12.0,0.0,2,10000+,10-20,classes=2 | samples=10000+ | features=10-20
41798,FOREX_usdcad-minute-High,2.0,375840.0,12.0,0.0,2,10000+,10-20,classes=2 | samples=10000+ | features=10-20
41800,FOREX_cadjpy-minute-Close,2.0,375840.0,12.0,0.0,2,10000+,10-20,classes=2 | samples=10000+ | features=10-20
41802,FOREX_audcad-minute-High,2.0,375840.0,12.0,0.0,2,10000+,10-20,classes=2 | samples=10000+ | features=10-20
41807,FOREX_nzdusd-minute-High,2.0,375840.0,12.0,0.0,2,10000+,10-20,classes=2 | samples=10000+ | features=10-20
41808,FOREX_eurgbp-minute-High,2.0,375840.0,12.0,0.0,2,10000+,10-20,classes=2 | samples=10000+ | features=10-20
41809,FOREX_audusd-minute-High,2.0,375840.0,12.0,0.0,2,10000+,10-20,classes=2 | samples=10000+ | features=10-20
41751,FOREX_eurnok-minute-Close,2.0,375840.0,12.0,0.0,2,10000+,10-20,classes=2 | samples=10000+ | features=10-20
41757,FOREX_usdchf-minute-Close,2.0,375840.0,12.0,0.0,2,10000+,10-20,classes=2 | samples=10000+ | features=10-20
41755,FOREX_cadchf-minute-Close,2.0,375840.0,12.0,0.0,2,10000+,10-20,classes=2 | samples=10000+ | features=10-20
41752,FOREX_eurjpy-minute-Close,2.0,375840.0,12.0,0.0,2,10000+,10-20,classes=2 | samples=10000+ | features=10-20
41771,FOREX_eurtry-minute-Close,2.0,375840.0,12.0,0.0,2,10000+,10-20,classes=2 | samples=10000+ | features=10-20
41772,FOREX_audchf-minute-High,2.0,375840.0,12.0,0.0,2,10000+,10-20,classes=2 | samples=10000+ | features=10-20
41770,FOREX_audjpy-minute-High,2.0,375840.0,12.0,0.0,2,10000+,10-20,classes=2 | samples=10000+ | features=10-20
41761,FOREX_eursek-minute-Close,2.0,375840.0,12.0,0.0,2,10000+,10-20,classes=2 | samples=10000+ | features=10-20
41749,FOREX_gbpusd-minute-High,2.0,375840.0,12.0,0.0,2,10000+,10-20,classes=2 | samples=10000+ | features=10-20
41823,FOREX_eurcad-minute-High,2.0,375840.0,12.0,0.0,2,10000+,10-20,classes=2 | samples=10000+ | features=10-20
41836,FOREX_cadchf-minute-High,2.0,375840.0,12.0,0.0,2,10000+,10-20,classes=2 | samples=10000+ | features=10-20
41819,FOREX_eurrub-minute-High,2.0,375840.0,12.0,0.0,2,10000+,10-20,classes=2 | samples=10000+ | features=10-20
41810,FOREX_audchf-minute-Close,2.0,375840.0,12.0,0.0,2,10000+,10-20,classes=2 | samples=10000+ | features=10-20
41817,FOREX_audusd-minute-Close,2.0,375840.0,12.0,0.0,2,10000+,10-20,classes=2 | samples=10000+ | features=10-20
41814,FOREX_euraud-minute-Close,2.0,375840.0,12.0,0.0,2,10000+,10-20,classes=2 | samples=10000+ | features=10-20
41813,FOREX_audsgd-minute-Close,2.0,375840.0,12.0,0.0,2,10000+,10-20,classes=2 | samples=10000+ | features=10-20
41778,FOREX_eurdkk-minute-High,2.0,375840.0,12.0,0.0,2,10000+,10-20,classes=2 | samples=10000+ | features=10-20
41776,FOREX_eurhkd-minute-Close,2.0,375840.0,12.0,0.0,2,10000+,10-20,classes=2 | samples=10000+ | features=10-20
41861,FOREX_euraud-minute-High,2.0,375840.0,12.0,0.0,2,10000+,10-20,classes=2 | samples=10000+ | features=10-20
41876,FOREX_eurdkk-minute-Close,2.0,375840.0,12.0,0.0,2,10000+,10-20,classes=2 | samples=10000+ | features=10-20
41869,FOREX_eursgd-minute-Close,2.0,375840.0,12.0,0.0,2,10000+,10-20,classes=2 | samples=10000+ | features=10-20
41880,FOREX_chfsgd-minute-Close,2.0,375840.0,12.0,0.0,2,10000+,10-20,classes=2 | samples=10000+ | features=10-20
41887,FOREX_audsgd-minute-High,2.0,375840.0,12.0,0.0,2,10000+,10-20,classes=2 | samples=10000+ | features=10-20
41890,FOREX_usddkk-minute-High,2.0,375840.0,12.0,0.0,2,10000+,10-20,classes=2 | samples=10000+ | features=10-20
41717,FOREX_usdjpy-minute-High,2.0,375840.0,12.0,0.0,2,10000+,10-20,classes=2 | samples=10000+ | features=10-20
41895,FOREX_eurhuf-minute-Close,2.0,375840.0,12.0,0.0,2,10000+,10-20,classes=2 | samples=10000+ | features=10-20
41892,FOREX_usdchf-minute-High,2.0,375840.0,12.0,0.0,2,10000+,10-20,classes=2 | samples=10000+ | features=10-20
41738,FOREX_chfsgd-minute-High,2.0,375840.0,12.0,0.0,2,10000+,10-20,classes=2 | samples=10000+ | features=10-20
41728,FOREX_cadjpy-minute-High,2.0,375840.0,12.0,0.0,2,10000+,10-20,classes=2 | samples=10000+ | features=10-20
41729,FOREX_chfjpy-minute-Close,2.0,375840.0,12.0,0.0,2,10000+,10-20,classes=2 | samples=10000+ | features=10-20
41732,FOREX_usdjpy-minute-Close,2.0,375840.0,12.0,0.0,2,10000+,10-20,classes=2 | samples=10000+ | features=10-20
41735,FOREX_eurcad-minute-Close,2.0,375840.0,12.0,0.0,2,10000+,10-20,classes=2 | samples=10000+ | features=10-20
46062,Stylized_Meta_Album_RSICB_STY_Extended,20.0,373820.0,7.0,0.0,15+,10000+,5-10,classes=15+ | samples=10000+ | features=5-10
46686,DBPedia,219.0,342781.0,4.0,0.0,15+,10000+,3-5,classes=15+ | samples=10000+ | features=3-5
125,"BNG(page-blocks,nominal,295245)",5.0,295245.0,11.0,0.0,5,10000+,10-20,classes=5 | samples=10000+ | features=10-20
259,BNG(page-blocks),5.0,295245.0,11.0,0.0,5,10000+,10-20,classes=5 | samples=10000+ | features=10-20
46057,Stylized_Meta_Album_RESISC_STY_Extended,20.0,280000.0,7.0,0.0,15+,10000+,5-10,classes=15+ | samples=10000+ | features=5-10
41991,Kuzushiji-49,49.0,270912.0,785.0,0.0,15+,10000+,100+,classes=15+ | samples=10000+ | features=100+
1502,skin-segmentation,2.0,245057.0,4.0,0.0,2,10000+,3-5,classes=2 | samples=10000+ | features=3-5
46025,Stylized_Meta_Album_APL_STY_Extended,20.0,204100.0,7.0,0.0,15+,10000+,5-10,classes=15+ | samples=10000+ | features=5-10
42395,SantanderCustomerSatisfaction,2.0,200000.0,202.0,0.0,2,10000+,100+,classes=2 | samples=10000+ | features=100+
42435,SantanderCustomerSatisfaction,2.0,200000.0,202.0,0.0,2,10000+,100+,classes=2 | samples=10000+ | features=100+
45566,SantanderCustomerSatisfaction,2.0,200000.0,201.0,0.0,2,10000+,100+,classes=2 | samples=10000+ | features=100+
44340,Meta_Album_INS_Extended,117.0,170506.0,3.0,0.0,15+,10000+,3-5,classes=15+ | samples=10000+ | features=3-5
1217,Click_prediction_small,2.0,149639.0,12.0,0.0,2,10000+,10-20,classes=2 | samples=10000+ | features=10-20
1509,walking-activity,22.0,149332.0,5.0,0.0,15+,10000+,3-5,classes=15+ | samples=10000+ | features=3-5
265,BNG(glass),7.0,137781.0,10.0,0.0,7-8,10000+,5-10,classes=7-8 | samples=10000+ | features=5-10
133,"BNG(glass,nominal,137781)",7.0,137781.0,10.0,0.0,7-8,10000+,5-10,classes=7-8 | samples=10000+ | features=5-10
41039,EMNIST_Balanced,47.0,131600.0,785.0,0.0,15+,10000+,100+,classes=15+ | samples=10000+ | features=100+
143,BNG(vote),2.0,131072.0,17.0,0.0,2,10000+,10-20,classes=2 | samples=10000+ | features=10-20
41150,MiniBooNE,2.0,130064.0,51.0,0.0,2,10000+,40-60,classes=2 | samples=10000+ | features=40-60
46805,college_scorecard,2.0,124699.0,119.0,0.0,2,10000+,100+,classes=2 | samples=10000+ | features=100+
273,IMDB.drama,2.0,120919.0,1002.0,0.0,2,10000+,100+,classes=2 | samples=10000+ | features=100+
45282,AfriSenti,3.0,111720.0,4.0,0.0,3,10000+,3-5,classes=3 | samples=10000+ | features=3-5
43439,Medical-Appointment-No-Shows,2.0,110527.0,13.0,0.0,2,10000+,10-20,classes=2 | samples=10000+ | features=10-20
180,covertype,7.0,110393.0,55.0,0.0,7-8,10000+,40-60,classes=7-8 | samples=10000+ | features=40-60
46853,sepsis_survival_minimal_clinical_records,2.0,110341.0,4.0,0.0,2,10000+,3-5,classes=2 | samples=10000+ | features=3-5
42396,aloi,1000.0,108000.0,129.0,0.0,15+,10000+,100+,classes=15+ | samples=10000+ | features=100+
45563,Dota2-Games-Results-Data-Set,2.0,102944.0,117.0,0.0,2,10000+,100+,classes=2 | samples=10000+ | features=100+
4541,Diabetes130US,3.0,101766.0,50.0,0.0,3,10000+,40-60,classes=3 | samples=10000+ | features=40-60
1242,vehicleNorm,2.0,98528.0,101.0,0.0,2,10000+,100+,classes=2 | samples=10000+ | features=100+
357,vehicle_sensIT,2.0,98528.0,101.0,0.0,2,10000+,100+,classes=2 | samples=10000+ | features=100+
40923,Devnagari-Script,46.0,92000.0,1025.0,0.0,15+,10000+,100+,classes=15+ | samples=10000+ | features=100+
46033,Stylized_Meta_Album_BRD_STY_Extended,20.0,90620.0,7.0,0.0,15+,10000+,5-10,classes=15+ | samples=10000+ | features=5-10
40922,Run_or_walk_information,2.0,88588.0,7.0,0.0,2,10000+,5-10,classes=2 | samples=10000+ | features=5-10
46037,Stylized_Meta_Album_DOG_STY_Extended,20.0,84880.0,7.0,0.0,15+,10000+,5-10,classes=15+ | samples=10000+ | features=5-10
46361,Risk_Level_Classification,3.0,78600.0,19.0,0.0,3,10000+,10-20,classes=3 | samples=10000+ | features=10-20
46955,SDSS17,3.0,78053.0,12.0,0.0,3,10000+,10-20,classes=3 | samples=10000+ | features=10-20
46859,Santander_Customer_Satisfaction,2.0,76020.0,370.0,0.0,2,10000+,100+,classes=2 | samples=10000+ | features=100+
45739,covertype,2.0,73503.0,4.0,0.0,2,10000+,3-5,classes=2 | samples=10000+ | features=3-5
45927,Products,5.0,73503.0,4.0,0.0,5,10000+,3-5,classes=5 | samples=10000+ | features=3-5
45922,Test_Dataset,2.0,73503.0,3.0,0.0,2,10000+,3-5,classes=2 | samples=10000+ | features=3-5
45745,TestDatasetOfLocations,2.0,73503.0,4.0,0.0,2,10000+,3-5,classes=2 | samples=10000+ | features=3-5
44076,MiniBooNE,2.0,72998.0,51.0,0.0,2,10000+,40-60,classes=2 | samples=10000+ | features=40-60
44088,MiniBooNE,2.0,72998.0,51.0,0.0,2,10000+,40-60,classes=2 | samples=10000+ | features=40-60
43974,MiniBooNE,2.0,72998.0,51.0,0.0,2,10000+,40-60,classes=2 | samples=10000+ | features=40-60
44128,MiniBooNE,2.0,72998.0,51.0,0.0,2,10000+,40-60,classes=2 | samples=10000+ | features=40-60
44119,MiniBooNE,2.0,72998.0,51.0,0.0,2,10000+,40-60,classes=2 | samples=10000+ | features=40-60
45022,Diabetes130US,2.0,71090.0,8.0,0.0,2,10000+,5-10,classes=2 | samples=10000+ | features=5-10
46066,Stylized_Meta_Album_SPT_STY_Extended,20.0,70220.0,7.0,0.0,15+,10000+,5-10,classes=15+ | samples=10000+ | features=5-10
45547,Cardiovascular-Disease-dataset,2.0,70000.0,12.0,0.0,2,10000+,10-20,classes=2 | samples=10000+ | features=10-20
40668,connect-4,3.0,67557.0,43.0,0.0,3,10000+,40-60,classes=3 | samples=10000+ | features=40-60
41983,CIFAR-100,100.0,60000.0,3073.0,0.0,15+,10000+,100+,classes=15+ | samples=10000+ | features=100+
40685,shuttle,7.0,58000.0,10.0,0.0,7-8,10000+,5-10,classes=7-8 | samples=10000+ | features=5-10
44079,jannis,2.0,57580.0,55.0,0.0,2,10000+,40-60,classes=2 | samples=10000+ | features=40-60
45021,jannis,2.0,57580.0,55.0,0.0,2,10000+,40-60,classes=2 | samples=10000+ | features=40-60
43977,jannis,2.0,57580.0,55.0,0.0,2,10000+,40-60,classes=2 | samples=10000+ | features=40-60
44131,jannis,2.0,57580.0,55.0,0.0,2,10000+,40-60,classes=2 | samples=10000+ | features=40-60
44094,jannis,2.0,57580.0,55.0,0.0,2,10000+,40-60,classes=2 | samples=10000+ | features=40-60
255,BNG(cmc),3.0,55296.0,10.0,0.0,3,10000+,5-10,classes=3 | samples=10000+ | features=5-10
119,"BNG(cmc,nominal,55296)",3.0,55296.0,10.0,0.0,3,10000+,5-10,classes=3 | samples=10000+ | features=5-10
44321,Meta_Album_PLT_VIL_Extended,38.0,54305.0,3.0,0.0,15+,10000+,3-5,classes=15+ | samples=10000+ | features=3-5
41988,GTSRB-HOG02,43.0,51839.0,1569.0,0.0,15+,10000+,100+,classes=15+ | samples=10000+ | features=100+
41986,GTSRB-HOG01,43.0,51839.0,1569.0,0.0,15+,10000+,100+,classes=15+ | samples=10000+ | features=100+
41990,GTSRB-HueHist,43.0,51839.0,257.0,0.0,15+,10000+,100+,classes=15+ | samples=10000+ | features=100+
41989,GTSRB-HOG03,43.0,51839.0,2917.0,0.0,15+,10000+,100+,classes=15+ | samples=10000+ | features=100+
46770,Meta_Album_BRD_Extended,315.0,49053.0,3.0,0.0,15+,10000+,3-5,classes=15+ | samples=10000+ | features=3-5
45068,adult,2.0,48842.0,15.0,0.0,2,10000+,10-20,classes=2 | samples=10000+ | features=10-20
46070,Stylized_Meta_Album_TEX_DTD_STY_Extended,20.0,48000.0,7.0,0.0,15+,10000+,5-10,classes=15+ | samples=10000+ | features=5-10
40985,tamilnadu-electricity,20.0,45781.0,4.0,0.0,15+,10000+,3-5,classes=15+ | samples=10000+ | features=3-5
151,electricity,2.0,45312.0,9.0,0.0,2,10000+,5-10,classes=2 | samples=10000+ | features=5-10
1461,bank-marketing,2.0,45211.0,17.0,0.0,2,10000+,10-20,classes=2 | samples=10000+ | features=10-20
46910,bank-marketing,2.0,45211.0,14.0,0.0,2,10000+,10-20,classes=2 | samples=10000+ | features=10-20
44234,Bank_marketing_data_set_UCI,2.0,45211.0,17.0,0.0,2,10000+,10-20,classes=2 | samples=10000+ | features=10-20
46554,Loan_Status,2.0,45000.0,14.0,0.0,2,10000+,10-20,classes=2 | samples=10000+ | features=10-20
46563,Loan_Approval_Status_Classification,2.0,45000.0,14.0,0.0,2,10000+,10-20,classes=2 | samples=10000+ | features=10-20
46553,Loan_Status,2.0,45000.0,14.0,0.0,2,10000+,10-20,classes=2 | samples=10000+ | features=10-20
46565,Loan_Approval_Status,2.0,45000.0,14.0,0.0,2,10000+,10-20,classes=2 | samples=10000+ | features=10-20
41027,jungle_chess_2pcs_raw_endgame_complete,3.0,44819.0,7.0,0.0,3,10000+,5-10,classes=3 | samples=10000+ | features=5-10
41779,FOREX_eursek-hour-High,2.0,43825.0,12.0,0.0,2,10000+,10-20,classes=2 | samples=10000+ | features=10-20
41763,FOREX_audcad-hour-High,2.0,43825.0,12.0,0.0,2,10000+,10-20,classes=2 | samples=10000+ | features=10-20
41780,FOREX_usdchf-hour-High,2.0,43825.0,12.0,0.0,2,10000+,10-20,classes=2 | samples=10000+ | features=10-20
41777,FOREX_eurjpy-hour-High,2.0,43825.0,12.0,0.0,2,10000+,10-20,classes=2 | samples=10000+ | features=10-20
41762,FOREX_audsgd-hour-Close,2.0,43825.0,12.0,0.0,2,10000+,10-20,classes=2 | samples=10000+ | features=10-20
41860,FOREX_eurusd-hour-Close,2.0,43825.0,12.0,0.0,2,10000+,10-20,classes=2 | samples=10000+ | features=10-20
41859,FOREX_eurnok-hour-Close,2.0,43825.0,12.0,0.0,2,10000+,10-20,classes=2 | samples=10000+ | features=10-20
41781,FOREX_audcad-hour-Close,2.0,43825.0,12.0,0.0,2,10000+,10-20,classes=2 | samples=10000+ | features=10-20
41782,FOREX_usdjpy-hour-Close,2.0,43825.0,12.0,0.0,2,10000+,10-20,classes=2 | samples=10000+ | features=10-20
41712,FOREX_eurcad-hour-High,2.0,43825.0,12.0,0.0,2,10000+,10-20,classes=2 | samples=10000+ | features=10-20
41715,FOREX_eurhuf-hour-High,2.0,43825.0,12.0,0.0,2,10000+,10-20,classes=2 | samples=10000+ | features=10-20
41759,FOREX_eurtry-hour-High,2.0,43825.0,12.0,0.0,2,10000+,10-20,classes=2 | samples=10000+ | features=10-20
41758,FOREX_eursgd-hour-Close,2.0,43825.0,12.0,0.0,2,10000+,10-20,classes=2 | samples=10000+ | features=10-20
41885,FOREX_chfsgd-hour-Close,2.0,43825.0,12.0,0.0,2,10000+,10-20,classes=2 | samples=10000+ | features=10-20
41884,FOREX_nzdusd-hour-High,2.0,43825.0,12.0,0.0,2,10000+,10-20,classes=2 | samples=10000+ | features=10-20
41879,FOREX_gbpusd-hour-High,2.0,43825.0,12.0,0.0,2,10000+,10-20,classes=2 | samples=10000+ | features=10-20
41881,FOREX_chfjpy-hour-High,2.0,43825.0,12.0,0.0,2,10000+,10-20,classes=2 | samples=10000+ | features=10-20
41871,FOREX_usddkk-hour-Close,2.0,43825.0,12.0,0.0,2,10000+,10-20,classes=2 | samples=10000+ | features=10-20
41870,FOREX_chfjpy-hour-Close,2.0,43825.0,12.0,0.0,2,10000+,10-20,classes=2 | samples=10000+ | features=10-20
41865,FOREX_audsgd-hour-High,2.0,43825.0,12.0,0.0,2,10000+,10-20,classes=2 | samples=10000+ | features=10-20
41862,FOREX_eurrub-hour-Close,2.0,43825.0,12.0,0.0,2,10000+,10-20,classes=2 | samples=10000+ | features=10-20
41723,FOREX_cadchf-hour-High,2.0,43825.0,12.0,0.0,2,10000+,10-20,classes=2 | samples=10000+ | features=10-20
41736,FOREX_eurhuf-hour-Close,2.0,43825.0,12.0,0.0,2,10000+,10-20,classes=2 | samples=10000+ | features=10-20
41734,FOREX_eurpln-hour-Close,2.0,43825.0,12.0,0.0,2,10000+,10-20,classes=2 | samples=10000+ | features=10-20
41727,FOREX_usdcad-hour-Close,2.0,43825.0,12.0,0.0,2,10000+,10-20,classes=2 | samples=10000+ | features=10-20
41718,FOREX_audjpy-hour-High,2.0,43825.0,12.0,0.0,2,10000+,10-20,classes=2 | samples=10000+ | features=10-20
41886,FOREX_eurnzd-hour-Close,2.0,43825.0,12.0,0.0,2,10000+,10-20,classes=2 | samples=10000+ | features=10-20
41893,FOREX_eursgd-hour-High,2.0,43825.0,12.0,0.0,2,10000+,10-20,classes=2 | samples=10000+ | features=10-20
41891,FOREX_eurcad-hour-Close,2.0,43825.0,12.0,0.0,2,10000+,10-20,classes=2 | samples=10000+ | features=10-20
41896,FOREX_eursek-hour-Close,2.0,43825.0,12.0,0.0,2,10000+,10-20,classes=2 | samples=10000+ | features=10-20
41898,FOREX_audnzd-hour-Close,2.0,43825.0,12.0,0.0,2,10000+,10-20,classes=2 | samples=10000+ | features=10-20
41889,FOREX_eurjpy-hour-Close,2.0,43825.0,12.0,0.0,2,10000+,10-20,classes=2 | samples=10000+ | features=10-20
41888,FOREX_audchf-hour-Close,2.0,43825.0,12.0,0.0,2,10000+,10-20,classes=2 | samples=10000+ | features=10-20
41739,FOREX_eurhkd-hour-High,2.0,43825.0,12.0,0.0,2,10000+,10-20,classes=2 | samples=10000+ | features=10-20
41773,FOREX_eurtry-hour-Close,2.0,43825.0,12.0,0.0,2,10000+,10-20,classes=2 | samples=10000+ | features=10-20
41768,FOREX_eurnok-hour-High,2.0,43825.0,12.0,0.0,2,10000+,10-20,classes=2 | samples=10000+ | features=10-20
41767,FOREX_cadjpy-hour-Close,2.0,43825.0,12.0,0.0,2,10000+,10-20,classes=2 | samples=10000+ | features=10-20
41709,FOREX_audchf-hour-High,2.0,43825.0,12.0,0.0,2,10000+,10-20,classes=2 | samples=10000+ | features=10-20
41742,FOREX_eurgbp-hour-High,2.0,43825.0,12.0,0.0,2,10000+,10-20,classes=2 | samples=10000+ | features=10-20
41816,FOREX_usddkk-hour-High,2.0,43825.0,12.0,0.0,2,10000+,10-20,classes=2 | samples=10000+ | features=10-20
41831,FOREX_eurdkk-hour-Close,2.0,43825.0,12.0,0.0,2,10000+,10-20,classes=2 | samples=10000+ | features=10-20
41883,FOREX_eurnzd-hour-High,2.0,43825.0,12.0,0.0,2,10000+,10-20,classes=2 | samples=10000+ | features=10-20
41878,FOREX_audusd-hour-Close,2.0,43825.0,12.0,0.0,2,10000+,10-20,classes=2 | samples=10000+ | features=10-20
41873,FOREX_eurusd-hour-High,2.0,43825.0,12.0,0.0,2,10000+,10-20,classes=2 | samples=10000+ | features=10-20
41877,FOREX_eurchf-hour-Close,2.0,43825.0,12.0,0.0,2,10000+,10-20,classes=2 | samples=10000+ | features=10-20
41828,FOREX_usdcad-hour-High,2.0,43825.0,12.0,0.0,2,10000+,10-20,classes=2 | samples=10000+ | features=10-20
41838,FOREX_cadchf-hour-Close,2.0,43825.0,12.0,0.0,2,10000+,10-20,classes=2 | samples=10000+ | features=10-20
41842,FOREX_eurchf-hour-High,2.0,43825.0,12.0,0.0,2,10000+,10-20,classes=2 | samples=10000+ | features=10-20
41843,FOREX_audusd-hour-High,2.0,43825.0,12.0,0.0,2,10000+,10-20,classes=2 | samples=10000+ | features=10-20
41851,FOREX_usdjpy-hour-High,2.0,43825.0,12.0,0.0,2,10000+,10-20,classes=2 | samples=10000+ | features=10-20
41856,FOREX_eurdkk-hour-High,2.0,43825.0,12.0,0.0,2,10000+,10-20,classes=2 | samples=10000+ | features=10-20
41832,FOREX_nzdusd-hour-Close,2.0,43825.0,12.0,0.0,2,10000+,10-20,classes=2 | samples=10000+ | features=10-20
41833,FOREX_cadjpy-hour-High,2.0,43825.0,12.0,0.0,2,10000+,10-20,classes=2 | samples=10000+ | features=10-20
41799,FOREX_eurhkd-hour-Close,2.0,43825.0,12.0,0.0,2,10000+,10-20,classes=2 | samples=10000+ | features=10-20
41820,FOREX_chfsgd-hour-High,2.0,43825.0,12.0,0.0,2,10000+,10-20,classes=2 | samples=10000+ | features=10-20
41804,FOREX_gbpusd-hour-Close,2.0,43825.0,12.0,0.0,2,10000+,10-20,classes=2 | samples=10000+ | features=10-20
41787,FOREX_eurpln-hour-High,2.0,43825.0,12.0,0.0,2,10000+,10-20,classes=2 | samples=10000+ | features=10-20
41825,FOREX_audnzd-hour-High,2.0,43825.0,12.0,0.0,2,10000+,10-20,classes=2 | samples=10000+ | features=10-20
41827,FOREX_euraud-hour-Close,2.0,43825.0,12.0,0.0,2,10000+,10-20,classes=2 | samples=10000+ | features=10-20
41824,FOREX_eurgbp-hour-Close,2.0,43825.0,12.0,0.0,2,10000+,10-20,classes=2 | samples=10000+ | features=10-20
41835,FOREX_euraud-hour-High,2.0,43825.0,12.0,0.0,2,10000+,10-20,classes=2 | samples=10000+ | features=10-20
41805,FOREX_eurrub-hour-High,2.0,43825.0,12.0,0.0,2,10000+,10-20,classes=2 | samples=10000+ | features=10-20
41806,FOREX_audjpy-hour-Close,2.0,43825.0,12.0,0.0,2,10000+,10-20,classes=2 | samples=10000+ | features=10-20
41792,FOREX_usdchf-hour-Close,2.0,43825.0,12.0,0.0,2,10000+,10-20,classes=2 | samples=10000+ | features=10-20
46049,Stylized_Meta_Album_PLT_DOC_STY_Extended,20.0,42620.0,7.0,0.0,15+,10000+,5-10,classes=15+ | samples=10000+ | features=5-10
881,mv,2.0,40768.0,11.0,0.0,2,10000+,10-20,classes=2 | samples=10000+ | features=10-20
901,fried,2.0,40768.0,11.0,0.0,2,10000+,10-20,classes=2 | samples=10000+ | features=10-20
727,2dplanes,2.0,40768.0,11.0,0.0,2,10000+,10-20,classes=2 | samples=10000+ | features=10-20
41434,Click_prediction_small,2.0,39948.0,12.0,0.0,2,10000+,10-20,classes=2 | samples=10000+ | features=10-20
42733,Click_prediction_small,2.0,39948.0,12.0,0.0,2,10000+,10-20,classes=2 | samples=10000+ | features=10-20
1220,Click_prediction_small,2.0,39948.0,10.0,0.0,2,10000+,5-10,classes=2 | samples=10000+ | features=5-10
42717,Click_prediction_small,2.0,39948.0,10.0,0.0,2,10000+,5-10,classes=2 | samples=10000+ | features=5-10
43901,click_prediction_small,2.0,39926.0,9.0,0.0,2,10000+,5-10,classes=2 | samples=10000+ | features=5-10
251,BNG(breast-w),2.0,39366.0,10.0,0.0,2,10000+,5-10,classes=2 | samples=10000+ | features=5-10
137,BNG(tic-tac-toe),2.0,39366.0,10.0,0.0,2,10000+,5-10,classes=2 | samples=10000+ | features=5-10
44080,electricity,2.0,38474.0,8.0,0.0,2,10000+,5-10,classes=2 | samples=10000+ | features=5-10
44111,electricity,2.0,38474.0,8.0,0.0,2,10000+,5-10,classes=2 | samples=10000+ | features=5-10
43964,electricity,2.0,38474.0,8.0,0.0,2,10000+,5-10,classes=2 | samples=10000+ | features=5-10
43966,electricity,2.0,38474.0,8.0,0.0,2,10000+,5-10,classes=2 | samples=10000+ | features=5-10
43952,electricity,2.0,38474.0,8.0,0.0,2,10000+,5-10,classes=2 | samples=10000+ | features=5-10
43945,electricity,2.0,38474.0,9.0,0.0,2,10000+,5-10,classes=2 | samples=10000+ | features=5-10
43951,electricity,2.0,38474.0,8.0,0.0,2,10000+,5-10,classes=2 | samples=10000+ | features=5-10
43950,electricity,2.0,38474.0,8.0,0.0,2,10000+,5-10,classes=2 | samples=10000+ | features=5-10
43953,electricity,2.0,38474.0,8.0,0.0,2,10000+,5-10,classes=2 | samples=10000+ | features=5-10
44033,electricity,2.0,38474.0,9.0,0.0,2,10000+,5-10,classes=2 | samples=10000+ | features=5-10
44156,electricity,2.0,38474.0,9.0,0.0,2,10000+,5-10,classes=2 | samples=10000+ | features=5-10
44120,electricity,2.0,38474.0,8.0,0.0,2,10000+,5-10,classes=2 | samples=10000+ | features=5-10
350,webdata_wXa,2.0,36974.0,124.0,0.0,2,10000+,100+,classes=2 | samples=10000+ | features=100+
44333,Meta_Album_RSICB_Extended,45.0,36707.0,3.0,0.0,15+,10000+,3-5,classes=15+ | samples=10000+ | features=3-5
1486,nomao,2.0,34465.0,119.0,0.0,2,10000+,100+,classes=2 | samples=10000+ | features=100+
43551,Employee-Turnover-at-TECHCO,2.0,34452.0,10.0,0.0,2,10000+,5-10,classes=2 | samples=10000+ | features=5-10
43900,amazon_employee_access,2.0,32769.0,10.0,0.0,2,10000+,5-10,classes=2 | samples=10000+ | features=5-10
4135,Amazon_employee_access,2.0,32769.0,10.0,0.0,2,10000+,5-10,classes=2 | samples=10000+ | features=5-10
46905,Amazon_employee_access,2.0,32769.0,10.0,0.0,2,10000+,5-10,classes=2 | samples=10000+ | features=5-10
1537,volcanoes-c1,5.0,28626.0,4.0,0.0,5,10000+,3-5,classes=5 | samples=10000+ | features=3-5
184,kropt,18.0,28056.0,7.0,0.0,15+,10000+,5-10,classes=15+ | samples=10000+ | features=5-10
46173,King-rook-vs-King,18.0,28056.0,7.0,0.0,15+,10000+,5-10,classes=15+ | samples=10000+ | features=5-10
1481,kr-vs-k,18.0,28056.0,7.0,0.0,15+,10000+,5-10,classes=15+ | samples=10000+ | features=5-10
46045,Stylized_Meta_Album_MED_LF_STY_Extended,20.0,27900.0,7.0,0.0,15+,10000+,5-10,classes=15+ | samples=10000+ | features=5-10
46682,CodeXGLUE,2.0,27318.0,6.0,0.0,2,10000+,5-10,classes=2 | samples=10000+ | features=5-10
42493,airlines,2.0,26969.0,8.0,0.0,2,10000+,5-10,classes=2 | samples=10000+ | features=5-10
45067,okcupid_stem,3.0,26677.0,14.0,0.0,3,10000+,10-20,classes=3 | samples=10000+ | features=10-20
45037,BitcoinHeist_Ransomware,2.0,24780.0,8.0,0.0,2,10000+,5-10,classes=2 | samples=10000+ | features=5-10
821,house_16H,2.0,22784.0,17.0,0.0,2,10000+,10-20,classes=2 | samples=10000+ | features=10-20
843,house_8L,2.0,22784.0,9.0,0.0,2,10000+,5-10,classes=2 | samples=10000+ | features=5-10
43890,law-school-admission-bianry,2.0,20800.0,12.0,0.0,2,10000+,10-20,classes=2 | samples=10000+ | features=10-20
43904,law-school-admission-bianry,2.0,20800.0,11.0,0.0,2,10000+,10-20,classes=2 | samples=10000+ | features=10-20
45578,California-Housing-Classification,2.0,20640.0,9.0,0.0,2,10000+,5-10,classes=2 | samples=10000+ | features=5-10
823,houses,2.0,20640.0,9.0,0.0,2,10000+,5-10,classes=2 | samples=10000+ | features=5-10
45028,california,2.0,20634.0,9.0,0.0,2,10000+,5-10,classes=2 | samples=10000+ | features=5-10
45025,california,2.0,20634.0,9.0,0.0,2,10000+,5-10,classes=2 | samples=10000+ | features=5-10
43979,california,2.0,20634.0,9.0,0.0,2,10000+,5-10,classes=2 | samples=10000+ | features=5-10
44090,california,2.0,20634.0,9.0,0.0,2,10000+,5-10,classes=2 | samples=10000+ | features=5-10
977,letter,2.0,20000.0,17.0,0.0,2,10000+,10-20,classes=2 | samples=10000+ | features=10-20
6,letter,26.0,20000.0,17.0,0.0,15+,10000+,10-20,classes=15+ | samples=10000+ | features=10-20
41159,guillermo,2.0,20000.0,4297.0,0.0,2,10000+,100+,classes=2 | samples=10000+ | features=100+
41161,riccardo,2.0,20000.0,4297.0,0.0,2,10000+,100+,classes=2 | samples=10000+ | features=100+
1120,MagicTelescope,2.0,19020.0,12.0,0.0,2,10000+,10-20,classes=2 | samples=10000+ | features=10-20
45558,Pulsar-Dataset-HTRU2,2.0,17898.0,9.0,0.0,2,10000+,5-10,classes=2 | samples=10000+ | features=5-10
45027,credit,2.0,16714.0,11.0,0.0,2,10000+,10-20,classes=2 | samples=10000+ | features=10-20
44089,credit,2.0,16714.0,11.0,0.0,2,10000+,10-20,classes=2 | samples=10000+ | features=10-20
46543,dataset_credit,2.0,16714.0,11.0,0.0,2,10000+,10-20,classes=2 | samples=10000+ | features=10-20
46376,credit,2.0,16714.0,11.0,0.0,2,10000+,10-20,classes=2 | samples=10000+ | features=10-20
45024,credit,2.0,16714.0,11.0,0.0,2,10000+,10-20,classes=2 | samples=10000+ | features=10-20
44162,compass,2.0,16644.0,18.0,0.0,2,10000+,10-20,classes=2 | samples=10000+ | features=10-20
846,elevators,2.0,16599.0,19.0,0.0,2,10000+,10-20,classes=2 | samples=10000+ | features=10-20
46054,Stylized_Meta_Album_PLT_NET_STY_Mini,20.0,16000.0,7.0,0.0,15+,10000+,5-10,classes=15+ | samples=10000+ | features=5-10
46030,Stylized_Meta_Album_AWA_STY_Mini,20.0,16000.0,7.0,0.0,15+,10000+,5-10,classes=15+ | samples=10000+ | features=5-10
46038,Stylized_Meta_Album_DOG_STY_Mini,20.0,16000.0,7.0,0.0,15+,10000+,5-10,classes=15+ | samples=10000+ | features=5-10
46058,Stylized_Meta_Album_RESISC_STY_Mini,20.0,16000.0,7.0,0.0,15+,10000+,5-10,classes=15+ | samples=10000+ | features=5-10
46071,Stylized_Meta_Album_TEX_DTD_STY_Mini,20.0,16000.0,7.0,0.0,15+,10000+,5-10,classes=15+ | samples=10000+ | features=5-10
42812,PCam16k,2.0,16000.0,27649.0,0.0,2,10000+,100+,classes=2 | samples=10000+ | features=100+
46067,Stylized_Meta_Album_SPT_STY_Mini,20.0,16000.0,7.0,0.0,15+,10000+,5-10,classes=15+ | samples=10000+ | features=5-10
46063,Stylized_Meta_Album_RSICB_STY_Mini,20.0,16000.0,7.0,0.0,15+,10000+,5-10,classes=15+ | samples=10000+ | features=5-10
42811,PCam16k,2.0,16000.0,27649.0,0.0,2,10000+,100+,classes=2 | samples=10000+ | features=100+
46046,Stylized_Meta_Album_MED_LF_STY_Mini,20.0,16000.0,7.0,0.0,15+,10000+,5-10,classes=15+ | samples=10000+ | features=5-10
46026,Stylized_Meta_Album_APL_STY_Mini,20.0,16000.0,7.0,0.0,15+,10000+,5-10,classes=15+ | samples=10000+ | features=5-10
46042,Stylized_Meta_Album_INS2_STY_Mini,20.0,16000.0,7.0,0.0,15+,10000+,5-10,classes=15+ | samples=10000+ | features=5-10
46050,Stylized_Meta_Album_PLT_DOC_STY_Mini,20.0,16000.0,7.0,0.0,15+,10000+,5-10,classes=15+ | samples=10000+ | features=5-10
46034,Stylized_Meta_Album_BRD_STY_Mini,20.0,16000.0,7.0,0.0,15+,10000+,5-10,classes=15+ | samples=10000+ | features=5-10
45936,IndoorScenes,67.0,15620.0,3.0,0.0,15+,10000+,3-5,classes=15+ | samples=10000+ | features=3-5
45923,IndoorScenes,67.0,15620.0,3.0,0.0,15+,10000+,3-5,classes=15+ | samples=10000+ | features=3-5
1046,mozilla4,2.0,15545.0,6.0,0.0,2,10000+,5-10,classes=2 | samples=10000+ | features=5-10
44335,Meta_Album_FNG_Extended,25.0,15122.0,3.0,0.0,15+,10000+,3-5,classes=15+ | samples=10000+ | features=3-5
722,pol,2.0,15000.0,49.0,0.0,2,10000+,40-60,classes=2 | samples=10000+ | features=40-60
1471,eeg-eye-state,2.0,14980.0,15.0,0.0,2,10000+,10-20,classes=2 | samples=10000+ | features=10-20
1040,sylva_prior,2.0,14395.0,109.0,0.0,2,10000+,100+,classes=2 | samples=10000+ | features=100+
734,ailerons,2.0,13750.0,41.0,0.0,2,10000+,40-60,classes=2 | samples=10000+ | features=40-60
44114,house_16H,2.0,13488.0,17.0,0.0,2,10000+,10-20,classes=2 | samples=10000+ | features=10-20
43969,house_16H,2.0,13488.0,17.0,0.0,2,10000+,10-20,classes=2 | samples=10000+ | features=10-20
43957,house_16H,2.0,13488.0,17.0,0.0,2,10000+,10-20,classes=2 | samples=10000+ | features=10-20
44083,house_16H,2.0,13488.0,17.0,0.0,2,10000+,10-20,classes=2 | samples=10000+ | features=10-20
44123,house_16H,2.0,13488.0,17.0,0.0,2,10000+,10-20,classes=2 | samples=10000+ | features=10-20
44070,MagicTelescope,2.0,13376.0,11.0,0.0,2,10000+,10-20,classes=2 | samples=10000+ | features=10-20
44073,MagicTelescope,2.0,13376.0,11.0,0.0,2,10000+,10-20,classes=2 | samples=10000+ | features=10-20
44085,MagicTelescope,2.0,13376.0,11.0,0.0,2,10000+,10-20,classes=2 | samples=10000+ | features=10-20
44116,MagicTelescope,2.0,13376.0,11.0,0.0,2,10000+,10-20,classes=2 | samples=10000+ | features=10-20
43971,MagicTelescope,2.0,13376.0,11.0,0.0,2,10000+,10-20,classes=2 | samples=10000+ | features=10-20
44125,MagicTelescope,2.0,13376.0,11.0,0.0,2,10000+,10-20,classes=2 | samples=10000+ | features=10-20
43923,mushroom,5.0,12960.0,9.0,0.0,5,10000+,5-10,classes=5 | samples=10000+ | features=5-10
26,nursery,5.0,12960.0,9.0,0.0,5,10000+,5-10,classes=5 | samples=10000+ | features=5-10
959,nursery,2.0,12960.0,9.0,0.0,2,10000+,5-10,classes=2 | samples=10000+ | features=5-10
43938,nursery,5.0,12960.0,9.0,0.0,5,10000+,5-10,classes=5 | samples=10000+ | features=5-10
46947,online_shoppers_intention,2.0,12330.0,18.0,0.0,2,10000+,10-20,classes=2 | samples=10000+ | features=10-20
45060,online_shoppers,2.0,12330.0,18.0,0.0,2,10000+,10-20,classes=2 | samples=10000+ | features=10-20
45560,online-shoppers-intention,2.0,12330.0,18.0,0.0,2,10000+,10-20,classes=2 | samples=10000+ | features=10-20
310,mammography,2.0,11183.0,7.0,0.0,2,10000+,5-10,classes=2 | samples=10000+ | features=5-10
46924,E-CommereShippingData,2.0,10999.0,11.0,0.0,2,10000+,10-20,classes=2 | samples=10000+ | features=10-20
1019,pendigits,2.0,10992.0,17.0,0.0,2,10000+,10-20,classes=2 | samples=10000+ | features=10-20
1532,volcanoes-b2,5.0,10668.0,4.0,0.0,5,10000+,3-5,classes=5 | samples=10000+ | features=3-5
44126,bank-marketing,2.0,10578.0,8.0,0.0,2,10000+,5-10,classes=2 | samples=10000+ | features=5-10
44117,bank-marketing,2.0,10578.0,8.0,0.0,2,10000+,5-10,classes=2 | samples=10000+ | features=5-10
44086,bank-marketing,2.0,10578.0,8.0,0.0,2,10000+,5-10,classes=2 | samples=10000+ | features=5-10
43972,bank-marketing,2.0,10578.0,8.0,0.0,2,10000+,5-10,classes=2 | samples=10000+ | features=5-10
44074,bank-marketing,2.0,10578.0,8.0,0.0,2,10000+,5-10,classes=2 | samples=10000+ | features=5-10
44071,bank-marketing,2.0,10578.0,8.0,0.0,2,10000+,5-10,classes=2 | samples=10000+ | features=5-10
1533,volcanoes-b3,5.0,10386.0,4.0,0.0,5,10000+,3-5,classes=5 | samples=10000+ | features=3-5
46819,WBCAtt,5.0,10298.0,12.0,0.0,5,10000+,10-20,classes=5 | samples=10000+ | features=10-20
46676,WBCAtt,5.0,10298.0,12.0,0.0,5,10000+,10-20,classes=5 | samples=10000+ | features=10-20
1534,volcanoes-b4,5.0,10190.0,4.0,0.0,5,10000+,3-5,classes=5 | samples=10000+ | features=3-5
1531,volcanoes-b1,5.0,10176.0,4.0,0.0,5,10000+,3-5,classes=5 | samples=10000+ | features=3-5
1536,volcanoes-b6,5.0,10130.0,4.0,0.0,5,10000+,3-5,classes=5 | samples=10000+ | features=3-5
46868,Phishing_Legitimate_full,2.0,10000.0,49.0,0.0,2,10000+,40-60,classes=2 | samples=10000+ | features=40-60
46298,electrical_grid_stability_simulated_classification,2.0,10000.0,13.0,0.0,2,10000+,10-20,classes=2 | samples=10000+ | features=10-20
41163,dilbert,5.0,10000.0,2001.0,0.0,5,10000+,100+,classes=5 | samples=10000+ | features=100+
45569,DBLP-QuAD,9999.0,10000.0,10.0,0.0,15+,10000+,5-10,classes=15+ | samples=10000+ | features=5-10
46911,Bank_Customer_Churn,2.0,10000.0,11.0,0.0,2,10000+,10-20,classes=2 | samples=10000+ | features=10-20
1535,volcanoes-b5,5.0,9989.0,4.0,0.0,5,10000+,3-5,classes=5 | samples=10000+ | features=3-5
976,JapaneseVowels,2.0,9961.0,15.0,0.0,2,10000+,10-20,classes=2 | samples=10000+ | features=10-20
390,new3s.wc,44.0,9558.0,26833.0,0.0,15+,10000+,100+,classes=15+ | samples=10000+ | features=100+
819,delta_elevators,2.0,9517.0,7.0,0.0,2,10000+,5-10,classes=2 | samples=10000+ | features=5-10
1540,volcanoes-d3,5.0,9285.0,4.0,0.0,5,10000+,3-5,classes=5 | samples=10000+ | features=3-5
1539,volcanoes-d2,5.0,9172.0,4.0,0.0,5,10000+,3-5,classes=5 | samples=10000+ | features=3-5
41972,Indian_pines,8.0,9144.0,221.0,0.0,7-8,10000+,100+,classes=7-8 | samples=10000+ | features=100+
1538,volcanoes-d1,5.0,8753.0,4.0,0.0,5,10000+,3-5,classes=5 | samples=10000+ | features=3-5
1541,volcanoes-d4,5.0,8654.0,4.0,0.0,5,10000+,3-5,classes=5 | samples=10000+ | features=3-5
923,visualizing_soil,2.0,8641.0,5.0,0.0,2,10000+,3-5,classes=2 | samples=10000+ | features=3-5
41164,fabert,7.0,8237.0,801.0,0.0,7-8,10000+,100+,classes=7-8 | samples=10000+ | features=100+
816,puma8NH,2.0,8192.0,9.0,0.0,2,10000+,5-10,classes=2 | samples=10000+ | features=5-10
735,cpu_small,2.0,8192.0,13.0,0.0,2,10000+,10-20,classes=2 | samples=10000+ | features=10-20
725,bank8FM,2.0,8192.0,9.0,0.0,2,10000+,5-10,classes=2 | samples=10000+ | features=5-10
807,kin8nm,2.0,8192.0,9.0,0.0,2,10000+,5-10,classes=2 | samples=10000+ | features=5-10
43993,isolet,26.0,7797.0,614.0,0.0,15+,10000+,100+,classes=15+ | samples=10000+ | features=100+
44010,isolet,26.0,7797.0,614.0,0.0,15+,10000+,100+,classes=15+ | samples=10000+ | features=100+
300,isolet,26.0,7797.0,618.0,0.0,15+,10000+,100+,classes=15+ | samples=10000+ | features=100+
43985,isolet,26.0,7797.0,614.0,0.0,15+,10000+,100+,classes=15+ | samples=10000+ | features=100+
42820,OxfordPets,37.0,7349.0,49153.0,0.0,15+,5000,100+,classes=15+ | samples=5000 | features=100+
42819,OxfordPets,37.0,7349.0,49153.0,0.0,15+,5000,100+,classes=15+ | samples=5000 | features=100+
803,delta_ailerons,2.0,7129.0,6.0,0.0,2,5000,5-10,classes=2 | samples=5000 | features=5-10
42178,telco-customer-churn,2.0,7043.0,20.0,0.0,2,5000,10-20,classes=2 | samples=5000 | features=10-20
41026,gisette,2.0,7000.0,5001.0,0.0,2,5000,100+,classes=2 | samples=5000 | features=100+
40666,clean2,2.0,6598.0,169.0,0.0,2,5000,100+,classes=2 | samples=5000 | features=100+
1116,musk,2.0,6598.0,168.0,0.0,2,5000,100+,classes=2 | samples=5000 | features=100+
847,wind,2.0,6574.0,15.0,0.0,2,5000,10-20,classes=2 | samples=5000 | features=10-20
41145,philippine,2.0,5832.0,309.0,0.0,2,5000,100+,classes=2 | samples=5000 | features=100+
4552,BachChoralHarmony,102.0,5665.0,17.0,0.0,15+,5000,10-20,classes=15+ | samples=5000 | features=10-20
1021,page-blocks,2.0,5473.0,11.0,0.0,2,5000,10-20,classes=2 | samples=5000 | features=10-20
30,page-blocks,5.0,5473.0,11.0,0.0,5,5000,10-20,classes=5 | samples=5000 | features=10-20
41142,christine,2.0,5418.0,1637.0,0.0,2,5000,100+,classes=2 | samples=5000 | features=100+
1489,phoneme,2.0,5404.0,6.0,0.0,2,5000,5-10,classes=2 | samples=5000 | features=5-10
1460,banana,2.0,5300.0,3.0,0.0,2,5000,3-5,classes=2 | samples=5000 | features=3-5
42193,compas-two-years,2.0,5278.0,14.0,0.0,2,5000,10-20,classes=2 | samples=5000 | features=10-20
42192,compas-two-years,2.0,5278.0,14.0,0.0,2,5000,10-20,classes=2 | samples=5000 | features=10-20
44186,KDDCup09_upselling,2.0,5128.0,50.0,0.0,2,5000,40-60,classes=2 | samples=5000 | features=40-60
44158,KDDCup09_upselling,2.0,5032.0,46.0,0.0,2,5000,40-60,classes=2 | samples=5000 | features=40-60
43947,KDDCup09_upselling,2.0,5032.0,46.0,0.0,2,5000,40-60,classes=2 | samples=5000 | features=40-60
44035,KDDCup09_upselling,2.0,5032.0,46.0,0.0,2,5000,40-60,classes=2 | samples=5000 | features=40-60
44185,KDDCup09_upselling,2.0,5032.0,46.0,0.0,2,5000,40-60,classes=2 | samples=5000 | features=40-60
979,waveform-5000,2.0,5000.0,41.0,0.0,2,5000,40-60,classes=2 | samples=5000 | features=40-60
46915,churn,2.0,5000.0,20.0,0.0,2,5000,10-20,classes=2 | samples=5000 | features=10-20
60,waveform-5000,3.0,5000.0,41.0,0.0,3,5000,40-60,classes=3 | samples=5000 | features=40-60
43949,rl,2.0,4970.0,13.0,0.0,2,5000,10-20,classes=2 | samples=5000 | features=10-20
44037,rl,2.0,4970.0,13.0,0.0,2,5000,10-20,classes=2 | samples=5000 | features=10-20
44160,rl,2.0,4970.0,13.0,0.0,2,5000,10-20,classes=2 | samples=5000 | features=10-20
45039,compas-two-years,2.0,4966.0,12.0,0.0,2,5000,10-20,classes=2 | samples=5000 | features=10-20
43892,national-longitudinal-survey-binary,2.0,4908.0,17.0,0.0,2,5000,10-20,classes=2 | samples=5000 | features=10-20
40498,wine-quality-white,7.0,4898.0,12.0,0.0,7-8,5000,10-20,classes=7-8 | samples=5000 | features=10-20
40983,wilt,2.0,4839.0,6.0,0.0,2,5000,5-10,classes=2 | samples=5000 | features=5-10
41000,jungle_chess_2pcs_endgame_panther_elephant,3.0,4704.0,47.0,0.0,3,5000,40-60,classes=3 | samples=5000 | features=40-60
41004,jungle_chess_2pcs_endgame_lion_elephant,3.0,4704.0,47.0,0.0,3,5000,40-60,classes=3 | samples=5000 | features=40-60
40997,jungle_chess_2pcs_endgame_panther_lion,3.0,4704.0,47.0,0.0,3,5000,40-60,classes=3 | samples=5000 | features=40-60
40998,jungle_chess_2pcs_endgame_panther_lion,3.0,4704.0,47.0,0.0,3,5000,40-60,classes=3 | samples=5000 | features=40-60
46925,Employee,2.0,4653.0,9.0,0.0,2,5000,5-10,classes=2 | samples=5000 | features=5-10
47153,spam,2.0,4601.0,58.0,0.0,2,5000,40-60,classes=2 | samples=5000 | features=40-60
44,spambase,2.0,4601.0,58.0,0.0,2,5000,40-60,classes=2 | samples=5000 | features=40-60
44095,spambase_reproduced,2.0,4601.0,58.0,0.0,2,5000,40-60,classes=2 | samples=5000 | features=40-60
1558,bank-marketing,2.0,4521.0,17.0,0.0,2,5000,10-20,classes=2 | samples=5000 | features=10-20
1039,hiva_agnostic,2.0,4229.0,1618.0,0.0,2,5000,100+,classes=2 | samples=5000 | features=100+
183,abalone,28.0,4177.0,9.0,0.0,15+,5000,5-10,classes=15+ | samples=5000 | features=5-10
720,abalone,2.0,4177.0,9.0,0.0,2,5000,5-10,classes=2 | samples=5000 | features=5-10
1557,abalone,3.0,4177.0,9.0,0.0,3,5000,5-10,classes=3 | samples=5000 | features=5-10
44306,Meta_Album_INS_Mini,104.0,4160.0,3.0,0.0,15+,5000,3-5,classes=15+ | samples=5000 | features=3-5
41156,ada,2.0,4147.0,49.0,0.0,2,5000,40-60,classes=2 | samples=5000 | features=40-60
728,analcatdata_supreme,2.0,4052.0,8.0,0.0,2,5000,5-10,classes=2 | samples=5000 | features=5-10
43051,art_daily_nojump4,2.0,4032.0,3.0,0.0,2,5000,3-5,classes=2 | samples=5000 | features=3-5
42810,PCam,2.0,4000.0,27649.0,0.0,2,5000,100+,classes=2 | samples=5000 | features=100+
871,pollen,2.0,3848.0,6.0,0.0,2,5000,5-10,classes=2 | samples=5000 | features=5-10
46933,hiva_agnostic,3.0,3845.0,1618.0,0.0,3,5000,100+,classes=3 | samples=5000 | features=100+
40596,slashdot,2.0,3782.0,1101.0,0.0,2,5000,100+,classes=2 | samples=5000 | features=100+
46912,Bioresponse,2.0,3751.0,1777.0,0.0,2,5000,100+,classes=2 | samples=5000 | features=100+
4134,Bioresponse,2.0,3751.0,1777.0,0.0,2,5000,100+,classes=2 | samples=5000 | features=100+
46800,AVIDa-SARS-CoV-2,2.0,3733.0,6.0,0.0,2,5000,5-10,classes=2 | samples=5000 | features=5-10
40910,Speech,2.0,3686.0,401.0,0.0,2,5000,100+,classes=2 | samples=5000 | features=100+
41005,jungle_chess_2pcs_endgame_rat_rat,2.0,3660.0,47.0,0.0,2,5000,40-60,classes=2 | samples=5000 | features=40-60
41143,jasmine,2.0,2984.0,145.0,0.0,2,2000,100+,classes=2 | samples=2000 | features=100+
1485,madelon,2.0,2600.0,501.0,0.0,2,2000,100+,classes=2 | samples=2000 | features=100+
46956,seismic-bumps,2.0,2584.0,16.0,0.0,2,2000,10-20,classes=2 | samples=2000 | features=10-20
45562,seismic-bumps,2.0,2584.0,19.0,0.0,2,2000,10-20,classes=2 | samples=2000 | features=10-20
43980,wine,2.0,2554.0,12.0,0.0,2,2000,10-20,classes=2 | samples=2000 | features=10-20
44091,wine,2.0,2554.0,12.0,0.0,2,2000,10-20,classes=2 | samples=2000 | features=10-20
46420,Apple_Stock_Price_Trends_(2014-2023),3.0,2516.0,19.0,0.0,3,2000,10-20,classes=3 | samples=2000 | features=10-20
1548,autoUniv-au4-2500,3.0,2500.0,101.0,0.0,3,2000,100+,classes=3 | samples=2000 | features=100+
46951,Pumpkin_Seeds,2.0,2500.0,13.0,0.0,2,2000,10-20,classes=2 | samples=2000 | features=10-20
389,fbis.wc,17.0,2463.0,2001.0,0.0,15+,2000,100+,classes=15+ | samples=2000 | features=100+
316,yeast_ml8,2.0,2417.0,117.0,0.0,2,2000,100+,classes=2 | samples=2000 | features=100+
40597,yeast,2.0,2417.0,117.0,0.0,2,2000,100+,classes=2 | samples=2000 | features=100+
40595,scene,2.0,2407.0,300.0,0.0,2,2000,100+,classes=2 | samples=2000 | features=100+
312,scene,2.0,2407.0,300.0,0.0,2,2000,100+,classes=2 | samples=2000 | features=100+
45968,BraidFlowSessionLevel,3.0,2364.0,124.0,0.0,3,2000,100+,classes=3 | samples=2000 | features=100+
41007,jungle_chess_2pcs_endgame_lion_lion,2.0,2352.0,47.0,0.0,2,2000,40-60,classes=2 | samples=2000 | features=40-60
40999,jungle_chess_2pcs_endgame_elephant_elephant,2.0,2351.0,47.0,0.0,2,2000,40-60,classes=2 | samples=2000 | features=40-60
40984,segment,7.0,2310.0,20.0,0.0,7-8,2000,10-20,classes=7-8 | samples=2000 | features=10-20
958,segment,2.0,2310.0,20.0,0.0,2,2000,10-20,classes=2 | samples=2000 | features=10-20
36,segment,7.0,2310.0,20.0,0.0,7-8,2000,10-20,classes=7-8 | samples=2000 | features=10-20
40704,Titanic,2.0,2201.0,4.0,0.0,2,2000,3-5,classes=2 | samples=2000 | features=3-5
772,quake,2.0,2178.0,4.0,0.0,2,2000,3-5,classes=2 | samples=2000 | features=3-5
46840,Estimation_of_Obesity_Levels,7.0,2111.0,17.0,0.0,7-8,2000,10-20,classes=7-8 | samples=2000 | features=10-20
46597,Estimation_of_Obesity_Levels,7.0,2111.0,17.0,0.0,7-8,2000,10-20,classes=7-8 | samples=2000 | features=10-20
44443,covertype_seed_0_nrows_2000_nclasses_10_ncols_100_stratify_True,2.0,2000.0,55.0,0.0,2,2000,40-60,classes=2 | samples=2000 | features=40-60
44437,electricity_seed_4_nrows_2000_nclasses_10_ncols_100_stratify_True,2.0,2000.0,9.0,0.0,2,2000,5-10,classes=2 | samples=2000 | features=5-10
44685,christine_seed_2_nrows_2000_nclasses_10_ncols_100_stratify_True,2.0,2000.0,101.0,0.0,2,2000,100+,classes=2 | samples=2000 | features=100+
44684,christine_seed_1_nrows_2000_nclasses_10_ncols_100_stratify_True,2.0,2000.0,101.0,0.0,2,2000,100+,classes=2 | samples=2000 | features=100+
44683,christine_seed_0_nrows_2000_nclasses_10_ncols_100_stratify_True,2.0,2000.0,101.0,0.0,2,2000,100+,classes=2 | samples=2000 | features=100+
44657,Bioresponse_seed_4_nrows_2000_nclasses_10_ncols_100_stratify_True,2.0,2000.0,101.0,0.0,2,2000,100+,classes=2 | samples=2000 | features=100+
44656,Bioresponse_seed_3_nrows_2000_nclasses_10_ncols_100_stratify_True,2.0,2000.0,101.0,0.0,2,2000,100+,classes=2 | samples=2000 | features=100+
44655,Bioresponse_seed_2_nrows_2000_nclasses_10_ncols_100_stratify_True,2.0,2000.0,101.0,0.0,2,2000,100+,classes=2 | samples=2000 | features=100+
44654,Bioresponse_seed_1_nrows_2000_nclasses_10_ncols_100_stratify_True,2.0,2000.0,101.0,0.0,2,2000,100+,classes=2 | samples=2000 | features=100+
44653,Bioresponse_seed_0_nrows_2000_nclasses_10_ncols_100_stratify_True,2.0,2000.0,101.0,0.0,2,2000,100+,classes=2 | samples=2000 | features=100+
44652,Internet-Advertisements_seed_4_nrows_2000_nclasses_10_ncols_100_stratify_True,2.0,2000.0,101.0,0.0,2,2000,100+,classes=2 | samples=2000 | features=100+
44651,Internet-Advertisements_seed_3_nrows_2000_nclasses_10_ncols_100_stratify_True,2.0,2000.0,101.0,0.0,2,2000,100+,classes=2 | samples=2000 | features=100+
44650,Internet-Advertisements_seed_2_nrows_2000_nclasses_10_ncols_100_stratify_True,2.0,2000.0,101.0,0.0,2,2000,100+,classes=2 | samples=2000 | features=100+
44649,Internet-Advertisements_seed_1_nrows_2000_nclasses_10_ncols_100_stratify_True,2.0,2000.0,101.0,0.0,2,2000,100+,classes=2 | samples=2000 | features=100+
44648,Internet-Advertisements_seed_0_nrows_2000_nclasses_10_ncols_100_stratify_True,2.0,2000.0,101.0,0.0,2,2000,100+,classes=2 | samples=2000 | features=100+
44642,dna_seed_4_nrows_2000_nclasses_10_ncols_100_stratify_True,3.0,2000.0,101.0,0.0,3,2000,100+,classes=3 | samples=2000 | features=100+
44641,dna_seed_3_nrows_2000_nclasses_10_ncols_100_stratify_True,3.0,2000.0,101.0,0.0,3,2000,100+,classes=3 | samples=2000 | features=100+
44640,dna_seed_2_nrows_2000_nclasses_10_ncols_100_stratify_True,3.0,2000.0,101.0,0.0,3,2000,100+,classes=3 | samples=2000 | features=100+
44711,Amazon_employee_access_seed_3_nrows_2000_nclasses_10_ncols_100_stratify_True,2.0,2000.0,10.0,0.0,2,2000,5-10,classes=2 | samples=2000 | features=5-10
44710,Amazon_employee_access_seed_2_nrows_2000_nclasses_10_ncols_100_stratify_True,2.0,2000.0,10.0,0.0,2,2000,5-10,classes=2 | samples=2000 | features=5-10
44709,Amazon_employee_access_seed_1_nrows_2000_nclasses_10_ncols_100_stratify_True,2.0,2000.0,10.0,0.0,2,2000,5-10,classes=2 | samples=2000 | features=5-10
44708,Amazon_employee_access_seed_0_nrows_2000_nclasses_10_ncols_100_stratify_True,2.0,2000.0,10.0,0.0,2,2000,5-10,classes=2 | samples=2000 | features=5-10
44707,connect-4_seed_4_nrows_2000_nclasses_10_ncols_100_stratify_True,3.0,2000.0,43.0,0.0,3,2000,40-60,classes=3 | samples=2000 | features=40-60
44706,connect-4_seed_3_nrows_2000_nclasses_10_ncols_100_stratify_True,3.0,2000.0,43.0,0.0,3,2000,40-60,classes=3 | samples=2000 | features=40-60
44705,connect-4_seed_2_nrows_2000_nclasses_10_ncols_100_stratify_True,3.0,2000.0,43.0,0.0,3,2000,40-60,classes=3 | samples=2000 | features=40-60
44704,connect-4_seed_1_nrows_2000_nclasses_10_ncols_100_stratify_True,3.0,2000.0,43.0,0.0,3,2000,40-60,classes=3 | samples=2000 | features=40-60
44703,connect-4_seed_0_nrows_2000_nclasses_10_ncols_100_stratify_True,3.0,2000.0,43.0,0.0,3,2000,40-60,classes=3 | samples=2000 | features=40-60
44692,wine-quality-white_seed_4_nrows_2000_nclasses_10_ncols_100_stratify_True,7.0,2000.0,12.0,0.0,7-8,2000,10-20,classes=7-8 | samples=2000 | features=10-20
44691,wine-quality-white_seed_3_nrows_2000_nclasses_10_ncols_100_stratify_True,7.0,2000.0,12.0,0.0,7-8,2000,10-20,classes=7-8 | samples=2000 | features=10-20
46752,student_lifestyle_dataset,3.0,2000.0,8.0,0.0,3,2000,5-10,classes=3 | samples=2000 | features=5-10
44436,electricity_seed_3_nrows_2000_nclasses_10_ncols_100_stratify_True,2.0,2000.0,9.0,0.0,2,2000,5-10,classes=2 | samples=2000 | features=5-10
46873,student_lifestyle_dataset,3.0,2000.0,7.0,0.0,3,2000,5-10,classes=3 | samples=2000 | features=5-10
44435,electricity_seed_2_nrows_2000_nclasses_10_ncols_100_stratify_True,2.0,2000.0,9.0,0.0,2,2000,5-10,classes=2 | samples=2000 | features=5-10
44434,electricity_seed_1_nrows_2000_nclasses_10_ncols_100_stratify_True,2.0,2000.0,9.0,0.0,2,2000,5-10,classes=2 | samples=2000 | features=5-10
44564,philippine_seed_1_nrows_2000_nclasses_10_ncols_100_stratify_True,2.0,2000.0,101.0,0.0,2,2000,100+,classes=2 | samples=2000 | features=100+
44565,philippine_seed_2_nrows_2000_nclasses_10_ncols_100_stratify_True,2.0,2000.0,101.0,0.0,2,2000,100+,classes=2 | samples=2000 | features=100+
44566,philippine_seed_3_nrows_2000_nclasses_10_ncols_100_stratify_True,2.0,2000.0,101.0,0.0,2,2000,100+,classes=2 | samples=2000 | features=100+
44567,philippine_seed_4_nrows_2000_nclasses_10_ncols_100_stratify_True,2.0,2000.0,101.0,0.0,2,2000,100+,classes=2 | samples=2000 | features=100+
44568,ada_seed_0_nrows_2000_nclasses_10_ncols_100_stratify_True,2.0,2000.0,49.0,0.0,2,2000,40-60,classes=2 | samples=2000 | features=40-60
44563,philippine_seed_0_nrows_2000_nclasses_10_ncols_100_stratify_True,2.0,2000.0,101.0,0.0,2,2000,100+,classes=2 | samples=2000 | features=100+
44561,madeline_seed_3_nrows_2000_nclasses_10_ncols_100_stratify_True,2.0,2000.0,101.0,0.0,2,2000,100+,classes=2 | samples=2000 | features=100+
44562,madeline_seed_4_nrows_2000_nclasses_10_ncols_100_stratify_True,2.0,2000.0,101.0,0.0,2,2000,100+,classes=2 | samples=2000 | features=100+
44743,shuttle_seed_0_nrows_2000_nclasses_10_ncols_100_stratify_True,5.0,2000.0,10.0,0.0,5,2000,5-10,classes=5 | samples=2000 | features=5-10
44722,jungle_chess_2pcs_raw_endgame_complete_seed_4_nrows_2000_nclasses_10_ncols_100_stratify_True,3.0,2000.0,7.0,0.0,3,2000,5-10,classes=3 | samples=2000 | features=5-10
44721,jungle_chess_2pcs_raw_endgame_complete_seed_3_nrows_2000_nclasses_10_ncols_100_stratify_True,3.0,2000.0,7.0,0.0,3,2000,5-10,classes=3 | samples=2000 | features=5-10
44720,jungle_chess_2pcs_raw_endgame_complete_seed_2_nrows_2000_nclasses_10_ncols_100_stratify_True,3.0,2000.0,7.0,0.0,3,2000,5-10,classes=3 | samples=2000 | features=5-10
44559,madeline_seed_1_nrows_2000_nclasses_10_ncols_100_stratify_True,2.0,2000.0,101.0,0.0,2,2000,100+,classes=2 | samples=2000 | features=100+
44558,madeline_seed_0_nrows_2000_nclasses_10_ncols_100_stratify_True,2.0,2000.0,101.0,0.0,2,2000,100+,classes=2 | samples=2000 | features=100+
1022,mfeat-pixel,2.0,2000.0,241.0,0.0,2,2000,100+,classes=2 | samples=2000 | features=100+
44560,madeline_seed_2_nrows_2000_nclasses_10_ncols_100_stratify_True,2.0,2000.0,101.0,0.0,2,2000,100+,classes=2 | samples=2000 | features=100+
44716,nomao_seed_3_nrows_2000_nclasses_10_ncols_100_stratify_True,2.0,2000.0,101.0,0.0,2,2000,100+,classes=2 | samples=2000 | features=100+
44715,nomao_seed_2_nrows_2000_nclasses_10_ncols_100_stratify_True,2.0,2000.0,101.0,0.0,2,2000,100+,classes=2 | samples=2000 | features=100+
44713,nomao_seed_0_nrows_2000_nclasses_10_ncols_100_stratify_True,2.0,2000.0,101.0,0.0,2,2000,100+,classes=2 | samples=2000 | features=100+
44714,nomao_seed_1_nrows_2000_nclasses_10_ncols_100_stratify_True,2.0,2000.0,101.0,0.0,2,2000,100+,classes=2 | samples=2000 | features=100+
44712,Amazon_employee_access_seed_4_nrows_2000_nclasses_10_ncols_100_stratify_True,2.0,2000.0,10.0,0.0,2,2000,5-10,classes=2 | samples=2000 | features=5-10
44547,gina_seed_4_nrows_2000_nclasses_10_ncols_100_stratify_True,2.0,2000.0,101.0,0.0,2,2000,100+,classes=2 | samples=2000 | features=100+
44546,gina_seed_3_nrows_2000_nclasses_10_ncols_100_stratify_True,2.0,2000.0,101.0,0.0,2,2000,100+,classes=2 | samples=2000 | features=100+
44545,gina_seed_2_nrows_2000_nclasses_10_ncols_100_stratify_True,2.0,2000.0,101.0,0.0,2,2000,100+,classes=2 | samples=2000 | features=100+
44544,gina_seed_1_nrows_2000_nclasses_10_ncols_100_stratify_True,2.0,2000.0,101.0,0.0,2,2000,100+,classes=2 | samples=2000 | features=100+
44543,gina_seed_0_nrows_2000_nclasses_10_ncols_100_stratify_True,2.0,2000.0,101.0,0.0,2,2000,100+,classes=2 | samples=2000 | features=100+
44532,airlines_seed_4_nrows_2000_nclasses_10_ncols_100_stratify_True,2.0,2000.0,8.0,0.0,2,2000,5-10,classes=2 | samples=2000 | features=5-10
44531,airlines_seed_3_nrows_2000_nclasses_10_ncols_100_stratify_True,2.0,2000.0,8.0,0.0,2,2000,5-10,classes=2 | samples=2000 | features=5-10
44719,jungle_chess_2pcs_raw_endgame_complete_seed_1_nrows_2000_nclasses_10_ncols_100_stratify_True,3.0,2000.0,7.0,0.0,3,2000,5-10,classes=3 | samples=2000 | features=5-10
44718,jungle_chess_2pcs_raw_endgame_complete_seed_0_nrows_2000_nclasses_10_ncols_100_stratify_True,3.0,2000.0,7.0,0.0,3,2000,5-10,classes=3 | samples=2000 | features=5-10
44717,nomao_seed_4_nrows_2000_nclasses_10_ncols_100_stratify_True,2.0,2000.0,101.0,0.0,2,2000,100+,classes=2 | samples=2000 | features=100+
44744,shuttle_seed_1_nrows_2000_nclasses_10_ncols_100_stratify_True,5.0,2000.0,10.0,0.0,5,2000,5-10,classes=5 | samples=2000 | features=5-10
44527,jasmine_seed_4_nrows_2000_nclasses_10_ncols_100_stratify_True,2.0,2000.0,101.0,0.0,2,2000,100+,classes=2 | samples=2000 | features=100+
44528,airlines_seed_0_nrows_2000_nclasses_10_ncols_100_stratify_True,2.0,2000.0,8.0,0.0,2,2000,5-10,classes=2 | samples=2000 | features=5-10
44529,airlines_seed_1_nrows_2000_nclasses_10_ncols_100_stratify_True,2.0,2000.0,8.0,0.0,2,2000,5-10,classes=2 | samples=2000 | features=5-10
44530,airlines_seed_2_nrows_2000_nclasses_10_ncols_100_stratify_True,2.0,2000.0,8.0,0.0,2,2000,5-10,classes=2 | samples=2000 | features=5-10
44526,jasmine_seed_3_nrows_2000_nclasses_10_ncols_100_stratify_True,2.0,2000.0,101.0,0.0,2,2000,100+,classes=2 | samples=2000 | features=100+
44525,jasmine_seed_2_nrows_2000_nclasses_10_ncols_100_stratify_True,2.0,2000.0,101.0,0.0,2,2000,100+,classes=2 | samples=2000 | features=100+
44524,jasmine_seed_1_nrows_2000_nclasses_10_ncols_100_stratify_True,2.0,2000.0,101.0,0.0,2,2000,100+,classes=2 | samples=2000 | features=100+
44523,jasmine_seed_0_nrows_2000_nclasses_10_ncols_100_stratify_True,2.0,2000.0,101.0,0.0,2,2000,100+,classes=2 | samples=2000 | features=100+
44752,guillermo_seed_4_nrows_2000_nclasses_10_ncols_100_stratify_True,2.0,2000.0,101.0,0.0,2,2000,100+,classes=2 | samples=2000 | features=100+
44751,guillermo_seed_3_nrows_2000_nclasses_10_ncols_100_stratify_True,2.0,2000.0,101.0,0.0,2,2000,100+,classes=2 | samples=2000 | features=100+
44750,guillermo_seed_2_nrows_2000_nclasses_10_ncols_100_stratify_True,2.0,2000.0,101.0,0.0,2,2000,100+,classes=2 | samples=2000 | features=100+
44749,guillermo_seed_1_nrows_2000_nclasses_10_ncols_100_stratify_True,2.0,2000.0,101.0,0.0,2,2000,100+,classes=2 | samples=2000 | features=100+
44522,fabert_seed_4_nrows_2000_nclasses_10_ncols_100_stratify_True,7.0,2000.0,101.0,0.0,7-8,2000,100+,classes=7-8 | samples=2000 | features=100+
978,mfeat-factors,2.0,2000.0,217.0,0.0,2,2000,100+,classes=2 | samples=2000 | features=100+
962,mfeat-morphological,2.0,2000.0,7.0,0.0,2,2000,5-10,classes=2 | samples=2000 | features=5-10
44753,riccardo_seed_0_nrows_2000_nclasses_10_ncols_100_stratify_True,2.0,2000.0,101.0,0.0,2,2000,100+,classes=2 | samples=2000 | features=100+
44639,dna_seed_1_nrows_2000_nclasses_10_ncols_100_stratify_True,3.0,2000.0,101.0,0.0,3,2000,100+,classes=3 | samples=2000 | features=100+
44638,dna_seed_0_nrows_2000_nclasses_10_ncols_100_stratify_True,3.0,2000.0,101.0,0.0,3,2000,100+,classes=3 | samples=2000 | features=100+
44637,segment_seed_4_nrows_2000_nclasses_10_ncols_100_stratify_True,7.0,2000.0,17.0,0.0,7-8,2000,10-20,classes=7-8 | samples=2000 | features=10-20
44636,segment_seed_3_nrows_2000_nclasses_10_ncols_100_stratify_True,7.0,2000.0,17.0,0.0,7-8,2000,10-20,classes=7-8 | samples=2000 | features=10-20
44635,segment_seed_2_nrows_2000_nclasses_10_ncols_100_stratify_True,7.0,2000.0,17.0,0.0,7-8,2000,10-20,classes=7-8 | samples=2000 | features=10-20
44634,segment_seed_1_nrows_2000_nclasses_10_ncols_100_stratify_True,7.0,2000.0,17.0,0.0,7-8,2000,10-20,classes=7-8 | samples=2000 | features=10-20
44633,segment_seed_0_nrows_2000_nclasses_10_ncols_100_stratify_True,7.0,2000.0,17.0,0.0,7-8,2000,10-20,classes=7-8 | samples=2000 | features=10-20
44572,ada_seed_4_nrows_2000_nclasses_10_ncols_100_stratify_True,2.0,2000.0,49.0,0.0,2,2000,40-60,classes=2 | samples=2000 | features=40-60
44571,ada_seed_3_nrows_2000_nclasses_10_ncols_100_stratify_True,2.0,2000.0,49.0,0.0,2,2000,40-60,classes=2 | samples=2000 | features=40-60
44570,ada_seed_2_nrows_2000_nclasses_10_ncols_100_stratify_True,2.0,2000.0,49.0,0.0,2,2000,40-60,classes=2 | samples=2000 | features=40-60
44569,ada_seed_1_nrows_2000_nclasses_10_ncols_100_stratify_True,2.0,2000.0,49.0,0.0,2,2000,40-60,classes=2 | samples=2000 | features=40-60
44690,wine-quality-white_seed_2_nrows_2000_nclasses_10_ncols_100_stratify_True,7.0,2000.0,12.0,0.0,7-8,2000,10-20,classes=7-8 | samples=2000 | features=10-20
44689,wine-quality-white_seed_1_nrows_2000_nclasses_10_ncols_100_stratify_True,7.0,2000.0,12.0,0.0,7-8,2000,10-20,classes=7-8 | samples=2000 | features=10-20
44688,wine-quality-white_seed_0_nrows_2000_nclasses_10_ncols_100_stratify_True,7.0,2000.0,12.0,0.0,7-8,2000,10-20,classes=7-8 | samples=2000 | features=10-20
44687,christine_seed_4_nrows_2000_nclasses_10_ncols_100_stratify_True,2.0,2000.0,101.0,0.0,2,2000,100+,classes=2 | samples=2000 | features=100+
44686,christine_seed_3_nrows_2000_nclasses_10_ncols_100_stratify_True,2.0,2000.0,101.0,0.0,2,2000,100+,classes=2 | samples=2000 | features=100+
995,mfeat-zernike,2.0,2000.0,48.0,0.0,2,2000,40-60,classes=2 | samples=2000 | features=40-60
44754,riccardo_seed_1_nrows_2000_nclasses_10_ncols_100_stratify_True,2.0,2000.0,101.0,0.0,2,2000,100+,classes=2 | samples=2000 | features=100+
44756,riccardo_seed_3_nrows_2000_nclasses_10_ncols_100_stratify_True,2.0,2000.0,101.0,0.0,2,2000,100+,classes=2 | samples=2000 | features=100+
44755,riccardo_seed_2_nrows_2000_nclasses_10_ncols_100_stratify_True,2.0,2000.0,101.0,0.0,2,2000,100+,classes=2 | samples=2000 | features=100+
44757,riccardo_seed_4_nrows_2000_nclasses_10_ncols_100_stratify_True,2.0,2000.0,101.0,0.0,2,2000,100+,classes=2 | samples=2000 | features=100+
44763,Click_prediction_small_seed_0_nrows_2000_nclasses_10_ncols_100_stratify_True,2.0,2000.0,12.0,0.0,2,2000,10-20,classes=2 | samples=2000 | features=10-20
44765,Click_prediction_small_seed_2_nrows_2000_nclasses_10_ncols_100_stratify_True,2.0,2000.0,12.0,0.0,2,2000,10-20,classes=2 | samples=2000 | features=10-20
44764,Click_prediction_small_seed_1_nrows_2000_nclasses_10_ncols_100_stratify_True,2.0,2000.0,12.0,0.0,2,2000,10-20,classes=2 | samples=2000 | features=10-20
44773,sf-police-incidents_seed_0_nrows_2000_nclasses_10_ncols_100_stratify_True,2.0,2000.0,9.0,0.0,2,2000,5-10,classes=2 | samples=2000 | features=5-10
40592,image,2.0,2000.0,140.0,0.0,2,2000,100+,classes=2 | samples=2000 | features=100+
44766,Click_prediction_small_seed_3_nrows_2000_nclasses_10_ncols_100_stratify_True,2.0,2000.0,12.0,0.0,2,2000,10-20,classes=2 | samples=2000 | features=10-20
44767,Click_prediction_small_seed_4_nrows_2000_nclasses_10_ncols_100_stratify_True,2.0,2000.0,12.0,0.0,2,2000,10-20,classes=2 | samples=2000 | features=10-20
44748,guillermo_seed_0_nrows_2000_nclasses_10_ncols_100_stratify_True,2.0,2000.0,101.0,0.0,2,2000,100+,classes=2 | samples=2000 | features=100+
44747,shuttle_seed_4_nrows_2000_nclasses_10_ncols_100_stratify_True,5.0,2000.0,10.0,0.0,5,2000,5-10,classes=5 | samples=2000 | features=5-10
44746,shuttle_seed_3_nrows_2000_nclasses_10_ncols_100_stratify_True,5.0,2000.0,10.0,0.0,5,2000,5-10,classes=5 | samples=2000 | features=5-10
44745,shuttle_seed_2_nrows_2000_nclasses_10_ncols_100_stratify_True,5.0,2000.0,10.0,0.0,5,2000,5-10,classes=5 | samples=2000 | features=5-10
40594,reuters,2.0,2000.0,250.0,0.0,2,2000,100+,classes=2 | samples=2000 | features=100+
44775,sf-police-incidents_seed_2_nrows_2000_nclasses_10_ncols_100_stratify_True,2.0,2000.0,9.0,0.0,2,2000,5-10,classes=2 | samples=2000 | features=5-10
44774,sf-police-incidents_seed_1_nrows_2000_nclasses_10_ncols_100_stratify_True,2.0,2000.0,9.0,0.0,2,2000,5-10,classes=2 | samples=2000 | features=5-10
44780,KDDCup99_seed_2_nrows_2000_nclasses_10_ncols_100_stratify_True,8.0,2000.0,42.0,0.0,7-8,2000,40-60,classes=7-8 | samples=2000 | features=40-60
44779,KDDCup99_seed_1_nrows_2000_nclasses_10_ncols_100_stratify_True,8.0,2000.0,42.0,0.0,7-8,2000,40-60,classes=7-8 | samples=2000 | features=40-60
44778,KDDCup99_seed_0_nrows_2000_nclasses_10_ncols_100_stratify_True,8.0,2000.0,42.0,0.0,7-8,2000,40-60,classes=7-8 | samples=2000 | features=40-60
44777,sf-police-incidents_seed_4_nrows_2000_nclasses_10_ncols_100_stratify_True,2.0,2000.0,9.0,0.0,2,2000,5-10,classes=2 | samples=2000 | features=5-10
44521,fabert_seed_3_nrows_2000_nclasses_10_ncols_100_stratify_True,7.0,2000.0,101.0,0.0,7-8,2000,100+,classes=7-8 | samples=2000 | features=100+
44519,fabert_seed_1_nrows_2000_nclasses_10_ncols_100_stratify_True,7.0,2000.0,101.0,0.0,7-8,2000,100+,classes=7-8 | samples=2000 | features=100+
44520,fabert_seed_2_nrows_2000_nclasses_10_ncols_100_stratify_True,7.0,2000.0,101.0,0.0,7-8,2000,100+,classes=7-8 | samples=2000 | features=100+
44518,fabert_seed_0_nrows_2000_nclasses_10_ncols_100_stratify_True,7.0,2000.0,101.0,0.0,7-8,2000,100+,classes=7-8 | samples=2000 | features=100+
44517,dilbert_seed_4_nrows_2000_nclasses_10_ncols_100_stratify_True,5.0,2000.0,101.0,0.0,5,2000,100+,classes=5 | samples=2000 | features=100+
44776,sf-police-incidents_seed_3_nrows_2000_nclasses_10_ncols_100_stratify_True,2.0,2000.0,9.0,0.0,2,2000,5-10,classes=2 | samples=2000 | features=5-10
44791,KDDCup09-Upselling_seed_3_nrows_2000_nclasses_10_ncols_100_stratify_True,2.0,2000.0,101.0,0.0,2,2000,100+,classes=2 | samples=2000 | features=100+
44781,KDDCup99_seed_3_nrows_2000_nclasses_10_ncols_100_stratify_True,8.0,2000.0,42.0,0.0,7-8,2000,40-60,classes=7-8 | samples=2000 | features=40-60
44782,KDDCup99_seed_4_nrows_2000_nclasses_10_ncols_100_stratify_True,8.0,2000.0,42.0,0.0,7-8,2000,40-60,classes=7-8 | samples=2000 | features=40-60
44492,wilt_seed_4_nrows_2000_nclasses_10_ncols_100_stratify_True,2.0,2000.0,6.0,0.0,2,2000,5-10,classes=2 | samples=2000 | features=5-10
44491,wilt_seed_3_nrows_2000_nclasses_10_ncols_100_stratify_True,2.0,2000.0,6.0,0.0,2,2000,5-10,classes=2 | samples=2000 | features=5-10
44490,wilt_seed_2_nrows_2000_nclasses_10_ncols_100_stratify_True,2.0,2000.0,6.0,0.0,2,2000,5-10,classes=2 | samples=2000 | features=5-10
44489,wilt_seed_1_nrows_2000_nclasses_10_ncols_100_stratify_True,2.0,2000.0,6.0,0.0,2,2000,5-10,classes=2 | samples=2000 | features=5-10
44488,wilt_seed_0_nrows_2000_nclasses_10_ncols_100_stratify_True,2.0,2000.0,6.0,0.0,2,2000,5-10,classes=2 | samples=2000 | features=5-10
44348,credit_seed_0_nrows_2000_nclasses_10_ncols_100_stratify_True,2.0,2000.0,11.0,0.0,2,2000,10-20,classes=2 | samples=2000 | features=10-20
44347,credit_seed_0_nrows_2000_nclasses_10_ncols_100_stratify_True,2.0,2000.0,11.0,0.0,2,2000,10-20,classes=2 | samples=2000 | features=10-20
44346,credit,2.0,2000.0,11.0,0.0,2,2000,10-20,classes=2 | samples=2000 | features=10-20
44345,credit,2.0,2000.0,11.0,0.0,2,2000,10-20,classes=2 | samples=2000 | features=10-20
44467,KDDCup09_upselling_seed_4_nrows_2000_nclasses_10_ncols_100_stratify_True,2.0,2000.0,50.0,0.0,2,2000,40-60,classes=2 | samples=2000 | features=40-60
44466,KDDCup09_upselling_seed_3_nrows_2000_nclasses_10_ncols_100_stratify_True,2.0,2000.0,50.0,0.0,2,2000,40-60,classes=2 | samples=2000 | features=40-60
44465,KDDCup09_upselling_seed_2_nrows_2000_nclasses_10_ncols_100_stratify_True,2.0,2000.0,50.0,0.0,2,2000,40-60,classes=2 | samples=2000 | features=40-60
44464,KDDCup09_upselling_seed_1_nrows_2000_nclasses_10_ncols_100_stratify_True,2.0,2000.0,50.0,0.0,2,2000,40-60,classes=2 | samples=2000 | features=40-60
44463,KDDCup09_upselling_seed_0_nrows_2000_nclasses_10_ncols_100_stratify_True,2.0,2000.0,50.0,0.0,2,2000,40-60,classes=2 | samples=2000 | features=40-60
44462,compass_seed_4_nrows_2000_nclasses_10_ncols_100_stratify_True,2.0,2000.0,18.0,0.0,2,2000,10-20,classes=2 | samples=2000 | features=10-20
44461,compass_seed_3_nrows_2000_nclasses_10_ncols_100_stratify_True,2.0,2000.0,18.0,0.0,2,2000,10-20,classes=2 | samples=2000 | features=10-20
44460,compass_seed_2_nrows_2000_nclasses_10_ncols_100_stratify_True,2.0,2000.0,18.0,0.0,2,2000,10-20,classes=2 | samples=2000 | features=10-20
44364,california_seed_2_nrows_2000_nclasses_10_ncols_100_stratify_True,2.0,2000.0,9.0,0.0,2,2000,5-10,classes=2 | samples=2000 | features=5-10
44363,california_seed_1_nrows_2000_nclasses_10_ncols_100_stratify_True,2.0,2000.0,9.0,0.0,2,2000,5-10,classes=2 | samples=2000 | features=5-10
44362,california_seed_0_nrows_2000_nclasses_10_ncols_100_stratify_True,2.0,2000.0,9.0,0.0,2,2000,5-10,classes=2 | samples=2000 | features=5-10
44361,credit_seed_4_nrows_2000_nclasses_10_ncols_100_stratify_True,2.0,2000.0,11.0,0.0,2,2000,10-20,classes=2 | samples=2000 | features=10-20
44360,credit_seed_3_nrows_2000_nclasses_10_ncols_100_stratify_True,2.0,2000.0,11.0,0.0,2,2000,10-20,classes=2 | samples=2000 | features=10-20
44359,credit_seed_2_nrows_2000_nclasses_10_ncols_100_stratify_True,2.0,2000.0,11.0,0.0,2,2000,10-20,classes=2 | samples=2000 | features=10-20
44358,credit_seed_1_nrows_2000_nclasses_10_ncols_100_stratify_True,2.0,2000.0,11.0,0.0,2,2000,10-20,classes=2 | samples=2000 | features=10-20
44357,credit_seed_0_nrows_2000_nclasses_10_ncols_100_stratify_True,2.0,2000.0,11.0,0.0,2,2000,10-20,classes=2 | samples=2000 | features=10-20
44356,credit_seed_3_nrows_2000_nclasses_10_ncols_100_stratify_True,2.0,2000.0,11.0,0.0,2,2000,10-20,classes=2 | samples=2000 | features=10-20
44355,credit_seed_2_nrows_2000_nclasses_10_ncols_100_stratify_True,2.0,2000.0,11.0,0.0,2,2000,10-20,classes=2 | samples=2000 | features=10-20
44354,credit_seed_1_nrows_2000_nclasses_10_ncols_100_stratify_True,2.0,2000.0,11.0,0.0,2,2000,10-20,classes=2 | samples=2000 | features=10-20
44515,dilbert_seed_2_nrows_2000_nclasses_10_ncols_100_stratify_True,5.0,2000.0,101.0,0.0,5,2000,100+,classes=5 | samples=2000 | features=100+
44516,dilbert_seed_3_nrows_2000_nclasses_10_ncols_100_stratify_True,5.0,2000.0,101.0,0.0,5,2000,100+,classes=5 | samples=2000 | features=100+
44514,dilbert_seed_1_nrows_2000_nclasses_10_ncols_100_stratify_True,5.0,2000.0,101.0,0.0,5,2000,100+,classes=5 | samples=2000 | features=100+
44513,dilbert_seed_0_nrows_2000_nclasses_10_ncols_100_stratify_True,5.0,2000.0,101.0,0.0,5,2000,100+,classes=5 | samples=2000 | features=100+
44350,credit_seed_2_nrows_2000_nclasses_10_ncols_100_stratify_True,2.0,2000.0,11.0,0.0,2,2000,10-20,classes=2 | samples=2000 | features=10-20
44351,credit_seed_3_nrows_2000_nclasses_10_ncols_100_stratify_True,2.0,2000.0,11.0,0.0,2,2000,10-20,classes=2 | samples=2000 | features=10-20
44352,credit_seed_4_nrows_2000_nclasses_10_ncols_100_stratify_True,2.0,2000.0,11.0,0.0,2,2000,10-20,classes=2 | samples=2000 | features=10-20
44353,credit_seed_0_nrows_2000_nclasses_10_ncols_100_stratify_True,2.0,2000.0,11.0,0.0,2,2000,10-20,classes=2 | samples=2000 | features=10-20
44349,credit_seed_1_nrows_2000_nclasses_10_ncols_100_stratify_True,2.0,2000.0,11.0,0.0,2,2000,10-20,classes=2 | samples=2000 | features=10-20
44380,covertype_seed_3_nrows_2000_nclasses_10_ncols_100_stratify_True,2.0,2000.0,11.0,0.0,2,2000,10-20,classes=2 | samples=2000 | features=10-20
44379,covertype_seed_2_nrows_2000_nclasses_10_ncols_100_stratify_True,2.0,2000.0,11.0,0.0,2,2000,10-20,classes=2 | samples=2000 | features=10-20
44378,covertype_seed_1_nrows_2000_nclasses_10_ncols_100_stratify_True,2.0,2000.0,11.0,0.0,2,2000,10-20,classes=2 | samples=2000 | features=10-20
44373,electricity_seed_1_nrows_2000_nclasses_10_ncols_100_stratify_True,2.0,2000.0,8.0,0.0,2,2000,5-10,classes=2 | samples=2000 | features=5-10
44372,electricity_seed_0_nrows_2000_nclasses_10_ncols_100_stratify_True,2.0,2000.0,8.0,0.0,2,2000,5-10,classes=2 | samples=2000 | features=5-10
44371,wine_seed_4_nrows_2000_nclasses_10_ncols_100_stratify_True,2.0,2000.0,12.0,0.0,2,2000,10-20,classes=2 | samples=2000 | features=10-20
44370,wine_seed_3_nrows_2000_nclasses_10_ncols_100_stratify_True,2.0,2000.0,12.0,0.0,2,2000,10-20,classes=2 | samples=2000 | features=10-20
44377,covertype_seed_0_nrows_2000_nclasses_10_ncols_100_stratify_True,2.0,2000.0,11.0,0.0,2,2000,10-20,classes=2 | samples=2000 | features=10-20
44376,electricity_seed_4_nrows_2000_nclasses_10_ncols_100_stratify_True,2.0,2000.0,8.0,0.0,2,2000,5-10,classes=2 | samples=2000 | features=5-10
44375,electricity_seed_3_nrows_2000_nclasses_10_ncols_100_stratify_True,2.0,2000.0,8.0,0.0,2,2000,5-10,classes=2 | samples=2000 | features=5-10
44374,electricity_seed_2_nrows_2000_nclasses_10_ncols_100_stratify_True,2.0,2000.0,8.0,0.0,2,2000,5-10,classes=2 | samples=2000 | features=5-10
44365,california_seed_3_nrows_2000_nclasses_10_ncols_100_stratify_True,2.0,2000.0,9.0,0.0,2,2000,5-10,classes=2 | samples=2000 | features=5-10
44406,bank-marketing_seed_4_nrows_2000_nclasses_10_ncols_100_stratify_True,2.0,2000.0,8.0,0.0,2,2000,5-10,classes=2 | samples=2000 | features=5-10
44405,bank-marketing_seed_3_nrows_2000_nclasses_10_ncols_100_stratify_True,2.0,2000.0,8.0,0.0,2,2000,5-10,classes=2 | samples=2000 | features=5-10
44404,bank-marketing_seed_2_nrows_2000_nclasses_10_ncols_100_stratify_True,2.0,2000.0,8.0,0.0,2,2000,5-10,classes=2 | samples=2000 | features=5-10
44403,bank-marketing_seed_1_nrows_2000_nclasses_10_ncols_100_stratify_True,2.0,2000.0,8.0,0.0,2,2000,5-10,classes=2 | samples=2000 | features=5-10
44402,bank-marketing_seed_0_nrows_2000_nclasses_10_ncols_100_stratify_True,2.0,2000.0,8.0,0.0,2,2000,5-10,classes=2 | samples=2000 | features=5-10
44401,MagicTelescope_seed_4_nrows_2000_nclasses_10_ncols_100_stratify_True,2.0,2000.0,11.0,0.0,2,2000,10-20,classes=2 | samples=2000 | features=10-20
44400,MagicTelescope_seed_3_nrows_2000_nclasses_10_ncols_100_stratify_True,2.0,2000.0,11.0,0.0,2,2000,10-20,classes=2 | samples=2000 | features=10-20
44399,MagicTelescope_seed_2_nrows_2000_nclasses_10_ncols_100_stratify_True,2.0,2000.0,11.0,0.0,2,2000,10-20,classes=2 | samples=2000 | features=10-20
44398,MagicTelescope_seed_1_nrows_2000_nclasses_10_ncols_100_stratify_True,2.0,2000.0,11.0,0.0,2,2000,10-20,classes=2 | samples=2000 | features=10-20
44397,MagicTelescope_seed_0_nrows_2000_nclasses_10_ncols_100_stratify_True,2.0,2000.0,11.0,0.0,2,2000,10-20,classes=2 | samples=2000 | features=10-20
44391,house_16H_seed_4_nrows_2000_nclasses_10_ncols_100_stratify_True,2.0,2000.0,17.0,0.0,2,2000,10-20,classes=2 | samples=2000 | features=10-20
44369,wine_seed_2_nrows_2000_nclasses_10_ncols_100_stratify_True,2.0,2000.0,12.0,0.0,2,2000,10-20,classes=2 | samples=2000 | features=10-20
44368,wine_seed_1_nrows_2000_nclasses_10_ncols_100_stratify_True,2.0,2000.0,12.0,0.0,2,2000,10-20,classes=2 | samples=2000 | features=10-20
44367,wine_seed_0_nrows_2000_nclasses_10_ncols_100_stratify_True,2.0,2000.0,12.0,0.0,2,2000,10-20,classes=2 | samples=2000 | features=10-20
44366,california_seed_4_nrows_2000_nclasses_10_ncols_100_stratify_True,2.0,2000.0,9.0,0.0,2,2000,5-10,classes=2 | samples=2000 | features=5-10
44387,house_16H_seed_0_nrows_2000_nclasses_10_ncols_100_stratify_True,2.0,2000.0,17.0,0.0,2,2000,10-20,classes=2 | samples=2000 | features=10-20
44388,house_16H_seed_1_nrows_2000_nclasses_10_ncols_100_stratify_True,2.0,2000.0,17.0,0.0,2,2000,10-20,classes=2 | samples=2000 | features=10-20
44389,house_16H_seed_2_nrows_2000_nclasses_10_ncols_100_stratify_True,2.0,2000.0,17.0,0.0,2,2000,10-20,classes=2 | samples=2000 | features=10-20
44390,house_16H_seed_3_nrows_2000_nclasses_10_ncols_100_stratify_True,2.0,2000.0,17.0,0.0,2,2000,10-20,classes=2 | samples=2000 | features=10-20
44381,covertype_seed_4_nrows_2000_nclasses_10_ncols_100_stratify_True,2.0,2000.0,11.0,0.0,2,2000,10-20,classes=2 | samples=2000 | features=10-20
44433,electricity_seed_0_nrows_2000_nclasses_10_ncols_100_stratify_True,2.0,2000.0,9.0,0.0,2,2000,5-10,classes=2 | samples=2000 | features=5-10
44432,jannis_seed_4_nrows_2000_nclasses_10_ncols_100_stratify_True,2.0,2000.0,55.0,0.0,2,2000,40-60,classes=2 | samples=2000 | features=40-60
44431,jannis_seed_3_nrows_2000_nclasses_10_ncols_100_stratify_True,2.0,2000.0,55.0,0.0,2,2000,40-60,classes=2 | samples=2000 | features=40-60
44415,MiniBooNE_seed_3_nrows_2000_nclasses_10_ncols_100_stratify_True,2.0,2000.0,51.0,0.0,2,2000,40-60,classes=2 | samples=2000 | features=40-60
44414,MiniBooNE_seed_2_nrows_2000_nclasses_10_ncols_100_stratify_True,2.0,2000.0,51.0,0.0,2,2000,40-60,classes=2 | samples=2000 | features=40-60
44413,MiniBooNE_seed_1_nrows_2000_nclasses_10_ncols_100_stratify_True,2.0,2000.0,51.0,0.0,2,2000,40-60,classes=2 | samples=2000 | features=40-60
44412,MiniBooNE_seed_0_nrows_2000_nclasses_10_ncols_100_stratify_True,2.0,2000.0,51.0,0.0,2,2000,40-60,classes=2 | samples=2000 | features=40-60
44430,jannis_seed_2_nrows_2000_nclasses_10_ncols_100_stratify_True,2.0,2000.0,55.0,0.0,2,2000,40-60,classes=2 | samples=2000 | features=40-60
44429,jannis_seed_1_nrows_2000_nclasses_10_ncols_100_stratify_True,2.0,2000.0,55.0,0.0,2,2000,40-60,classes=2 | samples=2000 | features=40-60
44428,jannis_seed_0_nrows_2000_nclasses_10_ncols_100_stratify_True,2.0,2000.0,55.0,0.0,2,2000,40-60,classes=2 | samples=2000 | features=40-60
44416,MiniBooNE_seed_4_nrows_2000_nclasses_10_ncols_100_stratify_True,2.0,2000.0,51.0,0.0,2,2000,40-60,classes=2 | samples=2000 | features=40-60
44408,phoneme_seed_1_nrows_2000_nclasses_10_ncols_100_stratify_True,2.0,2000.0,6.0,0.0,2,2000,5-10,classes=2 | samples=2000 | features=5-10
44409,phoneme_seed_2_nrows_2000_nclasses_10_ncols_100_stratify_True,2.0,2000.0,6.0,0.0,2,2000,5-10,classes=2 | samples=2000 | features=5-10
44410,phoneme_seed_3_nrows_2000_nclasses_10_ncols_100_stratify_True,2.0,2000.0,6.0,0.0,2,2000,5-10,classes=2 | samples=2000 | features=5-10
44411,phoneme_seed_4_nrows_2000_nclasses_10_ncols_100_stratify_True,2.0,2000.0,6.0,0.0,2,2000,5-10,classes=2 | samples=2000 | features=5-10
44407,phoneme_seed_0_nrows_2000_nclasses_10_ncols_100_stratify_True,2.0,2000.0,6.0,0.0,2,2000,5-10,classes=2 | samples=2000 | features=5-10
44459,compass_seed_1_nrows_2000_nclasses_10_ncols_100_stratify_True,2.0,2000.0,18.0,0.0,2,2000,10-20,classes=2 | samples=2000 | features=10-20
44458,compass_seed_0_nrows_2000_nclasses_10_ncols_100_stratify_True,2.0,2000.0,18.0,0.0,2,2000,10-20,classes=2 | samples=2000 | features=10-20
44452,rl_seed_4_nrows_2000_nclasses_10_ncols_100_stratify_True,2.0,2000.0,13.0,0.0,2,2000,10-20,classes=2 | samples=2000 | features=10-20
44448,rl_seed_0_nrows_2000_nclasses_10_ncols_100_stratify_True,2.0,2000.0,13.0,0.0,2,2000,10-20,classes=2 | samples=2000 | features=10-20
44449,rl_seed_1_nrows_2000_nclasses_10_ncols_100_stratify_True,2.0,2000.0,13.0,0.0,2,2000,10-20,classes=2 | samples=2000 | features=10-20
44450,rl_seed_2_nrows_2000_nclasses_10_ncols_100_stratify_True,2.0,2000.0,13.0,0.0,2,2000,10-20,classes=2 | samples=2000 | features=10-20
44451,rl_seed_3_nrows_2000_nclasses_10_ncols_100_stratify_True,2.0,2000.0,13.0,0.0,2,2000,10-20,classes=2 | samples=2000 | features=10-20
44444,covertype_seed_1_nrows_2000_nclasses_10_ncols_100_stratify_True,2.0,2000.0,55.0,0.0,2,2000,40-60,classes=2 | samples=2000 | features=40-60
44445,covertype_seed_2_nrows_2000_nclasses_10_ncols_100_stratify_True,2.0,2000.0,55.0,0.0,2,2000,40-60,classes=2 | samples=2000 | features=40-60
44446,covertype_seed_3_nrows_2000_nclasses_10_ncols_100_stratify_True,2.0,2000.0,55.0,0.0,2,2000,40-60,classes=2 | samples=2000 | features=40-60
44447,covertype_seed_4_nrows_2000_nclasses_10_ncols_100_stratify_True,2.0,2000.0,55.0,0.0,2,2000,40-60,classes=2 | samples=2000 | features=40-60
41720,FOREX_eurusd-day-High,2.0,1837.0,12.0,0.0,2,2000,10-20,classes=2 | samples=2000 | features=10-20
41731,FOREX_eursek-day-High,2.0,1837.0,12.0,0.0,2,2000,10-20,classes=2 | samples=2000 | features=10-20
41863,FOREX_eurnok-day-High,2.0,1837.0,12.0,0.0,2,2000,10-20,classes=2 | samples=2000 | features=10-20
41791,FOREX_eurusd-day-Close,2.0,1837.0,12.0,0.0,2,2000,10-20,classes=2 | samples=2000 | features=10-20
41812,FOREX_eurnok-day-Close,2.0,1837.0,12.0,0.0,2,2000,10-20,classes=2 | samples=2000 | features=10-20
41846,FOREX_eursek-day-Close,2.0,1837.0,12.0,0.0,2,2000,10-20,classes=2 | samples=2000 | features=10-20
41783,FOREX_eurdkk-day-Close,2.0,1836.0,12.0,0.0,2,2000,10-20,classes=2 | samples=2000 | features=10-20
41847,FOREX_eurdkk-day-High,2.0,1836.0,12.0,0.0,2,2000,10-20,classes=2 | samples=2000 | features=10-20
41766,FOREX_eurgbp-day-High,2.0,1835.0,12.0,0.0,2,2000,10-20,classes=2 | samples=2000 | features=10-20
41797,FOREX_usdjpy-day-High,2.0,1835.0,12.0,0.0,2,2000,10-20,classes=2 | samples=2000 | features=10-20
41858,FOREX_usdchf-day-Close,2.0,1835.0,12.0,0.0,2,2000,10-20,classes=2 | samples=2000 | features=10-20
41844,FOREX_eurgbp-day-Close,2.0,1835.0,12.0,0.0,2,2000,10-20,classes=2 | samples=2000 | features=10-20
41730,FOREX_usdchf-day-High,2.0,1835.0,12.0,0.0,2,2000,10-20,classes=2 | samples=2000 | features=10-20
41722,FOREX_usdjpy-day-Close,2.0,1835.0,12.0,0.0,2,2000,10-20,classes=2 | samples=2000 | features=10-20
41784,FOREX_gbpusd-day-Close,2.0,1834.0,12.0,0.0,2,2000,10-20,classes=2 | samples=2000 | features=10-20
41769,FOREX_audcad-day-Close,2.0,1834.0,12.0,0.0,2,2000,10-20,classes=2 | samples=2000 | features=10-20
41760,FOREX_eurhuf-day-High,2.0,1834.0,12.0,0.0,2,2000,10-20,classes=2 | samples=2000 | features=10-20
41790,FOREX_cadjpy-day-Close,2.0,1834.0,12.0,0.0,2,2000,10-20,classes=2 | samples=2000 | features=10-20
41721,FOREX_audcad-day-High,2.0,1834.0,12.0,0.0,2,2000,10-20,classes=2 | samples=2000 | features=10-20
41764,FOREX_gbpusd-day-High,2.0,1834.0,12.0,0.0,2,2000,10-20,classes=2 | samples=2000 | features=10-20
41737,FOREX_audusd-day-Close,2.0,1834.0,12.0,0.0,2,2000,10-20,classes=2 | samples=2000 | features=10-20
41725,FOREX_eurcad-day-High,2.0,1834.0,12.0,0.0,2,2000,10-20,classes=2 | samples=2000 | features=10-20
41839,FOREX_cadjpy-day-High,2.0,1834.0,12.0,0.0,2,2000,10-20,classes=2 | samples=2000 | features=10-20
41818,FOREX_euraud-day-Close,2.0,1834.0,12.0,0.0,2,2000,10-20,classes=2 | samples=2000 | features=10-20
41866,FOREX_euraud-day-High,2.0,1834.0,12.0,0.0,2,2000,10-20,classes=2 | samples=2000 | features=10-20
41726,FOREX_audusd-day-High,2.0,1834.0,12.0,0.0,2,2000,10-20,classes=2 | samples=2000 | features=10-20
41716,FOREX_eurcad-day-Close,2.0,1834.0,12.0,0.0,2,2000,10-20,classes=2 | samples=2000 | features=10-20
41750,FOREX_eurhuf-day-Close,2.0,1834.0,12.0,0.0,2,2000,10-20,classes=2 | samples=2000 | features=10-20
41894,FOREX_eurchf-day-Close,2.0,1833.0,12.0,0.0,2,2000,10-20,classes=2 | samples=2000 | features=10-20
41753,FOREX_usdcad-day-High,2.0,1833.0,12.0,0.0,2,2000,10-20,classes=2 | samples=2000 | features=10-20
41875,FOREX_audchf-day-High,2.0,1833.0,12.0,0.0,2,2000,10-20,classes=2 | samples=2000 | features=10-20
41740,FOREX_audchf-day-Close,2.0,1833.0,12.0,0.0,2,2000,10-20,classes=2 | samples=2000 | features=10-20
41803,FOREX_eurchf-day-High,2.0,1833.0,12.0,0.0,2,2000,10-20,classes=2 | samples=2000 | features=10-20
41834,FOREX_usdcad-day-Close,2.0,1833.0,12.0,0.0,2,2000,10-20,classes=2 | samples=2000 | features=10-20
41719,FOREX_eurjpy-day-High,2.0,1832.0,12.0,0.0,2,2000,10-20,classes=2 | samples=2000 | features=10-20
41756,FOREX_audsgd-day-High,2.0,1832.0,12.0,0.0,2,2000,10-20,classes=2 | samples=2000 | features=10-20
41801,FOREX_eursgd-day-High,2.0,1832.0,12.0,0.0,2,2000,10-20,classes=2 | samples=2000 | features=10-20
41826,FOREX_eurnzd-day-Close,2.0,1832.0,12.0,0.0,2,2000,10-20,classes=2 | samples=2000 | features=10-20
41821,FOREX_eurpln-day-Close,2.0,1832.0,12.0,0.0,2,2000,10-20,classes=2 | samples=2000 | features=10-20
41815,FOREX_eurrub-day-Close,2.0,1832.0,12.0,0.0,2,2000,10-20,classes=2 | samples=2000 | features=10-20
41849,FOREX_audsgd-day-Close,2.0,1832.0,12.0,0.0,2,2000,10-20,classes=2 | samples=2000 | features=10-20
41857,FOREX_audjpy-day-Close,2.0,1832.0,12.0,0.0,2,2000,10-20,classes=2 | samples=2000 | features=10-20
41841,FOREX_chfsgd-day-Close,2.0,1832.0,12.0,0.0,2,2000,10-20,classes=2 | samples=2000 | features=10-20
41882,FOREX_audjpy-day-High,2.0,1832.0,12.0,0.0,2,2000,10-20,classes=2 | samples=2000 | features=10-20
41868,FOREX_eurpln-day-High,2.0,1832.0,12.0,0.0,2,2000,10-20,classes=2 | samples=2000 | features=10-20
41872,FOREX_eurhkd-day-Close,2.0,1832.0,12.0,0.0,2,2000,10-20,classes=2 | samples=2000 | features=10-20
41744,FOREX_eurrub-day-High,2.0,1832.0,12.0,0.0,2,2000,10-20,classes=2 | samples=2000 | features=10-20
41733,FOREX_eurhkd-day-High,2.0,1832.0,12.0,0.0,2,2000,10-20,classes=2 | samples=2000 | features=10-20
41754,FOREX_eurjpy-day-Close,2.0,1832.0,12.0,0.0,2,2000,10-20,classes=2 | samples=2000 | features=10-20
41897,FOREX_usddkk-day-Close,2.0,1832.0,12.0,0.0,2,2000,10-20,classes=2 | samples=2000 | features=10-20
41765,FOREX_eurtry-day-Close,2.0,1832.0,12.0,0.0,2,2000,10-20,classes=2 | samples=2000 | features=10-20
41785,FOREX_eurtry-day-High,2.0,1832.0,12.0,0.0,2,2000,10-20,classes=2 | samples=2000 | features=10-20
41788,FOREX_audnzd-day-High,2.0,1832.0,12.0,0.0,2,2000,10-20,classes=2 | samples=2000 | features=10-20
41874,FOREX_eursgd-day-Close,2.0,1832.0,12.0,0.0,2,2000,10-20,classes=2 | samples=2000 | features=10-20
41864,FOREX_chfsgd-day-High,2.0,1832.0,12.0,0.0,2,2000,10-20,classes=2 | samples=2000 | features=10-20
41724,FOREX_chfjpy-day-Close,2.0,1832.0,12.0,0.0,2,2000,10-20,classes=2 | samples=2000 | features=10-20
41867,FOREX_audnzd-day-Close,2.0,1832.0,12.0,0.0,2,2000,10-20,classes=2 | samples=2000 | features=10-20
41848,FOREX_chfjpy-day-High,2.0,1832.0,12.0,0.0,2,2000,10-20,classes=2 | samples=2000 | features=10-20
41707,FOREX_usddkk-day-High,2.0,1832.0,12.0,0.0,2,2000,10-20,classes=2 | samples=2000 | features=10-20
41713,FOREX_eurnzd-day-High,2.0,1832.0,12.0,0.0,2,2000,10-20,classes=2 | samples=2000 | features=10-20
41746,FOREX_cadchf-day-High,2.0,1831.0,12.0,0.0,2,2000,10-20,classes=2 | samples=2000 | features=10-20
41811,FOREX_cadchf-day-Close,2.0,1831.0,12.0,0.0,2,2000,10-20,classes=2 | samples=2000 | features=10-20
41830,FOREX_nzdusd-day-High,2.0,1828.0,12.0,0.0,2,2000,10-20,classes=2 | samples=2000 | features=10-20
41829,FOREX_nzdusd-day-Close,2.0,1828.0,12.0,0.0,2,2000,10-20,classes=2 | samples=2000 | features=10-20
44300,Meta_Album_RSICB_Mini,45.0,1800.0,3.0,0.0,15+,2000,3-5,classes=15+ | samples=2000 | features=3-5
42166,cacao_flavor,41.0,1794.0,9.0,0.0,15+,2000,5-10,classes=15+ | samples=2000 | features=5-10
991,car,2.0,1728.0,7.0,0.0,2,2000,5-10,classes=2 | samples=2000 | features=5-10
46938,Is-this-a-good-customer,2.0,1723.0,14.0,0.0,2,2000,10-20,classes=2 | samples=2000 | features=10-20
40590,enron,2.0,1702.0,1054.0,0.0,2,2000,100+,classes=2 | samples=2000 | features=100+
395,re1.wc,25.0,1657.0,3759.0,0.0,15+,2000,100+,classes=15+ | samples=2000 | features=100+
45648,MIC,2.0,1649.0,105.0,0.0,2,2000,100+,classes=2 | samples=2000 | features=100+
1528,volcanoes-a2,5.0,1623.0,4.0,0.0,5,2000,3-5,classes=5 | samples=2000 | features=3-5
40645,GAMETES_Epistasis_2-Way_1000atts_0.4H_EDM-1_EDM-1_1,2.0,1600.0,1001.0,0.0,2,2000,100+,classes=2 | samples=2000 | features=100+
398,wap.wc,20.0,1560.0,8461.0,0.0,15+,2000,100+,classes=15+ | samples=2000 | features=100+
1139,OVA_Omentum,2.0,1545.0,10936.0,0.0,2,2000,100+,classes=2 | samples=2000 | features=100+
1138,OVA_Uterus,2.0,1545.0,10936.0,0.0,2,2000,100+,classes=2 | samples=2000 | features=100+
1166,OVA_Ovary,2.0,1545.0,10936.0,0.0,2,2000,100+,classes=2 | samples=2000 | features=100+
1134,OVA_Kidney,2.0,1545.0,10936.0,0.0,2,2000,100+,classes=2 | samples=2000 | features=100+
1161,OVA_Colon,2.0,1545.0,10936.0,0.0,2,2000,100+,classes=2 | samples=2000 | features=100+
1146,OVA_Prostate,2.0,1545.0,10937.0,0.0,2,2000,100+,classes=2 | samples=2000 | features=100+
1142,OVA_Endometrium,2.0,1545.0,10936.0,0.0,2,2000,100+,classes=2 | samples=2000 | features=100+
1128,OVA_Breast,2.0,1545.0,10936.0,0.0,2,2000,100+,classes=2 | samples=2000 | features=100+
1130,OVA_Lung,2.0,1545.0,10936.0,0.0,2,2000,100+,classes=2 | samples=2000 | features=100+
1529,volcanoes-a3,5.0,1521.0,4.0,0.0,5,2000,3-5,classes=5 | samples=2000 | features=3-5
44286,Meta_Album_PLT_VIL_Mini,38.0,1520.0,3.0,0.0,15+,2000,3-5,classes=15+ | samples=2000 | features=3-5
1530,volcanoes-a4,5.0,1515.0,4.0,0.0,5,2000,3-5,classes=5 | samples=2000 | features=3-5
1457,amazon-commerce-reviews,50.0,1500.0,10001.0,0.0,15+,2000,100+,classes=15+ | samples=2000 | features=100+
44480,amazon-commerce-reviews_seed_2_nrows_2000_nclasses_10_ncols_100_stratify_True,50.0,1500.0,101.0,0.0,15+,2000,100+,classes=15+ | samples=2000 | features=100+
44478,amazon-commerce-reviews_seed_0_nrows_2000_nclasses_10_ncols_100_stratify_True,50.0,1500.0,101.0,0.0,15+,2000,100+,classes=15+ | samples=2000 | features=100+
44479,amazon-commerce-reviews_seed_1_nrows_2000_nclasses_10_ncols_100_stratify_True,50.0,1500.0,101.0,0.0,15+,2000,100+,classes=15+ | samples=2000 | features=100+
44482,amazon-commerce-reviews_seed_4_nrows_2000_nclasses_10_ncols_100_stratify_True,50.0,1500.0,101.0,0.0,15+,2000,100+,classes=15+ | samples=2000 | features=100+
44481,amazon-commerce-reviews_seed_3_nrows_2000_nclasses_10_ncols_100_stratify_True,50.0,1500.0,101.0,0.0,15+,2000,100+,classes=15+ | samples=2000 | features=100+
1016,vowel,2.0,990.0,14.0,0.0,2,500,10-20,classes=2 | samples=500 | features=10-20
40693,xd6,2.0,973.0,10.0,0.0,2,500,5-10,classes=2 | samples=500 | features=5-10
40705,tokyo1,2.0,959.0,45.0,0.0,2,500,40-60,classes=2 | samples=500 | features=40-60
50,tic-tac-toe,2.0,958.0,10.0,0.0,2,500,5-10,classes=2 | samples=500 | features=5-10
841,stock,2.0,950.0,10.0,0.0,2,500,5-10,classes=2 | samples=500 | features=5-10
1233,eating,7.0,945.0,6374.0,0.0,7-8,500,100+,classes=7-8 | samples=500 | features=100+
311,oil_spill,2.0,937.0,50.0,0.0,2,500,40-60,classes=2 | samples=500 | features=40-60
385,tr31.wc,7.0,927.0,10129.0,0.0,7-8,500,100+,classes=7-8 | samples=500 | features=100+
45939,132,2.0,902.0,4.0,0.0,2,500,3-5,classes=2 | samples=500 | features=3-5
994,vehicle,2.0,846.0,19.0,0.0,2,500,10-20,classes=2 | samples=500 | features=10-20
44276,Meta_Album_INS_Micro,20.0,800.0,3.0,0.0,15+,500,3-5,classes=15+ | samples=500 | features=3-5
44272,Meta_Album_FNG_Micro,20.0,800.0,3.0,0.0,15+,500,3-5,classes=15+ | samples=500 | features=3-5
44242,Meta_Album_PLT_VIL_Micro,20.0,800.0,3.0,0.0,15+,500,3-5,classes=15+ | samples=500 | features=3-5
44315,Meta_Album_RSICB_Micro,20.0,800.0,3.0,0.0,15+,500,3-5,classes=15+ | samples=500 | features=3-5
1014,analcatdata_dmft,2.0,797.0,5.0,0.0,2,500,3-5,classes=2 | samples=500 | features=3-5
47000,QSAR_Bioconcentration_classification,3.0,779.0,13.0,0.0,3,500,10-20,classes=3 | samples=500 | features=10-20
46827,QSAR_Bioconcentration_classification,3.0,779.0,13.0,0.0,3,500,10-20,classes=3 | samples=500 | features=10-20
37,diabetes,2.0,768.0,9.0,0.0,2,500,5-10,classes=2 | samples=500 | features=5-10
46921,diabetes,2.0,768.0,9.0,0.0,2,500,5-10,classes=2 | samples=500 | features=5-10
1472,energy-efficiency,37.0,768.0,10.0,0.0,15+,500,5-10,classes=15+ | samples=500 | features=5-10
1549,autoUniv-au6-750,8.0,750.0,41.0,0.0,7-8,500,40-60,classes=7-8 | samples=500 | features=40-60
1464,blood-transfusion-service-center,2.0,748.0,5.0,0.0,2,500,3-5,classes=2 | samples=500 | features=3-5
46913,blood-transfusion-service-center,2.0,748.0,5.0,0.0,2,500,3-5,classes=2 | samples=500 | features=3-5
44597,blood-transfusion-service-center_seed_4_nrows_2000_nclasses_10_ncols_100_stratify_True,2.0,748.0,5.0,0.0,2,500,3-5,classes=2 | samples=500 | features=3-5
44595,blood-transfusion-service-center_seed_2_nrows_2000_nclasses_10_ncols_100_stratify_True,2.0,748.0,5.0,0.0,2,500,3-5,classes=2 | samples=500 | features=3-5
44593,blood-transfusion-service-center_seed_0_nrows_2000_nclasses_10_ncols_100_stratify_True,2.0,748.0,5.0,0.0,2,500,3-5,classes=2 | samples=500 | features=3-5
44596,blood-transfusion-service-center_seed_3_nrows_2000_nclasses_10_ncols_100_stratify_True,2.0,748.0,5.0,0.0,2,500,3-5,classes=2 | samples=500 | features=3-5
44594,blood-transfusion-service-center_seed_1_nrows_2000_nclasses_10_ncols_100_stratify_True,2.0,748.0,5.0,0.0,2,500,3-5,classes=2 | samples=500 | features=3-5
43924,eucalyptus,5.0,736.0,20.0,0.0,5,500,10-20,classes=5 | samples=500 | features=10-20
45102,dailybike,606.0,731.0,13.0,0.0,15+,500,10-20,classes=15+ | samples=500 | features=10-20
45103,dailybike,606.0,731.0,13.0,0.0,15+,500,10-20,classes=15+ | samples=500 | features=10-20
45712,doa_bwin_balanced,2.0,708.0,14.0,0.0,2,500,10-20,classes=2 | samples=500 | features=10-20
1553,autoUniv-au7-700,3.0,700.0,13.0,0.0,3,500,10-20,classes=3 | samples=500 | features=10-20
44483,Australian_seed_0_nrows_2000_nclasses_10_ncols_100_stratify_True,2.0,690.0,15.0,0.0,2,500,10-20,classes=2 | samples=500 | features=10-20
44487,Australian_seed_4_nrows_2000_nclasses_10_ncols_100_stratify_True,2.0,690.0,15.0,0.0,2,500,10-20,classes=2 | samples=500 | features=10-20
44486,Australian_seed_3_nrows_2000_nclasses_10_ncols_100_stratify_True,2.0,690.0,15.0,0.0,2,500,10-20,classes=2 | samples=500 | features=10-20
44484,Australian_seed_1_nrows_2000_nclasses_10_ncols_100_stratify_True,2.0,690.0,15.0,0.0,2,500,10-20,classes=2 | samples=500 | features=10-20
40981,Australian,2.0,690.0,15.0,0.0,2,500,10-20,classes=2 | samples=500 | features=10-20
44485,Australian_seed_2_nrows_2000_nclasses_10_ncols_100_stratify_True,2.0,690.0,15.0,0.0,2,500,10-20,classes=2 | samples=500 | features=10-20
795,disclosure_x_tampered,2.0,662.0,4.0,0.0,2,500,3-5,classes=2 | samples=500 | features=3-5
40591,genbase,2.0,662.0,1213.0,0.0,2,500,100+,classes=2 | samples=500 | features=100+
774,disclosure_x_bias,2.0,662.0,4.0,0.0,2,500,3-5,classes=2 | samples=500 | features=3-5
827,disclosure_x_noise,2.0,662.0,4.0,0.0,2,500,3-5,classes=2 | samples=500 | features=3-5
931,disclosure_z,2.0,662.0,4.0,0.0,2,500,3-5,classes=2 | samples=500 | features=3-5
45063,credit-approval,2.0,653.0,16.0,0.0,2,500,10-20,classes=2 | samples=500 | features=10-20
40588,birds,2.0,645.0,279.0,0.0,2,500,100+,classes=2 | samples=500 | features=100+
1145,AP_Breast_Colon,2.0,630.0,10936.0,0.0,2,500,100+,classes=2 | samples=500 | features=100+
11,balance-scale,3.0,625.0,5.0,0.0,3,500,3-5,classes=3 | samples=500 | features=3-5
997,balance-scale,2.0,625.0,5.0,0.0,2,500,3-5,classes=2 | samples=500 | features=3-5
770,strikes,2.0,625.0,7.0,0.0,2,500,5-10,classes=2 | samples=500 | features=5-10
1158,AP_Breast_Kidney,2.0,604.0,10936.0,0.0,2,500,100+,classes=2 | samples=500 | features=100+
334,monks-problems-2,2.0,601.0,7.0,0.0,2,500,5-10,classes=2 | samples=500 | features=5-10
4136,Dexter,2.0,600.0,20001.0,0.0,2,500,100+,classes=2 | samples=500 | features=100+
41966,isolet,2.0,600.0,618.0,0.0,2,500,100+,classes=2 | samples=500 | features=100+
41945,ilpd-numeric,2.0,583.0,11.0,0.0,2,500,10-20,classes=2 | samples=500 | features=10-20
1480,ilpd,2.0,583.0,11.0,0.0,2,500,10-20,classes=2 | samples=500 | features=10-20
826,sensory,2.0,576.0,12.0,0.0,2,500,10-20,classes=2 | samples=500 | features=10-20
41084,UMIST_Faces_Cropped,20.0,575.0,10305.0,0.0,15+,500,100+,classes=15+ | samples=500 | features=100+
44585,micro-mass_seed_2_nrows_2000_nclasses_10_ncols_100_stratify_True,20.0,571.0,101.0,0.0,15+,500,100+,classes=15+ | samples=500 | features=100+
44583,micro-mass_seed_0_nrows_2000_nclasses_10_ncols_100_stratify_True,20.0,571.0,101.0,0.0,15+,500,100+,classes=15+ | samples=500 | features=100+
44587,micro-mass_seed_4_nrows_2000_nclasses_10_ncols_100_stratify_True,20.0,571.0,101.0,0.0,15+,500,100+,classes=15+ | samples=500 | features=100+
44586,micro-mass_seed_3_nrows_2000_nclasses_10_ncols_100_stratify_True,20.0,571.0,101.0,0.0,15+,500,100+,classes=15+ | samples=500 | features=100+
44584,micro-mass_seed_1_nrows_2000_nclasses_10_ncols_100_stratify_True,20.0,571.0,101.0,0.0,15+,500,100+,classes=15+ | samples=500 | features=100+
1515,micro-mass,20.0,571.0,1301.0,0.0,15+,500,100+,classes=15+ | samples=500 | features=100+
950,arsenic-female-lung,2.0,559.0,5.0,0.0,2,500,3-5,classes=2 | samples=500 | features=3-5
947,arsenic-male-bladder,2.0,559.0,5.0,0.0,2,500,3-5,classes=2 | samples=500 | features=3-5
949,arsenic-female-bladder,2.0,559.0,5.0,0.0,2,500,3-5,classes=2 | samples=500 | features=3-5
951,arsenic-male-lung,2.0,559.0,5.0,0.0,2,500,3-5,classes=2 | samples=500 | features=3-5
333,monks-problems-1,2.0,556.0,7.0,0.0,2,500,5-10,classes=2 | samples=500 | features=5-10
335,monks-problems-3,2.0,554.0,7.0,0.0,2,500,5-10,classes=2 | samples=500 | features=5-10
1137,AP_Colon_Kidney,2.0,546.0,10936.0,0.0,2,500,100+,classes=2 | samples=500 | features=100+
1165,AP_Breast_Ovary,2.0,542.0,10936.0,0.0,2,500,100+,classes=2 | samples=500 | features=100+
313,spectrometer,48.0,531.0,102.0,0.0,15+,500,100+,classes=15+ | samples=500 | features=100+
954,spectrometer,2.0,531.0,102.0,0.0,2,500,100+,classes=2 | samples=500 | features=100+
45717,bwin_amlb,2.0,530.0,14.0,0.0,2,500,10-20,classes=2 | samples=500 | features=10-20
45711,doa_bwin,2.0,530.0,14.0,0.0,2,500,10-20,classes=2 | samples=500 | features=10-20
46733,diabetes_risk_prediction_dataset,2.0,520.0,17.0,0.0,2,500,10-20,classes=2 | samples=500 | features=10-20
46869,diabetes_risk_prediction_dataset,2.0,520.0,17.0,0.0,2,500,10-20,classes=2 | samples=500 | features=10-20
40690,threeOf9,2.0,512.0,10.0,0.0,2,500,5-10,classes=2 | samples=500 | features=5-10
717,rmftsa_ladata,2.0,508.0,11.0,0.0,2,500,10-20,classes=2 | samples=500 | features=10-20
853,boston,2.0,506.0,14.0,0.0,2,500,10-20,classes=2 | samples=500 | features=10-20
792,fri_c2_500_5,2.0,500.0,6.0,0.0,2,500,5-10,classes=2 | samples=500 | features=5-10
43325,Birds,20.0,500.0,3.0,0.0,15+,500,3-5,classes=15+ | samples=500 | features=3-5
805,fri_c4_500_50,2.0,500.0,51.0,0.0,2,500,40-60,classes=2 | samples=500 | features=40-60
742,fri_c4_500_100,2.0,500.0,101.0,0.0,2,500,100+,classes=2 | samples=500 | features=100+
749,fri_c3_500_5,2.0,500.0,6.0,0.0,2,500,5-10,classes=2 | samples=500 | features=5-10
750,pm10,2.0,500.0,8.0,0.0,2,500,5-10,classes=2 | samples=500 | features=5-10
766,fri_c1_500_50,2.0,500.0,51.0,0.0,2,500,40-60,classes=2 | samples=500 | features=40-60
47052,Accidents_Prediction_Balanced_v3,2.0,500.0,7.0,0.0,2,500,5-10,classes=2 | samples=500 | features=5-10
47046,Accidents_Prediction_Dataset,2.0,500.0,7.0,0.0,2,500,5-10,classes=2 | samples=500 | features=5-10
47044,Accidents_Prediction_Dataset,2.0,500.0,7.0,0.0,2,500,5-10,classes=2 | samples=500 | features=5-10
47045,Accidents_Prediction_Dataset,2.0,500.0,7.0,0.0,2,500,5-10,classes=2 | samples=500 | features=5-10
936,fri_c3_500_10,2.0,500.0,11.0,0.0,2,500,10-20,classes=2 | samples=500 | features=10-20
920,fri_c2_500_50,2.0,500.0,51.0,0.0,2,500,40-60,classes=2 | samples=500 | features=40-60
943,fri_c0_500_10,2.0,500.0,11.0,0.0,2,500,10-20,classes=2 | samples=500 | features=10-20
937,fri_c3_500_50,2.0,500.0,51.0,0.0,2,500,40-60,classes=2 | samples=500 | features=40-60
884,fri_c0_500_5,2.0,500.0,6.0,0.0,2,500,5-10,classes=2 | samples=500 | features=5-10
47051,Accidents_Prediction_Dataset_Pipeline,2.0,500.0,7.0,0.0,2,500,5-10,classes=2 | samples=500 | features=5-10
824,fri_c1_500_10,2.0,500.0,11.0,0.0,2,500,10-20,classes=2 | samples=500 | features=10-20
43327,Birds,20.0,500.0,3.0,0.0,15+,500,3-5,classes=15+ | samples=500 | features=3-5
47049,Accidents_Prediction_Dataset,2.0,500.0,7.0,0.0,2,500,5-10,classes=2 | samples=500 | features=5-10
855,fri_c4_500_10,2.0,500.0,11.0,0.0,2,500,10-20,classes=2 | samples=500 | features=10-20
869,fri_c2_500_10,2.0,500.0,11.0,0.0,2,500,10-20,classes=2 | samples=500 | features=10-20
870,fri_c1_500_5,2.0,500.0,6.0,0.0,2,500,5-10,classes=2 | samples=500 | features=5-10
888,fri_c0_500_50,2.0,500.0,51.0,0.0,2,500,40-60,classes=2 | samples=500 | features=40-60
47050,Accidents_Prediction_Dataset_Pipeline,2.0,500.0,7.0,0.0,2,500,5-10,classes=2 | samples=500 | features=5-10
1554,autoUniv-au7-500,5.0,500.0,13.0,0.0,5,500,10-20,classes=5 | samples=500 | features=10-20
886,no2,2.0,500.0,8.0,0.0,2,500,5-10,classes=2 | samples=500 | features=5-10
47047,Accidents_Prediction_Dataset,2.0,500.0,7.0,0.0,2,500,5-10,classes=2 | samples=500 | features=5-10
47048,Accidents_Prediction_Dataset,2.0,500.0,7.0,0.0,2,500,5-10,classes=2 | samples=500 | features=5-10
1153,AP_Colon_Ovary,2.0,484.0,10936.0,0.0,2,500,100+,classes=2 | samples=500 | features=100+
1100,PopularKids,3.0,478.0,11.0,0.0,3,500,10-20,classes=3 | samples=500 | features=10-20
40665,clean1,2.0,476.0,169.0,0.0,2,500,100+,classes=2 | samples=500 | features=100+
767,analcatdata_apnea1,2.0,475.0,4.0,0.0,2,500,3-5,classes=2 | samples=500 | features=3-5
765,analcatdata_apnea2,2.0,475.0,4.0,0.0,2,500,3-5,classes=2 | samples=500 | features=3-5
46595,Thoracic_Surgery_Data,2.0,470.0,17.0,0.0,2,500,10-20,classes=2 | samples=500 | features=10-20
4329,thoracic_surgery,2.0,470.0,17.0,0.0,2,500,10-20,classes=2 | samples=500 | features=10-20
1506,thoracic-surgery,2.0,470.0,17.0,0.0,2,500,10-20,classes=2 | samples=500 | features=10-20
1150,AP_Breast_Lung,2.0,470.0,10936.0,0.0,2,500,100+,classes=2 | samples=500 | features=100+
814,chscase_vine2,2.0,468.0,3.0,0.0,2,500,3-5,classes=2 | samples=500 | features=3-5
1148,AP_Breast_Uterus,2.0,468.0,10937.0,0.0,2,500,100+,classes=2 | samples=500 | features=100+
724,analcatdata_vineyard,2.0,468.0,4.0,0.0,2,500,3-5,classes=2 | samples=500 | features=3-5
1498,sa-heart,2.0,462.0,10.0,0.0,2,500,5-10,classes=2 | samples=500 | features=5-10
1149,AP_Ovary_Kidney,2.0,458.0,10936.0,0.0,2,500,100+,classes=2 | samples=500 | features=100+
1065,kc3,2.0,458.0,40.0,0.0,2,500,40-60,classes=2 | samples=500 | features=40-60
764,analcatdata_apnea3,2.0,450.0,4.0,0.0,2,500,3-5,classes=2 | samples=500 | features=3-5
1511,wholesale-customers,2.0,440.0,9.0,0.0,2,500,5-10,classes=2 | samples=500 | features=5-10
1127,AP_Breast_Omentum,2.0,421.0,10936.0,0.0,2,500,100+,classes=2 | samples=500 | features=100+
1122,AP_Breast_Prostate,2.0,413.0,10936.0,0.0,2,500,100+,classes=2 | samples=500 | features=100+
1126,AP_Colon_Lung,2.0,412.0,10936.0,0.0,2,500,100+,classes=2 | samples=500 | features=100+
1160,AP_Colon_Uterus,2.0,410.0,10936.0,0.0,2,500,100+,classes=2 | samples=500 | features=100+
1123,AP_Endometrium_Breast,2.0,405.0,10936.0,0.0,2,500,100+,classes=2 | samples=500 | features=100+
1508,user-knowledge,5.0,403.0,6.0,0.0,5,500,5-10,classes=5 | samples=500 | features=5-10
1551,autoUniv-au6-400,8.0,400.0,41.0,0.0,7-8,500,40-60,classes=7-8 | samples=500 | features=40-60
900,chscase_census6,2.0,400.0,7.0,0.0,2,500,5-10,classes=2 | samples=500 | features=5-10
1025,analcatdata_germangss,2.0,400.0,6.0,0.0,2,500,5-10,classes=2 | samples=500 | features=5-10
909,chscase_census2,2.0,400.0,8.0,0.0,2,500,5-10,classes=2 | samples=500 | features=5-10
906,chscase_census5,2.0,400.0,8.0,0.0,2,500,5-10,classes=2 | samples=500 | features=5-10
908,chscase_census3,2.0,400.0,8.0,0.0,2,500,5-10,classes=2 | samples=500 | features=5-10
41083,Olivetti_Faces,40.0,400.0,4097.0,0.0,15+,500,100+,classes=15+ | samples=500 | features=100+
907,chscase_census4,2.0,400.0,8.0,0.0,2,500,5-10,classes=2 | samples=500 | features=5-10
40700,cars1,3.0,392.0,8.0,0.0,3,500,5-10,classes=3 | samples=500 | features=5-10
1163,AP_Lung_Kidney,2.0,386.0,10936.0,0.0,2,500,100+,classes=2 | samples=500 | features=100+
1129,AP_Uterus_Kidney,2.0,384.0,10936.0,0.0,2,500,100+,classes=2 | samples=500 | features=100+
46847,differentiated_thyroid_cancer_recurrence,2.0,383.0,17.0,0.0,2,500,10-20,classes=2 | samples=500 | features=10-20
46605,differentiated_thyroid_cancer_recurrence,2.0,383.0,17.0,0.0,2,500,10-20,classes=2 | samples=500 | features=10-20
4340,Engine1,3.0,383.0,6.0,0.0,3,500,5-10,classes=3 | samples=500 | features=5-10
46848,differentiated_thyroid_cancer_recurrence,2.0,383.0,17.0,0.0,2,500,10-20,classes=2 | samples=500 | features=10-20
860,vinnie,2.0,380.0,3.0,0.0,2,500,3-5,classes=2 | samples=500 | features=3-5
1048,jEdit_4.2_4.3,2.0,369.0,9.0,0.0,2,500,5-10,classes=2 | samples=500 | features=5-10
1143,AP_Colon_Omentum,2.0,363.0,10936.0,0.0,2,500,100+,classes=2 | samples=500 | features=100+
1135,AP_Colon_Prostate,2.0,355.0,10936.0,0.0,2,500,100+,classes=2 | samples=500 | features=100+
337,SPECTF,2.0,349.0,45.0,0.0,2,500,40-60,classes=2 | samples=500 | features=40-60
1133,AP_Endometrium_Colon,2.0,347.0,10936.0,0.0,2,500,100+,classes=2 | samples=500 | features=100+
1482,leaf,30.0,340.0,16.0,0.0,15+,500,10-20,classes=15+ | samples=500 | features=10-20
1147,AP_Omentum_Kidney,2.0,337.0,10936.0,0.0,2,500,100+,classes=2 | samples=500 | features=100+
46614,Ecoli,8.0,336.0,8.0,0.0,7-8,500,5-10,classes=7-8 | samples=500 | features=5-10
39,ecoli,8.0,336.0,8.0,0.0,7-8,500,5-10,classes=7-8 | samples=500 | features=5-10
1011,ecoli,2.0,336.0,8.0,0.0,2,500,5-10,classes=2 | samples=500 | features=5-10
1144,AP_Prostate_Kidney,2.0,329.0,10936.0,0.0,2,500,100+,classes=2 | samples=500 | features=100+
40671,ecoli,5.0,327.0,8.0,0.0,5,500,5-10,classes=5 | samples=500 | features=5-10
1140,AP_Ovary_Lung,2.0,324.0,10937.0,0.0,2,500,100+,classes=2 | samples=500 | features=100+
925,visualizing_galaxy,2.0,323.0,5.0,0.0,2,500,3-5,classes=2 | samples=500 | features=3-5
1162,AP_Ovary_Uterus,2.0,322.0,10936.0,0.0,2,500,100+,classes=2 | samples=500 | features=100+
1157,AP_Endometrium_Kidney,2.0,321.0,10936.0,0.0,2,500,100+,classes=2 | samples=500 | features=100+
1167,pc1_req,2.0,320.0,9.0,0.0,2,500,5-10,classes=2 | samples=500 | features=5-10
41973,semeion,2.0,319.0,257.0,0.0,2,500,100+,classes=2 | samples=500 | features=100+
915,plasma_retinol,2.0,315.0,14.0,0.0,2,500,10-20,classes=2 | samples=500 | features=10-20
40686,solar-flare,5.0,315.0,13.0,0.0,5,500,10-20,classes=5 | samples=500 | features=10-20
397,tr12.wc,8.0,313.0,5805.0,0.0,7-8,500,100+,classes=7-8 | samples=500 | features=100+
1524,vertebra-column,2.0,310.0,7.0,0.0,2,500,5-10,classes=2 | samples=500 | features=5-10
1523,vertebra-column,3.0,310.0,7.0,0.0,3,500,5-10,classes=3 | samples=500 | features=5-10
818,diggle_table_a2,2.0,310.0,9.0,0.0,2,500,5-10,classes=2 | samples=500 | features=5-10
43,haberman,2.0,306.0,4.0,0.0,2,500,3-5,classes=2 | samples=500 | features=3-5
40710,cleve,2.0,303.0,14.0,0.0,2,500,10-20,classes=2 | samples=500 | features=10-20
40711,cleveland-nominal,5.0,303.0,8.0,0.0,5,500,5-10,classes=5 | samples=500 | features=5-10
