timestamp,dataset,metric,basis_x,combo_x,n_x,mean_x,basis_y,combo_y,n_y,mean_y,n_paired,seed_mismatch,mean_diff_x_minus_y,wilcoxon_stat,wilcoxon_p,wilcoxon_effect_r,nadeau_bengio_t,nadeau_bengio_p,wilcoxon_p_holm,significativo_apos_correcao
2026-08-30T05:50:08.678729+00:00,breast_cancer,f1,attention,k=20,30,0.9720383612255595,cauchy,"epsilon=1.0,k=20",30,0.9720383612255595,30,30,0.0,,,,,,,False
2026-08-30T05:50:08.711652+00:00,breast_cancer,f1,attention,k=20,30,0.9720383612255595,cosine,"h=5.0,k=5",30,0.9736054803809141,30,30,-0.0015671191553544462,77.0,0.7107910548654068,0.0873969572840484,-0.2121722556860748,0.8334568869561028,1.0,False
2026-08-30T05:50:08.740744+00:00,breast_cancer,f1,attention,k=20,30,0.9720383612255595,cubic_spline,"h=5.0,k=15",30,0.9744985462980548,30,30,-0.002460185072495265,24.0,0.23713999549699472,0.3412618163949677,-0.35603380785114924,0.7243923427986814,1.0,False
2026-08-30T05:50:08.770653+00:00,breast_cancer,f1,attention,k=20,30,0.9720383612255595,entropic,"beta=1.0,k=20",30,0.974211975259383,30,30,-0.002173614033823375,113.0,0.930645889586555,0.018991990677262517,-0.28014527872319744,0.7813547475653104,1.0,False
2026-08-30T05:50:08.803849+00:00,breast_cancer,f1,attention,k=20,30,0.9720383612255595,gen_exponential,"epsilon=1.0,k=10,p=2.0",30,0.974211975259383,30,30,-0.002173614033823375,113.0,0.930645889586555,0.018991990677262517,-0.28014527872319744,0.7813547475653104,1.0,False
2026-08-30T05:50:08.834033+00:00,breast_cancer,f1,attention,k=20,30,0.9720383612255595,harmonic,"k=20,nu=1.0",30,0.9720383612255595,30,30,0.0,,,,,,,False
2026-08-30T05:50:08.865519+00:00,breast_cancer,f1,attention,k=20,30,0.9720383612255595,inverse_multiquadratic,"c=0.01,k=5",30,0.9716949725880534,30,30,0.0003433886375062885,50.0,0.3514148032160821,0.2329621359447058,0.05075984417299058,0.9598649068446679,1.0,False
2026-08-30T05:50:08.914504+00:00,breast_cancer,f1,attention,k=20,30,0.9720383612255595,laplacian,"epsilon=1.0,k=20",30,0.9720383612255595,30,30,0.0,,,,,,,False
2026-08-30T05:50:08.956485+00:00,breast_cancer,f1,attention,k=20,30,0.9720383612255595,logarithmic,"c=0.01,k=5",30,0.9716949725880534,30,30,0.0003433886375062885,50.0,0.3514148032160821,0.2329621359447058,0.05075984417299058,0.9598649068446679,1.0,False
2026-08-30T05:50:08.996362+00:00,breast_cancer,f1,attention,k=20,30,0.9720383612255595,lorentzian,k=10,30,0.9726071366137166,30,30,-0.0005687753881571019,70.5,0.7745990565730259,0.06945356290723448,-0.08686414997310968,0.9313765084948202,1.0,False
2026-08-30T05:50:09.031770+00:00,breast_cancer,f1,attention,k=20,30,0.9720383612255595,multiquadratic,"c=0.1,k=5",30,0.9716949725880534,30,30,0.0003433886375062885,50.0,0.3514148032160821,0.2329621359447058,0.05075984417299058,0.9598649068446679,1.0,False
2026-08-30T05:50:09.061473+00:00,breast_cancer,f1,attention,k=20,30,0.9720383612255595,quartic_spline,"h=5.0,k=15",30,0.9744985462980548,30,30,-0.002460185072495265,24.0,0.23713999549699472,0.3412618163949677,-0.35603380785114924,0.7243923427986814,1.0,False
2026-08-30T05:50:09.091215+00:00,breast_cancer,f1,attention,k=20,30,0.9720383612255595,radial,"k=5,z=4.0",30,0.9716949725880534,30,30,0.0003433886375062885,50.0,0.3514148032160821,0.2329621359447058,0.05075984417299058,0.9598649068446679,1.0,False
2026-08-30T05:50:09.123724+00:00,breast_cancer,f1,attention,k=20,30,0.9720383612255595,rational_quadratic,"alpha=2.0,k=20,l=0.1",30,0.97282019190655,30,30,-0.0007818306809903512,7.0,0.2333557002508232,0.45044261646145095,-0.2175738817156336,0.8292847589150014,1.0,False
2026-08-30T05:50:09.154538+00:00,breast_cancer,f1,attention,k=20,30,0.9720383612255595,rbf_gaussian,"epsilon=1.0,k=10",30,0.974211975259383,30,30,-0.002173614033823375,113.0,0.930645889586555,0.018991990677262517,-0.28014527872319744,0.7813547475653104,1.0,False
2026-08-30T05:50:09.180846+00:00,breast_cancer,f1,attention,k=20,30,0.9720383612255595,shepard,"k=20,z=4.0",30,0.97282019190655,30,30,-0.0007818306809903512,7.0,0.2333557002508232,0.45044261646145095,-0.2175738817156336,0.8292847589150014,1.0,False
2026-08-30T05:50:09.208513+00:00,breast_cancer,f1,attention,k=20,30,0.9720383612255595,sigmoidal,"alpha=5.0,c=2.0,k=10",30,0.9748706046521174,30,30,-0.0028322434265577383,93.5,0.6667845694431387,0.09627729940612009,-0.3700220320637066,0.7140547618580164,1.0,False
2026-08-30T05:50:09.237172+00:00,breast_cancer,f1,attention,k=20,30,0.9720383612255595,softmax_radial,"beta=1.0,k=20",30,0.9720383612255595,30,30,0.0,,,,,,,False
2026-08-30T05:50:09.264837+00:00,breast_cancer,f1,attention,k=20,30,0.9720383612255595,student_t,"k=20,nu=1.0",30,0.9720383612255595,30,30,0.0,,,,,,,False
2026-08-30T05:50:09.292490+00:00,breast_cancer,f1,attention,k=20,30,0.9720383612255595,wendland_c2,"h=5.0,k=15",30,0.9738449515268129,30,30,-0.0018065903012534376,22.0,0.3254212647066508,0.29649972666444036,-0.26564774322330154,0.7923899363999025,1.0,False
2026-08-30T05:50:09.318119+00:00,breast_cancer,f1,cauchy,"epsilon=1.0,k=20",30,0.9720383612255595,cosine,"h=5.0,k=5",30,0.9736054803809141,30,30,-0.0015671191553544462,77.0,0.7107910548654068,0.0873969572840484,-0.2121722556860748,0.8334568869561028,1.0,False
2026-08-30T05:50:09.343372+00:00,breast_cancer,f1,cauchy,"epsilon=1.0,k=20",30,0.9720383612255595,cubic_spline,"h=5.0,k=15",30,0.9744985462980548,30,30,-0.002460185072495265,24.0,0.23713999549699472,0.3412618163949677,-0.35603380785114924,0.7243923427986814,1.0,False
2026-08-30T05:50:09.368211+00:00,breast_cancer,f1,cauchy,"epsilon=1.0,k=20",30,0.9720383612255595,entropic,"beta=1.0,k=20",30,0.974211975259383,30,30,-0.002173614033823375,113.0,0.930645889586555,0.018991990677262517,-0.28014527872319744,0.7813547475653104,1.0,False
2026-08-30T05:50:09.395496+00:00,breast_cancer,f1,cauchy,"epsilon=1.0,k=20",30,0.9720383612255595,gen_exponential,"epsilon=1.0,k=10,p=2.0",30,0.974211975259383,30,30,-0.002173614033823375,113.0,0.930645889586555,0.018991990677262517,-0.28014527872319744,0.7813547475653104,1.0,False
2026-08-30T05:50:09.419766+00:00,breast_cancer,f1,cauchy,"epsilon=1.0,k=20",30,0.9720383612255595,harmonic,"k=20,nu=1.0",30,0.9720383612255595,30,30,0.0,,,,,,,False
2026-08-30T05:50:09.449692+00:00,breast_cancer,f1,cauchy,"epsilon=1.0,k=20",30,0.9720383612255595,inverse_multiquadratic,"c=0.01,k=5",30,0.9716949725880534,30,30,0.0003433886375062885,50.0,0.3514148032160821,0.2329621359447058,0.05075984417299058,0.9598649068446679,1.0,False
2026-08-30T05:50:09.475087+00:00,breast_cancer,f1,cauchy,"epsilon=1.0,k=20",30,0.9720383612255595,laplacian,"epsilon=1.0,k=20",30,0.9720383612255595,30,30,0.0,,,,,,,False
2026-08-30T05:50:09.500514+00:00,breast_cancer,f1,cauchy,"epsilon=1.0,k=20",30,0.9720383612255595,logarithmic,"c=0.01,k=5",30,0.9716949725880534,30,30,0.0003433886375062885,50.0,0.3514148032160821,0.2329621359447058,0.05075984417299058,0.9598649068446679,1.0,False
2026-08-30T05:50:09.526637+00:00,breast_cancer,f1,cauchy,"epsilon=1.0,k=20",30,0.9720383612255595,lorentzian,k=10,30,0.9726071366137166,30,30,-0.0005687753881571019,70.5,0.7745990565730259,0.06945356290723448,-0.08686414997310968,0.9313765084948202,1.0,False
2026-08-30T05:50:09.551754+00:00,breast_cancer,f1,cauchy,"epsilon=1.0,k=20",30,0.9720383612255595,multiquadratic,"c=0.1,k=5",30,0.9716949725880534,30,30,0.0003433886375062885,50.0,0.3514148032160821,0.2329621359447058,0.05075984417299058,0.9598649068446679,1.0,False
2026-08-30T05:50:09.577600+00:00,breast_cancer,f1,cauchy,"epsilon=1.0,k=20",30,0.9720383612255595,quartic_spline,"h=5.0,k=15",30,0.9744985462980548,30,30,-0.002460185072495265,24.0,0.23713999549699472,0.3412618163949677,-0.35603380785114924,0.7243923427986814,1.0,False
2026-08-30T05:50:09.605282+00:00,breast_cancer,f1,cauchy,"epsilon=1.0,k=20",30,0.9720383612255595,radial,"k=5,z=4.0",30,0.9716949725880534,30,30,0.0003433886375062885,50.0,0.3514148032160821,0.2329621359447058,0.05075984417299058,0.9598649068446679,1.0,False
2026-08-30T05:50:09.631757+00:00,breast_cancer,f1,cauchy,"epsilon=1.0,k=20",30,0.9720383612255595,rational_quadratic,"alpha=2.0,k=20,l=0.1",30,0.97282019190655,30,30,-0.0007818306809903512,7.0,0.2333557002508232,0.45044261646145095,-0.2175738817156336,0.8292847589150014,1.0,False
2026-08-30T05:50:09.659094+00:00,breast_cancer,f1,cauchy,"epsilon=1.0,k=20",30,0.9720383612255595,rbf_gaussian,"epsilon=1.0,k=10",30,0.974211975259383,30,30,-0.002173614033823375,113.0,0.930645889586555,0.018991990677262517,-0.28014527872319744,0.7813547475653104,1.0,False
2026-08-30T05:50:09.684924+00:00,breast_cancer,f1,cauchy,"epsilon=1.0,k=20",30,0.9720383612255595,shepard,"k=20,z=4.0",30,0.97282019190655,30,30,-0.0007818306809903512,7.0,0.2333557002508232,0.45044261646145095,-0.2175738817156336,0.8292847589150014,1.0,False
2026-08-30T05:50:09.713333+00:00,breast_cancer,f1,cauchy,"epsilon=1.0,k=20",30,0.9720383612255595,sigmoidal,"alpha=5.0,c=2.0,k=10",30,0.9748706046521174,30,30,-0.0028322434265577383,93.5,0.6667845694431387,0.09627729940612009,-0.3700220320637066,0.7140547618580164,1.0,False
2026-08-30T05:50:09.738627+00:00,breast_cancer,f1,cauchy,"epsilon=1.0,k=20",30,0.9720383612255595,softmax_radial,"beta=1.0,k=20",30,0.9720383612255595,30,30,0.0,,,,,,,False
2026-08-30T05:50:09.764332+00:00,breast_cancer,f1,cauchy,"epsilon=1.0,k=20",30,0.9720383612255595,student_t,"k=20,nu=1.0",30,0.9720383612255595,30,30,0.0,,,,,,,False
2026-08-30T05:50:09.791385+00:00,breast_cancer,f1,cauchy,"epsilon=1.0,k=20",30,0.9720383612255595,wendland_c2,"h=5.0,k=15",30,0.9738449515268129,30,30,-0.0018065903012534376,22.0,0.3254212647066508,0.29649972666444036,-0.26564774322330154,0.7923899363999025,1.0,False
2026-08-30T05:50:09.818400+00:00,breast_cancer,f1,cosine,"h=5.0,k=5",30,0.9736054803809141,cubic_spline,"h=5.0,k=15",30,0.9744985462980548,30,30,-0.0008930659171408191,31.5,0.32698934959801507,0.271857473083216,-0.14261704884281753,0.8875789114206891,1.0,False
2026-08-30T05:50:09.845060+00:00,breast_cancer,f1,cosine,"h=5.0,k=5",30,0.9736054803809141,entropic,"beta=1.0,k=20",30,0.974211975259383,30,30,-0.0006064948784689291,94.0,0.9678479664608032,0.009247177007686371,-0.08480754557748944,0.9329971714721226,1.0,False
2026-08-30T05:50:09.871295+00:00,breast_cancer,f1,cosine,"h=5.0,k=5",30,0.9736054803809141,gen_exponential,"epsilon=1.0,k=10,p=2.0",30,0.974211975259383,30,30,-0.0006064948784689291,94.0,0.9678479664608032,0.009247177007686371,-0.08480754557748944,0.9329971714721226,1.0,False
2026-08-30T05:50:09.898482+00:00,breast_cancer,f1,cosine,"h=5.0,k=5",30,0.9736054803809141,harmonic,"k=20,nu=1.0",30,0.9720383612255595,30,30,0.0015671191553544462,77.0,0.7107910548654068,0.0873969572840484,0.2121722556860748,0.8334568869561028,1.0,False
2026-08-30T05:50:09.925099+00:00,breast_cancer,f1,cosine,"h=5.0,k=5",30,0.9736054803809141,inverse_multiquadratic,"c=0.01,k=5",30,0.9716949725880534,30,30,0.0019105077928607346,0.0,0.10247043485974937,0.9428090415820637,0.8621506652160752,0.3956781562896565,1.0,False
2026-08-30T05:50:09.957029+00:00,breast_cancer,f1,cosine,"h=5.0,k=5",30,0.9736054803809141,laplacian,"epsilon=1.0,k=20",30,0.9720383612255595,30,30,0.0015671191553544462,77.0,0.7107910548654068,0.0873969572840484,0.2121722556860748,0.8334568869561028,1.0,False
2026-08-30T05:50:09.982539+00:00,breast_cancer,f1,cosine,"h=5.0,k=5",30,0.9736054803809141,logarithmic,"c=0.01,k=5",30,0.9716949725880534,30,30,0.0019105077928607346,0.0,0.10247043485974937,0.9428090415820637,0.8621506652160752,0.3956781562896565,1.0,False
2026-08-30T05:50:10.008775+00:00,breast_cancer,f1,cosine,"h=5.0,k=5",30,0.9736054803809141,lorentzian,k=10,30,0.9726071366137166,30,30,0.0009983437671973441,38.5,0.9686883325827624,0.011331490227483438,0.1645964280842117,0.8704035695689725,1.0,False
2026-08-30T05:50:10.035141+00:00,breast_cancer,f1,cosine,"h=5.0,k=5",30,0.9736054803809141,multiquadratic,"c=0.1,k=5",30,0.9716949725880534,30,30,0.0019105077928607346,0.0,0.10247043485974937,0.9428090415820637,0.8621506652160752,0.3956781562896565,1.0,False
2026-08-30T05:50:10.062241+00:00,breast_cancer,f1,cosine,"h=5.0,k=5",30,0.9736054803809141,quartic_spline,"h=5.0,k=15",30,0.9744985462980548,30,30,-0.0008930659171408191,31.5,0.32698934959801507,0.271857473083216,-0.14261704884281753,0.8875789114206891,1.0,False
2026-08-30T05:50:10.089556+00:00,breast_cancer,f1,cosine,"h=5.0,k=5",30,0.9736054803809141,radial,"k=5,z=4.0",30,0.9716949725880534,30,30,0.0019105077928607346,0.0,0.10247043485974937,0.9428090415820637,0.8621506652160752,0.3956781562896565,1.0,False
2026-08-30T05:50:10.116382+00:00,breast_cancer,f1,cosine,"h=5.0,k=5",30,0.9736054803809141,rational_quadratic,"alpha=2.0,k=20,l=0.1",30,0.97282019190655,30,30,0.000785288474364095,108.5,0.5578197635302469,0.12495330790710751,0.0957524771422608,0.9243757855377006,1.0,False
2026-08-30T05:50:10.142970+00:00,breast_cancer,f1,cosine,"h=5.0,k=5",30,0.9736054803809141,rbf_gaussian,"epsilon=1.0,k=10",30,0.974211975259383,30,30,-0.0006064948784689291,94.0,0.9678479664608032,0.009247177007686371,-0.08480754557748944,0.9329971714721226,1.0,False
2026-08-30T05:50:10.169309+00:00,breast_cancer,f1,cosine,"h=5.0,k=5",30,0.9736054803809141,shepard,"k=20,z=4.0",30,0.97282019190655,30,30,0.000785288474364095,108.5,0.5578197635302469,0.12495330790710751,0.0957524771422608,0.9243757855377006,1.0,False
2026-08-30T05:50:10.197862+00:00,breast_cancer,f1,cosine,"h=5.0,k=5",30,0.9736054803809141,sigmoidal,"alpha=5.0,c=2.0,k=10",30,0.9748706046521174,30,30,-0.001265124271203292,83.5,0.6430473956182605,0.10632094538705683,-0.20265654613703174,0.8408186128823634,1.0,False
2026-08-30T05:50:10.224207+00:00,breast_cancer,f1,cosine,"h=5.0,k=5",30,0.9736054803809141,softmax_radial,"beta=1.0,k=20",30,0.9720383612255595,30,30,0.0015671191553544462,77.0,0.7107910548654068,0.0873969572840484,0.2121722556860748,0.8334568869561028,1.0,False
2026-08-30T05:50:10.249676+00:00,breast_cancer,f1,cosine,"h=5.0,k=5",30,0.9736054803809141,student_t,"k=20,nu=1.0",30,0.9720383612255595,30,30,0.0015671191553544462,77.0,0.7107910548654068,0.0873969572840484,0.2121722556860748,0.8334568869561028,1.0,False
2026-08-30T05:50:10.277161+00:00,breast_cancer,f1,cosine,"h=5.0,k=5",30,0.9736054803809141,wendland_c2,"h=5.0,k=15",30,0.9738449515268129,30,30,-0.0002394711458989914,40.0,0.43160312336014905,0.21018795844474022,-0.037291011256672266,0.9705084954451679,1.0,False
2026-08-30T05:50:10.304655+00:00,breast_cancer,f1,cubic_spline,"h=5.0,k=15",30,0.9744985462980548,entropic,"beta=1.0,k=20",30,0.974211975259383,30,30,0.00028657103867189,68.0,0.6865343870992844,0.09787830927390027,0.03926607618800302,0.968947329562081,1.0,False
2026-08-30T05:50:10.331646+00:00,breast_cancer,f1,cubic_spline,"h=5.0,k=15",30,0.9744985462980548,gen_exponential,"epsilon=1.0,k=10,p=2.0",30,0.974211975259383,30,30,0.00028657103867189,68.0,0.6865343870992844,0.09787830927390027,0.03926607618800302,0.968947329562081,1.0,False
2026-08-30T05:50:10.359304+00:00,breast_cancer,f1,cubic_spline,"h=5.0,k=15",30,0.9744985462980548,harmonic,"k=20,nu=1.0",30,0.9720383612255595,30,30,0.002460185072495265,24.0,0.23713999549699472,0.3412618163949677,0.35603380785114924,0.7243923427986814,1.0,False
2026-08-30T05:50:10.386196+00:00,breast_cancer,f1,cubic_spline,"h=5.0,k=15",30,0.9744985462980548,inverse_multiquadratic,"c=0.01,k=5",30,0.9716949725880534,30,30,0.002803573710001554,33.5,0.13183043236050992,0.38908580814619986,0.40766258260901195,0.6865153519687179,1.0,False
2026-08-30T05:50:10.414305+00:00,breast_cancer,f1,cubic_spline,"h=5.0,k=15",30,0.9744985462980548,laplacian,"epsilon=1.0,k=20",30,0.9720383612255595,30,30,0.002460185072495265,24.0,0.23713999549699472,0.3412618163949677,0.35603380785114924,0.7243923427986814,1.0,False
2026-08-30T05:50:10.441764+00:00,breast_cancer,f1,cubic_spline,"h=5.0,k=15",30,0.9744985462980548,logarithmic,"c=0.01,k=5",30,0.9716949725880534,30,30,0.002803573710001554,33.5,0.13183043236050992,0.38908580814619986,0.40766258260901195,0.6865153519687179,1.0,False
2026-08-30T05:50:10.468497+00:00,breast_cancer,f1,cubic_spline,"h=5.0,k=15",30,0.9744985462980548,lorentzian,k=10,30,0.9726071366137166,30,30,0.0018914096843381633,46.0,0.42578088400579206,0.20563790297830808,0.30995229707649635,0.7588136850088663,1.0,False
2026-08-30T05:50:10.495896+00:00,breast_cancer,f1,cubic_spline,"h=5.0,k=15",30,0.9744985462980548,multiquadratic,"c=0.1,k=5",30,0.9716949725880534,30,30,0.002803573710001554,33.5,0.13183043236050992,0.38908580814619986,0.40766258260901195,0.6865153519687179,1.0,False
2026-08-30T05:50:10.522516+00:00,breast_cancer,f1,cubic_spline,"h=5.0,k=15",30,0.9744985462980548,quartic_spline,"h=5.0,k=15",30,0.9744985462980548,30,30,0.0,,,,,,,False
2026-08-30T05:50:10.551015+00:00,breast_cancer,f1,cubic_spline,"h=5.0,k=15",30,0.9744985462980548,radial,"k=5,z=4.0",30,0.9716949725880534,30,30,0.002803573710001554,33.5,0.13183043236050992,0.38908580814619986,0.40766258260901195,0.6865153519687179,1.0,False
2026-08-30T05:50:10.579427+00:00,breast_cancer,f1,cubic_spline,"h=5.0,k=15",30,0.9744985462980548,rational_quadratic,"alpha=2.0,k=20,l=0.1",30,0.97282019190655,30,30,0.0016783543915049142,67.5,0.6683235265193914,0.1039143892824762,0.21503939465244507,0.831241732514201,1.0,False
2026-08-30T05:50:10.605944+00:00,breast_cancer,f1,cubic_spline,"h=5.0,k=15",30,0.9744985462980548,rbf_gaussian,"epsilon=1.0,k=10",30,0.974211975259383,30,30,0.00028657103867189,68.0,0.6865343870992844,0.09787830927390027,0.03926607618800302,0.968947329562081,1.0,False
2026-08-30T05:50:10.632521+00:00,breast_cancer,f1,cubic_spline,"h=5.0,k=15",30,0.9744985462980548,shepard,"k=20,z=4.0",30,0.97282019190655,30,30,0.0016783543915049142,67.5,0.6683235265193914,0.1039143892824762,0.21503939465244507,0.831241732514201,1.0,False
2026-08-30T05:50:10.659162+00:00,breast_cancer,f1,cubic_spline,"h=5.0,k=15",30,0.9744985462980548,sigmoidal,"alpha=5.0,c=2.0,k=10",30,0.9748706046521174,30,30,-0.00037205835406247295,64.5,0.856025312107952,0.04535901648203661,-0.05152830514897385,0.9592578475173834,1.0,False
2026-08-30T05:50:10.686088+00:00,breast_cancer,f1,cubic_spline,"h=5.0,k=15",30,0.9744985462980548,softmax_radial,"beta=1.0,k=20",30,0.9720383612255595,30,30,0.002460185072495265,24.0,0.23713999549699472,0.3412618163949677,0.35603380785114924,0.7243923427986814,1.0,False
2026-08-30T05:50:10.712547+00:00,breast_cancer,f1,cubic_spline,"h=5.0,k=15",30,0.9744985462980548,student_t,"k=20,nu=1.0",30,0.9720383612255595,30,30,0.002460185072495265,24.0,0.23713999549699472,0.3412618163949677,0.35603380785114924,0.7243923427986814,1.0,False
2026-08-30T05:50:10.738684+00:00,breast_cancer,f1,cubic_spline,"h=5.0,k=15",30,0.9744985462980548,wendland_c2,"h=5.0,k=15",30,0.9738449515268129,30,30,0.0006535947712418277,0.0,0.31731050786291415,1.0,0.48038446141526137,0.6345580711906083,1.0,False
2026-08-30T05:50:10.763311+00:00,breast_cancer,f1,entropic,"beta=1.0,k=20",30,0.974211975259383,gen_exponential,"epsilon=1.0,k=10,p=2.0",30,0.974211975259383,30,30,0.0,,,,,,,False
2026-08-30T05:50:10.789583+00:00,breast_cancer,f1,entropic,"beta=1.0,k=20",30,0.974211975259383,harmonic,"k=20,nu=1.0",30,0.9720383612255595,30,30,0.002173614033823375,113.0,0.930645889586555,0.018991990677262517,0.28014527872319744,0.7813547475653104,1.0,False
2026-08-30T05:50:10.822792+00:00,breast_cancer,f1,entropic,"beta=1.0,k=20",30,0.974211975259383,inverse_multiquadratic,"c=0.01,k=5",30,0.9716949725880534,30,30,0.0025170026713296637,90.0,0.5750196507711973,0.12537056494235152,0.33767823901866056,0.7380378455682846,1.0,False
2026-08-30T05:50:10.850195+00:00,breast_cancer,f1,entropic,"beta=1.0,k=20",30,0.974211975259383,laplacian,"epsilon=1.0,k=20",30,0.9720383612255595,30,30,0.002173614033823375,113.0,0.930645889586555,0.018991990677262517,0.28014527872319744,0.7813547475653104,1.0,False
2026-08-30T05:50:10.887411+00:00,breast_cancer,f1,entropic,"beta=1.0,k=20",30,0.974211975259383,logarithmic,"c=0.01,k=5",30,0.9716949725880534,30,30,0.0025170026713296637,90.0,0.5750196507711973,0.12537056494235152,0.33767823901866056,0.7380378455682846,1.0,False
2026-08-30T05:50:10.926415+00:00,breast_cancer,f1,entropic,"beta=1.0,k=20",30,0.974211975259383,lorentzian,k=10,30,0.9726071366137166,30,30,0.0016048386456662734,99.0,0.8222878614389566,0.05022283502721953,0.2530481474231993,0.8020162274176701,1.0,False
2026-08-30T05:50:10.969929+00:00,breast_cancer,f1,entropic,"beta=1.0,k=20",30,0.974211975259383,multiquadratic,"c=0.1,k=5",30,0.9716949725880534,30,30,0.0025170026713296637,90.0,0.5750196507711973,0.12537056494235152,0.33767823901866056,0.7380378455682846,1.0,False
2026-08-30T05:50:11.004119+00:00,breast_cancer,f1,entropic,"beta=1.0,k=20",30,0.974211975259383,quartic_spline,"h=5.0,k=15",30,0.9744985462980548,30,30,-0.00028657103867189,68.0,0.6865343870992844,0.09787830927390027,-0.03926607618800302,0.968947329562081,1.0,False
2026-08-30T05:50:11.038539+00:00,breast_cancer,f1,entropic,"beta=1.0,k=20",30,0.974211975259383,radial,"k=5,z=4.0",30,0.9716949725880534,30,30,0.0025170026713296637,90.0,0.5750196507711973,0.12537056494235152,0.33767823901866056,0.7380378455682846,1.0,False
2026-08-30T05:50:11.079349+00:00,breast_cancer,f1,entropic,"beta=1.0,k=20",30,0.974211975259383,rational_quadratic,"alpha=2.0,k=20,l=0.1",30,0.97282019190655,30,30,0.001391783352833024,82.0,0.8786937026028285,0.03597414901426851,0.20324778423315934,0.8403607734146998,1.0,False
2026-08-30T05:50:11.112875+00:00,breast_cancer,f1,entropic,"beta=1.0,k=20",30,0.974211975259383,rbf_gaussian,"epsilon=1.0,k=10",30,0.974211975259383,30,30,0.0,,,,,,,False
2026-08-30T05:50:11.146114+00:00,breast_cancer,f1,entropic,"beta=1.0,k=20",30,0.974211975259383,shepard,"k=20,z=4.0",30,0.97282019190655,30,30,0.001391783352833024,82.0,0.8786937026028285,0.03597414901426851,0.20324778423315934,0.8403607734146998,1.0,False
2026-08-30T05:50:11.177064+00:00,breast_cancer,f1,entropic,"beta=1.0,k=20",30,0.974211975259383,sigmoidal,"alpha=5.0,c=2.0,k=10",30,0.9748706046521174,30,30,-0.000658629392734363,6.0,0.6858304344516057,0.18090680674665813,-0.21677018700889306,0.829905202026541,1.0,False
2026-08-30T05:50:11.203925+00:00,breast_cancer,f1,entropic,"beta=1.0,k=20",30,0.974211975259383,softmax_radial,"beta=1.0,k=20",30,0.9720383612255595,30,30,0.002173614033823375,113.0,0.930645889586555,0.018991990677262517,0.28014527872319744,0.7813547475653104,1.0,False
2026-08-30T05:50:11.230045+00:00,breast_cancer,f1,entropic,"beta=1.0,k=20",30,0.974211975259383,student_t,"k=20,nu=1.0",30,0.9720383612255595,30,30,0.002173614033823375,113.0,0.930645889586555,0.018991990677262517,0.28014527872319744,0.7813547475653104,1.0,False
2026-08-30T05:50:11.259617+00:00,breast_cancer,f1,entropic,"beta=1.0,k=20",30,0.974211975259383,wendland_c2,"h=5.0,k=15",30,0.9738449515268129,30,30,0.0003670237325699377,72.5,0.849503874820974,0.04602149490058879,0.051300976004318585,0.9594374276191706,1.0,False
2026-08-30T05:50:11.291501+00:00,breast_cancer,f1,gen_exponential,"epsilon=1.0,k=10,p=2.0",30,0.974211975259383,harmonic,"k=20,nu=1.0",30,0.9720383612255595,30,30,0.002173614033823375,113.0,0.930645889586555,0.018991990677262517,0.28014527872319744,0.7813547475653104,1.0,False
2026-08-30T05:50:11.326736+00:00,breast_cancer,f1,gen_exponential,"epsilon=1.0,k=10,p=2.0",30,0.974211975259383,inverse_multiquadratic,"c=0.01,k=5",30,0.9716949725880534,30,30,0.0025170026713296637,90.0,0.5750196507711973,0.12537056494235152,0.33767823901866056,0.7380378455682846,1.0,False
2026-08-30T05:50:11.363044+00:00,breast_cancer,f1,gen_exponential,"epsilon=1.0,k=10,p=2.0",30,0.974211975259383,laplacian,"epsilon=1.0,k=20",30,0.9720383612255595,30,30,0.002173614033823375,113.0,0.930645889586555,0.018991990677262517,0.28014527872319744,0.7813547475653104,1.0,False
2026-08-30T05:50:11.395081+00:00,breast_cancer,f1,gen_exponential,"epsilon=1.0,k=10,p=2.0",30,0.974211975259383,logarithmic,"c=0.01,k=5",30,0.9716949725880534,30,30,0.0025170026713296637,90.0,0.5750196507711973,0.12537056494235152,0.33767823901866056,0.7380378455682846,1.0,False
2026-08-30T05:50:11.435323+00:00,breast_cancer,f1,gen_exponential,"epsilon=1.0,k=10,p=2.0",30,0.974211975259383,lorentzian,k=10,30,0.9726071366137166,30,30,0.0016048386456662734,99.0,0.8222878614389566,0.05022283502721953,0.2530481474231993,0.8020162274176701,1.0,False
2026-08-30T05:50:11.464042+00:00,breast_cancer,f1,gen_exponential,"epsilon=1.0,k=10,p=2.0",30,0.974211975259383,multiquadratic,"c=0.1,k=5",30,0.9716949725880534,30,30,0.0025170026713296637,90.0,0.5750196507711973,0.12537056494235152,0.33767823901866056,0.7380378455682846,1.0,False
2026-08-30T05:50:11.492986+00:00,breast_cancer,f1,gen_exponential,"epsilon=1.0,k=10,p=2.0",30,0.974211975259383,quartic_spline,"h=5.0,k=15",30,0.9744985462980548,30,30,-0.00028657103867189,68.0,0.6865343870992844,0.09787830927390027,-0.03926607618800302,0.968947329562081,1.0,False
2026-08-30T05:50:11.536281+00:00,breast_cancer,f1,gen_exponential,"epsilon=1.0,k=10,p=2.0",30,0.974211975259383,radial,"k=5,z=4.0",30,0.9716949725880534,30,30,0.0025170026713296637,90.0,0.5750196507711973,0.12537056494235152,0.33767823901866056,0.7380378455682846,1.0,False
2026-08-30T05:50:11.568904+00:00,breast_cancer,f1,gen_exponential,"epsilon=1.0,k=10,p=2.0",30,0.974211975259383,rational_quadratic,"alpha=2.0,k=20,l=0.1",30,0.97282019190655,30,30,0.001391783352833024,82.0,0.8786937026028285,0.03597414901426851,0.20324778423315934,0.8403607734146998,1.0,False
2026-08-30T05:50:11.598273+00:00,breast_cancer,f1,gen_exponential,"epsilon=1.0,k=10,p=2.0",30,0.974211975259383,rbf_gaussian,"epsilon=1.0,k=10",30,0.974211975259383,30,30,0.0,,,,,,,False
2026-08-30T05:50:11.630102+00:00,breast_cancer,f1,gen_exponential,"epsilon=1.0,k=10,p=2.0",30,0.974211975259383,shepard,"k=20,z=4.0",30,0.97282019190655,30,30,0.001391783352833024,82.0,0.8786937026028285,0.03597414901426851,0.20324778423315934,0.8403607734146998,1.0,False
2026-08-30T05:50:11.661582+00:00,breast_cancer,f1,gen_exponential,"epsilon=1.0,k=10,p=2.0",30,0.974211975259383,sigmoidal,"alpha=5.0,c=2.0,k=10",30,0.9748706046521174,30,30,-0.000658629392734363,6.0,0.6858304344516057,0.18090680674665813,-0.21677018700889306,0.829905202026541,1.0,False
2026-08-30T05:50:11.690914+00:00,breast_cancer,f1,gen_exponential,"epsilon=1.0,k=10,p=2.0",30,0.974211975259383,softmax_radial,"beta=1.0,k=20",30,0.9720383612255595,30,30,0.002173614033823375,113.0,0.930645889586555,0.018991990677262517,0.28014527872319744,0.7813547475653104,1.0,False
2026-08-30T05:50:11.722096+00:00,breast_cancer,f1,gen_exponential,"epsilon=1.0,k=10,p=2.0",30,0.974211975259383,student_t,"k=20,nu=1.0",30,0.9720383612255595,30,30,0.002173614033823375,113.0,0.930645889586555,0.018991990677262517,0.28014527872319744,0.7813547475653104,1.0,False
2026-08-30T05:50:11.751440+00:00,breast_cancer,f1,gen_exponential,"epsilon=1.0,k=10,p=2.0",30,0.974211975259383,wendland_c2,"h=5.0,k=15",30,0.9738449515268129,30,30,0.0003670237325699377,72.5,0.849503874820974,0.04602149490058879,0.051300976004318585,0.9594374276191706,1.0,False
2026-08-30T05:50:11.779926+00:00,breast_cancer,f1,harmonic,"k=20,nu=1.0",30,0.9720383612255595,inverse_multiquadratic,"c=0.01,k=5",30,0.9716949725880534,30,30,0.0003433886375062885,50.0,0.3514148032160821,0.2329621359447058,0.05075984417299058,0.9598649068446679,1.0,False
2026-08-30T05:50:11.806554+00:00,breast_cancer,f1,harmonic,"k=20,nu=1.0",30,0.9720383612255595,laplacian,"epsilon=1.0,k=20",30,0.9720383612255595,30,30,0.0,,,,,,,False
2026-08-30T05:50:11.834652+00:00,breast_cancer,f1,harmonic,"k=20,nu=1.0",30,0.9720383612255595,logarithmic,"c=0.01,k=5",30,0.9716949725880534,30,30,0.0003433886375062885,50.0,0.3514148032160821,0.2329621359447058,0.05075984417299058,0.9598649068446679,1.0,False
2026-08-30T05:50:11.862406+00:00,breast_cancer,f1,harmonic,"k=20,nu=1.0",30,0.9720383612255595,lorentzian,k=10,30,0.9726071366137166,30,30,-0.0005687753881571019,70.5,0.7745990565730259,0.06945356290723448,-0.08686414997310968,0.9313765084948202,1.0,False
2026-08-30T05:50:11.890044+00:00,breast_cancer,f1,harmonic,"k=20,nu=1.0",30,0.9720383612255595,multiquadratic,"c=0.1,k=5",30,0.9716949725880534,30,30,0.0003433886375062885,50.0,0.3514148032160821,0.2329621359447058,0.05075984417299058,0.9598649068446679,1.0,False
2026-08-30T05:50:11.918189+00:00,breast_cancer,f1,harmonic,"k=20,nu=1.0",30,0.9720383612255595,quartic_spline,"h=5.0,k=15",30,0.9744985462980548,30,30,-0.002460185072495265,24.0,0.23713999549699472,0.3412618163949677,-0.35603380785114924,0.7243923427986814,1.0,False
2026-08-30T05:50:11.946098+00:00,breast_cancer,f1,harmonic,"k=20,nu=1.0",30,0.9720383612255595,radial,"k=5,z=4.0",30,0.9716949725880534,30,30,0.0003433886375062885,50.0,0.3514148032160821,0.2329621359447058,0.05075984417299058,0.9598649068446679,1.0,False
2026-08-30T05:50:11.974206+00:00,breast_cancer,f1,harmonic,"k=20,nu=1.0",30,0.9720383612255595,rational_quadratic,"alpha=2.0,k=20,l=0.1",30,0.97282019190655,30,30,-0.0007818306809903512,7.0,0.2333557002508232,0.45044261646145095,-0.2175738817156336,0.8292847589150014,1.0,False
2026-08-30T05:50:12.002956+00:00,breast_cancer,f1,harmonic,"k=20,nu=1.0",30,0.9720383612255595,rbf_gaussian,"epsilon=1.0,k=10",30,0.974211975259383,30,30,-0.002173614033823375,113.0,0.930645889586555,0.018991990677262517,-0.28014527872319744,0.7813547475653104,1.0,False
2026-08-30T05:50:12.034071+00:00,breast_cancer,f1,harmonic,"k=20,nu=1.0",30,0.9720383612255595,shepard,"k=20,z=4.0",30,0.97282019190655,30,30,-0.0007818306809903512,7.0,0.2333557002508232,0.45044261646145095,-0.2175738817156336,0.8292847589150014,1.0,False
2026-08-30T05:50:12.065377+00:00,breast_cancer,f1,harmonic,"k=20,nu=1.0",30,0.9720383612255595,sigmoidal,"alpha=5.0,c=2.0,k=10",30,0.9748706046521174,30,30,-0.0028322434265577383,93.5,0.6667845694431387,0.09627729940612009,-0.3700220320637066,0.7140547618580164,1.0,False
2026-08-30T05:50:12.101603+00:00,breast_cancer,f1,harmonic,"k=20,nu=1.0",30,0.9720383612255595,softmax_radial,"beta=1.0,k=20",30,0.9720383612255595,30,30,0.0,,,,,,,False
2026-08-30T05:50:12.129251+00:00,breast_cancer,f1,harmonic,"k=20,nu=1.0",30,0.9720383612255595,student_t,"k=20,nu=1.0",30,0.9720383612255595,30,30,0.0,,,,,,,False
2026-08-30T05:50:12.159448+00:00,breast_cancer,f1,harmonic,"k=20,nu=1.0",30,0.9720383612255595,wendland_c2,"h=5.0,k=15",30,0.9738449515268129,30,30,-0.0018065903012534376,22.0,0.3254212647066508,0.29649972666444036,-0.26564774322330154,0.7923899363999025,1.0,False
2026-08-30T05:50:12.188902+00:00,breast_cancer,f1,inverse_multiquadratic,"c=0.01,k=5",30,0.9716949725880534,laplacian,"epsilon=1.0,k=20",30,0.9720383612255595,30,30,-0.0003433886375062885,50.0,0.3514148032160821,0.2329621359447058,-0.05075984417299058,0.9598649068446679,1.0,False
2026-08-30T05:50:12.215338+00:00,breast_cancer,f1,inverse_multiquadratic,"c=0.01,k=5",30,0.9716949725880534,logarithmic,"c=0.01,k=5",30,0.9716949725880534,30,30,0.0,,,,,,,False
2026-08-30T05:50:12.242628+00:00,breast_cancer,f1,inverse_multiquadratic,"c=0.01,k=5",30,0.9716949725880534,lorentzian,k=10,30,0.9726071366137166,30,30,-0.0009121640256633904,28.0,0.6564830647348954,0.13410441545721696,-0.15440736030575808,0.8783581457502949,1.0,False
2026-08-30T05:50:12.268374+00:00,breast_cancer,f1,inverse_multiquadratic,"c=0.01,k=5",30,0.9716949725880534,multiquadratic,"c=0.1,k=5",30,0.9716949725880534,30,30,0.0,,,,,,,False
2026-08-30T05:50:12.296035+00:00,breast_cancer,f1,inverse_multiquadratic,"c=0.01,k=5",30,0.9716949725880534,quartic_spline,"h=5.0,k=15",30,0.9744985462980548,30,30,-0.002803573710001554,33.5,0.13183043236050992,0.38908580814619986,-0.40766258260901195,0.6865153519687179,1.0,False
2026-08-30T05:50:12.322285+00:00,breast_cancer,f1,inverse_multiquadratic,"c=0.01,k=5",30,0.9716949725880534,radial,"k=5,z=4.0",30,0.9716949725880534,30,30,0.0,,,,,,,False
2026-08-30T05:50:12.348889+00:00,breast_cancer,f1,inverse_multiquadratic,"c=0.01,k=5",30,0.9716949725880534,rational_quadratic,"alpha=2.0,k=20,l=0.1",30,0.97282019190655,30,30,-0.0011252193184966397,76.0,0.2777898138849967,0.24267994853915978,-0.14771722916414923,0.8835882046978045,1.0,False
2026-08-30T05:50:12.375717+00:00,breast_cancer,f1,inverse_multiquadratic,"c=0.01,k=5",30,0.9716949725880534,rbf_gaussian,"epsilon=1.0,k=10",30,0.974211975259383,30,30,-0.0025170026713296637,90.0,0.5750196507711973,0.12537056494235152,-0.33767823901866056,0.7380378455682846,1.0,False
2026-08-30T05:50:12.402908+00:00,breast_cancer,f1,inverse_multiquadratic,"c=0.01,k=5",30,0.9716949725880534,shepard,"k=20,z=4.0",30,0.97282019190655,30,30,-0.0011252193184966397,76.0,0.2777898138849967,0.24267994853915978,-0.14771722916414923,0.8835882046978045,1.0,False
2026-08-30T05:50:12.436423+00:00,breast_cancer,f1,inverse_multiquadratic,"c=0.01,k=5",30,0.9716949725880534,sigmoidal,"alpha=5.0,c=2.0,k=10",30,0.9748706046521174,30,30,-0.003175632064064027,76.5,0.28687500357986984,0.23814169725181944,-0.48421040817746874,0.6318733975264803,1.0,False
2026-08-30T05:50:12.463694+00:00,breast_cancer,f1,inverse_multiquadratic,"c=0.01,k=5",30,0.9716949725880534,softmax_radial,"beta=1.0,k=20",30,0.9720383612255595,30,30,-0.0003433886375062885,50.0,0.3514148032160821,0.2329621359447058,-0.05075984417299058,0.9598649068446679,1.0,False
2026-08-30T05:50:12.489734+00:00,breast_cancer,f1,inverse_multiquadratic,"c=0.01,k=5",30,0.9716949725880534,student_t,"k=20,nu=1.0",30,0.9720383612255595,30,30,-0.0003433886375062885,50.0,0.3514148032160821,0.2329621359447058,-0.05075984417299058,0.9598649068446679,1.0,False
2026-08-30T05:50:12.515886+00:00,breast_cancer,f1,inverse_multiquadratic,"c=0.01,k=5",30,0.9716949725880534,wendland_c2,"h=5.0,k=15",30,0.9738449515268129,30,30,-0.002149978938759726,43.0,0.19543482285160885,0.3236669714604011,-0.3049860391435624,0.7625549967073271,1.0,False
2026-08-30T05:50:12.542607+00:00,breast_cancer,f1,laplacian,"epsilon=1.0,k=20",30,0.9720383612255595,logarithmic,"c=0.01,k=5",30,0.9716949725880534,30,30,0.0003433886375062885,50.0,0.3514148032160821,0.2329621359447058,0.05075984417299058,0.9598649068446679,1.0,False
2026-08-30T05:50:12.569446+00:00,breast_cancer,f1,laplacian,"epsilon=1.0,k=20",30,0.9720383612255595,lorentzian,k=10,30,0.9726071366137166,30,30,-0.0005687753881571019,70.5,0.7745990565730259,0.06945356290723448,-0.08686414997310968,0.9313765084948202,1.0,False
2026-08-30T05:50:12.595546+00:00,breast_cancer,f1,laplacian,"epsilon=1.0,k=20",30,0.9720383612255595,multiquadratic,"c=0.1,k=5",30,0.9716949725880534,30,30,0.0003433886375062885,50.0,0.3514148032160821,0.2329621359447058,0.05075984417299058,0.9598649068446679,1.0,False
2026-08-30T05:50:12.622417+00:00,breast_cancer,f1,laplacian,"epsilon=1.0,k=20",30,0.9720383612255595,quartic_spline,"h=5.0,k=15",30,0.9744985462980548,30,30,-0.002460185072495265,24.0,0.23713999549699472,0.3412618163949677,-0.35603380785114924,0.7243923427986814,1.0,False
2026-08-30T05:50:12.647337+00:00,breast_cancer,f1,laplacian,"epsilon=1.0,k=20",30,0.9720383612255595,radial,"k=5,z=4.0",30,0.9716949725880534,30,30,0.0003433886375062885,50.0,0.3514148032160821,0.2329621359447058,0.05075984417299058,0.9598649068446679,1.0,False
2026-08-30T05:50:12.677220+00:00,breast_cancer,f1,laplacian,"epsilon=1.0,k=20",30,0.9720383612255595,rational_quadratic,"alpha=2.0,k=20,l=0.1",30,0.97282019190655,30,30,-0.0007818306809903512,7.0,0.2333557002508232,0.45044261646145095,-0.2175738817156336,0.8292847589150014,1.0,False
2026-08-30T05:50:12.702911+00:00,breast_cancer,f1,laplacian,"epsilon=1.0,k=20",30,0.9720383612255595,rbf_gaussian,"epsilon=1.0,k=10",30,0.974211975259383,30,30,-0.002173614033823375,113.0,0.930645889586555,0.018991990677262517,-0.28014527872319744,0.7813547475653104,1.0,False
2026-08-30T05:50:12.728143+00:00,breast_cancer,f1,laplacian,"epsilon=1.0,k=20",30,0.9720383612255595,shepard,"k=20,z=4.0",30,0.97282019190655,30,30,-0.0007818306809903512,7.0,0.2333557002508232,0.45044261646145095,-0.2175738817156336,0.8292847589150014,1.0,False
2026-08-30T05:50:12.756561+00:00,breast_cancer,f1,laplacian,"epsilon=1.0,k=20",30,0.9720383612255595,sigmoidal,"alpha=5.0,c=2.0,k=10",30,0.9748706046521174,30,30,-0.0028322434265577383,93.5,0.6667845694431387,0.09627729940612009,-0.3700220320637066,0.7140547618580164,1.0,False
2026-08-30T05:50:12.782856+00:00,breast_cancer,f1,laplacian,"epsilon=1.0,k=20",30,0.9720383612255595,softmax_radial,"beta=1.0,k=20",30,0.9720383612255595,30,30,0.0,,,,,,,False
2026-08-30T05:50:12.807644+00:00,breast_cancer,f1,laplacian,"epsilon=1.0,k=20",30,0.9720383612255595,student_t,"k=20,nu=1.0",30,0.9720383612255595,30,30,0.0,,,,,,,False
2026-08-30T05:50:12.835895+00:00,breast_cancer,f1,laplacian,"epsilon=1.0,k=20",30,0.9720383612255595,wendland_c2,"h=5.0,k=15",30,0.9738449515268129,30,30,-0.0018065903012534376,22.0,0.3254212647066508,0.29649972666444036,-0.26564774322330154,0.7923899363999025,1.0,False
2026-08-30T05:50:12.862332+00:00,breast_cancer,f1,logarithmic,"c=0.01,k=5",30,0.9716949725880534,lorentzian,k=10,30,0.9726071366137166,30,30,-0.0009121640256633904,28.0,0.6564830647348954,0.13410441545721696,-0.15440736030575808,0.8783581457502949,1.0,False
2026-08-30T05:50:12.890408+00:00,breast_cancer,f1,logarithmic,"c=0.01,k=5",30,0.9716949725880534,multiquadratic,"c=0.1,k=5",30,0.9716949725880534,30,30,0.0,,,,,,,False
2026-08-30T05:50:12.919546+00:00,breast_cancer,f1,logarithmic,"c=0.01,k=5",30,0.9716949725880534,quartic_spline,"h=5.0,k=15",30,0.9744985462980548,30,30,-0.002803573710001554,33.5,0.13183043236050992,0.38908580814619986,-0.40766258260901195,0.6865153519687179,1.0,False
2026-08-30T05:50:12.947642+00:00,breast_cancer,f1,logarithmic,"c=0.01,k=5",30,0.9716949725880534,radial,"k=5,z=4.0",30,0.9716949725880534,30,30,0.0,,,,,,,False
2026-08-30T05:50:12.975254+00:00,breast_cancer,f1,logarithmic,"c=0.01,k=5",30,0.9716949725880534,rational_quadratic,"alpha=2.0,k=20,l=0.1",30,0.97282019190655,30,30,-0.0011252193184966397,76.0,0.2777898138849967,0.24267994853915978,-0.14771722916414923,0.8835882046978045,1.0,False
2026-08-30T05:50:13.000731+00:00,breast_cancer,f1,logarithmic,"c=0.01,k=5",30,0.9716949725880534,rbf_gaussian,"epsilon=1.0,k=10",30,0.974211975259383,30,30,-0.0025170026713296637,90.0,0.5750196507711973,0.12537056494235152,-0.33767823901866056,0.7380378455682846,1.0,False
2026-08-30T05:50:13.027550+00:00,breast_cancer,f1,logarithmic,"c=0.01,k=5",30,0.9716949725880534,shepard,"k=20,z=4.0",30,0.97282019190655,30,30,-0.0011252193184966397,76.0,0.2777898138849967,0.24267994853915978,-0.14771722916414923,0.8835882046978045,1.0,False
2026-08-30T05:50:13.062767+00:00,breast_cancer,f1,logarithmic,"c=0.01,k=5",30,0.9716949725880534,sigmoidal,"alpha=5.0,c=2.0,k=10",30,0.9748706046521174,30,30,-0.003175632064064027,76.5,0.28687500357986984,0.23814169725181944,-0.48421040817746874,0.6318733975264803,1.0,False
2026-08-30T05:50:13.103583+00:00,breast_cancer,f1,logarithmic,"c=0.01,k=5",30,0.9716949725880534,softmax_radial,"beta=1.0,k=20",30,0.9720383612255595,30,30,-0.0003433886375062885,50.0,0.3514148032160821,0.2329621359447058,-0.05075984417299058,0.9598649068446679,1.0,False
2026-08-30T05:50:13.132749+00:00,breast_cancer,f1,logarithmic,"c=0.01,k=5",30,0.9716949725880534,student_t,"k=20,nu=1.0",30,0.9720383612255595,30,30,-0.0003433886375062885,50.0,0.3514148032160821,0.2329621359447058,-0.05075984417299058,0.9598649068446679,1.0,False
2026-08-30T05:50:13.163515+00:00,breast_cancer,f1,logarithmic,"c=0.01,k=5",30,0.9716949725880534,wendland_c2,"h=5.0,k=15",30,0.9738449515268129,30,30,-0.002149978938759726,43.0,0.19543482285160885,0.3236669714604011,-0.3049860391435624,0.7625549967073271,1.0,False
2026-08-30T05:50:13.192952+00:00,breast_cancer,f1,lorentzian,k=10,30,0.9726071366137166,multiquadratic,"c=0.1,k=5",30,0.9716949725880534,30,30,0.0009121640256633904,28.0,0.6564830647348954,0.13410441545721696,0.15440736030575808,0.8783581457502949,1.0,False
2026-08-30T05:50:13.222162+00:00,breast_cancer,f1,lorentzian,k=10,30,0.9726071366137166,quartic_spline,"h=5.0,k=15",30,0.9744985462980548,30,30,-0.0018914096843381633,46.0,0.42578088400579206,0.20563790297830808,-0.30995229707649635,0.7588136850088663,1.0,False
2026-08-30T05:50:13.250439+00:00,breast_cancer,f1,lorentzian,k=10,30,0.9726071366137166,radial,"k=5,z=4.0",30,0.9716949725880534,30,30,0.0009121640256633904,28.0,0.6564830647348954,0.13410441545721696,0.15440736030575808,0.8783581457502949,1.0,False
2026-08-30T05:50:13.280189+00:00,breast_cancer,f1,lorentzian,k=10,30,0.9726071366137166,rational_quadratic,"alpha=2.0,k=20,l=0.1",30,0.97282019190655,30,30,-0.00021305529283324927,57.5,0.5846479572713805,0.13665204165253028,-0.03876801257709953,0.9693410062814767,1.0,False
2026-08-30T05:50:13.309492+00:00,breast_cancer,f1,lorentzian,k=10,30,0.9726071366137166,rbf_gaussian,"epsilon=1.0,k=10",30,0.974211975259383,30,30,-0.0016048386456662734,99.0,0.8222878614389566,0.05022283502721953,-0.2530481474231993,0.8020162274176701,1.0,False
2026-08-30T05:50:13.337372+00:00,breast_cancer,f1,lorentzian,k=10,30,0.9726071366137166,shepard,"k=20,z=4.0",30,0.97282019190655,30,30,-0.00021305529283324927,57.5,0.5846479572713805,0.13665204165253028,-0.03876801257709953,0.9693410062814767,1.0,False
2026-08-30T05:50:13.367282+00:00,breast_cancer,f1,lorentzian,k=10,30,0.9726071366137166,sigmoidal,"alpha=5.0,c=2.0,k=10",30,0.9748706046521174,30,30,-0.0022634680384006362,92.5,0.9197096344887463,0.023124988166512983,-0.32260064030212815,0.7493120989107767,1.0,False
2026-08-30T05:50:13.397873+00:00,breast_cancer,f1,lorentzian,k=10,30,0.9726071366137166,softmax_radial,"beta=1.0,k=20",30,0.9720383612255595,30,30,0.0005687753881571019,70.5,0.7745990565730259,0.06945356290723448,0.08686414997310968,0.9313765084948202,1.0,False
2026-08-30T05:50:13.425667+00:00,breast_cancer,f1,lorentzian,k=10,30,0.9726071366137166,student_t,"k=20,nu=1.0",30,0.9720383612255595,30,30,0.0005687753881571019,70.5,0.7745990565730259,0.06945356290723448,0.08686414997310968,0.9313765084948202,1.0,False
2026-08-30T05:50:13.456694+00:00,breast_cancer,f1,lorentzian,k=10,30,0.9726071366137166,wendland_c2,"h=5.0,k=15",30,0.9738449515268129,30,30,-0.0012378149130963356,59.0,0.6410460374317551,0.11655919076314232,-0.19705490662936706,0.8451591673389549,1.0,False
2026-08-30T05:50:13.484878+00:00,breast_cancer,f1,multiquadratic,"c=0.1,k=5",30,0.9716949725880534,quartic_spline,"h=5.0,k=15",30,0.9744985462980548,30,30,-0.002803573710001554,33.5,0.13183043236050992,0.38908580814619986,-0.40766258260901195,0.6865153519687179,1.0,False
2026-08-30T05:50:13.512354+00:00,breast_cancer,f1,multiquadratic,"c=0.1,k=5",30,0.9716949725880534,radial,"k=5,z=4.0",30,0.9716949725880534,30,30,0.0,,,,,,,False
2026-08-30T05:50:13.543533+00:00,breast_cancer,f1,multiquadratic,"c=0.1,k=5",30,0.9716949725880534,rational_quadratic,"alpha=2.0,k=20,l=0.1",30,0.97282019190655,30,30,-0.0011252193184966397,76.0,0.2777898138849967,0.24267994853915978,-0.14771722916414923,0.8835882046978045,1.0,False
2026-08-30T05:50:13.572806+00:00,breast_cancer,f1,multiquadratic,"c=0.1,k=5",30,0.9716949725880534,rbf_gaussian,"epsilon=1.0,k=10",30,0.974211975259383,30,30,-0.0025170026713296637,90.0,0.5750196507711973,0.12537056494235152,-0.33767823901866056,0.7380378455682846,1.0,False
2026-08-30T05:50:13.598915+00:00,breast_cancer,f1,multiquadratic,"c=0.1,k=5",30,0.9716949725880534,shepard,"k=20,z=4.0",30,0.97282019190655,30,30,-0.0011252193184966397,76.0,0.2777898138849967,0.24267994853915978,-0.14771722916414923,0.8835882046978045,1.0,False
2026-08-30T05:50:13.626434+00:00,breast_cancer,f1,multiquadratic,"c=0.1,k=5",30,0.9716949725880534,sigmoidal,"alpha=5.0,c=2.0,k=10",30,0.9748706046521174,30,30,-0.003175632064064027,76.5,0.28687500357986984,0.23814169725181944,-0.48421040817746874,0.6318733975264803,1.0,False
2026-08-30T05:50:13.653602+00:00,breast_cancer,f1,multiquadratic,"c=0.1,k=5",30,0.9716949725880534,softmax_radial,"beta=1.0,k=20",30,0.9720383612255595,30,30,-0.0003433886375062885,50.0,0.3514148032160821,0.2329621359447058,-0.05075984417299058,0.9598649068446679,1.0,False
2026-08-30T05:50:13.684656+00:00,breast_cancer,f1,multiquadratic,"c=0.1,k=5",30,0.9716949725880534,student_t,"k=20,nu=1.0",30,0.9720383612255595,30,30,-0.0003433886375062885,50.0,0.3514148032160821,0.2329621359447058,-0.05075984417299058,0.9598649068446679,1.0,False
2026-08-30T05:50:13.715619+00:00,breast_cancer,f1,multiquadratic,"c=0.1,k=5",30,0.9716949725880534,wendland_c2,"h=5.0,k=15",30,0.9738449515268129,30,30,-0.002149978938759726,43.0,0.19543482285160885,0.3236669714604011,-0.3049860391435624,0.7625549967073271,1.0,False
2026-08-30T05:50:13.745582+00:00,breast_cancer,f1,quartic_spline,"h=5.0,k=15",30,0.9744985462980548,radial,"k=5,z=4.0",30,0.9716949725880534,30,30,0.002803573710001554,33.5,0.13183043236050992,0.38908580814619986,0.40766258260901195,0.6865153519687179,1.0,False
2026-08-30T05:50:13.776030+00:00,breast_cancer,f1,quartic_spline,"h=5.0,k=15",30,0.9744985462980548,rational_quadratic,"alpha=2.0,k=20,l=0.1",30,0.97282019190655,30,30,0.0016783543915049142,67.5,0.6683235265193914,0.1039143892824762,0.21503939465244507,0.831241732514201,1.0,False
2026-08-30T05:50:13.805987+00:00,breast_cancer,f1,quartic_spline,"h=5.0,k=15",30,0.9744985462980548,rbf_gaussian,"epsilon=1.0,k=10",30,0.974211975259383,30,30,0.00028657103867189,68.0,0.6865343870992844,0.09787830927390027,0.03926607618800302,0.968947329562081,1.0,False
2026-08-30T05:50:13.832580+00:00,breast_cancer,f1,quartic_spline,"h=5.0,k=15",30,0.9744985462980548,shepard,"k=20,z=4.0",30,0.97282019190655,30,30,0.0016783543915049142,67.5,0.6683235265193914,0.1039143892824762,0.21503939465244507,0.831241732514201,1.0,False
2026-08-30T05:50:13.863501+00:00,breast_cancer,f1,quartic_spline,"h=5.0,k=15",30,0.9744985462980548,sigmoidal,"alpha=5.0,c=2.0,k=10",30,0.9748706046521174,30,30,-0.00037205835406247295,64.5,0.856025312107952,0.04535901648203661,-0.05152830514897385,0.9592578475173834,1.0,False
2026-08-30T05:50:13.894580+00:00,breast_cancer,f1,quartic_spline,"h=5.0,k=15",30,0.9744985462980548,softmax_radial,"beta=1.0,k=20",30,0.9720383612255595,30,30,0.002460185072495265,24.0,0.23713999549699472,0.3412618163949677,0.35603380785114924,0.7243923427986814,1.0,False
2026-08-30T05:50:13.923279+00:00,breast_cancer,f1,quartic_spline,"h=5.0,k=15",30,0.9744985462980548,student_t,"k=20,nu=1.0",30,0.9720383612255595,30,30,0.002460185072495265,24.0,0.23713999549699472,0.3412618163949677,0.35603380785114924,0.7243923427986814,1.0,False
2026-08-30T05:50:13.949441+00:00,breast_cancer,f1,quartic_spline,"h=5.0,k=15",30,0.9744985462980548,wendland_c2,"h=5.0,k=15",30,0.9738449515268129,30,30,0.0006535947712418277,0.0,0.31731050786291415,1.0,0.48038446141526137,0.6345580711906083,1.0,False
2026-08-30T05:50:13.977120+00:00,breast_cancer,f1,radial,"k=5,z=4.0",30,0.9716949725880534,rational_quadratic,"alpha=2.0,k=20,l=0.1",30,0.97282019190655,30,30,-0.0011252193184966397,76.0,0.2777898138849967,0.24267994853915978,-0.14771722916414923,0.8835882046978045,1.0,False
2026-08-30T05:50:14.003503+00:00,breast_cancer,f1,radial,"k=5,z=4.0",30,0.9716949725880534,rbf_gaussian,"epsilon=1.0,k=10",30,0.974211975259383,30,30,-0.0025170026713296637,90.0,0.5750196507711973,0.12537056494235152,-0.33767823901866056,0.7380378455682846,1.0,False
2026-08-30T05:50:14.029476+00:00,breast_cancer,f1,radial,"k=5,z=4.0",30,0.9716949725880534,shepard,"k=20,z=4.0",30,0.97282019190655,30,30,-0.0011252193184966397,76.0,0.2777898138849967,0.24267994853915978,-0.14771722916414923,0.8835882046978045,1.0,False
2026-08-30T05:50:14.057610+00:00,breast_cancer,f1,radial,"k=5,z=4.0",30,0.9716949725880534,sigmoidal,"alpha=5.0,c=2.0,k=10",30,0.9748706046521174,30,30,-0.003175632064064027,76.5,0.28687500357986984,0.23814169725181944,-0.48421040817746874,0.6318733975264803,1.0,False
2026-08-30T05:50:14.086737+00:00,breast_cancer,f1,radial,"k=5,z=4.0",30,0.9716949725880534,softmax_radial,"beta=1.0,k=20",30,0.9720383612255595,30,30,-0.0003433886375062885,50.0,0.3514148032160821,0.2329621359447058,-0.05075984417299058,0.9598649068446679,1.0,False
2026-08-30T05:50:14.116328+00:00,breast_cancer,f1,radial,"k=5,z=4.0",30,0.9716949725880534,student_t,"k=20,nu=1.0",30,0.9720383612255595,30,30,-0.0003433886375062885,50.0,0.3514148032160821,0.2329621359447058,-0.05075984417299058,0.9598649068446679,1.0,False
2026-08-30T05:50:14.144205+00:00,breast_cancer,f1,radial,"k=5,z=4.0",30,0.9716949725880534,wendland_c2,"h=5.0,k=15",30,0.9738449515268129,30,30,-0.002149978938759726,43.0,0.19543482285160885,0.3236669714604011,-0.3049860391435624,0.7625549967073271,1.0,False
2026-08-30T05:50:14.174059+00:00,breast_cancer,f1,rational_quadratic,"alpha=2.0,k=20,l=0.1",30,0.97282019190655,rbf_gaussian,"epsilon=1.0,k=10",30,0.974211975259383,30,30,-0.001391783352833024,82.0,0.8786937026028285,0.03597414901426851,-0.20324778423315934,0.8403607734146998,1.0,False
2026-08-30T05:50:14.202342+00:00,breast_cancer,f1,rational_quadratic,"alpha=2.0,k=20,l=0.1",30,0.97282019190655,shepard,"k=20,z=4.0",30,0.97282019190655,30,30,0.0,,,,,,,False
2026-08-30T05:50:14.232016+00:00,breast_cancer,f1,rational_quadratic,"alpha=2.0,k=20,l=0.1",30,0.97282019190655,sigmoidal,"alpha=5.0,c=2.0,k=10",30,0.9748706046521174,30,30,-0.002050412745567387,59.0,0.9546068805569519,0.014697342639179226,-0.27386352852408924,0.7861307337555496,1.0,False
2026-08-30T05:50:14.261949+00:00,breast_cancer,f1,rational_quadratic,"alpha=2.0,k=20,l=0.1",30,0.97282019190655,softmax_radial,"beta=1.0,k=20",30,0.9720383612255595,30,30,0.0007818306809903512,7.0,0.2333557002508232,0.45044261646145095,0.2175738817156336,0.8292847589150014,1.0,False
2026-08-30T05:50:14.291014+00:00,breast_cancer,f1,rational_quadratic,"alpha=2.0,k=20,l=0.1",30,0.97282019190655,student_t,"k=20,nu=1.0",30,0.9720383612255595,30,30,0.0007818306809903512,7.0,0.2333557002508232,0.45044261646145095,0.2175738817156336,0.8292847589150014,1.0,False
2026-08-30T05:50:14.320743+00:00,breast_cancer,f1,rational_quadratic,"alpha=2.0,k=20,l=0.1",30,0.97282019190655,wendland_c2,"h=5.0,k=15",30,0.9738449515268129,30,30,-0.0010247596202630864,64.0,0.8351306222450025,0.05203148857876835,-0.13311372092539275,0.8950228492197989,1.0,False
2026-08-30T05:50:14.349062+00:00,breast_cancer,f1,rbf_gaussian,"epsilon=1.0,k=10",30,0.974211975259383,shepard,"k=20,z=4.0",30,0.97282019190655,30,30,0.001391783352833024,82.0,0.8786937026028285,0.03597414901426851,0.20324778423315934,0.8403607734146998,1.0,False
2026-08-30T05:50:14.378845+00:00,breast_cancer,f1,rbf_gaussian,"epsilon=1.0,k=10",30,0.974211975259383,sigmoidal,"alpha=5.0,c=2.0,k=10",30,0.9748706046521174,30,30,-0.000658629392734363,6.0,0.6858304344516057,0.18090680674665813,-0.21677018700889306,0.829905202026541,1.0,False
2026-08-30T05:50:14.409371+00:00,breast_cancer,f1,rbf_gaussian,"epsilon=1.0,k=10",30,0.974211975259383,softmax_radial,"beta=1.0,k=20",30,0.9720383612255595,30,30,0.002173614033823375,113.0,0.930645889586555,0.018991990677262517,0.28014527872319744,0.7813547475653104,1.0,False
2026-08-30T05:50:14.439996+00:00,breast_cancer,f1,rbf_gaussian,"epsilon=1.0,k=10",30,0.974211975259383,student_t,"k=20,nu=1.0",30,0.9720383612255595,30,30,0.002173614033823375,113.0,0.930645889586555,0.018991990677262517,0.28014527872319744,0.7813547475653104,1.0,False
2026-08-30T05:50:14.470473+00:00,breast_cancer,f1,rbf_gaussian,"epsilon=1.0,k=10",30,0.974211975259383,wendland_c2,"h=5.0,k=15",30,0.9738449515268129,30,30,0.0003670237325699377,72.5,0.849503874820974,0.04602149490058879,0.051300976004318585,0.9594374276191706,1.0,False
2026-08-30T05:50:14.499565+00:00,breast_cancer,f1,shepard,"k=20,z=4.0",30,0.97282019190655,sigmoidal,"alpha=5.0,c=2.0,k=10",30,0.9748706046521174,30,30,-0.002050412745567387,59.0,0.9546068805569519,0.014697342639179226,-0.27386352852408924,0.7861307337555496,1.0,False
2026-08-30T05:50:14.529194+00:00,breast_cancer,f1,shepard,"k=20,z=4.0",30,0.97282019190655,softmax_radial,"beta=1.0,k=20",30,0.9720383612255595,30,30,0.0007818306809903512,7.0,0.2333557002508232,0.45044261646145095,0.2175738817156336,0.8292847589150014,1.0,False
2026-08-30T05:50:14.559179+00:00,breast_cancer,f1,shepard,"k=20,z=4.0",30,0.97282019190655,student_t,"k=20,nu=1.0",30,0.9720383612255595,30,30,0.0007818306809903512,7.0,0.2333557002508232,0.45044261646145095,0.2175738817156336,0.8292847589150014,1.0,False
2026-08-30T05:50:14.588715+00:00,breast_cancer,f1,shepard,"k=20,z=4.0",30,0.97282019190655,wendland_c2,"h=5.0,k=15",30,0.9738449515268129,30,30,-0.0010247596202630864,64.0,0.8351306222450025,0.05203148857876835,-0.13311372092539275,0.8950228492197989,1.0,False
2026-08-30T05:50:14.619413+00:00,breast_cancer,f1,sigmoidal,"alpha=5.0,c=2.0,k=10",30,0.9748706046521174,softmax_radial,"beta=1.0,k=20",30,0.9720383612255595,30,30,0.0028322434265577383,93.5,0.6667845694431387,0.09627729940612009,0.3700220320637066,0.7140547618580164,1.0,False
2026-08-30T05:50:14.648625+00:00,breast_cancer,f1,sigmoidal,"alpha=5.0,c=2.0,k=10",30,0.9748706046521174,student_t,"k=20,nu=1.0",30,0.9720383612255595,30,30,0.0028322434265577383,93.5,0.6667845694431387,0.09627729940612009,0.3700220320637066,0.7140547618580164,1.0,False
2026-08-30T05:50:14.678439+00:00,breast_cancer,f1,sigmoidal,"alpha=5.0,c=2.0,k=10",30,0.9748706046521174,wendland_c2,"h=5.0,k=15",30,0.9738449515268129,30,30,0.0010256531253043006,67.0,0.9586778754382148,0.01295319400377098,0.1451547911080924,0.8855928380735012,1.0,False
2026-08-30T05:50:14.707260+00:00,breast_cancer,f1,softmax_radial,"beta=1.0,k=20",30,0.9720383612255595,student_t,"k=20,nu=1.0",30,0.9720383612255595,30,30,0.0,,,,,,,False
2026-08-30T05:50:14.735007+00:00,breast_cancer,f1,softmax_radial,"beta=1.0,k=20",30,0.9720383612255595,wendland_c2,"h=5.0,k=15",30,0.9738449515268129,30,30,-0.0018065903012534376,22.0,0.3254212647066508,0.29649972666444036,-0.26564774322330154,0.7923899363999025,1.0,False
2026-08-30T05:50:14.763873+00:00,breast_cancer,f1,student_t,"k=20,nu=1.0",30,0.9720383612255595,wendland_c2,"h=5.0,k=15",30,0.9738449515268129,30,30,-0.0018065903012534376,22.0,0.3254212647066508,0.29649972666444036,-0.26564774322330154,0.7923899363999025,1.0,False
2026-08-30T05:50:14.800480+00:00,classification_data,f1,attention,k=27,30,0.9470899470899471,cauchy,"epsilon=5.068077717443547,k=27",30,0.9520634920634922,30,30,-0.004973544973544986,31.0,0.8578869837712221,0.05399000602511633,-0.1273272875336219,0.8995601661846864,1.0,False
2026-08-30T05:50:14.828016+00:00,classification_data,f1,attention,k=27,30,0.9470899470899471,cosine,"h=0.9237980654944229,k=5",30,0.9317460317460318,30,30,0.015343915343915326,77.0,0.46303782608188804,0.1683576159687492,0.32740523305872754,0.7457132079871953,1.0,False
2026-08-30T05:50:14.855012+00:00,classification_data,f1,cauchy,"epsilon=5.068077717443547,k=27",30,0.9520634920634922,cosine,"h=0.9237980654944229,k=5",30,0.9317460317460318,30,30,0.02031746031746031,16.0,0.11914143101997192,0.4698714938993649,0.5558368909455872,0.5825857459027923,1.0,False
2026-08-30T05:50:14.903376+00:00,diabetes,f1,attention,k=8,30,0.5945398672262653,cauchy,"epsilon=42.97100021154878,k=22",30,0.5872323704555554,30,30,0.007307496770709846,143.5,0.8526613933965645,0.03791070409772897,0.3671539814610771,0.71616988935774,1.0,False
2026-08-30T05:50:14.932678+00:00,diabetes,f1,attention,k=8,30,0.5945398672262653,cosine,"h=3.573720289591046,k=4",30,0.5847171111958139,30,30,0.009822756030451277,118.0,0.23116721286114483,0.2394715146626872,0.37313122752704136,0.7117644049095306,1.0,False
2026-08-30T05:50:14.961588+00:00,diabetes,f1,attention,k=8,30,0.5945398672262653,cubic_spline,"h=4.037289373746292,k=23",30,0.5841345083990207,30,30,0.010405358827244604,143.5,0.2743161408629605,0.21038199092609006,0.5327110092311289,0.5982923205346278,1.0,False
2026-08-30T05:50:14.989776+00:00,diabetes,f1,attention,k=8,30,0.5945398672262653,entropic,"beta=0.33521545557804855,k=21",30,0.5772564220277883,30,30,0.01728344519847695,130.5,0.05993472686364362,0.34934371475138454,0.8092189845317119,0.4249790485431473,1.0,False
2026-08-30T05:50:15.021126+00:00,diabetes,f1,attention,k=8,30,0.5945398672262653,gen_exponential,"epsilon=1.8183018870845464,k=24,p=1.0876075315744576",30,0.5869563620364046,30,30,0.007583505189860634,154.5,0.5937712329166256,0.10460423326361429,0.33422935950877586,0.7406116200649788,1.0,False
2026-08-30T05:50:15.051398+00:00,diabetes,f1,attention,k=8,30,0.5945398672262653,harmonic,k=8,30,0.591967169885766,30,30,0.0025726973404991953,2.0,0.27332167829229814,0.5477225575051663,0.6107924884822135,0.5460947970357695,1.0,False
2026-08-30T05:50:15.080089+00:00,diabetes,f1,attention,k=8,30,0.5945398672262653,inverse_multiquadratic,"c=0.014023144866075163,k=9",30,0.5857269467630962,30,30,0.008812920463169066,136.0,0.20288646381931696,0.24506034107874236,0.5213043072138117,0.6061133275373267,1.0,False
2026-08-30T05:50:15.108399+00:00,diabetes,f1,attention,k=8,30,0.5945398672262653,laplacian,"epsilon=1.5731191654258474,k=21",30,0.5846880791722627,30,30,0.009851788054002495,151.5,0.24087428318484028,0.22163918440132457,0.4841054689701064,0.6319469656829642,1.0,False
2026-08-30T05:50:15.134777+00:00,diabetes,f1,attention,k=8,30,0.5945398672262653,logarithmic,"c=0.23232604885522545,k=4",30,0.5852008796056098,30,30,0.009338987620655307,124.0,0.3002412845490545,0.20718322055086427,0.38186588075912875,0.7053448030831504,1.0,False
2026-08-30T05:50:15.161368+00:00,diabetes,f1,attention,k=8,30,0.5945398672262653,lorentzian,k=15,30,0.5849690658585002,30,30,0.009570801367765051,103.0,0.1792960462664116,0.2741235527066556,0.6123846331536474,0.5450556093352441,1.0,False
2026-08-30T05:50:15.190924+00:00,diabetes,f1,attention,k=8,30,0.5945398672262653,multiquadratic,"c=0.5614690046494828,k=5",30,0.5616584079169198,30,30,0.0328814593093454,74.0,0.017253450258757207,0.4762523381493896,1.2494545168744677,0.22148957428953175,1.0,False
2026-08-30T05:50:15.220245+00:00,diabetes,f1,attention,k=8,30,0.5945398672262653,quartic_spline,"h=4.202427259718735,k=24",30,0.5902895355817722,30,30,0.004250331644493114,156.0,0.6204162095825689,0.09712858623572644,0.20660661145830503,0.837760867771371,1.0,False
2026-08-30T05:50:15.248001+00:00,diabetes,f1,attention,k=8,30,0.5945398672262653,radial,"k=23,z=1.32301260339973",30,0.5782414789378408,30,30,0.016298388288424268,145.0,0.11695534472429554,0.2911112548697911,0.7615736222886336,0.4524637613116922,1.0,False
2026-08-30T05:50:15.277131+00:00,diabetes,f1,attention,k=8,30,0.5945398672262653,rational_quadratic,"alpha=1.8396816819832966,k=24,l=0.61813562627659",30,0.594327115836391,30,30,0.00021275138987431793,184.0,0.9043841325888762,0.02311806607156887,0.009562983441544824,0.9924354440292809,1.0,False
2026-08-30T05:50:15.306844+00:00,diabetes,f1,attention,k=8,30,0.5945398672262653,rbf_gaussian,"epsilon=20.764908972522903,k=24",30,0.5720016113799392,30,30,0.022538255846325954,168.0,0.2844624901630102,0.19875871884213311,0.8288349664648449,0.413967840256376,1.0,False
2026-08-30T05:50:15.335997+00:00,diabetes,f1,attention,k=8,30,0.5945398672262653,shepard,"k=26,z=3.9113948303841823",30,0.58726412414898,30,30,0.007275743077285294,149.0,0.33653475587466075,0.18495120081414518,0.3654717245242348,0.7174115874316196,1.0,False
2026-08-30T05:50:15.365387+00:00,diabetes,f1,attention,k=8,30,0.5945398672262653,sigmoidal,"alpha=0.8833870463885941,c=1.524573429863682,k=8",30,0.5938858212781016,30,30,0.000654045948163597,14.0,1.0,0.0,0.14314108166199122,0.8871687345351615,1.0,False
2026-08-30T05:50:15.394916+00:00,diabetes,f1,attention,k=8,30,0.5945398672262653,softmax_radial,"beta=1.5731191654258474,k=21",30,0.5846880791722627,30,30,0.009851788054002495,151.5,0.24087428318484028,0.22163918440132457,0.4841054689701064,0.6319469656829642,1.0,False
2026-08-30T05:50:15.423050+00:00,diabetes,f1,attention,k=8,30,0.5945398672262653,student_t,"k=9,nu=0.00017999855738190504",30,0.5857269467630962,30,30,0.008812920463169066,136.0,0.20288646381931696,0.24506034107874236,0.5213043072138117,0.6061133275373267,1.0,False
2026-08-30T05:50:15.451989+00:00,diabetes,f1,attention,k=8,30,0.5945398672262653,wendland_c2,"h=1.375874185333854,k=21",30,0.5846051026568216,30,30,0.009934764569443522,179.0,0.40511686289263926,0.15459463238998053,0.4431097523207359,0.6609743737347626,1.0,False
2026-08-30T05:50:15.481680+00:00,diabetes,f1,cauchy,"epsilon=42.97100021154878,k=22",30,0.5872323704555554,cosine,"h=3.573720289591046,k=4",30,0.5847171111958139,30,30,0.002515259259741431,201.5,0.9727500821804274,0.006455510225281315,0.0890450358791232,0.9296582353815721,1.0,False
2026-08-30T05:50:15.509412+00:00,diabetes,f1,cauchy,"epsilon=42.97100021154878,k=22",30,0.5872323704555554,cubic_spline,"h=4.037289373746292,k=23",30,0.5841345083990207,30,30,0.0030978620565347576,123.5,0.6591823580188019,0.09196368140802084,0.18328620871424828,0.8558489166962922,1.0,False
2026-08-30T05:50:15.536002+00:00,diabetes,f1,cauchy,"epsilon=42.97100021154878,k=22",30,0.5872323704555554,entropic,"beta=0.33521545557804855,k=21",30,0.5772564220277883,30,30,0.009975948427767107,162.5,0.35638643487910704,0.17429312684422257,0.4488183439045102,0.6568986796806096,1.0,False
2026-08-30T05:50:15.562127+00:00,diabetes,f1,cauchy,"epsilon=42.97100021154878,k=22",30,0.5872323704555554,gen_exponential,"epsilon=1.8183018870845464,k=24,p=1.0876075315744576",30,0.5869563620364046,30,30,0.000276008419150788,120.0,0.8328664161727948,0.044991049268861175,0.016518257434080807,0.9869340592537759,1.0,False
2026-08-30T05:50:15.589826+00:00,diabetes,f1,cauchy,"epsilon=42.97100021154878,k=22",30,0.5872323704555554,harmonic,k=8,30,0.591967169885766,30,30,-0.004734799430210651,158.5,0.9142872016657547,0.021526503479851578,-0.2273159134839893,0.8217730476135099,1.0,False
2026-08-30T05:50:15.618682+00:00,diabetes,f1,cauchy,"epsilon=42.97100021154878,k=22",30,0.5872323704555554,inverse_multiquadratic,"c=0.014023144866075163,k=9",30,0.5857269467630962,30,30,0.0015054236924592198,190.0,0.7672083132559107,0.05594412879052938,0.06845646260733268,0.9458921138999581,1.0,False
2026-08-30T05:50:15.645463+00:00,diabetes,f1,cauchy,"epsilon=42.97100021154878,k=22",30,0.5872323704555554,laplacian,"epsilon=1.5731191654258474,k=21",30,0.5846880791722627,30,30,0.002544291283292649,150.5,0.5254446994648505,0.12452884912335035,0.13294546711767058,0.8951547318680737,1.0,False
2026-08-30T05:50:15.672625+00:00,diabetes,f1,cauchy,"epsilon=42.97100021154878,k=22",30,0.5872323704555554,logarithmic,"c=0.23232604885522545,k=4",30,0.5852008796056098,30,30,0.0020314908499454607,216.5,0.9827480219235544,0.004015444997142336,0.07440340728540067,0.9412002642748223,1.0,False
2026-08-30T05:50:15.698976+00:00,diabetes,f1,cauchy,"epsilon=42.97100021154878,k=22",30,0.5872323704555554,lorentzian,k=15,30,0.5849690658585002,30,30,0.0022633045970552046,128.5,0.5390058327309047,0.1253969443232574,0.12534595466051976,0.9011145914849239,1.0,False
2026-08-30T05:50:15.727780+00:00,diabetes,f1,cauchy,"epsilon=42.97100021154878,k=22",30,0.5872323704555554,multiquadratic,"c=0.5614690046494828,k=5",30,0.5616584079169198,30,30,0.025573962538635555,128.0,0.08766292505133104,0.32275458917613115,0.9640227880860998,0.343004987571605,1.0,False
2026-08-30T05:50:15.756183+00:00,diabetes,f1,cauchy,"epsilon=42.97100021154878,k=22",30,0.5872323704555554,quartic_spline,"h=4.202427259718735,k=24",30,0.5902895355817722,30,30,-0.003057165126216732,156.0,0.8611435378059807,0.034983734533416924,-0.17141232399956047,0.8650900578192364,1.0,False
2026-08-30T05:50:15.784378+00:00,diabetes,f1,cauchy,"epsilon=42.97100021154878,k=22",30,0.5872323704555554,radial,"k=23,z=1.32301260339973",30,0.5782414789378408,30,30,0.008990891517714419,122.0,0.2758104014698106,0.2179558477334968,0.4929905713824704,0.6257316676257498,1.0,False
2026-08-30T05:50:15.813252+00:00,diabetes,f1,cauchy,"epsilon=42.97100021154878,k=22",30,0.5872323704555554,rational_quadratic,"alpha=1.8396816819832966,k=24,l=0.61813562627659",30,0.594327115836391,30,30,-0.0070947453808355284,124.0,0.4575222717829155,0.15165055465114036,-0.47095905409881267,0.6411934585193781,1.0,False
2026-08-30T05:50:15.841808+00:00,diabetes,f1,cauchy,"epsilon=42.97100021154878,k=22",30,0.5872323704555554,rbf_gaussian,"epsilon=20.764908972522903,k=24",30,0.5720016113799392,30,30,0.015230759075616109,135.0,0.19451080638284968,0.24967511357294392,0.7073615402584952,0.4849879178897154,1.0,False
2026-08-30T05:50:15.869075+00:00,diabetes,f1,cauchy,"epsilon=42.97100021154878,k=22",30,0.5872323704555554,shepard,"k=26,z=3.9113948303841823",30,0.58726412414898,30,30,-3.1753693424552146e-05,188.0,0.9808319767707737,0.004623780020353609,-0.0018468678588450605,0.9985390597568586,1.0,False
2026-08-30T05:50:15.896664+00:00,diabetes,f1,cauchy,"epsilon=42.97100021154878,k=22",30,0.5872323704555554,sigmoidal,"alpha=0.8833870463885941,c=1.524573429863682,k=8",30,0.5938858212781016,30,30,-0.006653450822546249,148.5,0.706386298138718,0.07534276217948044,-0.33684173048677113,0.7386618192418328,1.0,False
2026-08-30T05:50:15.926089+00:00,diabetes,f1,cauchy,"epsilon=42.97100021154878,k=22",30,0.5872323704555554,softmax_radial,"beta=1.5731191654258474,k=21",30,0.5846880791722627,30,30,0.002544291283292649,150.5,0.5254446994648505,0.12452884912335035,0.13294546711767058,0.8951547318680737,1.0,False
2026-08-30T05:50:15.956627+00:00,diabetes,f1,cauchy,"epsilon=42.97100021154878,k=22",30,0.5872323704555554,student_t,"k=9,nu=0.00017999855738190504",30,0.5857269467630962,30,30,0.0015054236924592198,190.0,0.7672083132559107,0.05594412879052938,0.06845646260733268,0.9458921138999581,1.0,False
2026-08-30T05:50:15.984898+00:00,diabetes,f1,cauchy,"epsilon=42.97100021154878,k=22",30,0.5872323704555554,wendland_c2,"h=1.375874185333854,k=21",30,0.5846051026568216,30,30,0.002627267798733675,164.5,0.7799463011509349,0.05479269361427417,0.11129864351377146,0.91214628739348,1.0,False
2026-08-30T05:50:16.011601+00:00,diabetes,f1,cosine,"h=3.573720289591046,k=4",30,0.5847171111958139,cubic_spline,"h=4.037289373746292,k=23",30,0.5841345083990207,30,30,0.0005826027967933263,227.0,0.9099283966830625,0.020654409095548835,0.023759749805673067,0.9812069842076632,1.0,False
2026-08-30T05:50:16.038309+00:00,diabetes,f1,cosine,"h=3.573720289591046,k=4",30,0.5847171111958139,entropic,"beta=0.33521545557804855,k=21",30,0.5772564220277883,30,30,0.0074606891680256745,205.0,0.5716356143381274,0.10327204547774418,0.2751960838544189,0.7851168828793442,1.0,False
2026-08-30T05:50:16.065174+00:00,diabetes,f1,cosine,"h=3.573720289591046,k=4",30,0.5847171111958139,gen_exponential,"epsilon=1.8183018870845464,k=24,p=1.0876075315744576",30,0.5869563620364046,30,30,-0.0022392508405906435,193.0,0.8198626681283112,0.04303533996153645,-0.08689814537604541,0.9313497216428559,1.0,False
2026-08-30T05:50:16.092900+00:00,diabetes,f1,cosine,"h=3.573720289591046,k=4",30,0.5847171111958139,harmonic,k=8,30,0.591967169885766,30,30,-0.007250058689952083,130.0,0.3818598292804778,0.17489492643904123,-0.26578910432879643,0.792282119846053,1.0,False
2026-08-30T05:50:16.119615+00:00,diabetes,f1,cosine,"h=3.573720289591046,k=4",30,0.5847171111958139,inverse_multiquadratic,"c=0.014023144866075163,k=9",30,0.5857269467630962,30,30,-0.0010098355672822116,217.0,0.991373758871327,0.00200766382668821,-0.03408236249465568,0.9730449833504609,1.0,False
2026-08-30T05:50:16.145953+00:00,diabetes,f1,cosine,"h=3.573720289591046,k=4",30,0.5847171111958139,laplacian,"epsilon=1.5731191654258474,k=21",30,0.5846880791722627,30,30,2.903202355121759e-05,190.0,0.7672083132559107,0.05594412879052938,0.0012234836604882498,0.9990321792121026,1.0,False
2026-08-30T05:50:16.173579+00:00,diabetes,f1,cosine,"h=3.573720289591046,k=4",30,0.5847171111958139,logarithmic,"c=0.23232604885522545,k=4",30,0.5852008796056098,30,30,-0.00048376840979597047,32.0,0.9291178274470843,0.026820883091443322,-0.07187260643931917,0.9431966903626925,1.0,False
2026-08-30T05:50:16.200699+00:00,diabetes,f1,cosine,"h=3.573720289591046,k=4",30,0.5847171111958139,lorentzian,k=15,30,0.5849690658585002,30,30,-0.0002519546626862268,173.0,0.9493703474165702,0.012452884912335049,-0.010382632856770505,0.9917871042575483,1.0,False
2026-08-30T05:50:16.227659+00:00,diabetes,f1,cosine,"h=3.573720289591046,k=4",30,0.5847171111958139,multiquadratic,"c=0.5614690046494828,k=5",30,0.5616584079169198,30,30,0.023058703278894126,150.0,0.22747626562591206,0.22807990968446581,0.674871255290308,0.505102913333876,1.0,False
2026-08-30T05:50:16.254177+00:00,diabetes,f1,cosine,"h=3.573720289591046,k=4",30,0.5847171111958139,quartic_spline,"h=4.202427259718735,k=24",30,0.5902895355817722,30,30,-0.005572424385958163,183.0,0.6487797836729821,0.08607346967041737,-0.2157919730948589,0.8306605225760095,1.0,False
2026-08-30T05:50:16.280745+00:00,diabetes,f1,cosine,"h=3.573720289591046,k=4",30,0.5847171111958139,radial,"k=23,z=1.32301260339973",30,0.5782414789378408,30,30,0.006475632257972987,201.0,0.5170368097244535,0.11829343391087058,0.23053844615476007,0.8192920173717786,1.0,False
2026-08-30T05:50:16.306575+00:00,diabetes,f1,cosine,"h=3.573720289591046,k=4",30,0.5847171111958139,rational_quadratic,"alpha=1.8396816819832966,k=24,l=0.61813562627659",30,0.594327115836391,30,30,-0.00961000464057696,179.0,0.8101230232698895,0.04623946844448373,-0.37106912005403603,0.7132831310985166,1.0,False
2026-08-30T05:50:16.332118+00:00,diabetes,f1,cosine,"h=3.573720289591046,k=4",30,0.5847171111958139,rbf_gaussian,"epsilon=20.764908972522903,k=24",30,0.5720016113799392,30,30,0.012715499815874675,168.5,0.28934125951704304,0.1967568048599751,0.4540800157258903,0.6531515535854817,1.0,False
2026-08-30T05:50:16.357292+00:00,diabetes,f1,cosine,"h=3.573720289591046,k=4",30,0.5847171111958139,shepard,"k=26,z=3.9113948303841823",30,0.58726412414898,30,30,-0.0025470129531659836,180.0,0.8288002130402421,0.04161552160003533,-0.1076997788513715,0.9149755243675053,1.0,False
2026-08-30T05:50:16.383182+00:00,diabetes,f1,cosine,"h=3.573720289591046,k=4",30,0.5847171111958139,sigmoidal,"alpha=0.8833870463885941,c=1.524573429863682,k=8",30,0.5938858212781016,30,30,-0.00916871008228768,130.0,0.24780341529213767,0.22665164403095658,-0.346778321088823,0.731261671897574,1.0,False
2026-08-30T05:50:16.408846+00:00,diabetes,f1,cosine,"h=3.573720289591046,k=4",30,0.5847171111958139,softmax_radial,"beta=1.5731191654258474,k=21",30,0.5846880791722627,30,30,2.903202355121759e-05,190.0,0.7672083132559107,0.05594412879052938,0.0012234836604882498,0.9990321792121026,1.0,False
2026-08-30T05:50:16.434947+00:00,diabetes,f1,cosine,"h=3.573720289591046,k=4",30,0.5847171111958139,student_t,"k=9,nu=0.00017999855738190504",30,0.5857269467630962,30,30,-0.0010098355672822116,217.0,0.991373758871327,0.00200766382668821,-0.03408236249465568,0.9730449833504609,1.0,False
2026-08-30T05:50:16.468262+00:00,diabetes,f1,cosine,"h=3.573720289591046,k=4",30,0.5847171111958139,wendland_c2,"h=1.375874185333854,k=21",30,0.5846051026568216,30,30,0.0001120085389922439,229.0,0.9515264742076397,0.011098680224621849,0.004451695963030962,0.9964785551091895,1.0,False
2026-08-30T05:50:16.500830+00:00,diabetes,f1,cubic_spline,"h=4.037289373746292,k=23",30,0.5841345083990207,entropic,"beta=0.33521545557804855,k=21",30,0.5772564220277883,30,30,0.006878086371232348,61.0,0.2857506303730243,0.2516098041413563,0.5727210111243309,0.571247771503127,1.0,False
2026-08-30T05:50:16.530539+00:00,diabetes,f1,cubic_spline,"h=4.037289373746292,k=23",30,0.5841345083990207,gen_exponential,"epsilon=1.8183018870845464,k=24,p=1.0876075315744576",30,0.5869563620364046,30,30,-0.00282185363738397,89.5,0.3661188885069493,0.19721815888400732,-0.18401575130562167,0.8552817959848391,1.0,False
2026-08-30T05:50:16.558939+00:00,diabetes,f1,cubic_spline,"h=4.037289373746292,k=23",30,0.5841345083990207,harmonic,k=8,30,0.591967169885766,30,30,-0.007832661486745409,153.5,0.2596486351085122,0.21302493280960524,-0.36781592826782966,0.7156815131520977,1.0,False
2026-08-30T05:50:16.590125+00:00,diabetes,f1,cubic_spline,"h=4.037289373746292,k=23",30,0.5841345083990207,inverse_multiquadratic,"c=0.014023144866075163,k=9",30,0.5857269467630962,30,30,-0.001592438364075538,196.0,0.8733537674341689,0.03012376165643891,-0.07679876820733175,0.939311038086416,1.0,False
2026-08-30T05:50:16.623433+00:00,diabetes,f1,cubic_spline,"h=4.037289373746292,k=23",30,0.5841345083990207,laplacian,"epsilon=1.5731191654258474,k=21",30,0.5846880791722627,30,30,-0.0005535707732421088,110.5,0.8620215650314629,0.03792656901615525,-0.041700922702541894,0.9670229079908839,1.0,False
2026-08-30T05:50:16.653292+00:00,diabetes,f1,cubic_spline,"h=4.037289373746292,k=23",30,0.5841345083990207,logarithmic,"c=0.23232604885522545,k=4",30,0.5852008796056098,30,30,-0.0010663712065892969,222.0,0.8290085803026446,0.039431144636956864,-0.042151784584868936,0.9666665836055595,1.0,False
2026-08-30T05:50:16.680204+00:00,diabetes,f1,cubic_spline,"h=4.037289373746292,k=23",30,0.5841345083990207,lorentzian,k=15,30,0.5849690658585002,30,30,-0.0008345574594795531,157.0,0.882352226991577,0.02959760293583773,-0.04818420878068421,0.9618997520529486,1.0,False
2026-08-30T05:50:16.710754+00:00,diabetes,f1,cubic_spline,"h=4.037289373746292,k=23",30,0.5841345083990207,multiquadratic,"c=0.5614690046494828,k=5",30,0.5616584079169198,30,30,0.0224761004821008,140.0,0.1513879509199556,0.27112264175767964,0.8357511411738188,0.4101282519748799,1.0,False
2026-08-30T05:50:16.738760+00:00,diabetes,f1,cubic_spline,"h=4.037289373746292,k=23",30,0.5841345083990207,quartic_spline,"h=4.202427259718735,k=24",30,0.5902895355817722,30,30,-0.00615502718275149,48.5,0.18495477148896955,0.3215179988924739,-0.6990137197237989,0.49011216171310035,1.0,False
2026-08-30T05:50:16.775814+00:00,diabetes,f1,cubic_spline,"h=4.037289373746292,k=23",30,0.5841345083990207,radial,"k=23,z=1.32301260339973",30,0.5782414789378408,30,30,0.005893029461179661,56.0,0.33169613087134386,0.23543009128364487,0.47797554612630466,0.6362510137154049,1.0,False
2026-08-30T05:50:16.804749+00:00,diabetes,f1,cubic_spline,"h=4.037289373746292,k=23",30,0.5841345083990207,rational_quadratic,"alpha=1.8396816819832966,k=24,l=0.61813562627659",30,0.594327115836391,30,30,-0.010192607437370287,73.0,0.1395323238211135,0.32242453757220557,-0.7118018817424314,0.4822747379445662,1.0,False
2026-08-30T05:50:16.830222+00:00,diabetes,f1,cubic_spline,"h=4.037289373746292,k=23",30,0.5841345083990207,rbf_gaussian,"epsilon=20.764908972522903,k=24",30,0.5720016113799392,30,30,0.01213289701908135,194.0,0.42841781830078074,0.14458086366884185,0.4600462016286438,0.6489138204378326,1.0,False
2026-08-30T05:50:16.856824+00:00,diabetes,f1,cubic_spline,"h=4.037289373746292,k=23",30,0.5841345083990207,shepard,"k=26,z=3.9113948303841823",30,0.58726412414898,30,30,-0.00312961574995931,160.5,0.4935097866559647,0.13177773058007847,-0.16488766545843397,0.8701763999457239,1.0,False
2026-08-30T05:50:16.883720+00:00,diabetes,f1,cubic_spline,"h=4.037289373746292,k=23",30,0.5841345083990207,sigmoidal,"alpha=0.8833870463885941,c=1.524573429863682,k=8",30,0.5938858212781016,30,30,-0.009751312879081007,141.5,0.25377479592149355,0.2196295509667974,-0.4979003245905516,0.6223091321548946,1.0,False
2026-08-30T05:50:16.908672+00:00,diabetes,f1,cubic_spline,"h=4.037289373746292,k=23",30,0.5841345083990207,softmax_radial,"beta=1.5731191654258474,k=21",30,0.5846880791722627,30,30,-0.0005535707732421088,110.5,0.8620215650314629,0.03792656901615525,-0.041700922702541894,0.9670229079908839,1.0,False
2026-08-30T05:50:16.934516+00:00,diabetes,f1,cubic_spline,"h=4.037289373746292,k=23",30,0.5841345083990207,student_t,"k=9,nu=0.00017999855738190504",30,0.5857269467630962,30,30,-0.001592438364075538,196.0,0.8733537674341689,0.03012376165643891,-0.07679876820733175,0.939311038086416,1.0,False
2026-08-30T05:50:16.961103+00:00,diabetes,f1,cubic_spline,"h=4.037289373746292,k=23",30,0.5841345083990207,wendland_c2,"h=1.375874185333854,k=21",30,0.5846051026568216,30,30,-0.0004705942578010824,228.0,0.935398668050766,0.014798446090143011,-0.019119508296166484,0.9848767116698767,1.0,False
2026-08-30T05:50:16.988648+00:00,diabetes,f1,entropic,"beta=0.33521545557804855,k=21",30,0.5772564220277883,gen_exponential,"epsilon=1.8183018870845464,k=24,p=1.0876075315744576",30,0.5869563620364046,30,30,-0.009699940008616318,154.5,0.26939805566954367,0.20872139881345173,-0.4568701113117574,0.6511682942175141,1.0,False
2026-08-30T05:50:17.015170+00:00,diabetes,f1,entropic,"beta=0.33521545557804855,k=21",30,0.5772564220277883,harmonic,k=8,30,0.591967169885766,30,30,-0.014710747857977758,135.5,0.07620314020455528,0.3292664897656727,-0.6423471029582288,0.5256937989130992,1.0,False
2026-08-30T05:50:17.043634+00:00,diabetes,f1,entropic,"beta=0.33521545557804855,k=21",30,0.5772564220277883,inverse_multiquadratic,"c=0.014023144866075163,k=9",30,0.5857269467630962,30,30,-0.008470524735307886,137.0,0.21155538685054276,0.24042788714431607,-0.42827062078028216,0.6716182426072523,1.0,False
2026-08-30T05:50:17.071171+00:00,diabetes,f1,entropic,"beta=0.33521545557804855,k=21",30,0.5772564220277883,laplacian,"epsilon=1.5731191654258474,k=21",30,0.5846880791722627,30,30,-0.007431657144474457,104.5,0.1935782358431931,0.2653749286841028,-0.4600443520433472,0.648915132340909,1.0,False
2026-08-30T05:50:17.099315+00:00,diabetes,f1,entropic,"beta=0.33521545557804855,k=21",30,0.5772564220277883,logarithmic,"c=0.23232604885522545,k=4",30,0.5852008796056098,30,30,-0.007944457577821645,194.0,0.42841781830078074,0.14458086366884185,-0.28078059925956955,0.7808721956787141,1.0,False
2026-08-30T05:50:17.125779+00:00,diabetes,f1,entropic,"beta=0.33521545557804855,k=21",30,0.5772564220277883,lorentzian,k=15,30,0.5849690658585002,30,30,-0.007712643830711902,180.0,0.4174403049093858,0.150574787001616,-0.39042495382542136,0.6990755855073933,1.0,False
2026-08-30T05:50:17.152562+00:00,diabetes,f1,entropic,"beta=0.33521545557804855,k=21",30,0.5772564220277883,multiquadratic,"c=0.5614690046494828,k=5",30,0.5616584079169198,30,30,0.015598014110868448,182.0,0.29893097469273044,0.18964502896822105,0.5731255105363375,0.5709775035913796,1.0,False
2026-08-30T05:50:17.178669+00:00,diabetes,f1,entropic,"beta=0.33521545557804855,k=21",30,0.5772564220277883,quartic_spline,"h=4.202427259718735,k=24",30,0.5902895355817722,30,30,-0.013033113553983839,94.0,0.10959858339911595,0.3265986323710905,-0.8155459872948195,0.4214079232614967,1.0,False
2026-08-30T05:50:17.208108+00:00,diabetes,f1,entropic,"beta=0.33521545557804855,k=21",30,0.5772564220277883,radial,"k=23,z=1.32301260339973",30,0.5782414789378408,30,30,-0.0009850569100526877,80.0,0.8106969968597719,0.05645704494781881,-0.07109311519428761,0.943811669489885,1.0,False
2026-08-30T05:50:17.239190+00:00,diabetes,f1,entropic,"beta=0.33521545557804855,k=21",30,0.5772564220277883,rational_quadratic,"alpha=1.8396816819832966,k=24,l=0.61813562627659",30,0.594327115836391,30,30,-0.017070693808602638,90.0,0.14431267887665597,0.30441389529995394,-0.8088581015147802,0.42518329977430946,1.0,False
2026-08-30T05:50:17.271296+00:00,diabetes,f1,entropic,"beta=0.33521545557804855,k=21",30,0.5772564220277883,rbf_gaussian,"epsilon=20.764908972522903,k=24",30,0.5720016113799392,30,30,0.0052548106478490005,220.0,0.8078304156661034,0.0444067678936461,0.17743370664904481,0.8604012559865502,1.0,False
2026-08-30T05:50:17.304591+00:00,diabetes,f1,entropic,"beta=0.33521545557804855,k=21",30,0.5772564220277883,shepard,"k=26,z=3.9113948303841823",30,0.58726412414898,30,30,-0.010007702121191658,136.5,0.3218999650473633,0.19426500463242652,-0.41446615360640676,0.681582639612877,1.0,False
2026-08-30T05:50:17.342171+00:00,diabetes,f1,entropic,"beta=0.33521545557804855,k=21",30,0.5772564220277883,sigmoidal,"alpha=0.8833870463885941,c=1.524573429863682,k=8",30,0.5938858212781016,30,30,-0.016629399250313356,124.5,0.07383819671908906,0.3378274186980611,-0.7906763443076631,0.43555165074518065,1.0,False
2026-08-30T05:50:17.369205+00:00,diabetes,f1,entropic,"beta=0.33521545557804855,k=21",30,0.5772564220277883,softmax_radial,"beta=1.5731191654258474,k=21",30,0.5846880791722627,30,30,-0.007431657144474457,104.5,0.1935782358431931,0.2653749286841028,-0.4600443520433472,0.648915132340909,1.0,False
2026-08-30T05:50:17.396109+00:00,diabetes,f1,entropic,"beta=0.33521545557804855,k=21",30,0.5772564220277883,student_t,"k=9,nu=0.00017999855738190504",30,0.5857269467630962,30,30,-0.008470524735307886,137.0,0.21155538685054276,0.24042788714431607,-0.42827062078028216,0.6716182426072523,1.0,False
2026-08-30T05:50:17.424682+00:00,diabetes,f1,entropic,"beta=0.33521545557804855,k=21",30,0.5772564220277883,wendland_c2,"h=1.375874185333854,k=21",30,0.5846051026568216,30,30,-0.007348680629033431,197.0,0.4652707817516224,0.13331482234399702,-0.2880237894543782,0.7753770190939302,1.0,False
2026-08-30T05:50:17.451282+00:00,diabetes,f1,gen_exponential,"epsilon=1.8183018870845464,k=24,p=1.0876075315744576",30,0.5869563620364046,harmonic,k=8,30,0.591967169885766,30,30,-0.005010807849361439,160.5,0.7032143648426985,0.07471730947401022,-0.20145632291093749,0.8417482087899018,1.0,False
2026-08-30T05:50:17.477333+00:00,diabetes,f1,gen_exponential,"epsilon=1.8183018870845464,k=24,p=1.0876075315744576",30,0.5869563620364046,inverse_multiquadratic,"c=0.014023144866075163,k=9",30,0.5857269467630962,30,30,0.0012294152733084319,174.0,0.7185667307022461,0.06935419821470659,0.052438586474971745,0.9585387868985737,1.0,False
2026-08-30T05:50:17.506008+00:00,diabetes,f1,gen_exponential,"epsilon=1.8183018870845464,k=24,p=1.0876075315744576",30,0.5869563620364046,laplacian,"epsilon=1.5731191654258474,k=21",30,0.5846880791722627,30,30,0.002268282864141861,92.0,0.6274460333215013,0.10852190324685866,0.1826156539066713,0.8563702515039355,1.0,False
2026-08-30T05:50:17.533951+00:00,diabetes,f1,gen_exponential,"epsilon=1.8183018870845464,k=24,p=1.0876075315744576",30,0.5869563620364046,logarithmic,"c=0.23232604885522545,k=4",30,0.5852008796056098,30,30,0.001755482430794673,196.0,0.8733496974545409,0.03012473797307551,0.06639586271532699,0.9475182964725184,1.0,False
2026-08-30T05:50:17.560610+00:00,diabetes,f1,gen_exponential,"epsilon=1.8183018870845464,k=24,p=1.0876075315744576",30,0.5869563620364046,lorentzian,k=15,30,0.5849690658585002,30,30,0.001987296177904417,138.0,0.5097357776379758,0.13184983381409068,0.1239446670314163,0.9022141922628371,1.0,False
2026-08-30T05:50:17.589742+00:00,diabetes,f1,gen_exponential,"epsilon=1.8183018870845464,k=24,p=1.0876075315744576",30,0.5869563620364046,multiquadratic,"c=0.5614690046494828,k=5",30,0.5616584079169198,30,30,0.025297954119484767,146.0,0.12209034758061738,0.28709592721641447,0.9477029103072551,0.35111156147346834,1.0,False
2026-08-30T05:50:17.619927+00:00,diabetes,f1,gen_exponential,"epsilon=1.8183018870845464,k=24,p=1.0876075315744576",30,0.5869563620364046,quartic_spline,"h=4.202427259718735,k=24",30,0.5902895355817722,30,30,-0.00333317354536752,66.0,0.9176315934670087,0.025854384499750943,-0.2621242321110997,0.7950786739975748,1.0,False
2026-08-30T05:50:17.650377+00:00,diabetes,f1,gen_exponential,"epsilon=1.8183018870845464,k=24,p=1.0876075315744576",30,0.5869563620364046,radial,"k=23,z=1.32301260339973",30,0.5782414789378408,30,30,0.008714883098563631,110.5,0.2590057541029295,0.23040394679988205,0.47843101761493334,0.6359307628078401,1.0,False
2026-08-30T05:50:17.679397+00:00,diabetes,f1,gen_exponential,"epsilon=1.8183018870845464,k=24,p=1.0876075315744576",30,0.5869563620364046,rational_quadratic,"alpha=1.8396816819832966,k=24,l=0.61813562627659",30,0.594327115836391,30,30,-0.007370753799986317,77.5,0.3045017822240573,0.22960556901588675,-0.51230437164478,0.6123179130193346,1.0,False
2026-08-30T05:50:17.707895+00:00,diabetes,f1,gen_exponential,"epsilon=1.8183018870845464,k=24,p=1.0876075315744576",30,0.5869563620364046,rbf_gaussian,"epsilon=20.764908972522903,k=24",30,0.5720016113799392,30,30,0.014954750656465319,153.0,0.2548820588548997,0.2151697261174207,0.582483238544031,0.5647430487431297,1.0,False
2026-08-30T05:50:17.738755+00:00,diabetes,f1,gen_exponential,"epsilon=1.8183018870845464,k=24,p=1.0876075315744576",30,0.5869563620364046,shepard,"k=26,z=3.9113948303841823",30,0.58726412414898,30,30,-0.0003077621125753401,111.0,0.8757103086427647,0.034131334705836375,-0.019750186564107652,0.9843779191911728,1.0,False
2026-08-30T05:50:17.767181+00:00,diabetes,f1,gen_exponential,"epsilon=1.8183018870845464,k=24,p=1.0876075315744576",30,0.5869563620364046,sigmoidal,"alpha=0.8833870463885941,c=1.524573429863682,k=8",30,0.5938858212781016,30,30,-0.006929459241697037,141.5,0.5720256655872462,0.11301414326922059,-0.3134590582664802,0.7561754485916738,1.0,False
2026-08-30T05:50:17.799399+00:00,diabetes,f1,gen_exponential,"epsilon=1.8183018870845464,k=24,p=1.0876075315744576",30,0.5869563620364046,softmax_radial,"beta=1.5731191654258474,k=21",30,0.5846880791722627,30,30,0.002268282864141861,92.0,0.6274460333215013,0.10852190324685866,0.1826156539066713,0.8563702515039355,1.0,False
2026-08-30T05:50:17.840432+00:00,diabetes,f1,gen_exponential,"epsilon=1.8183018870845464,k=24,p=1.0876075315744576",30,0.5869563620364046,student_t,"k=9,nu=0.00017999855738190504",30,0.5857269467630962,30,30,0.0012294152733084319,174.0,0.7185667307022461,0.06935419821470659,0.052438586474971745,0.9585387868985737,1.0,False
2026-08-30T05:50:17.877159+00:00,diabetes,f1,gen_exponential,"epsilon=1.8183018870845464,k=24,p=1.0876075315744576",30,0.5869563620364046,wendland_c2,"h=1.375874185333854,k=21",30,0.5846051026568216,30,30,0.0023512593795828873,200.5,0.9546006350403917,0.010758834990384108,0.088985768557517,0.9297049263066173,1.0,False
2026-08-30T05:50:17.905032+00:00,diabetes,f1,harmonic,k=8,30,0.591967169885766,inverse_multiquadratic,"c=0.014023144866075163,k=9",30,0.5857269467630962,30,30,0.006240223122669871,131.0,0.3966787576604369,0.16951354408707076,0.3601569756752106,0.7213396321010452,1.0,False
2026-08-30T05:50:17.931461+00:00,diabetes,f1,harmonic,k=8,30,0.591967169885766,laplacian,"epsilon=1.5731191654258474,k=21",30,0.5846880791722627,30,30,0.0072790907135033,156.5,0.2896271843028313,0.20012081698372036,0.3191237145503224,0.7519200912066819,1.0,False
2026-08-30T05:50:17.957877+00:00,diabetes,f1,harmonic,k=8,30,0.591967169885766,logarithmic,"c=0.23232604885522545,k=4",30,0.5852008796056098,30,30,0.006766290280156112,132.0,0.41183950024590854,0.16413216173510023,0.27064794362847466,0.7885788230950608,1.0,False
2026-08-30T05:50:17.986476+00:00,diabetes,f1,harmonic,k=8,30,0.591967169885766,lorentzian,k=15,30,0.5849690658585002,30,30,0.006998104027265856,128.5,0.3602130438147647,0.18299184217479642,0.4052673041004575,0.6882553362616544,1.0,False
2026-08-30T05:50:18.028118+00:00,diabetes,f1,harmonic,k=8,30,0.591967169885766,multiquadratic,"c=0.5614690046494828,k=5",30,0.5616584079169198,30,30,0.030308761968846208,80.0,0.02643097377815259,0.44396404403756656,1.1503206570689042,0.2594094398193951,1.0,False
2026-08-30T05:50:18.061138+00:00,diabetes,f1,harmonic,k=8,30,0.591967169885766,quartic_spline,"h=4.202427259718735,k=24",30,0.5902895355817722,30,30,0.001677634303993919,159.0,0.6751674415281835,0.08218572681484548,0.07369251082935006,0.9417610173242763,1.0,False
2026-08-30T05:50:18.096953+00:00,diabetes,f1,harmonic,k=8,30,0.591967169885766,radial,"k=23,z=1.32301260339973",30,0.5782414789378408,30,30,0.013725690947925069,170.0,0.20540969260036945,0.2311916531613018,0.614954941725008,0.543380160458105,1.0,False
2026-08-30T05:50:18.134097+00:00,diabetes,f1,harmonic,k=8,30,0.591967169885766,rational_quadratic,"alpha=1.8396816819832966,k=24,l=0.61813562627659",30,0.594327115836391,30,30,-0.0023599459506248774,182.0,0.866445613400565,0.03236529250019638,-0.10179327773639346,0.919621343914141,1.0,False
2026-08-30T05:50:18.167798+00:00,diabetes,f1,harmonic,k=8,30,0.591967169885766,rbf_gaussian,"epsilon=20.764908972522903,k=24",30,0.5720016113799392,30,30,0.01996555850582676,173.0,0.3359328511803926,0.17868208057525112,0.7175810924787448,0.4787565104621274,1.0,False
2026-08-30T05:50:18.207187+00:00,diabetes,f1,harmonic,k=8,30,0.591967169885766,shepard,"k=26,z=3.9113948303841823",30,0.58726412414898,30,30,0.004703045736786099,167.0,0.5971044374694905,0.10172316044777989,0.22115722509554583,0.8265198277530268,1.0,False
2026-08-30T05:50:18.247754+00:00,diabetes,f1,harmonic,k=8,30,0.591967169885766,sigmoidal,"alpha=0.8833870463885941,c=1.524573429863682,k=8",30,0.5938858212781016,30,30,-0.0019186513923355982,10.0,0.49896229860376107,0.25555062599997597,-0.32661687091501224,0.7463033345844647,1.0,False
2026-08-30T05:50:18.285295+00:00,diabetes,f1,harmonic,k=8,30,0.591967169885766,softmax_radial,"beta=1.5731191654258474,k=21",30,0.5846880791722627,30,30,0.0072790907135033,156.5,0.2896271843028313,0.20012081698372036,0.3191237145503224,0.7519200912066819,1.0,False
2026-08-30T05:50:18.327140+00:00,diabetes,f1,harmonic,k=8,30,0.591967169885766,student_t,"k=9,nu=0.00017999855738190504",30,0.5857269467630962,30,30,0.006240223122669871,131.0,0.3966787576604369,0.16951354408707076,0.3601569756752106,0.7213396321010452,1.0,False
2026-08-30T05:50:18.358993+00:00,diabetes,f1,harmonic,k=8,30,0.591967169885766,wendland_c2,"h=1.375874185333854,k=21",30,0.5846051026568216,30,30,0.007362067228944326,189.0,0.5377102360649797,0.114440182418557,0.32888173886431993,0.7446083956537048,1.0,False
2026-08-30T05:50:18.390973+00:00,diabetes,f1,inverse_multiquadratic,"c=0.014023144866075163,k=9",30,0.5857269467630962,laplacian,"epsilon=1.5731191654258474,k=21",30,0.5846880791722627,30,30,0.0010388675908334292,194.0,0.8376168070245121,0.038730550701135694,0.04881125511961949,0.961404338154048,1.0,False
2026-08-30T05:50:18.422211+00:00,diabetes,f1,inverse_multiquadratic,"c=0.014023144866075163,k=9",30,0.5857269467630962,logarithmic,"c=0.23232604885522545,k=4",30,0.5852008796056098,30,30,0.0005260671574862411,213.0,0.9224846577154711,0.018068974440193935,0.01854243521498798,0.9853331141944524,1.0,False
2026-08-30T05:50:18.450585+00:00,diabetes,f1,inverse_multiquadratic,"c=0.014023144866075163,k=9",30,0.5857269467630962,lorentzian,k=15,30,0.5849690658585002,30,30,0.0007578809045959849,165.5,0.7994953618696918,0.049813548138671816,0.045945899880987164,0.9636683097710965,1.0,False
2026-08-30T05:50:18.477243+00:00,diabetes,f1,inverse_multiquadratic,"c=0.014023144866075163,k=9",30,0.5857269467630962,multiquadratic,"c=0.5614690046494828,k=5",30,0.5616584079169198,30,30,0.024068538846176338,131.0,0.10110033021878644,0.30984440560908566,1.021460257257898,0.3154824770988167,1.0,False
2026-08-30T05:50:18.509740+00:00,diabetes,f1,inverse_multiquadratic,"c=0.014023144866075163,k=9",30,0.5857269467630962,quartic_spline,"h=4.202427259718735,k=24",30,0.5902895355817722,30,30,-0.004562588818675952,198.0,0.6732787363156975,0.07829888924084033,-0.2122753754269731,0.8333771922968312,1.0,False
2026-08-30T05:50:18.540394+00:00,diabetes,f1,inverse_multiquadratic,"c=0.014023144866075163,k=9",30,0.5857269467630962,radial,"k=23,z=1.32301260339973",30,0.5782414789378408,30,30,0.007485467825255198,162.5,0.35638643487910704,0.17429312684422257,0.365463270875441,0.7174178291798912,1.0,False
2026-08-30T05:50:18.569284+00:00,diabetes,f1,inverse_multiquadratic,"c=0.014023144866075163,k=9",30,0.5857269467630962,rational_quadratic,"alpha=1.8396816819832966,k=24,l=0.61813562627659",30,0.594327115836391,30,30,-0.008600169073294748,174.5,0.352447719781107,0.17266918110145482,-0.37268375005462023,0.7120938666296195,1.0,False
2026-08-30T05:50:18.596559+00:00,diabetes,f1,inverse_multiquadratic,"c=0.014023144866075163,k=9",30,0.5857269467630962,rbf_gaussian,"epsilon=20.764908972522903,k=24",30,0.5720016113799392,30,30,0.013725335383156885,169.0,0.43879573906305935,0.146315413759846,0.4333120348078111,0.6679941969936825,1.0,False
2026-08-30T05:50:18.621714+00:00,diabetes,f1,inverse_multiquadratic,"c=0.014023144866075163,k=9",30,0.5857269467630962,shepard,"k=26,z=3.9113948303841823",30,0.58726412414898,30,30,-0.001537177385883772,158.0,0.656706715768133,0.0871666799551391,-0.07319997022201533,0.9421495497539016,1.0,False
2026-08-30T05:50:18.647215+00:00,diabetes,f1,inverse_multiquadratic,"c=0.014023144866075163,k=9",30,0.5857269467630962,sigmoidal,"alpha=0.8833870463885941,c=1.524573429863682,k=8",30,0.5938858212781016,30,30,-0.008158874515005469,111.0,0.26513225086229597,0.22746422458637372,-0.48002246743823507,0.6348123459656376,1.0,False
2026-08-30T05:50:18.673549+00:00,diabetes,f1,inverse_multiquadratic,"c=0.014023144866075163,k=9",30,0.5857269467630962,softmax_radial,"beta=1.5731191654258474,k=21",30,0.5846880791722627,30,30,0.0010388675908334292,194.0,0.8376168070245121,0.038730550701135694,0.04881125511961949,0.961404338154048,1.0,False
2026-08-30T05:50:18.697291+00:00,diabetes,f1,inverse_multiquadratic,"c=0.014023144866075163,k=9",30,0.5857269467630962,student_t,"k=9,nu=0.00017999855738190504",30,0.5857269467630962,30,30,0.0,,,,,,,False
2026-08-30T05:50:18.722465+00:00,diabetes,f1,inverse_multiquadratic,"c=0.014023144866075163,k=9",30,0.5857269467630962,wendland_c2,"h=1.375874185333854,k=21",30,0.5846051026568216,30,30,0.0011218441062744555,183.0,0.8853820274047068,0.027741679285882646,0.04146128116092526,0.9672123039061793,1.0,False
2026-08-30T05:50:18.747485+00:00,diabetes,f1,laplacian,"epsilon=1.5731191654258474,k=21",30,0.5846880791722627,logarithmic,"c=0.23232604885522545,k=4",30,0.5852008796056098,30,30,-0.0005128004333471881,190.0,0.5520738335717081,0.11042473742141465,-0.020952565151144048,0.9834269968467639,1.0,False
2026-08-30T05:50:18.772546+00:00,diabetes,f1,laplacian,"epsilon=1.5731191654258474,k=21",30,0.5846880791722627,lorentzian,k=15,30,0.5849690658585002,30,30,-0.00028098668623744436,126.0,0.987048648252314,0.003460849943758559,-0.017103812172218458,0.9864709314084381,1.0,False
2026-08-30T05:50:18.800347+00:00,diabetes,f1,laplacian,"epsilon=1.5731191654258474,k=21",30,0.5846880791722627,multiquadratic,"c=0.5614690046494828,k=5",30,0.5616584079169198,30,30,0.023029671255342908,154.0,0.26450786232203294,0.21086633159507218,0.7748091903418004,0.44472435207263294,1.0,False
2026-08-30T05:50:18.826875+00:00,diabetes,f1,laplacian,"epsilon=1.5731191654258474,k=21",30,0.5846880791722627,quartic_spline,"h=4.202427259718735,k=24",30,0.5902895355817722,30,30,-0.005601456409509381,118.5,0.3680958129277412,0.18372110447360956,-0.4383256600323022,0.6643981881900436,1.0,False
2026-08-30T05:50:18.852981+00:00,diabetes,f1,laplacian,"epsilon=1.5731191654258474,k=21",30,0.5846880791722627,radial,"k=23,z=1.32301260339973",30,0.5782414789378408,30,30,0.00644660023442177,167.0,0.5970912052261491,0.10172683057786414,0.34599752914301235,0.7318422157820654,1.0,False
2026-08-30T05:50:18.882455+00:00,diabetes,f1,laplacian,"epsilon=1.5731191654258474,k=21",30,0.5846880791722627,rational_quadratic,"alpha=1.8396816819832966,k=24,l=0.61813562627659",30,0.594327115836391,30,30,-0.009639036664128178,97.5,0.21788862884948257,0.25692350741974906,-0.5754611790853937,0.5694181714712763,1.0,False
2026-08-30T05:50:18.914179+00:00,diabetes,f1,laplacian,"epsilon=1.5731191654258474,k=21",30,0.5846880791722627,rbf_gaussian,"epsilon=20.764908972522903,k=24",30,0.5720016113799392,30,30,0.012686467792323458,201.0,0.5291051845997572,0.11490718088253653,0.4539648959012476,0.653233438770968,1.0,False
2026-08-30T05:50:18.941415+00:00,diabetes,f1,laplacian,"epsilon=1.5731191654258474,k=21",30,0.5846880791722627,shepard,"k=26,z=3.9113948303841823",30,0.58726412414898,30,30,-0.002576044976717201,139.0,0.7533040472859123,0.06415330278717848,-0.1402290728712671,0.8894484544759722,1.0,False
2026-08-30T05:50:18.969128+00:00,diabetes,f1,laplacian,"epsilon=1.5731191654258474,k=21",30,0.5846880791722627,sigmoidal,"alpha=0.8833870463885941,c=1.524573429863682,k=8",30,0.5938858212781016,30,30,-0.009197742105838898,135.5,0.19864199564539253,0.24738115617798775,-0.45242009139491746,0.6543326892396979,1.0,False
2026-08-30T05:50:18.998293+00:00,diabetes,f1,laplacian,"epsilon=1.5731191654258474,k=21",30,0.5846880791722627,softmax_radial,"beta=1.5731191654258474,k=21",30,0.5846880791722627,30,30,0.0,,,,,,,False
2026-08-30T05:50:19.038117+00:00,diabetes,f1,laplacian,"epsilon=1.5731191654258474,k=21",30,0.5846880791722627,student_t,"k=9,nu=0.00017999855738190504",30,0.5857269467630962,30,30,-0.0010388675908334292,194.0,0.8376168070245121,0.038730550701135694,-0.04881125511961949,0.961404338154048,1.0,False
2026-08-30T05:50:19.080022+00:00,diabetes,f1,laplacian,"epsilon=1.5731191654258474,k=21",30,0.5846880791722627,wendland_c2,"h=1.375874185333854,k=21",30,0.5846051026568216,30,30,8.297651544102631e-05,219.5,0.7891646777424939,0.04881951240766089,0.0030324182383683943,0.9976012482978631,1.0,False
2026-08-30T05:50:19.108587+00:00,diabetes,f1,logarithmic,"c=0.23232604885522545,k=4",30,0.5852008796056098,lorentzian,k=15,30,0.5849690658585002,30,30,0.00023181374710974368,185.5,0.6902522065766759,0.07531184493268878,0.00966451455168513,0.9923551329879037,1.0,False
2026-08-30T05:50:19.136206+00:00,diabetes,f1,logarithmic,"c=0.23232604885522545,k=4",30,0.5852008796056098,multiquadratic,"c=0.5614690046494828,k=5",30,0.5616584079169198,30,30,0.023542471688690097,155.0,0.27438136433460003,0.2065629370727238,0.7114526338571907,0.482487823644286,1.0,False
2026-08-30T05:50:19.163431+00:00,diabetes,f1,logarithmic,"c=0.23232604885522545,k=4",30,0.5852008796056098,quartic_spline,"h=4.202427259718735,k=24",30,0.5902895355817722,30,30,-0.005088655976162193,211.0,0.8882248121928067,0.02609962974694679,-0.19172263808032058,0.8492955968652725,1.0,False
2026-08-30T05:50:19.191228+00:00,diabetes,f1,logarithmic,"c=0.23232604885522545,k=4",30,0.5852008796056098,radial,"k=23,z=1.32301260339973",30,0.5782414789378408,30,30,0.0069594006677689575,202.0,0.5304292201213694,0.114538086802589,0.24933212795311105,0.8048614505976195,1.0,False
2026-08-30T05:50:19.217506+00:00,diabetes,f1,logarithmic,"c=0.23232604885522545,k=4",30,0.5852008796056098,rational_quadratic,"alpha=1.8396816819832966,k=24,l=0.61813562627659",30,0.594327115836391,30,30,-0.00912623623078099,189.0,0.7498703976392684,0.06024947594615102,-0.34316539548595804,0.7339493519291842,1.0,False
2026-08-30T05:50:19.243124+00:00,diabetes,f1,logarithmic,"c=0.23232604885522545,k=4",30,0.5852008796056098,rbf_gaussian,"epsilon=20.764908972522903,k=24",30,0.5720016113799392,30,30,0.013199268225670645,176.0,0.36951134123291407,0.16664096738140752,0.48199006506869563,0.6334307972586966,1.0,False
2026-08-30T05:50:19.268411+00:00,diabetes,f1,logarithmic,"c=0.23232604885522545,k=4",30,0.5852008796056098,shepard,"k=26,z=3.9113948303841823",30,0.58726412414898,30,30,-0.002063244543370013,177.5,0.7823119535949844,0.05317538871115629,-0.08702464823978487,0.9312500437822084,1.0,False
2026-08-30T05:50:19.296456+00:00,diabetes,f1,logarithmic,"c=0.23232604885522545,k=4",30,0.5852008796056098,sigmoidal,"alpha=0.8833870463885941,c=1.524573429863682,k=8",30,0.5938858212781016,30,30,-0.00868494167249171,139.0,0.3538935416976694,0.1818121197200915,-0.3503684649923878,0.7285943733803815,1.0,False
2026-08-30T05:50:19.322732+00:00,diabetes,f1,logarithmic,"c=0.23232604885522545,k=4",30,0.5852008796056098,softmax_radial,"beta=1.5731191654258474,k=21",30,0.5846880791722627,30,30,0.0005128004333471881,190.0,0.5520738335717081,0.11042473742141465,0.020952565151144048,0.9834269968467639,1.0,False
2026-08-30T05:50:19.347730+00:00,diabetes,f1,logarithmic,"c=0.23232604885522545,k=4",30,0.5852008796056098,student_t,"k=9,nu=0.00017999855738190504",30,0.5857269467630962,30,30,-0.0005260671574862411,213.0,0.9224846577154711,0.018068974440193935,-0.01854243521498798,0.9853331141944524,1.0,False
2026-08-30T05:50:19.373132+00:00,diabetes,f1,logarithmic,"c=0.23232604885522545,k=4",30,0.5852008796056098,wendland_c2,"h=1.375874185333854,k=21",30,0.5846051026568216,30,30,0.0005957769487882143,202.0,0.9818326029360694,0.004303394522348429,0.024567038095456285,0.9805685820167414,1.0,False
2026-08-30T05:50:19.401137+00:00,diabetes,f1,lorentzian,k=15,30,0.5849690658585002,multiquadratic,"c=0.5614690046494828,k=5",30,0.5616584079169198,30,30,0.02331065794158035,77.5,0.06573725554587156,0.3837105327713975,1.0537799517700799,0.30068479388997504,1.0,False
2026-08-30T05:50:19.426366+00:00,diabetes,f1,lorentzian,k=15,30,0.5849690658585002,quartic_spline,"h=4.202427259718735,k=24",30,0.5902895355817722,30,30,-0.005320469723271937,119.0,0.3757471496473521,0.18080489646609196,-0.3105015622373175,0.7584002610145824,1.0,False
2026-08-30T05:50:19.451688+00:00,diabetes,f1,lorentzian,k=15,30,0.5849690658585002,radial,"k=23,z=1.32301260339973",30,0.5782414789378408,30,30,0.006727586920659214,184.0,0.4688081831501826,0.13452133876508682,0.35915469928063426,0.7220812699970294,1.0,False
2026-08-30T05:50:19.477243+00:00,diabetes,f1,lorentzian,k=15,30,0.5849690658585002,rational_quadratic,"alpha=1.8396816819832966,k=24,l=0.61813562627659",30,0.594327115836391,30,30,-0.009358049977890732,137.0,0.3281623065662794,0.1917666959013061,-0.47568743327120344,0.6378609123950891,1.0,False
2026-08-30T05:50:19.505084+00:00,diabetes,f1,lorentzian,k=15,30,0.5849690658585002,rbf_gaussian,"epsilon=20.764908972522903,k=24",30,0.5720016113799392,30,30,0.012967454478560902,160.0,0.3274953931671095,0.18504596446098182,0.5001440234790694,0.6207479237927407,1.0,False
2026-08-30T05:50:19.530662+00:00,diabetes,f1,lorentzian,k=15,30,0.5849690658585002,shepard,"k=26,z=3.9113948303841823",30,0.58726412414898,30,30,-0.0022950582904797566,169.5,0.6394239379127129,0.09016371039689579,-0.15353455235835461,0.879040158199202,1.0,False
2026-08-30T05:50:19.556476+00:00,diabetes,f1,lorentzian,k=15,30,0.5849690658585002,sigmoidal,"alpha=0.8833870463885941,c=1.524573429863682,k=8",30,0.5938858212781016,30,30,-0.008916755419601454,118.5,0.2364298111098867,0.2367915382783669,-0.5873800371622995,0.5614944136577278,1.0,False
2026-08-30T05:50:19.582441+00:00,diabetes,f1,lorentzian,k=15,30,0.5849690658585002,softmax_radial,"beta=1.5731191654258474,k=21",30,0.5846880791722627,30,30,0.00028098668623744436,126.0,0.987048648252314,0.003460849943758559,0.017103812172218458,0.9864709314084381,1.0,False
2026-08-30T05:50:19.607618+00:00,diabetes,f1,lorentzian,k=15,30,0.5849690658585002,student_t,"k=9,nu=0.00017999855738190504",30,0.5857269467630962,30,30,-0.0007578809045959849,165.5,0.7994953618696918,0.049813548138671816,-0.045945899880987164,0.9636683097710965,1.0,False
2026-08-30T05:50:19.638398+00:00,diabetes,f1,lorentzian,k=15,30,0.5849690658585002,wendland_c2,"h=1.375874185333854,k=21",30,0.5846051026568216,30,30,0.0003639632016784707,188.0,0.9808326681373396,0.004623613214313762,0.01520403676967114,0.9879735212870513,1.0,False
2026-08-30T05:50:19.666686+00:00,diabetes,f1,multiquadratic,"c=0.5614690046494828,k=5",30,0.5616584079169198,quartic_spline,"h=4.202427259718735,k=24",30,0.5902895355817722,30,30,-0.028631127664852287,132.0,0.06448905195968246,0.3433105143636847,-1.048196898725166,0.30320566613539457,1.0,False
2026-08-30T05:50:19.697641+00:00,diabetes,f1,multiquadratic,"c=0.5614690046494828,k=5",30,0.5616584079169198,radial,"k=23,z=1.32301260339973",30,0.5782414789378408,30,30,-0.01658307102092114,150.0,0.22746120001825199,0.22808730179614312,-0.6923279363715947,0.4942381883317959,1.0,False
2026-08-30T05:50:19.727698+00:00,diabetes,f1,multiquadratic,"c=0.5614690046494828,k=5",30,0.5616584079169198,rational_quadratic,"alpha=1.8396816819832966,k=24,l=0.61813562627659",30,0.594327115836391,30,30,-0.032668707919471095,111.0,0.021282319155343083,0.42764489219566043,-1.1404565947508154,0.26342755787222294,1.0,False
2026-08-30T05:50:19.761696+00:00,diabetes,f1,multiquadratic,"c=0.5614690046494828,k=5",30,0.5616584079169198,rbf_gaussian,"epsilon=20.764908972522903,k=24",30,0.5720016113799392,30,30,-0.01034320346301945,199.0,0.6891349940127396,0.07428356158746394,-0.30815397692231555,0.7601677619379927,1.0,False
2026-08-30T05:50:19.799033+00:00,diabetes,f1,multiquadratic,"c=0.5614690046494828,k=5",30,0.5616584079169198,shepard,"k=26,z=3.9113948303841823",30,0.58726412414898,30,30,-0.025605716232060108,116.5,0.04886221803257359,0.3722556906672903,-1.053176518458773,0.3009565470023381,1.0,False
2026-08-30T05:50:19.836318+00:00,diabetes,f1,multiquadratic,"c=0.5614690046494828,k=5",30,0.5616584079169198,sigmoidal,"alpha=0.8833870463885941,c=1.524573429863682,k=8",30,0.5938858212781016,30,30,-0.03222741336118181,78.0,0.01327509438986435,0.48564293117863244,-1.2833377519833646,0.2095347314580429,1.0,False
2026-08-30T05:50:19.865850+00:00,diabetes,f1,multiquadratic,"c=0.5614690046494828,k=5",30,0.5616584079169198,softmax_radial,"beta=1.5731191654258474,k=21",30,0.5846880791722627,30,30,-0.023029671255342908,154.0,0.26450786232203294,0.21086633159507218,-0.7748091903418004,0.44472435207263294,1.0,False
2026-08-30T05:50:19.892975+00:00,diabetes,f1,multiquadratic,"c=0.5614690046494828,k=5",30,0.5616584079169198,student_t,"k=9,nu=0.00017999855738190504",30,0.5857269467630962,30,30,-0.024068538846176338,131.0,0.10110033021878644,0.30984440560908566,-1.021460257257898,0.3154824770988167,1.0,False
2026-08-30T05:50:19.922729+00:00,diabetes,f1,multiquadratic,"c=0.5614690046494828,k=5",30,0.5616584079169198,wendland_c2,"h=1.375874185333854,k=21",30,0.5846051026568216,30,30,-0.022946694739901876,164.0,0.24733722014186277,0.2148200294556389,-0.7308988478518074,0.4707054513870541,1.0,False
2026-08-30T05:50:19.958526+00:00,diabetes,f1,quartic_spline,"h=4.202427259718735,k=24",30,0.5902895355817722,radial,"k=23,z=1.32301260339973",30,0.5782414789378408,30,30,0.012048056643931151,66.5,0.0884244025012926,0.3717927004395677,0.7787126717728433,0.44245707646533994,1.0,False
2026-08-30T05:50:19.988427+00:00,diabetes,f1,quartic_spline,"h=4.202427259718735,k=24",30,0.5902895355817722,rational_quadratic,"alpha=1.8396816819832966,k=24,l=0.61813562627659",30,0.594327115836391,30,30,-0.004037580254618796,76.0,0.6790011752236758,0.09753984140866877,-0.28799593267437845,0.7753981306861739,1.0,False
2026-08-30T05:50:20.017706+00:00,diabetes,f1,quartic_spline,"h=4.202427259718735,k=24",30,0.5902895355817722,rbf_gaussian,"epsilon=20.764908972522903,k=24",30,0.5720016113799392,30,30,0.018287924201832836,180.0,0.28936620615422726,0.1934397256760088,0.6176868021114487,0.5416023668261172,1.0,False
2026-08-30T05:50:20.042679+00:00,diabetes,f1,quartic_spline,"h=4.202427259718735,k=24",30,0.5902895355817722,shepard,"k=26,z=3.9113948303841823",30,0.58726412414898,30,30,0.00302541143279218,152.0,0.7775428401502809,0.05650451469569025,0.15675319101792753,0.876525585010667,1.0,False
2026-08-30T05:50:20.069402+00:00,diabetes,f1,quartic_spline,"h=4.202427259718735,k=24",30,0.5902895355817722,sigmoidal,"alpha=0.8833870463885941,c=1.524573429863682,k=8",30,0.5938858212781016,30,30,-0.0035962856963295173,157.0,0.6384532010547104,0.0921476330954328,-0.174944805402143,0.8623387255934587,1.0,False
2026-08-30T05:50:20.094341+00:00,diabetes,f1,quartic_spline,"h=4.202427259718735,k=24",30,0.5902895355817722,softmax_radial,"beta=1.5731191654258474,k=21",30,0.5846880791722627,30,30,0.005601456409509381,118.5,0.3680958129277412,0.18372110447360956,0.4383256600323022,0.6643981881900436,1.0,False
2026-08-30T05:50:20.125027+00:00,diabetes,f1,quartic_spline,"h=4.202427259718735,k=24",30,0.5902895355817722,student_t,"k=9,nu=0.00017999855738190504",30,0.5857269467630962,30,30,0.004562588818675952,198.0,0.6732787363156975,0.07829888924084033,0.2122753754269731,0.8333771922968312,1.0,False
2026-08-30T05:50:20.151572+00:00,diabetes,f1,quartic_spline,"h=4.202427259718735,k=24",30,0.5902895355817722,wendland_c2,"h=1.375874185333854,k=21",30,0.5846051026568216,30,30,0.005684432924950408,207.5,0.828801976575787,0.040154449971423506,0.2027333360430805,0.8407591455624313,1.0,False
2026-08-30T05:50:20.181042+00:00,diabetes,f1,radial,"k=23,z=1.32301260339973",30,0.5782414789378408,rational_quadratic,"alpha=1.8396816819832966,k=24,l=0.61813562627659",30,0.594327115836391,30,30,-0.016085636898549947,80.0,0.13103048934663197,0.321943889649039,-0.8393055904818109,0.40816365477817884,1.0,False
2026-08-30T05:50:20.206983+00:00,diabetes,f1,radial,"k=23,z=1.32301260339973",30,0.5782414789378408,rbf_gaussian,"epsilon=20.764908972522903,k=24",30,0.5720016113799392,30,30,0.006239867557901689,204.0,0.7703529786474997,0.054206923320581774,0.23701275966681384,0.8143132149913506,1.0,False
2026-08-30T05:50:20.233051+00:00,diabetes,f1,radial,"k=23,z=1.32301260339973",30,0.5782414789378408,shepard,"k=26,z=3.9113948303841823",30,0.58726412414898,30,30,-0.00902264521113897,142.0,0.3948244321483969,0.16687538626455053,-0.4069137540237328,0.6870591306462248,1.0,False
2026-08-30T05:50:20.259022+00:00,diabetes,f1,radial,"k=23,z=1.32301260339973",30,0.5782414789378408,sigmoidal,"alpha=0.8833870463885941,c=1.524573429863682,k=8",30,0.5938858212781016,30,30,-0.01564434234026067,138.5,0.14188584706320495,0.27757794275191006,-0.7348041053168246,0.46835957599489597,1.0,False
2026-08-30T05:50:20.285116+00:00,diabetes,f1,radial,"k=23,z=1.32301260339973",30,0.5782414789378408,softmax_radial,"beta=1.5731191654258474,k=21",30,0.5846880791722627,30,30,-0.00644660023442177,167.0,0.5970912052261491,0.10172683057786414,-0.34599752914301235,0.7318422157820654,1.0,False
2026-08-30T05:50:20.313396+00:00,diabetes,f1,radial,"k=23,z=1.32301260339973",30,0.5782414789378408,student_t,"k=9,nu=0.00017999855738190504",30,0.5857269467630962,30,30,-0.007485467825255198,162.5,0.35638643487910704,0.17429312684422257,-0.365463270875441,0.7174178291798912,1.0,False
2026-08-30T05:50:20.343574+00:00,diabetes,f1,radial,"k=23,z=1.32301260339973",30,0.5782414789378408,wendland_c2,"h=1.375874185333854,k=21",30,0.5846051026568216,30,30,-0.0063636237189807435,173.0,0.49451667461355175,0.12910183567045241,-0.269030451083502,0.789811085587433,1.0,False
2026-08-30T05:50:20.373227+00:00,diabetes,f1,rational_quadratic,"alpha=1.8396816819832966,k=24,l=0.61813562627659",30,0.594327115836391,rbf_gaussian,"epsilon=20.764908972522903,k=24",30,0.5720016113799392,30,30,0.022325504456451636,134.0,0.11612964862663322,0.29693422204204056,0.8098559178924346,0.4246187065784546,1.0,False
2026-08-30T05:50:20.403412+00:00,diabetes,f1,rational_quadratic,"alpha=1.8396816819832966,k=24,l=0.61813562627659",30,0.594327115836391,shepard,"k=26,z=3.9113948303841823",30,0.58726412414898,30,30,0.0070629916874109765,123.0,0.44045294529422474,0.15746719775034718,0.41740356416441143,0.6794573672692494,1.0,False
2026-08-30T05:50:20.429600+00:00,diabetes,f1,rational_quadratic,"alpha=1.8396816819832966,k=24,l=0.61813562627659",30,0.594327115836391,sigmoidal,"alpha=0.8833870463885941,c=1.524573429863682,k=8",30,0.5938858212781016,30,30,0.0004412945582892791,172.0,0.9291670099771987,0.017433335991027827,0.02060745194693514,0.9836999332470933,1.0,False
2026-08-30T05:50:20.455825+00:00,diabetes,f1,rational_quadratic,"alpha=1.8396816819832966,k=24,l=0.61813562627659",30,0.594327115836391,softmax_radial,"beta=1.5731191654258474,k=21",30,0.5846880791722627,30,30,0.009639036664128178,97.5,0.21788862884948257,0.25692350741974906,0.5754611790853937,0.5694181714712763,1.0,False
2026-08-30T05:50:20.490487+00:00,diabetes,f1,rational_quadratic,"alpha=1.8396816819832966,k=24,l=0.61813562627659",30,0.594327115836391,student_t,"k=9,nu=0.00017999855738190504",30,0.5857269467630962,30,30,0.008600169073294748,174.5,0.352447719781107,0.17266918110145482,0.37268375005462023,0.7120938666296195,1.0,False
2026-08-30T05:50:20.519694+00:00,diabetes,f1,rational_quadratic,"alpha=1.8396816819832966,k=24,l=0.61813562627659",30,0.594327115836391,wendland_c2,"h=1.375874185333854,k=21",30,0.5846051026568216,30,30,0.009722013179569203,184.0,0.46883416943806333,0.13451347638811037,0.3447666635820723,0.7327577319008625,1.0,False
2026-08-30T05:50:20.545833+00:00,diabetes,f1,rbf_gaussian,"epsilon=20.764908972522903,k=24",30,0.5720016113799392,shepard,"k=26,z=3.9113948303841823",30,0.58726412414898,30,30,-0.01526251276904066,143.0,0.17183550757176747,0.2582120397692187,-0.6893974400827987,0.49605284456201826,1.0,False
2026-08-30T05:50:20.573993+00:00,diabetes,f1,rbf_gaussian,"epsilon=20.764908972522903,k=24",30,0.5720016113799392,sigmoidal,"alpha=0.8833870463885941,c=1.524573429863682,k=8",30,0.5938858212781016,30,30,-0.021884209898162355,167.0,0.2748455584207301,0.20277404649550956,-0.791062827163786,0.4353296689718049,1.0,False
2026-08-30T05:50:20.601558+00:00,diabetes,f1,rbf_gaussian,"epsilon=20.764908972522903,k=24",30,0.5720016113799392,softmax_radial,"beta=1.5731191654258474,k=21",30,0.5846880791722627,30,30,-0.012686467792323458,201.0,0.5291051845997572,0.11490718088253653,-0.4539648959012476,0.653233438770968,1.0,False
2026-08-30T05:50:20.630269+00:00,diabetes,f1,rbf_gaussian,"epsilon=20.764908972522903,k=24",30,0.5720016113799392,student_t,"k=9,nu=0.00017999855738190504",30,0.5857269467630962,30,30,-0.013725335383156885,169.0,0.43879573906305935,0.146315413759846,-0.4333120348078111,0.6679941969936825,1.0,False
2026-08-30T05:50:20.656437+00:00,diabetes,f1,rbf_gaussian,"epsilon=20.764908972522903,k=24",30,0.5720016113799392,wendland_c2,"h=1.375874185333854,k=21",30,0.5846051026568216,30,30,-0.012603491276882432,55.0,0.06193006701281811,0.4174282984987049,-0.8598892468401882,0.396903157190694,1.0,False
2026-08-30T05:50:20.683900+00:00,diabetes,f1,shepard,"k=26,z=3.9113948303841823",30,0.58726412414898,sigmoidal,"alpha=0.8833870463885941,c=1.524573429863682,k=8",30,0.5938858212781016,30,30,-0.006621697129121697,151.0,0.3612515358077867,0.17570364077343795,-0.3340716517716028,0.7407293850189023,1.0,False
2026-08-30T05:50:20.709336+00:00,diabetes,f1,shepard,"k=26,z=3.9113948303841823",30,0.58726412414898,softmax_radial,"beta=1.5731191654258474,k=21",30,0.5846880791722627,30,30,0.002576044976717201,139.0,0.7533040472859123,0.06415330278717848,0.1402290728712671,0.8894484544759722,1.0,False
2026-08-30T05:50:20.735817+00:00,diabetes,f1,shepard,"k=26,z=3.9113948303841823",30,0.58726412414898,student_t,"k=9,nu=0.00017999855738190504",30,0.5857269467630962,30,30,0.001537177385883772,158.0,0.656706715768133,0.0871666799551391,0.07319997022201533,0.9421495497539016,1.0,False
2026-08-30T05:50:20.762484+00:00,diabetes,f1,shepard,"k=26,z=3.9113948303841823",30,0.58726412414898,wendland_c2,"h=1.375874185333854,k=21",30,0.5846051026568216,30,30,0.0026590214921582275,200.0,0.9455354646923675,0.012910183567045245,0.11471832047258691,0.909459003269113,1.0,False
2026-08-30T05:50:20.789335+00:00,diabetes,f1,sigmoidal,"alpha=0.8833870463885941,c=1.524573429863682,k=8",30,0.5938858212781016,softmax_radial,"beta=1.5731191654258474,k=21",30,0.5846880791722627,30,30,0.009197742105838898,135.5,0.19864199564539253,0.24738115617798775,0.45242009139491746,0.6543326892396979,1.0,False
2026-08-30T05:50:20.816842+00:00,diabetes,f1,sigmoidal,"alpha=0.8833870463885941,c=1.524573429863682,k=8",30,0.5938858212781016,student_t,"k=9,nu=0.00017999855738190504",30,0.5857269467630962,30,30,0.008158874515005469,111.0,0.26513225086229597,0.22746422458637372,0.48002246743823507,0.6348123459656376,1.0,False
2026-08-30T05:50:20.854160+00:00,diabetes,f1,sigmoidal,"alpha=0.8833870463885941,c=1.524573429863682,k=8",30,0.5938858212781016,wendland_c2,"h=1.375874185333854,k=21",30,0.5846051026568216,30,30,0.009280718621279925,180.0,0.41742669517511566,0.15057918739283815,0.4028558116744592,0.6900088547020058,1.0,False
2026-08-30T05:50:20.880926+00:00,diabetes,f1,softmax_radial,"beta=1.5731191654258474,k=21",30,0.5846880791722627,student_t,"k=9,nu=0.00017999855738190504",30,0.5857269467630962,30,30,-0.0010388675908334292,194.0,0.8376168070245121,0.038730550701135694,-0.04881125511961949,0.961404338154048,1.0,False
2026-08-30T05:50:20.906824+00:00,diabetes,f1,softmax_radial,"beta=1.5731191654258474,k=21",30,0.5846880791722627,wendland_c2,"h=1.375874185333854,k=21",30,0.5846051026568216,30,30,8.297651544102631e-05,219.5,0.7891646777424939,0.04881951240766089,0.0030324182383683943,0.9976012482978631,1.0,False
2026-08-30T05:50:20.933311+00:00,diabetes,f1,student_t,"k=9,nu=0.00017999855738190504",30,0.5857269467630962,wendland_c2,"h=1.375874185333854,k=21",30,0.5846051026568216,30,30,0.0011218441062744555,183.0,0.8853820274047068,0.027741679285882646,0.04146128116092526,0.9672123039061793,1.0,False
2026-08-30T05:50:20.977351+00:00,digits,f1,attention,k=5,30,0.9785562465982756,cauchy,"epsilon=0.1,k=5",30,0.9791311244311244,30,30,-0.0005748778328488487,0.0,0.17971249487899976,0.9486832980505135,-0.6910140139700939,0.49505134833631814,1.0,False
2026-08-30T05:50:21.004256+00:00,digits,f1,attention,k=5,30,0.9785562465982756,cosine,"h=5.0,k=5",30,0.9778524347364927,30,30,0.0007038118617828808,139.0,0.7532918688379326,0.06415657616538749,0.24323048759919566,0.8095391460770285,1.0,False
2026-08-30T05:50:21.031360+00:00,digits,f1,attention,k=5,30,0.9785562465982756,cubic_spline,"h=5.0,k=5",30,0.9778524347364927,30,30,0.0007038118617828808,139.0,0.7532918688379326,0.06415657616538749,0.24323048759919566,0.8095391460770285,1.0,False
2026-08-30T05:50:21.057027+00:00,digits,f1,attention,k=5,30,0.9785562465982756,entropic,"beta=20.0,k=20",30,0.9773547817721732,30,30,0.0012014648261025125,186.0,0.6986623792593414,0.07316007793461195,0.28328708541517794,0.7789692851015215,1.0,False
2026-08-30T05:50:21.084406+00:00,digits,f1,attention,k=5,30,0.9785562465982756,gen_exponential,"epsilon=0.1,k=5,p=1.0",30,0.9791311244311244,30,30,-0.0005748778328488487,0.0,0.17971249487899976,0.9486832980505135,-0.6910140139700939,0.49505134833631814,1.0,False
2026-08-30T05:50:21.110405+00:00,digits,f1,attention,k=5,30,0.9785562465982756,harmonic,"k=5,nu=0.01",30,0.9805196327022414,30,30,-0.0019633861039658252,0.0,0.017960477526078766,0.8944271909999169,-1.425115682169453,0.16479829709386706,1.0,False
2026-08-30T05:50:21.136991+00:00,digits,f1,attention,k=5,30,0.9785562465982756,inverse_multiquadratic,"c=0.01,k=5",30,0.9805196327022414,30,30,-0.0019633861039658252,0.0,0.017960477526078766,0.8944271909999169,-1.425115682169453,0.16479829709386706,1.0,False
2026-08-30T05:50:21.163540+00:00,digits,f1,attention,k=5,30,0.9785562465982756,laplacian,"epsilon=0.1,k=5",30,0.9791311244311244,30,30,-0.0005748778328488487,0.0,0.17971249487899976,0.9486832980505135,-0.6910140139700939,0.49505134833631814,1.0,False
2026-08-30T05:50:21.190899+00:00,digits,f1,attention,k=5,30,0.9785562465982756,logarithmic,"c=0.01,k=5",30,0.9805196327022414,30,30,-0.0019633861039658252,0.0,0.017960477526078766,0.8944271909999169,-1.425115682169453,0.16479829709386706,1.0,False
2026-08-30T05:50:21.216107+00:00,digits,f1,attention,k=5,30,0.9785562465982756,lorentzian,k=5,30,0.976707428374095,30,30,0.0018488182241805594,8.0,0.08583095844428565,0.5726039151671228,1.2123835489669115,0.23515049738500182,1.0,False
2026-08-30T05:50:21.241354+00:00,digits,f1,attention,k=5,30,0.9785562465982756,multiquadratic,"c=0.1,k=5",30,0.9735627169691139,30,30,0.004993529629161863,33.0,0.004137207994643546,0.6257411362736663,1.8170740074607226,0.07955386620693217,1.0,False
2026-08-30T05:50:21.267170+00:00,digits,f1,attention,k=5,30,0.9785562465982756,quartic_spline,"h=5.0,k=5",30,0.9778524347364927,30,30,0.0007038118617828808,139.0,0.7532918688379326,0.06415657616538749,0.24323048759919566,0.8095391460770285,1.0,False
2026-08-30T05:50:21.292137+00:00,digits,f1,attention,k=5,30,0.9785562465982756,radial,"k=5,z=0.05",30,0.9775084491997535,30,30,0.0010477973985220657,52.0,0.6495629244115453,0.11731769201708263,0.4107589827871333,0.6842686467899171,1.0,False
2026-08-30T05:50:21.318687+00:00,digits,f1,attention,k=5,30,0.9785562465982756,rational_quadratic,"alpha=0.5,k=5,l=0.01",30,0.9805196327022414,30,30,-0.0019633861039658252,0.0,0.017960477526078766,0.8944271909999169,-1.425115682169453,0.16479829709386706,1.0,False
2026-08-30T05:50:21.346383+00:00,digits,f1,attention,k=5,30,0.9785562465982756,rbf_gaussian,"epsilon=0.1,k=5",30,0.9783369905456861,30,30,0.0002192560525893783,7.0,0.892738400944348,0.06030226891555274,0.21947657522556002,0.8278163486266978,1.0,False
2026-08-30T05:50:21.371244+00:00,digits,f1,attention,k=5,30,0.9785562465982756,shepard,"k=5,z=1.0",30,0.9805196327022414,30,30,-0.0019633861039658252,0.0,0.017960477526078766,0.8944271909999169,-1.425115682169453,0.16479829709386706,1.0,False
2026-08-30T05:50:21.398504+00:00,digits,f1,attention,k=5,30,0.9785562465982756,sigmoidal,"alpha=0.5,c=0.5,k=5",30,0.9778054780967823,30,30,0.0007507685014931449,10.0,0.49896229860376107,0.25555062599997597,0.6022983868225356,0.5516562811593861,1.0,False
2026-08-30T05:50:21.424281+00:00,digits,f1,attention,k=5,30,0.9785562465982756,softmax_radial,"beta=0.1,k=5",30,0.9791311244311244,30,30,-0.0005748778328488487,0.0,0.17971249487899976,0.9486832980505135,-0.6910140139700939,0.49505134833631814,1.0,False
2026-08-30T05:50:21.449924+00:00,digits,f1,attention,k=5,30,0.9785562465982756,student_t,"k=5,nu=0.01",30,0.9805196327022414,30,30,-0.0019633861039658252,0.0,0.017960477526078766,0.8944271909999169,-1.425115682169453,0.16479829709386706,1.0,False
2026-08-30T05:50:21.475002+00:00,digits,f1,attention,k=5,30,0.9785562465982756,wendland_c2,"h=5.0,k=5",30,0.9778524347364927,30,30,0.0007038118617828808,139.0,0.7532918688379326,0.06415657616538749,0.24323048759919566,0.8095391460770285,1.0,False
2026-08-30T05:50:21.500417+00:00,digits,f1,cauchy,"epsilon=0.1,k=5",30,0.9791311244311244,cosine,"h=5.0,k=5",30,0.9778524347364927,30,30,0.0012786896946317295,127.0,0.5110675065337904,0.13414556834581012,0.4706308905842605,0.641425030810056,1.0,False
2026-08-30T05:50:21.527973+00:00,digits,f1,cauchy,"epsilon=0.1,k=5",30,0.9791311244311244,cubic_spline,"h=5.0,k=5",30,0.9778524347364927,30,30,0.0012786896946317295,127.0,0.5110675065337904,0.13414556834581012,0.4706308905842605,0.641425030810056,1.0,False
2026-08-30T05:50:21.553481+00:00,digits,f1,cauchy,"epsilon=0.1,k=5",30,0.9791311244311244,entropic,"beta=20.0,k=20",30,0.9773547817721732,30,30,0.0017763426589513613,160.0,0.4859749282803689,0.1340847832150994,0.44077363890393756,0.6626453249950874,1.0,False
2026-08-30T05:50:21.577559+00:00,digits,f1,cauchy,"epsilon=0.1,k=5",30,0.9791311244311244,gen_exponential,"epsilon=0.1,k=5,p=1.0",30,0.9791311244311244,30,30,0.0,,,,,,,False
2026-08-30T05:50:21.603853+00:00,digits,f1,cauchy,"epsilon=0.1,k=5",30,0.9791311244311244,harmonic,"k=5,nu=0.01",30,0.9805196327022414,30,30,-0.0013885082711169764,0.0,0.043114446783075355,0.904534033733291,-1.155286056806136,0.2574037700809182,1.0,False
2026-08-30T05:50:21.629448+00:00,digits,f1,cauchy,"epsilon=0.1,k=5",30,0.9791311244311244,inverse_multiquadratic,"c=0.01,k=5",30,0.9805196327022414,30,30,-0.0013885082711169764,0.0,0.043114446783075355,0.904534033733291,-1.155286056806136,0.2574037700809182,1.0,False
2026-08-30T05:50:21.654283+00:00,digits,f1,cauchy,"epsilon=0.1,k=5",30,0.9791311244311244,laplacian,"epsilon=0.1,k=5",30,0.9791311244311244,30,30,0.0,,,,,,,False
2026-08-30T05:50:21.679954+00:00,digits,f1,cauchy,"epsilon=0.1,k=5",30,0.9791311244311244,logarithmic,"c=0.01,k=5",30,0.9805196327022414,30,30,-0.0013885082711169764,0.0,0.043114446783075355,0.904534033733291,-1.155286056806136,0.2574037700809182,1.0,False
2026-08-30T05:50:21.704884+00:00,digits,f1,cauchy,"epsilon=0.1,k=5",30,0.9791311244311244,lorentzian,k=5,30,0.976707428374095,30,30,0.002423696057029408,7.0,0.03665792867221451,0.6607748305008114,1.320792971814114,0.19689888737818273,1.0,False
2026-08-30T05:50:21.730583+00:00,digits,f1,cauchy,"epsilon=0.1,k=5",30,0.9791311244311244,multiquadratic,"c=0.1,k=5",30,0.9735627169691139,30,30,0.005568407462010713,19.0,0.0007961977684636033,0.7319275109140448,2.0660945252045804,0.047854722812327166,1.0,False
2026-08-30T05:50:21.756831+00:00,digits,f1,cauchy,"epsilon=0.1,k=5",30,0.9791311244311244,quartic_spline,"h=5.0,k=5",30,0.9778524347364927,30,30,0.0012786896946317295,127.0,0.5110675065337904,0.13414556834581012,0.4706308905842605,0.641425030810056,1.0,False
2026-08-30T05:50:21.782223+00:00,digits,f1,cauchy,"epsilon=0.1,k=5",30,0.9791311244311244,radial,"k=5,z=0.05",30,0.9775084491997535,30,30,0.0016226752313709145,39.0,0.2329791081812146,0.307958941544842,0.6501577959061642,0.5207079642115595,1.0,False
2026-08-30T05:50:21.811175+00:00,digits,f1,cauchy,"epsilon=0.1,k=5",30,0.9791311244311244,rational_quadratic,"alpha=0.5,k=5,l=0.01",30,0.9805196327022414,30,30,-0.0013885082711169764,0.0,0.043114446783075355,0.904534033733291,-1.155286056806136,0.2574037700809182,1.0,False
2026-08-30T05:50:21.839303+00:00,digits,f1,cauchy,"epsilon=0.1,k=5",30,0.9791311244311244,rbf_gaussian,"epsilon=0.1,k=5",30,0.9783369905456861,30,30,0.000794133885438227,8.0,0.3104944343172349,0.38332593899996387,0.617776458079861,0.5415440738643622,1.0,False
2026-08-30T05:50:21.868624+00:00,digits,f1,cauchy,"epsilon=0.1,k=5",30,0.9791311244311244,shepard,"k=5,z=1.0",30,0.9805196327022414,30,30,-0.0013885082711169764,0.0,0.043114446783075355,0.904534033733291,-1.155286056806136,0.2574037700809182,1.0,False
2026-08-30T05:50:21.896595+00:00,digits,f1,cauchy,"epsilon=0.1,k=5",30,0.9791311244311244,sigmoidal,"alpha=0.5,c=0.5,k=5",30,0.9778054780967823,30,30,0.0013256463343419937,11.0,0.1730709208049953,0.454134139615304,0.9111225969774945,0.3697424976192547,1.0,False
2026-08-30T05:50:21.922561+00:00,digits,f1,cauchy,"epsilon=0.1,k=5",30,0.9791311244311244,softmax_radial,"beta=0.1,k=5",30,0.9791311244311244,30,30,0.0,,,,,,,False
2026-08-30T05:50:21.949883+00:00,digits,f1,cauchy,"epsilon=0.1,k=5",30,0.9791311244311244,student_t,"k=5,nu=0.01",30,0.9805196327022414,30,30,-0.0013885082711169764,0.0,0.043114446783075355,0.904534033733291,-1.155286056806136,0.2574037700809182,1.0,False
2026-08-30T05:50:21.975289+00:00,digits,f1,cauchy,"epsilon=0.1,k=5",30,0.9791311244311244,wendland_c2,"h=5.0,k=5",30,0.9778524347364927,30,30,0.0012786896946317295,127.0,0.5110675065337904,0.13414556834581012,0.4706308905842605,0.641425030810056,1.0,False
2026-08-30T05:50:21.999069+00:00,digits,f1,cosine,"h=5.0,k=5",30,0.9778524347364927,cubic_spline,"h=5.0,k=5",30,0.9778524347364927,30,30,0.0,,,,,,,False
2026-08-30T05:50:22.025199+00:00,digits,f1,cosine,"h=5.0,k=5",30,0.9778524347364927,entropic,"beta=20.0,k=20",30,0.9773547817721732,30,30,0.0004976529643196319,133.0,0.8791002179050413,0.03171711674217813,0.13886682219032515,0.8905152492804582,1.0,False
2026-08-30T05:50:22.050820+00:00,digits,f1,cosine,"h=5.0,k=5",30,0.9778524347364927,gen_exponential,"epsilon=0.1,k=5,p=1.0",30,0.9791311244311244,30,30,-0.0012786896946317295,127.0,0.5110675065337904,0.13414556834581012,-0.4706308905842605,0.641425030810056,1.0,False
2026-08-30T05:50:22.077303+00:00,digits,f1,cosine,"h=5.0,k=5",30,0.9778524347364927,harmonic,"k=5,nu=0.01",30,0.9805196327022414,30,30,-0.002667197965748706,78.0,0.06800061994241925,0.3805393713435346,-1.1362516316379716,0.26515411921786036,1.0,False
2026-08-30T05:50:22.103761+00:00,digits,f1,cosine,"h=5.0,k=5",30,0.9778524347364927,inverse_multiquadratic,"c=0.01,k=5",30,0.9805196327022414,30,30,-0.002667197965748706,78.0,0.06800061994241925,0.3805393713435346,-1.1362516316379716,0.26515411921786036,1.0,False
2026-08-30T05:50:22.129340+00:00,digits,f1,cosine,"h=5.0,k=5",30,0.9778524347364927,laplacian,"epsilon=0.1,k=5",30,0.9791311244311244,30,30,-0.0012786896946317295,127.0,0.5110675065337904,0.13414556834581012,-0.4706308905842605,0.641425030810056,1.0,False
2026-08-30T05:50:22.157604+00:00,digits,f1,cosine,"h=5.0,k=5",30,0.9778524347364927,logarithmic,"c=0.01,k=5",30,0.9805196327022414,30,30,-0.002667197965748706,78.0,0.06800061994241925,0.3805393713435346,-1.1362516316379716,0.26515411921786036,1.0,False
2026-08-30T05:50:22.187918+00:00,digits,f1,cosine,"h=5.0,k=5",30,0.9778524347364927,lorentzian,k=5,30,0.976707428374095,30,30,0.0011450063623976788,148.0,0.48488172823135745,0.13698173403568537,0.3331554645684297,0.7414136550342183,1.0,False
2026-08-30T05:50:22.218628+00:00,digits,f1,cosine,"h=5.0,k=5",30,0.9778524347364927,multiquadratic,"c=0.1,k=5",30,0.9735627169691139,30,30,0.004289717767378983,68.0,0.019130578501628717,0.4782581132328885,1.3343110878074032,0.19248538187731623,1.0,False
2026-08-30T05:50:22.255722+00:00,digits,f1,cosine,"h=5.0,k=5",30,0.9778524347364927,quartic_spline,"h=5.0,k=5",30,0.9778524347364927,30,30,0.0,,,,,,,False
2026-08-30T05:50:22.290636+00:00,digits,f1,cosine,"h=5.0,k=5",30,0.9778524347364927,radial,"k=5,z=0.05",30,0.9775084491997535,30,30,0.00034398553673918494,102.0,0.6388811527831126,0.10240173634361921,0.11556872905230918,0.9087908948170844,1.0,False
2026-08-30T05:50:22.323925+00:00,digits,f1,cosine,"h=5.0,k=5",30,0.9778524347364927,rational_quadratic,"alpha=0.5,k=5,l=0.01",30,0.9805196327022414,30,30,-0.002667197965748706,78.0,0.06800061994241925,0.3805393713435346,-1.1362516316379716,0.26515411921786036,1.0,False
2026-08-30T05:50:22.357019+00:00,digits,f1,cosine,"h=5.0,k=5",30,0.9778524347364927,rbf_gaussian,"epsilon=0.1,k=5",30,0.9783369905456861,30,30,-0.0004845558091935024,146.0,0.6570395276651597,0.08880084544678464,-0.14777862243559897,0.8835401853955651,1.0,False
2026-08-30T05:50:22.394765+00:00,digits,f1,cosine,"h=5.0,k=5",30,0.9778524347364927,shepard,"k=5,z=1.0",30,0.9805196327022414,30,30,-0.002667197965748706,78.0,0.06800061994241925,0.3805393713435346,-1.1362516316379716,0.26515411921786036,1.0,False
2026-08-30T05:50:22.422736+00:00,digits,f1,cosine,"h=5.0,k=5",30,0.9778524347364927,sigmoidal,"alpha=0.5,c=0.5,k=5",30,0.9778054780967823,30,30,4.695663971026424e-05,174.0,0.9696091457542945,0.0074717309474010025,0.014322687536403133,0.9886706226636544,1.0,False
2026-08-30T05:50:22.451807+00:00,digits,f1,cosine,"h=5.0,k=5",30,0.9778524347364927,softmax_radial,"beta=0.1,k=5",30,0.9791311244311244,30,30,-0.0012786896946317295,127.0,0.5110675065337904,0.13414556834581012,-0.4706308905842605,0.641425030810056,1.0,False
2026-08-30T05:50:22.488073+00:00,digits,f1,cosine,"h=5.0,k=5",30,0.9778524347364927,student_t,"k=5,nu=0.01",30,0.9805196327022414,30,30,-0.002667197965748706,78.0,0.06800061994241925,0.3805393713435346,-1.1362516316379716,0.26515411921786036,1.0,False
2026-08-30T05:50:22.522969+00:00,digits,f1,cosine,"h=5.0,k=5",30,0.9778524347364927,wendland_c2,"h=5.0,k=5",30,0.9778524347364927,30,30,0.0,,,,,,,False
2026-08-30T05:50:22.557311+00:00,digits,f1,cubic_spline,"h=5.0,k=5",30,0.9778524347364927,entropic,"beta=20.0,k=20",30,0.9773547817721732,30,30,0.0004976529643196319,133.0,0.8791002179050413,0.03171711674217813,0.13886682219032515,0.8905152492804582,1.0,False
2026-08-30T05:50:22.590353+00:00,digits,f1,cubic_spline,"h=5.0,k=5",30,0.9778524347364927,gen_exponential,"epsilon=0.1,k=5,p=1.0",30,0.9791311244311244,30,30,-0.0012786896946317295,127.0,0.5110675065337904,0.13414556834581012,-0.4706308905842605,0.641425030810056,1.0,False
2026-08-30T05:50:22.621149+00:00,digits,f1,cubic_spline,"h=5.0,k=5",30,0.9778524347364927,harmonic,"k=5,nu=0.01",30,0.9805196327022414,30,30,-0.002667197965748706,78.0,0.06800061994241925,0.3805393713435346,-1.1362516316379716,0.26515411921786036,1.0,False
2026-08-30T05:50:22.651230+00:00,digits,f1,cubic_spline,"h=5.0,k=5",30,0.9778524347364927,inverse_multiquadratic,"c=0.01,k=5",30,0.9805196327022414,30,30,-0.002667197965748706,78.0,0.06800061994241925,0.3805393713435346,-1.1362516316379716,0.26515411921786036,1.0,False
2026-08-30T05:50:22.681937+00:00,digits,f1,cubic_spline,"h=5.0,k=5",30,0.9778524347364927,laplacian,"epsilon=0.1,k=5",30,0.9791311244311244,30,30,-0.0012786896946317295,127.0,0.5110675065337904,0.13414556834581012,-0.4706308905842605,0.641425030810056,1.0,False
2026-08-30T05:50:22.712356+00:00,digits,f1,cubic_spline,"h=5.0,k=5",30,0.9778524347364927,logarithmic,"c=0.01,k=5",30,0.9805196327022414,30,30,-0.002667197965748706,78.0,0.06800061994241925,0.3805393713435346,-1.1362516316379716,0.26515411921786036,1.0,False
2026-08-30T05:50:22.740548+00:00,digits,f1,cubic_spline,"h=5.0,k=5",30,0.9778524347364927,lorentzian,k=5,30,0.976707428374095,30,30,0.0011450063623976788,148.0,0.48488172823135745,0.13698173403568537,0.3331554645684297,0.7414136550342183,1.0,False
2026-08-30T05:50:22.767031+00:00,digits,f1,cubic_spline,"h=5.0,k=5",30,0.9778524347364927,multiquadratic,"c=0.1,k=5",30,0.9735627169691139,30,30,0.004289717767378983,68.0,0.019130578501628717,0.4782581132328885,1.3343110878074032,0.19248538187731623,1.0,False
2026-08-30T05:50:22.791764+00:00,digits,f1,cubic_spline,"h=5.0,k=5",30,0.9778524347364927,quartic_spline,"h=5.0,k=5",30,0.9778524347364927,30,30,0.0,,,,,,,False
2026-08-30T05:50:22.819033+00:00,digits,f1,cubic_spline,"h=5.0,k=5",30,0.9778524347364927,radial,"k=5,z=0.05",30,0.9775084491997535,30,30,0.00034398553673918494,102.0,0.6388811527831126,0.10240173634361921,0.11556872905230918,0.9087908948170844,1.0,False
2026-08-30T05:50:22.847189+00:00,digits,f1,cubic_spline,"h=5.0,k=5",30,0.9778524347364927,rational_quadratic,"alpha=0.5,k=5,l=0.01",30,0.9805196327022414,30,30,-0.002667197965748706,78.0,0.06800061994241925,0.3805393713435346,-1.1362516316379716,0.26515411921786036,1.0,False
2026-08-30T05:50:22.874377+00:00,digits,f1,cubic_spline,"h=5.0,k=5",30,0.9778524347364927,rbf_gaussian,"epsilon=0.1,k=5",30,0.9783369905456861,30,30,-0.0004845558091935024,146.0,0.6570395276651597,0.08880084544678464,-0.14777862243559897,0.8835401853955651,1.0,False
2026-08-30T05:50:22.902001+00:00,digits,f1,cubic_spline,"h=5.0,k=5",30,0.9778524347364927,shepard,"k=5,z=1.0",30,0.9805196327022414,30,30,-0.002667197965748706,78.0,0.06800061994241925,0.3805393713435346,-1.1362516316379716,0.26515411921786036,1.0,False
2026-08-30T05:50:22.929505+00:00,digits,f1,cubic_spline,"h=5.0,k=5",30,0.9778524347364927,sigmoidal,"alpha=0.5,c=0.5,k=5",30,0.9778054780967823,30,30,4.695663971026424e-05,174.0,0.9696091457542945,0.0074717309474010025,0.014322687536403133,0.9886706226636544,1.0,False
2026-08-30T05:50:22.955993+00:00,digits,f1,cubic_spline,"h=5.0,k=5",30,0.9778524347364927,softmax_radial,"beta=0.1,k=5",30,0.9791311244311244,30,30,-0.0012786896946317295,127.0,0.5110675065337904,0.13414556834581012,-0.4706308905842605,0.641425030810056,1.0,False
2026-08-30T05:50:22.982775+00:00,digits,f1,cubic_spline,"h=5.0,k=5",30,0.9778524347364927,student_t,"k=5,nu=0.01",30,0.9805196327022414,30,30,-0.002667197965748706,78.0,0.06800061994241925,0.3805393713435346,-1.1362516316379716,0.26515411921786036,1.0,False
2026-08-30T05:50:23.007777+00:00,digits,f1,cubic_spline,"h=5.0,k=5",30,0.9778524347364927,wendland_c2,"h=5.0,k=5",30,0.9778524347364927,30,30,0.0,,,,,,,False
2026-08-30T05:50:23.035439+00:00,digits,f1,entropic,"beta=20.0,k=20",30,0.9773547817721732,gen_exponential,"epsilon=0.1,k=5,p=1.0",30,0.9791311244311244,30,30,-0.0017763426589513613,160.0,0.4859749282803689,0.1340847832150994,-0.44077363890393756,0.6626453249950874,1.0,False
2026-08-30T05:50:23.063772+00:00,digits,f1,entropic,"beta=20.0,k=20",30,0.9773547817721732,harmonic,"k=5,nu=0.01",30,0.9805196327022414,30,30,-0.0031648509300683378,130.0,0.1563441156998108,0.27279317964451255,-0.8688657335415513,0.39205481967289835,1.0,False
2026-08-30T05:50:23.089975+00:00,digits,f1,entropic,"beta=20.0,k=20",30,0.9773547817721732,inverse_multiquadratic,"c=0.01,k=5",30,0.9805196327022414,30,30,-0.0031648509300683378,130.0,0.1563441156998108,0.27279317964451255,-0.8688657335415513,0.39205481967289835,1.0,False
2026-08-30T05:50:23.125910+00:00,digits,f1,entropic,"beta=20.0,k=20",30,0.9773547817721732,laplacian,"epsilon=0.1,k=5",30,0.9791311244311244,30,30,-0.0017763426589513613,160.0,0.4859749282803689,0.1340847832150994,-0.44077363890393756,0.6626453249950874,1.0,False
2026-08-30T05:50:23.154755+00:00,digits,f1,entropic,"beta=20.0,k=20",30,0.9773547817721732,logarithmic,"c=0.01,k=5",30,0.9805196327022414,30,30,-0.0031648509300683378,130.0,0.1563441156998108,0.27279317964451255,-0.8688657335415513,0.39205481967289835,1.0,False
2026-08-30T05:50:23.182833+00:00,digits,f1,entropic,"beta=20.0,k=20",30,0.9773547817721732,lorentzian,k=5,30,0.976707428374095,30,30,0.000647353398078047,204.0,0.7703529786474997,0.054206923320581774,0.14523656834698465,0.8855288505445027,1.0,False
2026-08-30T05:50:23.210218+00:00,digits,f1,entropic,"beta=20.0,k=20",30,0.9773547817721732,multiquadratic,"c=0.1,k=5",30,0.9735627169691139,30,30,0.003792064803059351,141.0,0.09808216440669339,0.30718154228138983,0.8466844799909237,0.4041041095669706,1.0,False
2026-08-30T05:50:23.237319+00:00,digits,f1,entropic,"beta=20.0,k=20",30,0.9773547817721732,quartic_spline,"h=5.0,k=5",30,0.9778524347364927,30,30,-0.0004976529643196319,133.0,0.8791002179050413,0.03171711674217813,-0.13886682219032515,0.8905152492804582,1.0,False
2026-08-30T05:50:23.265976+00:00,digits,f1,entropic,"beta=20.0,k=20",30,0.9773547817721732,radial,"k=5,z=0.05",30,0.9775084491997535,30,30,-0.0001536674275804469,214.0,0.9396727300650676,0.014053646786817512,-0.03399664141597766,0.9731127512827784,1.0,False
2026-08-30T05:50:23.293609+00:00,digits,f1,entropic,"beta=20.0,k=20",30,0.9773547817721732,rational_quadratic,"alpha=0.5,k=5,l=0.01",30,0.9805196327022414,30,30,-0.0031648509300683378,130.0,0.1563441156998108,0.27279317964451255,-0.8688657335415513,0.39205481967289835,1.0,False
2026-08-30T05:50:23.320685+00:00,digits,f1,entropic,"beta=20.0,k=20",30,0.9773547817721732,rbf_gaussian,"epsilon=0.1,k=5",30,0.9783369905456861,30,30,-0.0009822087735131342,202.0,0.7374972939442446,0.06223939745570643,-0.24381095312698736,0.8090938329189115,1.0,False
2026-08-30T05:50:23.351044+00:00,digits,f1,entropic,"beta=20.0,k=20",30,0.9773547817721732,shepard,"k=5,z=1.0",30,0.9805196327022414,30,30,-0.0031648509300683378,130.0,0.1563441156998108,0.27279317964451255,-0.8688657335415513,0.39205481967289835,1.0,False
2026-08-30T05:50:23.384925+00:00,digits,f1,entropic,"beta=20.0,k=20",30,0.9773547817721732,sigmoidal,"alpha=0.5,c=0.5,k=5",30,0.9778054780967823,30,30,-0.0004506963246093676,216.0,0.9741245533994214,0.006023167495713514,-0.11376891760745793,0.9102049644318084,1.0,False
2026-08-30T05:50:23.413709+00:00,digits,f1,entropic,"beta=20.0,k=20",30,0.9773547817721732,softmax_radial,"beta=0.1,k=5",30,0.9791311244311244,30,30,-0.0017763426589513613,160.0,0.4859749282803689,0.1340847832150994,-0.44077363890393756,0.6626453249950874,1.0,False
2026-08-30T05:50:23.438366+00:00,digits,f1,entropic,"beta=20.0,k=20",30,0.9773547817721732,student_t,"k=5,nu=0.01",30,0.9805196327022414,30,30,-0.0031648509300683378,130.0,0.1563441156998108,0.27279317964451255,-0.8688657335415513,0.39205481967289835,1.0,False
2026-08-30T05:50:23.463480+00:00,digits,f1,entropic,"beta=20.0,k=20",30,0.9773547817721732,wendland_c2,"h=5.0,k=5",30,0.9778524347364927,30,30,-0.0004976529643196319,133.0,0.8791002179050413,0.03171711674217813,-0.13886682219032515,0.8905152492804582,1.0,False
2026-08-30T05:50:23.488638+00:00,digits,f1,gen_exponential,"epsilon=0.1,k=5,p=1.0",30,0.9791311244311244,harmonic,"k=5,nu=0.01",30,0.9805196327022414,30,30,-0.0013885082711169764,0.0,0.043114446783075355,0.904534033733291,-1.155286056806136,0.2574037700809182,1.0,False
2026-08-30T05:50:23.513614+00:00,digits,f1,gen_exponential,"epsilon=0.1,k=5,p=1.0",30,0.9791311244311244,inverse_multiquadratic,"c=0.01,k=5",30,0.9805196327022414,30,30,-0.0013885082711169764,0.0,0.043114446783075355,0.904534033733291,-1.155286056806136,0.2574037700809182,1.0,False
2026-08-30T05:50:23.537045+00:00,digits,f1,gen_exponential,"epsilon=0.1,k=5,p=1.0",30,0.9791311244311244,laplacian,"epsilon=0.1,k=5",30,0.9791311244311244,30,30,0.0,,,,,,,False
2026-08-30T05:50:23.561716+00:00,digits,f1,gen_exponential,"epsilon=0.1,k=5,p=1.0",30,0.9791311244311244,logarithmic,"c=0.01,k=5",30,0.9805196327022414,30,30,-0.0013885082711169764,0.0,0.043114446783075355,0.904534033733291,-1.155286056806136,0.2574037700809182,1.0,False
2026-08-30T05:50:23.587969+00:00,digits,f1,gen_exponential,"epsilon=0.1,k=5,p=1.0",30,0.9791311244311244,lorentzian,k=5,30,0.976707428374095,30,30,0.002423696057029408,7.0,0.03665792867221451,0.6607748305008114,1.320792971814114,0.19689888737818273,1.0,False
2026-08-30T05:50:23.615108+00:00,digits,f1,gen_exponential,"epsilon=0.1,k=5,p=1.0",30,0.9791311244311244,multiquadratic,"c=0.1,k=5",30,0.9735627169691139,30,30,0.005568407462010713,19.0,0.0007961977684636033,0.7319275109140448,2.0660945252045804,0.047854722812327166,1.0,False
2026-08-30T05:50:23.639613+00:00,digits,f1,gen_exponential,"epsilon=0.1,k=5,p=1.0",30,0.9791311244311244,quartic_spline,"h=5.0,k=5",30,0.9778524347364927,30,30,0.0012786896946317295,127.0,0.5110675065337904,0.13414556834581012,0.4706308905842605,0.641425030810056,1.0,False
2026-08-30T05:50:23.665335+00:00,digits,f1,gen_exponential,"epsilon=0.1,k=5,p=1.0",30,0.9791311244311244,radial,"k=5,z=0.05",30,0.9775084491997535,30,30,0.0016226752313709145,39.0,0.2329791081812146,0.307958941544842,0.6501577959061642,0.5207079642115595,1.0,False
2026-08-30T05:50:23.690517+00:00,digits,f1,gen_exponential,"epsilon=0.1,k=5,p=1.0",30,0.9791311244311244,rational_quadratic,"alpha=0.5,k=5,l=0.01",30,0.9805196327022414,30,30,-0.0013885082711169764,0.0,0.043114446783075355,0.904534033733291,-1.155286056806136,0.2574037700809182,1.0,False
2026-08-30T05:50:23.715091+00:00,digits,f1,gen_exponential,"epsilon=0.1,k=5,p=1.0",30,0.9791311244311244,rbf_gaussian,"epsilon=0.1,k=5",30,0.9783369905456861,30,30,0.000794133885438227,8.0,0.3104944343172349,0.38332593899996387,0.617776458079861,0.5415440738643622,1.0,False
2026-08-30T05:50:23.739933+00:00,digits,f1,gen_exponential,"epsilon=0.1,k=5,p=1.0",30,0.9791311244311244,shepard,"k=5,z=1.0",30,0.9805196327022414,30,30,-0.0013885082711169764,0.0,0.043114446783075355,0.904534033733291,-1.155286056806136,0.2574037700809182,1.0,False
2026-08-30T05:50:23.765244+00:00,digits,f1,gen_exponential,"epsilon=0.1,k=5,p=1.0",30,0.9791311244311244,sigmoidal,"alpha=0.5,c=0.5,k=5",30,0.9778054780967823,30,30,0.0013256463343419937,11.0,0.1730709208049953,0.454134139615304,0.9111225969774945,0.3697424976192547,1.0,False
2026-08-30T05:50:23.789161+00:00,digits,f1,gen_exponential,"epsilon=0.1,k=5,p=1.0",30,0.9791311244311244,softmax_radial,"beta=0.1,k=5",30,0.9791311244311244,30,30,0.0,,,,,,,False
2026-08-30T05:50:23.814296+00:00,digits,f1,gen_exponential,"epsilon=0.1,k=5,p=1.0",30,0.9791311244311244,student_t,"k=5,nu=0.01",30,0.9805196327022414,30,30,-0.0013885082711169764,0.0,0.043114446783075355,0.904534033733291,-1.155286056806136,0.2574037700809182,1.0,False
2026-08-30T05:50:23.839048+00:00,digits,f1,gen_exponential,"epsilon=0.1,k=5,p=1.0",30,0.9791311244311244,wendland_c2,"h=5.0,k=5",30,0.9778524347364927,30,30,0.0012786896946317295,127.0,0.5110675065337904,0.13414556834581012,0.4706308905842605,0.641425030810056,1.0,False
2026-08-30T05:50:23.861759+00:00,digits,f1,harmonic,"k=5,nu=0.01",30,0.9805196327022414,inverse_multiquadratic,"c=0.01,k=5",30,0.9805196327022414,30,30,0.0,,,,,,,False
2026-08-30T05:50:23.885926+00:00,digits,f1,harmonic,"k=5,nu=0.01",30,0.9805196327022414,laplacian,"epsilon=0.1,k=5",30,0.9791311244311244,30,30,0.0013885082711169764,0.0,0.043114446783075355,0.904534033733291,1.155286056806136,0.2574037700809182,1.0,False
2026-08-30T05:50:23.908414+00:00,digits,f1,harmonic,"k=5,nu=0.01",30,0.9805196327022414,logarithmic,"c=0.01,k=5",30,0.9805196327022414,30,30,0.0,,,,,,,False
2026-08-30T05:50:23.932507+00:00,digits,f1,harmonic,"k=5,nu=0.01",30,0.9805196327022414,lorentzian,k=5,30,0.976707428374095,30,30,0.0038122043281463847,6.0,0.0057715890441035304,0.765620342762282,1.6843378852785822,0.10285121350223059,1.0,False
2026-08-30T05:50:23.956462+00:00,digits,f1,harmonic,"k=5,nu=0.01",30,0.9805196327022414,multiquadratic,"c=0.1,k=5",30,0.9735627169691139,30,30,0.006956915733127689,0.0,4.0052719907497814e-05,0.8756527223035077,2.7853052427086458,0.009324827519208823,0.09272204658585743,False
2026-08-30T05:50:23.980675+00:00,digits,f1,harmonic,"k=5,nu=0.01",30,0.9805196327022414,quartic_spline,"h=5.0,k=5",30,0.9778524347364927,30,30,0.002667197965748706,78.0,0.06800061994241925,0.3805393713435346,1.1362516316379716,0.26515411921786036,1.0,False
2026-08-30T05:50:24.006334+00:00,digits,f1,harmonic,"k=5,nu=0.01",30,0.9805196327022414,radial,"k=5,z=0.05",30,0.9775084491997535,30,30,0.003011183502487891,3.0,0.002976637011170516,0.8237687232252373,1.4565959307305232,0.15597086696787388,1.0,False
2026-08-30T05:50:24.030722+00:00,digits,f1,harmonic,"k=5,nu=0.01",30,0.9805196327022414,rational_quadratic,"alpha=0.5,k=5,l=0.01",30,0.9805196327022414,30,30,0.0,,,,,,,False
2026-08-30T05:50:24.055411+00:00,digits,f1,harmonic,"k=5,nu=0.01",30,0.9805196327022414,rbf_gaussian,"epsilon=0.1,k=5",30,0.9783369905456861,30,30,0.0021826421565552035,8.0,0.026231237263180107,0.670190709794987,1.3356734780278907,0.19204485477292588,1.0,False
2026-08-30T05:50:24.079047+00:00,digits,f1,harmonic,"k=5,nu=0.01",30,0.9805196327022414,shepard,"k=5,z=1.0",30,0.9805196327022414,30,30,0.0,,,,,,,False
2026-08-30T05:50:24.103660+00:00,digits,f1,harmonic,"k=5,nu=0.01",30,0.9805196327022414,sigmoidal,"alpha=0.5,c=0.5,k=5",30,0.9778054780967823,30,30,0.00271415460545897,11.0,0.015906444101703374,0.6687063753240174,1.5899069459123636,0.12269978933770576,1.0,False
2026-08-30T05:50:24.129919+00:00,digits,f1,harmonic,"k=5,nu=0.01",30,0.9805196327022414,softmax_radial,"beta=0.1,k=5",30,0.9791311244311244,30,30,0.0013885082711169764,0.0,0.043114446783075355,0.904534033733291,1.155286056806136,0.2574037700809182,1.0,False
2026-08-30T05:50:24.153427+00:00,digits,f1,harmonic,"k=5,nu=0.01",30,0.9805196327022414,student_t,"k=5,nu=0.01",30,0.9805196327022414,30,30,0.0,,,,,,,False
2026-08-30T05:50:24.177242+00:00,digits,f1,harmonic,"k=5,nu=0.01",30,0.9805196327022414,wendland_c2,"h=5.0,k=5",30,0.9778524347364927,30,30,0.002667197965748706,78.0,0.06800061994241925,0.3805393713435346,1.1362516316379716,0.26515411921786036,1.0,False
2026-08-30T05:50:24.201195+00:00,digits,f1,inverse_multiquadratic,"c=0.01,k=5",30,0.9805196327022414,laplacian,"epsilon=0.1,k=5",30,0.9791311244311244,30,30,0.0013885082711169764,0.0,0.043114446783075355,0.904534033733291,1.155286056806136,0.2574037700809182,1.0,False
2026-08-30T05:50:24.223855+00:00,digits,f1,inverse_multiquadratic,"c=0.01,k=5",30,0.9805196327022414,logarithmic,"c=0.01,k=5",30,0.9805196327022414,30,30,0.0,,,,,,,False
2026-08-30T05:50:24.247469+00:00,digits,f1,inverse_multiquadratic,"c=0.01,k=5",30,0.9805196327022414,lorentzian,k=5,30,0.976707428374095,30,30,0.0038122043281463847,6.0,0.0057715890441035304,0.765620342762282,1.6843378852785822,0.10285121350223059,1.0,False
2026-08-30T05:50:24.271469+00:00,digits,f1,inverse_multiquadratic,"c=0.01,k=5",30,0.9805196327022414,multiquadratic,"c=0.1,k=5",30,0.9735627169691139,30,30,0.006956915733127689,0.0,4.0052719907497814e-05,0.8756527223035077,2.7853052427086458,0.009324827519208823,0.09272204658585743,False
2026-08-30T05:50:24.296362+00:00,digits,f1,inverse_multiquadratic,"c=0.01,k=5",30,0.9805196327022414,quartic_spline,"h=5.0,k=5",30,0.9778524347364927,30,30,0.002667197965748706,78.0,0.06800061994241925,0.3805393713435346,1.1362516316379716,0.26515411921786036,1.0,False
2026-08-30T05:50:24.320437+00:00,digits,f1,inverse_multiquadratic,"c=0.01,k=5",30,0.9805196327022414,radial,"k=5,z=0.05",30,0.9775084491997535,30,30,0.003011183502487891,3.0,0.002976637011170516,0.8237687232252373,1.4565959307305232,0.15597086696787388,1.0,False
2026-08-30T05:50:24.343384+00:00,digits,f1,inverse_multiquadratic,"c=0.01,k=5",30,0.9805196327022414,rational_quadratic,"alpha=0.5,k=5,l=0.01",30,0.9805196327022414,30,30,0.0,,,,,,,False
2026-08-30T05:50:24.367819+00:00,digits,f1,inverse_multiquadratic,"c=0.01,k=5",30,0.9805196327022414,rbf_gaussian,"epsilon=0.1,k=5",30,0.9783369905456861,30,30,0.0021826421565552035,8.0,0.026231237263180107,0.670190709794987,1.3356734780278907,0.19204485477292588,1.0,False
2026-08-30T05:50:24.390853+00:00,digits,f1,inverse_multiquadratic,"c=0.01,k=5",30,0.9805196327022414,shepard,"k=5,z=1.0",30,0.9805196327022414,30,30,0.0,,,,,,,False
2026-08-30T05:50:24.415087+00:00,digits,f1,inverse_multiquadratic,"c=0.01,k=5",30,0.9805196327022414,sigmoidal,"alpha=0.5,c=0.5,k=5",30,0.9778054780967823,30,30,0.00271415460545897,11.0,0.015906444101703374,0.6687063753240174,1.5899069459123636,0.12269978933770576,1.0,False
2026-08-30T05:50:24.440143+00:00,digits,f1,inverse_multiquadratic,"c=0.01,k=5",30,0.9805196327022414,softmax_radial,"beta=0.1,k=5",30,0.9791311244311244,30,30,0.0013885082711169764,0.0,0.043114446783075355,0.904534033733291,1.155286056806136,0.2574037700809182,1.0,False
2026-08-30T05:50:24.462740+00:00,digits,f1,inverse_multiquadratic,"c=0.01,k=5",30,0.9805196327022414,student_t,"k=5,nu=0.01",30,0.9805196327022414,30,30,0.0,,,,,,,False
2026-08-30T05:50:24.486681+00:00,digits,f1,inverse_multiquadratic,"c=0.01,k=5",30,0.9805196327022414,wendland_c2,"h=5.0,k=5",30,0.9778524347364927,30,30,0.002667197965748706,78.0,0.06800061994241925,0.3805393713435346,1.1362516316379716,0.26515411921786036,1.0,False
2026-08-30T05:50:24.510401+00:00,digits,f1,laplacian,"epsilon=0.1,k=5",30,0.9791311244311244,logarithmic,"c=0.01,k=5",30,0.9805196327022414,30,30,-0.0013885082711169764,0.0,0.043114446783075355,0.904534033733291,-1.155286056806136,0.2574037700809182,1.0,False
2026-08-30T05:50:24.534165+00:00,digits,f1,laplacian,"epsilon=0.1,k=5",30,0.9791311244311244,lorentzian,k=5,30,0.976707428374095,30,30,0.002423696057029408,7.0,0.03665792867221451,0.6607748305008114,1.320792971814114,0.19689888737818273,1.0,False
2026-08-30T05:50:24.558076+00:00,digits,f1,laplacian,"epsilon=0.1,k=5",30,0.9791311244311244,multiquadratic,"c=0.1,k=5",30,0.9735627169691139,30,30,0.005568407462010713,19.0,0.0007961977684636033,0.7319275109140448,2.0660945252045804,0.047854722812327166,1.0,False
2026-08-30T05:50:24.581933+00:00,digits,f1,laplacian,"epsilon=0.1,k=5",30,0.9791311244311244,quartic_spline,"h=5.0,k=5",30,0.9778524347364927,30,30,0.0012786896946317295,127.0,0.5110675065337904,0.13414556834581012,0.4706308905842605,0.641425030810056,1.0,False
2026-08-30T05:50:24.607098+00:00,digits,f1,laplacian,"epsilon=0.1,k=5",30,0.9791311244311244,radial,"k=5,z=0.05",30,0.9775084491997535,30,30,0.0016226752313709145,39.0,0.2329791081812146,0.307958941544842,0.6501577959061642,0.5207079642115595,1.0,False
2026-08-30T05:50:24.632568+00:00,digits,f1,laplacian,"epsilon=0.1,k=5",30,0.9791311244311244,rational_quadratic,"alpha=0.5,k=5,l=0.01",30,0.9805196327022414,30,30,-0.0013885082711169764,0.0,0.043114446783075355,0.904534033733291,-1.155286056806136,0.2574037700809182,1.0,False
2026-08-30T05:50:24.657678+00:00,digits,f1,laplacian,"epsilon=0.1,k=5",30,0.9791311244311244,rbf_gaussian,"epsilon=0.1,k=5",30,0.9783369905456861,30,30,0.000794133885438227,8.0,0.3104944343172349,0.38332593899996387,0.617776458079861,0.5415440738643622,1.0,False
2026-08-30T05:50:24.682797+00:00,digits,f1,laplacian,"epsilon=0.1,k=5",30,0.9791311244311244,shepard,"k=5,z=1.0",30,0.9805196327022414,30,30,-0.0013885082711169764,0.0,0.043114446783075355,0.904534033733291,-1.155286056806136,0.2574037700809182,1.0,False
2026-08-30T05:50:24.707527+00:00,digits,f1,laplacian,"epsilon=0.1,k=5",30,0.9791311244311244,sigmoidal,"alpha=0.5,c=0.5,k=5",30,0.9778054780967823,30,30,0.0013256463343419937,11.0,0.1730709208049953,0.454134139615304,0.9111225969774945,0.3697424976192547,1.0,False
2026-08-30T05:50:24.730884+00:00,digits,f1,laplacian,"epsilon=0.1,k=5",30,0.9791311244311244,softmax_radial,"beta=0.1,k=5",30,0.9791311244311244,30,30,0.0,,,,,,,False
2026-08-30T05:50:24.756094+00:00,digits,f1,laplacian,"epsilon=0.1,k=5",30,0.9791311244311244,student_t,"k=5,nu=0.01",30,0.9805196327022414,30,30,-0.0013885082711169764,0.0,0.043114446783075355,0.904534033733291,-1.155286056806136,0.2574037700809182,1.0,False
2026-08-30T05:50:24.780451+00:00,digits,f1,laplacian,"epsilon=0.1,k=5",30,0.9791311244311244,wendland_c2,"h=5.0,k=5",30,0.9778524347364927,30,30,0.0012786896946317295,127.0,0.5110675065337904,0.13414556834581012,0.4706308905842605,0.641425030810056,1.0,False
2026-08-30T05:50:24.804554+00:00,digits,f1,logarithmic,"c=0.01,k=5",30,0.9805196327022414,lorentzian,k=5,30,0.976707428374095,30,30,0.0038122043281463847,6.0,0.0057715890441035304,0.765620342762282,1.6843378852785822,0.10285121350223059,1.0,False
2026-08-30T05:50:24.828873+00:00,digits,f1,logarithmic,"c=0.01,k=5",30,0.9805196327022414,multiquadratic,"c=0.1,k=5",30,0.9735627169691139,30,30,0.006956915733127689,0.0,4.0052719907497814e-05,0.8756527223035077,2.7853052427086458,0.009324827519208823,0.09272204658585743,False
2026-08-30T05:50:24.853299+00:00,digits,f1,logarithmic,"c=0.01,k=5",30,0.9805196327022414,quartic_spline,"h=5.0,k=5",30,0.9778524347364927,30,30,0.002667197965748706,78.0,0.06800061994241925,0.3805393713435346,1.1362516316379716,0.26515411921786036,1.0,False
2026-08-30T05:50:24.877816+00:00,digits,f1,logarithmic,"c=0.01,k=5",30,0.9805196327022414,radial,"k=5,z=0.05",30,0.9775084491997535,30,30,0.003011183502487891,3.0,0.002976637011170516,0.8237687232252373,1.4565959307305232,0.15597086696787388,1.0,False
2026-08-30T05:50:24.901876+00:00,digits,f1,logarithmic,"c=0.01,k=5",30,0.9805196327022414,rational_quadratic,"alpha=0.5,k=5,l=0.01",30,0.9805196327022414,30,30,0.0,,,,,,,False
2026-08-30T05:50:24.926308+00:00,digits,f1,logarithmic,"c=0.01,k=5",30,0.9805196327022414,rbf_gaussian,"epsilon=0.1,k=5",30,0.9783369905456861,30,30,0.0021826421565552035,8.0,0.026231237263180107,0.670190709794987,1.3356734780278907,0.19204485477292588,1.0,False
2026-08-30T05:50:24.950886+00:00,digits,f1,logarithmic,"c=0.01,k=5",30,0.9805196327022414,shepard,"k=5,z=1.0",30,0.9805196327022414,30,30,0.0,,,,,,,False
2026-08-30T05:50:24.975644+00:00,digits,f1,logarithmic,"c=0.01,k=5",30,0.9805196327022414,sigmoidal,"alpha=0.5,c=0.5,k=5",30,0.9778054780967823,30,30,0.00271415460545897,11.0,0.015906444101703374,0.6687063753240174,1.5899069459123636,0.12269978933770576,1.0,False
2026-08-30T05:50:25.000446+00:00,digits,f1,logarithmic,"c=0.01,k=5",30,0.9805196327022414,softmax_radial,"beta=0.1,k=5",30,0.9791311244311244,30,30,0.0013885082711169764,0.0,0.043114446783075355,0.904534033733291,1.155286056806136,0.2574037700809182,1.0,False
2026-08-30T05:50:25.023657+00:00,digits,f1,logarithmic,"c=0.01,k=5",30,0.9805196327022414,student_t,"k=5,nu=0.01",30,0.9805196327022414,30,30,0.0,,,,,,,False
2026-08-30T05:50:25.048724+00:00,digits,f1,logarithmic,"c=0.01,k=5",30,0.9805196327022414,wendland_c2,"h=5.0,k=5",30,0.9778524347364927,30,30,0.002667197965748706,78.0,0.06800061994241925,0.3805393713435346,1.1362516316379716,0.26515411921786036,1.0,False
2026-08-30T05:50:25.073941+00:00,digits,f1,lorentzian,k=5,30,0.976707428374095,multiquadratic,"c=0.1,k=5",30,0.9735627169691139,30,30,0.0031447114049813043,82.5,0.09138675473528256,0.3519989184927697,0.9884893539022086,0.33108931236078765,1.0,False
2026-08-30T05:50:25.098710+00:00,digits,f1,lorentzian,k=5,30,0.976707428374095,quartic_spline,"h=5.0,k=5",30,0.9778524347364927,30,30,-0.0011450063623976788,148.0,0.48488172823135745,0.13698173403568537,-0.3331554645684297,0.7414136550342183,1.0,False
2026-08-30T05:50:25.123030+00:00,digits,f1,lorentzian,k=5,30,0.976707428374095,radial,"k=5,z=0.05",30,0.9775084491997535,30,30,-0.0008010208256584939,76.0,0.4444628002168344,0.1754293607682552,-0.26032156937262774,0.7964552519247554,1.0,False
2026-08-30T05:50:25.147914+00:00,digits,f1,lorentzian,k=5,30,0.976707428374095,rational_quadratic,"alpha=0.5,k=5,l=0.01",30,0.9805196327022414,30,30,-0.0038122043281463847,6.0,0.0057715890441035304,0.765620342762282,-1.6843378852785822,0.10285121350223059,1.0,False
2026-08-30T05:50:25.172791+00:00,digits,f1,lorentzian,k=5,30,0.976707428374095,rbf_gaussian,"epsilon=0.1,k=5",30,0.9783369905456861,30,30,-0.0016295621715911811,15.0,0.20262160771231197,0.40291148201269017,-0.9500053970722373,0.349960163311712,1.0,False
2026-08-30T05:50:25.211125+00:00,digits,f1,lorentzian,k=5,30,0.976707428374095,shepard,"k=5,z=1.0",30,0.9805196327022414,30,30,-0.0038122043281463847,6.0,0.0057715890441035304,0.765620342762282,-1.6843378852785822,0.10285121350223059,1.0,False
2026-08-30T05:50:25.246006+00:00,digits,f1,lorentzian,k=5,30,0.976707428374095,sigmoidal,"alpha=0.5,c=0.5,k=5",30,0.9778054780967823,30,30,-0.0010980497226874145,4.0,0.17295491798842066,0.5563486402641868,-0.8137258281012101,0.42243336599607995,1.0,False
2026-08-30T05:50:25.273838+00:00,digits,f1,lorentzian,k=5,30,0.976707428374095,softmax_radial,"beta=0.1,k=5",30,0.9791311244311244,30,30,-0.002423696057029408,7.0,0.03665792867221451,0.6607748305008114,-1.320792971814114,0.19689888737818273,1.0,False
2026-08-30T05:50:25.300641+00:00,digits,f1,lorentzian,k=5,30,0.976707428374095,student_t,"k=5,nu=0.01",30,0.9805196327022414,30,30,-0.0038122043281463847,6.0,0.0057715890441035304,0.765620342762282,-1.6843378852785822,0.10285121350223059,1.0,False
2026-08-30T05:50:25.325652+00:00,digits,f1,lorentzian,k=5,30,0.976707428374095,wendland_c2,"h=5.0,k=5",30,0.9778524347364927,30,30,-0.0011450063623976788,148.0,0.48488172823135745,0.13698173403568537,-0.3331554645684297,0.7414136550342183,1.0,False
2026-08-30T05:50:25.351272+00:00,digits,f1,multiquadratic,"c=0.1,k=5",30,0.9735627169691139,quartic_spline,"h=5.0,k=5",30,0.9778524347364927,30,30,-0.004289717767378983,68.0,0.019130578501628717,0.4782581132328885,-1.3343110878074032,0.19248538187731623,1.0,False
2026-08-30T05:50:25.377535+00:00,digits,f1,multiquadratic,"c=0.1,k=5",30,0.9735627169691139,radial,"k=5,z=0.05",30,0.9775084491997535,30,30,-0.003945732230639798,0.0,0.0014737808438751421,0.8819171036881953,-2.0767202774372273,0.04679380245551834,1.0,False
2026-08-30T05:50:25.403104+00:00,digits,f1,multiquadratic,"c=0.1,k=5",30,0.9735627169691139,rational_quadratic,"alpha=0.5,k=5,l=0.01",30,0.9805196327022414,30,30,-0.006956915733127689,0.0,4.0052719907497814e-05,0.8756527223035077,-2.7853052427086458,0.009324827519208823,0.09272204658585743,False
2026-08-30T05:50:25.429400+00:00,digits,f1,multiquadratic,"c=0.1,k=5",30,0.9735627169691139,rbf_gaussian,"epsilon=0.1,k=5",30,0.9783369905456861,30,30,-0.004774273576572485,54.0,0.006088122403151622,0.5599119374433806,-1.7300408114961854,0.09425396654835971,1.0,False
2026-08-30T05:50:25.456053+00:00,digits,f1,multiquadratic,"c=0.1,k=5",30,0.9735627169691139,shepard,"k=5,z=1.0",30,0.9805196327022414,30,30,-0.006956915733127689,0.0,4.0052719907497814e-05,0.8756527223035077,-2.7853052427086458,0.009324827519208823,0.09272204658585743,False
2026-08-30T05:50:25.483805+00:00,digits,f1,multiquadratic,"c=0.1,k=5",30,0.9735627169691139,sigmoidal,"alpha=0.5,c=0.5,k=5",30,0.9778054780967823,30,30,-0.004242761127668719,65.0,0.015158438877439449,0.4957300669918333,-1.4732131649049982,0.15146572339099884,1.0,False
2026-08-30T05:50:25.510580+00:00,digits,f1,multiquadratic,"c=0.1,k=5",30,0.9735627169691139,softmax_radial,"beta=0.1,k=5",30,0.9791311244311244,30,30,-0.005568407462010713,19.0,0.0007961977684636033,0.7319275109140448,-2.0660945252045804,0.047854722812327166,1.0,False
2026-08-30T05:50:25.536134+00:00,digits,f1,multiquadratic,"c=0.1,k=5",30,0.9735627169691139,student_t,"k=5,nu=0.01",30,0.9805196327022414,30,30,-0.006956915733127689,0.0,4.0052719907497814e-05,0.8756527223035077,-2.7853052427086458,0.009324827519208823,0.09272204658585743,False
2026-08-30T05:50:25.561833+00:00,digits,f1,multiquadratic,"c=0.1,k=5",30,0.9735627169691139,wendland_c2,"h=5.0,k=5",30,0.9778524347364927,30,30,-0.004289717767378983,68.0,0.019130578501628717,0.4782581132328885,-1.3343110878074032,0.19248538187731623,1.0,False
2026-08-30T05:50:25.589093+00:00,digits,f1,quartic_spline,"h=5.0,k=5",30,0.9778524347364927,radial,"k=5,z=0.05",30,0.9775084491997535,30,30,0.00034398553673918494,102.0,0.6388811527831126,0.10240173634361921,0.11556872905230918,0.9087908948170844,1.0,False
2026-08-30T05:50:25.616427+00:00,digits,f1,quartic_spline,"h=5.0,k=5",30,0.9778524347364927,rational_quadratic,"alpha=0.5,k=5,l=0.01",30,0.9805196327022414,30,30,-0.002667197965748706,78.0,0.06800061994241925,0.3805393713435346,-1.1362516316379716,0.26515411921786036,1.0,False
2026-08-30T05:50:25.643012+00:00,digits,f1,quartic_spline,"h=5.0,k=5",30,0.9778524347364927,rbf_gaussian,"epsilon=0.1,k=5",30,0.9783369905456861,30,30,-0.0004845558091935024,146.0,0.6570395276651597,0.08880084544678464,-0.14777862243559897,0.8835401853955651,1.0,False
2026-08-30T05:50:25.668741+00:00,digits,f1,quartic_spline,"h=5.0,k=5",30,0.9778524347364927,shepard,"k=5,z=1.0",30,0.9805196327022414,30,30,-0.002667197965748706,78.0,0.06800061994241925,0.3805393713435346,-1.1362516316379716,0.26515411921786036,1.0,False
2026-08-30T05:50:25.697775+00:00,digits,f1,quartic_spline,"h=5.0,k=5",30,0.9778524347364927,sigmoidal,"alpha=0.5,c=0.5,k=5",30,0.9778054780967823,30,30,4.695663971026424e-05,174.0,0.9696091457542945,0.0074717309474010025,0.014322687536403133,0.9886706226636544,1.0,False
2026-08-30T05:50:25.727883+00:00,digits,f1,quartic_spline,"h=5.0,k=5",30,0.9778524347364927,softmax_radial,"beta=0.1,k=5",30,0.9791311244311244,30,30,-0.0012786896946317295,127.0,0.5110675065337904,0.13414556834581012,-0.4706308905842605,0.641425030810056,1.0,False
2026-08-30T05:50:25.755208+00:00,digits,f1,quartic_spline,"h=5.0,k=5",30,0.9778524347364927,student_t,"k=5,nu=0.01",30,0.9805196327022414,30,30,-0.002667197965748706,78.0,0.06800061994241925,0.3805393713435346,-1.1362516316379716,0.26515411921786036,1.0,False
2026-08-30T05:50:25.780221+00:00,digits,f1,quartic_spline,"h=5.0,k=5",30,0.9778524347364927,wendland_c2,"h=5.0,k=5",30,0.9778524347364927,30,30,0.0,,,,,,,False
2026-08-30T05:50:25.805829+00:00,digits,f1,radial,"k=5,z=0.05",30,0.9775084491997535,rational_quadratic,"alpha=0.5,k=5,l=0.01",30,0.9805196327022414,30,30,-0.003011183502487891,3.0,0.002976637011170516,0.8237687232252373,-1.4565959307305232,0.15597086696787388,1.0,False
2026-08-30T05:50:25.831878+00:00,digits,f1,radial,"k=5,z=0.05",30,0.9775084491997535,rbf_gaussian,"epsilon=0.1,k=5",30,0.9783369905456861,30,30,-0.0008285413459326874,76.0,0.6790371143852009,0.09752827564810058,-0.31495523675792203,0.7550507385658629,1.0,False
2026-08-30T05:50:25.858049+00:00,digits,f1,radial,"k=5,z=0.05",30,0.9775084491997535,shepard,"k=5,z=1.0",30,0.9805196327022414,30,30,-0.003011183502487891,3.0,0.002976637011170516,0.8237687232252373,-1.4565959307305232,0.15597086696787388,1.0,False
2026-08-30T05:50:25.884663+00:00,digits,f1,radial,"k=5,z=0.05",30,0.9775084491997535,sigmoidal,"alpha=0.5,c=0.5,k=5",30,0.9778054780967823,30,30,-0.00029702889702892067,93.0,0.9358520318812181,0.01846437935383216,-0.10744954340422717,0.9151722888398894,1.0,False
2026-08-30T05:50:25.910806+00:00,digits,f1,radial,"k=5,z=0.05",30,0.9775084491997535,softmax_radial,"beta=0.1,k=5",30,0.9791311244311244,30,30,-0.0016226752313709145,39.0,0.2329791081812146,0.307958941544842,-0.6501577959061642,0.5207079642115595,1.0,False
2026-08-30T05:50:25.938227+00:00,digits,f1,radial,"k=5,z=0.05",30,0.9775084491997535,student_t,"k=5,nu=0.01",30,0.9805196327022414,30,30,-0.003011183502487891,3.0,0.002976637011170516,0.8237687232252373,-1.4565959307305232,0.15597086696787388,1.0,False
2026-08-30T05:50:25.964581+00:00,digits,f1,radial,"k=5,z=0.05",30,0.9775084491997535,wendland_c2,"h=5.0,k=5",30,0.9778524347364927,30,30,-0.00034398553673918494,102.0,0.6388811527831126,0.10240173634361921,-0.11556872905230918,0.9087908948170844,1.0,False
2026-08-30T05:50:25.990952+00:00,digits,f1,rational_quadratic,"alpha=0.5,k=5,l=0.01",30,0.9805196327022414,rbf_gaussian,"epsilon=0.1,k=5",30,0.9783369905456861,30,30,0.0021826421565552035,8.0,0.026231237263180107,0.670190709794987,1.3356734780278907,0.19204485477292588,1.0,False
2026-08-30T05:50:26.015410+00:00,digits,f1,rational_quadratic,"alpha=0.5,k=5,l=0.01",30,0.9805196327022414,shepard,"k=5,z=1.0",30,0.9805196327022414,30,30,0.0,,,,,,,False
2026-08-30T05:50:26.042261+00:00,digits,f1,rational_quadratic,"alpha=0.5,k=5,l=0.01",30,0.9805196327022414,sigmoidal,"alpha=0.5,c=0.5,k=5",30,0.9778054780967823,30,30,0.00271415460545897,11.0,0.015906444101703374,0.6687063753240174,1.5899069459123636,0.12269978933770576,1.0,False
2026-08-30T05:50:26.068837+00:00,digits,f1,rational_quadratic,"alpha=0.5,k=5,l=0.01",30,0.9805196327022414,softmax_radial,"beta=0.1,k=5",30,0.9791311244311244,30,30,0.0013885082711169764,0.0,0.043114446783075355,0.904534033733291,1.155286056806136,0.2574037700809182,1.0,False
2026-08-30T05:50:26.093345+00:00,digits,f1,rational_quadratic,"alpha=0.5,k=5,l=0.01",30,0.9805196327022414,student_t,"k=5,nu=0.01",30,0.9805196327022414,30,30,0.0,,,,,,,False
2026-08-30T05:50:26.118482+00:00,digits,f1,rational_quadratic,"alpha=0.5,k=5,l=0.01",30,0.9805196327022414,wendland_c2,"h=5.0,k=5",30,0.9778524347364927,30,30,0.002667197965748706,78.0,0.06800061994241925,0.3805393713435346,1.1362516316379716,0.26515411921786036,1.0,False
2026-08-30T05:50:26.143776+00:00,digits,f1,rbf_gaussian,"epsilon=0.1,k=5",30,0.9783369905456861,shepard,"k=5,z=1.0",30,0.9805196327022414,30,30,-0.0021826421565552035,8.0,0.026231237263180107,0.670190709794987,-1.3356734780278907,0.19204485477292588,1.0,False
2026-08-30T05:50:26.169648+00:00,digits,f1,rbf_gaussian,"epsilon=0.1,k=5",30,0.9783369905456861,sigmoidal,"alpha=0.5,c=0.5,k=5",30,0.9778054780967823,30,30,0.0005315124489037666,4.0,0.7150006546880893,0.18257418583505527,0.4669169212714693,0.6440483900113922,1.0,False
2026-08-30T05:50:26.195830+00:00,digits,f1,rbf_gaussian,"epsilon=0.1,k=5",30,0.9783369905456861,softmax_radial,"beta=0.1,k=5",30,0.9791311244311244,30,30,-0.000794133885438227,8.0,0.3104944343172349,0.38332593899996387,-0.617776458079861,0.5415440738643622,1.0,False
2026-08-30T05:50:26.229902+00:00,digits,f1,rbf_gaussian,"epsilon=0.1,k=5",30,0.9783369905456861,student_t,"k=5,nu=0.01",30,0.9805196327022414,30,30,-0.0021826421565552035,8.0,0.026231237263180107,0.670190709794987,-1.3356734780278907,0.19204485477292588,1.0,False
2026-08-30T05:50:26.255805+00:00,digits,f1,rbf_gaussian,"epsilon=0.1,k=5",30,0.9783369905456861,wendland_c2,"h=5.0,k=5",30,0.9778524347364927,30,30,0.0004845558091935024,146.0,0.6570395276651597,0.08880084544678464,0.14777862243559897,0.8835401853955651,1.0,False
2026-08-30T05:50:26.283136+00:00,digits,f1,shepard,"k=5,z=1.0",30,0.9805196327022414,sigmoidal,"alpha=0.5,c=0.5,k=5",30,0.9778054780967823,30,30,0.00271415460545897,11.0,0.015906444101703374,0.6687063753240174,1.5899069459123636,0.12269978933770576,1.0,False
2026-08-30T05:50:26.309044+00:00,digits,f1,shepard,"k=5,z=1.0",30,0.9805196327022414,softmax_radial,"beta=0.1,k=5",30,0.9791311244311244,30,30,0.0013885082711169764,0.0,0.043114446783075355,0.904534033733291,1.155286056806136,0.2574037700809182,1.0,False
2026-08-30T05:50:26.332577+00:00,digits,f1,shepard,"k=5,z=1.0",30,0.9805196327022414,student_t,"k=5,nu=0.01",30,0.9805196327022414,30,30,0.0,,,,,,,False
2026-08-30T05:50:26.360986+00:00,digits,f1,shepard,"k=5,z=1.0",30,0.9805196327022414,wendland_c2,"h=5.0,k=5",30,0.9778524347364927,30,30,0.002667197965748706,78.0,0.06800061994241925,0.3805393713435346,1.1362516316379716,0.26515411921786036,1.0,False
2026-08-30T05:50:26.387602+00:00,digits,f1,sigmoidal,"alpha=0.5,c=0.5,k=5",30,0.9778054780967823,softmax_radial,"beta=0.1,k=5",30,0.9791311244311244,30,30,-0.0013256463343419937,11.0,0.1730709208049953,0.454134139615304,-0.9111225969774945,0.3697424976192547,1.0,False
2026-08-30T05:50:26.415000+00:00,digits,f1,sigmoidal,"alpha=0.5,c=0.5,k=5",30,0.9778054780967823,student_t,"k=5,nu=0.01",30,0.9805196327022414,30,30,-0.00271415460545897,11.0,0.015906444101703374,0.6687063753240174,-1.5899069459123636,0.12269978933770576,1.0,False
2026-08-30T05:50:26.441344+00:00,digits,f1,sigmoidal,"alpha=0.5,c=0.5,k=5",30,0.9778054780967823,wendland_c2,"h=5.0,k=5",30,0.9778524347364927,30,30,-4.695663971026424e-05,174.0,0.9696091457542945,0.0074717309474010025,-0.014322687536403133,0.9886706226636544,1.0,False
2026-08-30T05:50:26.467182+00:00,digits,f1,softmax_radial,"beta=0.1,k=5",30,0.9791311244311244,student_t,"k=5,nu=0.01",30,0.9805196327022414,30,30,-0.0013885082711169764,0.0,0.043114446783075355,0.904534033733291,-1.155286056806136,0.2574037700809182,1.0,False
2026-08-30T05:50:26.493240+00:00,digits,f1,softmax_radial,"beta=0.1,k=5",30,0.9791311244311244,wendland_c2,"h=5.0,k=5",30,0.9778524347364927,30,30,0.0012786896946317295,127.0,0.5110675065337904,0.13414556834581012,0.4706308905842605,0.641425030810056,1.0,False
2026-08-30T05:50:26.519346+00:00,digits,f1,student_t,"k=5,nu=0.01",30,0.9805196327022414,wendland_c2,"h=5.0,k=5",30,0.9778524347364927,30,30,0.002667197965748706,78.0,0.06800061994241925,0.3805393713435346,1.1362516316379716,0.26515411921786036,1.0,False
2026-08-30T05:50:26.573752+00:00,fetal_health,f1,attention,k=30,45,0.4940533805290814,cauchy,"epsilon=5.068077717443547,k=27",45,0.4789004995120295,75,75,0.015152881017051777,1083.0,0.4566473295453477,0.08961267910819856,0.4867622361623285,0.6278654828638093,1.0,False
2026-08-30T05:50:26.604768+00:00,fetal_health,f1,attention,k=30,45,0.4940533805290814,cosine,"h=3.573720289591046,k=4",45,0.42040357542468054,75,75,0.07364980510440078,159.0,2.3063322309605096e-11,0.7719386580595715,2.8376561302805263,0.005860975412395497,5.961868817032917e-08,True
2026-08-30T05:50:26.632968+00:00,fetal_health,f1,attention,k=30,45,0.4940533805290814,cubic_spline,"h=3.573720289591046,k=4",45,0.41907438916542955,75,75,0.07497899136365185,158.0,2.2246183360427354e-11,0.7725483928185268,2.8393967229952284,0.005832269096643472,5.752863017006514e-08,True
2026-08-30T05:50:26.661308+00:00,fetal_health,f1,attention,k=30,45,0.4940533805290814,entropic,"beta=1.0017808951943048,k=26",45,0.47822234906151306,75,75,0.01583103146756828,1346.0,0.6765584638601037,0.04816994816400493,0.4933884719876542,0.6231992445853529,1.0,False
2026-08-30T05:50:26.690171+00:00,fetal_health,f1,attention,k=30,45,0.4940533805290814,gen_exponential,"epsilon=0.2217046753718674,k=30,p=1.9007718757911343",45,0.4926061696064817,75,75,0.001447210922599776,769.5,0.38332058870448105,0.11349795433790316,0.05811690066514693,0.9538121634906243,1.0,False
2026-08-30T05:50:26.718823+00:00,fetal_health,f1,attention,k=30,45,0.4925490570286906,harmonic,k=30,30,0.48969553243887964,45,45,0.0028535245898110256,223.0,0.3042320687118558,0.17884741434567067,0.12713187519205013,0.899415253987357,1.0,False
2026-08-30T05:50:26.753760+00:00,fetal_health,f1,attention,k=30,45,0.4940533805290814,inverse_multiquadratic,"c=0.284104903560722,k=27",45,0.47528487436328665,75,75,0.018768506165794677,873.5,0.13833001660048344,0.1824263446264899,0.6067917637574899,0.5458463438146766,1.0,False
2026-08-30T05:50:26.782195+00:00,fetal_health,f1,attention,k=30,45,0.4940533805290814,laplacian,"epsilon=5.068077717443547,k=27",45,0.4906227286928865,75,75,0.003430651836194886,1300.0,0.509209165223319,0.07621827241140022,0.11075716867046119,0.9121087572004489,1.0,False
2026-08-30T05:50:26.812025+00:00,fetal_health,f1,attention,k=30,45,0.4940533805290814,logarithmic,"c=0.18337021671045928,k=27",45,0.47227830860712033,75,75,0.02177507192196105,823.0,0.021510342051311613,0.2767556234305408,0.7012969551241205,0.4853173258923582,1.0,False
2026-08-30T05:50:26.840363+00:00,fetal_health,f1,attention,k=30,45,0.4940533805290814,lorentzian,k=30,45,0.5030017318166163,75,75,-0.008948351287534946,693.0,0.0033573668107103032,0.3556748168743773,-0.33732246930816323,0.7368287555955764,1.0,False
2026-08-30T05:50:26.868636+00:00,fetal_health,f1,attention,k=30,45,0.4940533805290814,multiquadratic,"c=3.195155555698118,k=27",45,0.4644182421873206,75,75,0.0296351383417606,571.0,3.052843417886669e-05,0.49137890366133086,0.9912208675404821,0.32480787661832,0.07099288702011108,False
2026-08-30T05:50:26.896818+00:00,fetal_health,f1,attention,k=30,45,0.4940533805290814,quartic_spline,"h=3.573720289591046,k=4",45,0.41803121824779044,75,75,0.07602216228129087,161.0,2.478671485299829e-11,0.7707192373419415,2.905252097169666,0.004836659541547439,6.404887118014758e-08,True
2026-08-30T05:50:26.931829+00:00,fetal_health,f1,attention,k=30,45,0.4940533805290814,radial,"k=27,z=0.5068077717443549",45,0.4924312033427748,75,75,0.0016221771863065423,1273.0,0.4221801616916142,0.09268141925226264,0.052194286842087566,0.9585145266290616,1.0,False
2026-08-30T05:50:26.965772+00:00,fetal_health,f1,attention,k=30,45,0.4940533805290814,rational_quadratic,"alpha=1.951264598651315,k=28,l=0.056199690315221415",45,0.49205186597920014,75,75,0.002001514549881227,1080.0,0.25658173112396976,0.1346412687575817,0.0628579850841395,0.9500490703032201,1.0,False
2026-08-30T05:50:26.994837+00:00,fetal_health,f1,attention,k=30,45,0.4940533805290814,rbf_gaussian,"epsilon=1.0017808951943048,k=26",45,0.47822234906151306,75,75,0.01583103146756828,1346.0,0.6765584638601037,0.04816994816400493,0.4933884719876542,0.6231992445853529,1.0,False
2026-08-30T05:50:27.024138+00:00,fetal_health,f1,attention,k=30,45,0.4940533805290814,shepard,"k=27,z=3.342489796049292",45,0.48493973924919054,75,75,0.009113641279890769,1233.0,0.6494350477213007,0.053568897976534934,0.2881261610100892,0.7740556305435953,1.0,False
2026-08-30T05:50:27.053153+00:00,fetal_health,f1,attention,k=30,45,0.4940533805290814,sigmoidal,"alpha=17.741022140664235,c=0.9887380372072279,k=28",45,0.496825506859173,75,75,-0.002772126330091611,1204.0,0.2432091356955841,0.13475390562335565,-0.08525486289915003,0.9322890168630118,1.0,False
2026-08-30T05:50:27.083156+00:00,fetal_health,f1,attention,k=30,45,0.4940533805290814,softmax_radial,"beta=5.068077717443547,k=27",45,0.4906227286928865,75,75,0.003430651836194886,1300.0,0.509209165223319,0.07621827241140022,0.11075716867046119,0.9121087572004489,1.0,False
2026-08-30T05:50:27.112760+00:00,fetal_health,f1,attention,k=30,45,0.4940533805290814,student_t,"k=27,nu=0.0336246363764408",45,0.475419148242717,75,75,0.01863423228636424,780.5,0.11935342305325912,0.1962257045595855,0.6020656662261186,0.5489707667275856,1.0,False
2026-08-30T05:50:27.142237+00:00,fetal_health,f1,attention,k=30,45,0.4940533805290814,wendland_c2,"h=3.573720289591046,k=4",45,0.42018067492412753,75,75,0.0738727056049538,167.0,3.07486057622521e-11,0.7670607438509521,2.820692303560737,0.006147629622864859,7.942364868389717e-08,True
2026-08-30T05:50:27.171930+00:00,fetal_health,f1,cauchy,"epsilon=5.068077717443547,k=27",45,0.47890049951202956,cosine,"h=3.573720289591046,k=4",45,0.42040357542468054,75,75,0.058496924087349016,368.0,2.383864892082603e-08,0.644501711585022,1.974106354880186,0.052102325700638774,5.916752662149021e-05,True
2026-08-30T05:50:27.201019+00:00,fetal_health,f1,cauchy,"epsilon=5.068077717443547,k=27",45,0.47890049951202956,cubic_spline,"h=3.573720289591046,k=4",45,0.41907438916542955,75,75,0.059826110346600056,369.0,2.4573326903076445e-08,0.6438919653104342,1.9865352719942504,0.05067698441291979,6.096642404653266e-05,True
2026-08-30T05:50:27.231147+00:00,fetal_health,f1,cauchy,"epsilon=5.068077717443547,k=27",45,0.47890049951202956,entropic,"beta=1.0017808951943048,k=26",45,0.47822234906151306,75,75,0.0006781504505165022,1234.0,0.31317305591638456,0.11646152024461953,0.020758604335866706,0.9834940914448513,1.0,False
2026-08-30T05:50:27.262788+00:00,fetal_health,f1,cauchy,"epsilon=5.068077717443547,k=27",45,0.47890049951202956,gen_exponential,"epsilon=0.2217046753718674,k=30,p=1.9007718757911343",45,0.4926061696064817,75,75,-0.013705670094452001,1298.0,0.772870894520938,0.03378061382986797,-0.4442133638953534,0.658184695221371,1.0,False
2026-08-30T05:50:27.301086+00:00,fetal_health,f1,cauchy,"epsilon=5.068077717443547,k=27",45,0.47983179610861776,harmonic,k=30,30,0.48969553243887964,45,45,-0.009863736330261854,446.0,0.7444064121162655,0.049718150526865575,-0.3561959938038577,0.7233961180496968,1.0,False
2026-08-30T05:50:27.337641+00:00,fetal_health,f1,cauchy,"epsilon=5.068077717443547,k=27",45,0.47890049951202956,inverse_multiquadratic,"c=0.284104903560722,k=27",45,0.47528487436328665,75,75,0.0036156251487429025,947.5,0.16823789268852885,0.16709345492819147,0.11975985063149548,0.9049979333616787,1.0,False
2026-08-30T05:50:27.369126+00:00,fetal_health,f1,cauchy,"epsilon=5.068077717443547,k=27",45,0.47890049951202956,laplacian,"epsilon=5.068077717443547,k=27",45,0.4906227286928865,75,75,-0.011722229180856891,978.0,0.01825459913716071,0.27255701714709646,-0.3820665649320635,0.7035070235223759,1.0,False
2026-08-30T05:50:27.402968+00:00,fetal_health,f1,cauchy,"epsilon=5.068077717443547,k=27",45,0.47890049951202956,logarithmic,"c=0.18337021671045928,k=27",45,0.47227830860712033,75,75,0.006622190904909271,874.0,0.046154392940361194,0.24004681512115839,0.21745526703900114,0.8284520366392576,1.0,False
2026-08-30T05:50:27.433338+00:00,fetal_health,f1,cauchy,"epsilon=5.068077717443547,k=27",45,0.47890049951202956,lorentzian,k=30,45,0.5030017318166163,75,75,-0.024101232304586724,646.0,0.0012812072605853115,0.3905013093599956,-0.7598154323251776,0.4497788180128479,1.0,False
2026-08-30T05:50:27.462598+00:00,fetal_health,f1,cauchy,"epsilon=5.068077717443547,k=27",45,0.47890049951202956,multiquadratic,"c=3.195155555698118,k=27",45,0.4644182421873206,75,75,0.014482257324708826,804.0,0.0026609265390900175,0.35164010396233986,0.4867493133571375,0.6278745981179705,1.0,False
2026-08-30T05:50:27.491727+00:00,fetal_health,f1,cauchy,"epsilon=5.068077717443547,k=27",45,0.47890049951202956,quartic_spline,"h=3.573720289591046,k=4",45,0.41803121824779044,75,75,0.060869281264239114,365.0,2.1760255403608267e-08,0.6463309500746617,2.0249704143534517,0.04647834357471736,5.4030714167159326e-05,True
2026-08-30T05:50:27.521620+00:00,fetal_health,f1,cauchy,"epsilon=5.068077717443547,k=27",45,0.47890049951202956,radial,"k=27,z=0.5068077717443549",45,0.4924312033427748,75,75,-0.013530703830745233,944.0,0.011086900651965863,0.29328791223906825,-0.4378297711763578,0.662785012006569,1.0,False
2026-08-30T05:50:27.551350+00:00,fetal_health,f1,cauchy,"epsilon=5.068077717443547,k=27",45,0.47890049951202956,rational_quadratic,"alpha=1.951264598651315,k=28,l=0.056199690315221415",45,0.49205186597920014,75,75,-0.013151366467170548,831.0,0.01603257515328996,0.28783174438129355,-0.3978615924632597,0.691877671300001,1.0,False
2026-08-30T05:50:27.580029+00:00,fetal_health,f1,cauchy,"epsilon=5.068077717443547,k=27",45,0.47890049951202956,rbf_gaussian,"epsilon=1.0017808951943048,k=26",45,0.47822234906151306,75,75,0.0006781504505165022,1234.0,0.31317305591638456,0.11646152024461953,0.020758604335866706,0.9834940914448513,1.0,False
2026-08-30T05:50:27.609087+00:00,fetal_health,f1,cauchy,"epsilon=5.068077717443547,k=27",45,0.47890049951202956,shepard,"k=27,z=3.342489796049292",45,0.48493973924919054,75,75,-0.006039239737161008,827.5,0.07575086542089648,0.21859708537139746,-0.19588757781427674,0.8452350798027044,1.0,False
2026-08-30T05:50:27.640482+00:00,fetal_health,f1,cauchy,"epsilon=5.068077717443547,k=27",45,0.47890049951202956,sigmoidal,"alpha=17.741022140664235,c=0.9887380372072279,k=28",45,0.496825506859173,75,75,-0.01792500734714339,965.0,0.01513818836374687,0.2804832424739527,-0.5200663368053411,0.6045697410532651,1.0,False
2026-08-30T05:50:27.672684+00:00,fetal_health,f1,cauchy,"epsilon=5.068077717443547,k=27",45,0.47890049951202956,softmax_radial,"beta=5.068077717443547,k=27",45,0.4906227286928865,75,75,-0.011722229180856891,978.0,0.01825459913716071,0.27255701714709646,-0.3820665649320635,0.7035070235223759,1.0,False
2026-08-30T05:50:27.705403+00:00,fetal_health,f1,cauchy,"epsilon=5.068077717443547,k=27",45,0.47890049951202956,student_t,"k=27,nu=0.0336246363764408",45,0.475419148242717,75,75,0.0034813512693124614,932.5,0.19707305473279202,0.15759070293450333,0.11497704982110979,0.9087747278643175,1.0,False
2026-08-30T05:50:27.737293+00:00,fetal_health,f1,cauchy,"epsilon=5.068077717443547,k=27",45,0.47890049951202956,wendland_c2,"h=3.573720289591046,k=4",45,0.42018067492412753,75,75,0.05871982458790202,372.0,2.6911644633122147e-08,0.6420627267506818,1.9583422623505198,0.05395923495019339,6.655249717771107e-05,True
2026-08-30T05:50:27.767894+00:00,fetal_health,f1,cosine,"h=3.573720289591046,k=4",45,0.42040357542468054,cubic_spline,"h=3.573720289591046,k=4",45,0.41907438916542955,75,75,0.0013291862592510458,639.0,0.37283578768768644,0.12127343152930015,0.15736424303932814,0.8753863817319187,1.0,False
2026-08-30T05:50:27.798332+00:00,fetal_health,f1,cosine,"h=3.573720289591046,k=4",45,0.42040357542468054,entropic,"beta=1.0017808951943048,k=26",45,0.47822234906151306,75,75,-0.057818773636832514,495.0,9.065107008651066e-07,0.5670639467387295,-1.9226996804292256,0.05836635854483574,0.0021837842783840418,True
2026-08-30T05:50:27.831758+00:00,fetal_health,f1,cosine,"h=3.573720289591046,k=4",45,0.42040357542468054,gen_exponential,"epsilon=0.2217046753718674,k=30,p=1.9007718757911343",45,0.4926061696064817,75,75,-0.07220259418180101,145.0,1.38839351764697e-11,0.7804750252784254,-2.8678220341824785,0.005381407741052113,3.5945508171880056e-08,True
2026-08-30T05:50:27.863890+00:00,fetal_health,f1,cosine,"h=3.573720289591046,k=4",45,0.4198460310761438,harmonic,k=30,30,0.48969553243887964,45,45,-0.0698495013627357,64.0,8.952497410064097e-09,0.8570800067722011,-2.6388108043947263,0.011462341388915664,2.24170535148005e-05,True
2026-08-30T05:50:27.896277+00:00,fetal_health,f1,cosine,"h=3.573720289591046,k=4",45,0.42040357542468054,inverse_multiquadratic,"c=0.284104903560722,k=27",45,0.47528487436328665,75,75,-0.05488129893860612,380.0,3.425248575851796e-08,0.637184757372276,-1.8503654707629569,0.06825255782206296,8.460363982353935e-05,True
2026-08-30T05:50:27.926706+00:00,fetal_health,f1,cosine,"h=3.573720289591046,k=4",45,0.42040357542468054,laplacian,"epsilon=5.068077717443547,k=27",45,0.4906227286928865,75,75,-0.07021915326820591,305.0,3.3344460018201052e-09,0.6829157205166444,-2.4980739369701106,0.014708138937885362,8.389466140579385e-06,True
2026-08-30T05:50:27.958833+00:00,fetal_health,f1,cosine,"h=3.573720289591046,k=4",45,0.42040357542468054,logarithmic,"c=0.18337021671045928,k=27",45,0.47227830860712033,75,75,-0.05187473318243974,399.0,6.031955370927613e-08,0.625599579922993,-1.7299873347161416,0.08780144035948134,0.00014826546301740075,True
2026-08-30T05:50:27.989557+00:00,fetal_health,f1,cosine,"h=3.573720289591046,k=4",45,0.42040357542468054,lorentzian,k=30,45,0.5030017318166163,75,75,-0.08259815639193574,128.0,7.44292605782284e-12,0.7908407743430036,-3.115423496251104,0.002613660804139162,1.9306950193992448e-08,True
2026-08-30T05:50:28.022191+00:00,fetal_health,f1,cosine,"h=3.573720289591046,k=4",45,0.42040357542468054,multiquadratic,"c=3.195155555698118,k=27",45,0.4644182421873206,75,75,-0.044014666762640195,477.0,5.558203237478944e-07,0.5780393779673128,-1.551435905857405,0.1250638125750969,0.0013467526444411481,True
2026-08-30T05:50:28.053829+00:00,fetal_health,f1,cosine,"h=3.573720289591046,k=4",45,0.42040357542468054,quartic_spline,"h=3.573720289591046,k=4",45,0.41803121824779044,75,75,0.002372357176890077,697.5,0.15699209850260046,0.1842512380310763,0.2764540893464934,0.782969990825984,1.0,False
2026-08-30T05:50:28.084221+00:00,fetal_health,f1,cosine,"h=3.573720289591046,k=4",45,0.42040357542468054,radial,"k=27,z=0.5068077717443549",45,0.4924312033427748,75,75,-0.07202762791809425,296.0,2.4955282593462313e-09,0.68840343665288,-2.5545238740157568,0.01268927109941842,6.298713326589888e-06,True
2026-08-30T05:50:28.114749+00:00,fetal_health,f1,cosine,"h=3.573720289591046,k=4",45,0.42040357542468054,rational_quadratic,"alpha=1.951264598651315,k=28,l=0.056199690315221415",45,0.49205186597920014,75,75,-0.07164829055451956,271.0,1.1028720804369483e-09,0.7036470919825811,-2.4644886062056375,0.016042123281589493,2.8432042233664526e-06,True
2026-08-30T05:50:28.144921+00:00,fetal_health,f1,cosine,"h=3.573720289591046,k=4",45,0.42040357542468054,rbf_gaussian,"epsilon=1.0017808951943048,k=26",45,0.47822234906151306,75,75,-0.057818773636832514,495.0,9.065107008651066e-07,0.5670639467387295,-1.9226996804292256,0.05836635854483574,0.0021837842783840418,True
2026-08-30T05:50:28.174087+00:00,fetal_health,f1,cosine,"h=3.573720289591046,k=4",45,0.42040357542468054,shepard,"k=27,z=3.342489796049292",45,0.48493973924919054,75,75,-0.06453616382451002,335.0,8.62288968098476e-09,0.6646233353039299,-2.1641931938199086,0.03367647608896229,2.1600338650866826e-05,True
2026-08-30T05:50:28.204835+00:00,fetal_health,f1,cosine,"h=3.573720289591046,k=4",45,0.42040357542468054,sigmoidal,"alpha=17.741022140664235,c=0.9887380372072279,k=28",45,0.496825506859173,75,75,-0.07642193143449241,268.0,9.987850887769236e-10,0.7054763300694024,-2.6220063327120013,0.010606282607928286,2.57786431413324e-06,True
2026-08-30T05:50:28.234888+00:00,fetal_health,f1,cosine,"h=3.573720289591046,k=4",45,0.42040357542468054,softmax_radial,"beta=5.068077717443547,k=27",45,0.4906227286928865,75,75,-0.07021915326820591,305.0,3.3344460018201052e-09,0.6829157205166444,-2.4980739369701106,0.014708138937885362,8.389466140579385e-06,True
2026-08-30T05:50:28.265323+00:00,fetal_health,f1,cosine,"h=3.573720289591046,k=4",45,0.42040357542468054,student_t,"k=27,nu=0.0336246363764408",45,0.475419148242717,75,75,-0.05501557281803656,380.0,3.425248575851796e-08,0.637184757372276,-1.8546328582635319,0.06763260409921834,8.460363982353935e-05,True
2026-08-30T05:50:28.295374+00:00,fetal_health,f1,cosine,"h=3.573720289591046,k=4",45,0.42040357542468054,wendland_c2,"h=3.573720289591046,k=4",45,0.42018067492412753,75,75,0.00022290050055300713,709.0,0.7730040982186901,0.03925275320030488,0.027167692445757348,0.9783991170384319,1.0,False
2026-08-30T05:50:28.330128+00:00,fetal_health,f1,cubic_spline,"h=3.573720289591046,k=4",45,0.41907438916542955,entropic,"beta=1.0017808951943048,k=26",45,0.47822234906151306,75,75,-0.05914795989608357,500.0,1.0368372320855422e-06,0.5640152158446751,-1.936360036576719,0.05664247895119767,0.002493593543165729,True
2026-08-30T05:50:28.363393+00:00,fetal_health,f1,cubic_spline,"h=3.573720289591046,k=4",45,0.41907438916542955,gen_exponential,"epsilon=0.2217046753718674,k=30,p=1.9007718757911343",45,0.4926061696064817,75,75,-0.07353178044105207,145.0,1.38839351764697e-11,0.7804750252784254,-2.8625336693208197,0.005462777366854965,3.5945508171880056e-08,True
2026-08-30T05:50:28.392380+00:00,fetal_health,f1,cubic_spline,"h=3.573720289591046,k=4",45,0.4183795311846853,harmonic,k=30,30,0.48969553243887964,45,45,-0.07131600125419421,67.0,1.233223656527116e-08,0.8489706936007975,-2.627344418859318,0.011800479221256932,3.0781262466916814e-05,True
2026-08-30T05:50:28.422388+00:00,fetal_health,f1,cubic_spline,"h=3.573720289591046,k=4",45,0.41907438916542955,inverse_multiquadratic,"c=0.284104903560722,k=27",45,0.47528487436328665,75,75,-0.05621048519785716,377.0,3.129669462225762e-08,0.639013995931464,-1.86567659174568,0.06605011538723238,7.736542910622084e-05,True
2026-08-30T05:50:28.451868+00:00,fetal_health,f1,cubic_spline,"h=3.573720289591046,k=4",45,0.41907438916542955,laplacian,"epsilon=5.068077717443547,k=27",45,0.4906227286928865,75,75,-0.07154833952745696,304.0,3.2291362211000787e-09,0.6835254665702455,-2.5014917373992667,0.0145781395282647,8.134194140951098e-06,True
2026-08-30T05:50:28.479965+00:00,fetal_health,f1,cubic_spline,"h=3.573720289591046,k=4",45,0.41907438916542955,logarithmic,"c=0.18337021671045928,k=27",45,0.47227830860712033,75,75,-0.0532039194416908,390.0,4.619258262645363e-08,0.6310872955569204,-1.7479249190764,0.08462480827945762,0.00011372613842632885,True
2026-08-30T05:50:28.508284+00:00,fetal_health,f1,cubic_spline,"h=3.573720289591046,k=4",45,0.41907438916542955,lorentzian,k=30,45,0.5030017318166163,75,75,-0.08392734265118679,134.0,9.283273556541954e-12,0.787182375944738,-3.111518273887267,0.0026443744327315777,2.4071528332113284e-08,True
2026-08-30T05:50:28.536918+00:00,fetal_health,f1,cubic_spline,"h=3.573720289591046,k=4",45,0.41907438916542955,multiquadratic,"c=3.195155555698118,k=27",45,0.4644182421873206,75,75,-0.045343853021891235,465.0,3.9920901132879797e-07,0.5853563321154377,-1.573559396912583,0.11985540165904829,0.0009688802704949927,True
2026-08-30T05:50:28.565261+00:00,fetal_health,f1,cubic_spline,"h=3.573720289591046,k=4",45,0.41907438916542955,quartic_spline,"h=3.573720289591046,k=4",45,0.41803121824779044,75,75,0.0010431709176390313,358.0,0.6551535718916982,0.07151552264603006,0.11973114070045449,0.9050205980422537,1.0,False
2026-08-30T05:50:28.593263+00:00,fetal_health,f1,cubic_spline,"h=3.573720289591046,k=4",45,0.41907438916542955,radial,"k=27,z=0.5068077717443549",45,0.4924312033427748,75,75,-0.0733568141773453,301.0,2.932267051993752e-09,0.6853547052402957,-2.554852603154363,0.012678285886624119,7.3951775051282425e-06,True
2026-08-30T05:50:28.623022+00:00,fetal_health,f1,cubic_spline,"h=3.573720289591046,k=4",45,0.41907438916542955,rational_quadratic,"alpha=1.951264598651315,k=28,l=0.056199690315221415",45,0.49205186597920014,75,75,-0.0729774768137706,277.0,1.3437299704489173e-09,0.6999886131948834,-2.4684455837093413,0.015879504315004178,3.460104673905962e-06,True
2026-08-30T05:50:28.651553+00:00,fetal_health,f1,cubic_spline,"h=3.573720289591046,k=4",45,0.41907438916542955,rbf_gaussian,"epsilon=1.0017808951943048,k=26",45,0.47822234906151306,75,75,-0.05914795989608357,500.0,1.0368372320855422e-06,0.5640152158446751,-1.936360036576719,0.05664247895119767,0.002493593543165729,True
2026-08-30T05:50:28.681220+00:00,fetal_health,f1,cubic_spline,"h=3.573720289591046,k=4",45,0.41907438916542955,shepard,"k=27,z=3.342489796049292",45,0.48493973924919054,75,75,-0.06586535008376107,341.0,1.0396904926606688e-08,0.6609648584158414,-2.1740997648554834,0.03289581223991056,2.5971468506663507e-05,True
2026-08-30T05:50:28.709686+00:00,fetal_health,f1,cubic_spline,"h=3.573720289591046,k=4",45,0.41907438916542955,sigmoidal,"alpha=17.741022140664235,c=0.9887380372072279,k=28",45,0.496825506859173,75,75,-0.07775111769374343,269.0,1.032368890024088e-09,0.7048665838494366,-2.6203473753421602,0.010653527443700739,2.6635117362621467e-06,True
2026-08-30T05:50:28.738519+00:00,fetal_health,f1,cubic_spline,"h=3.573720289591046,k=4",45,0.41907438916542955,softmax_radial,"beta=5.068077717443547,k=27",45,0.4906227286928865,75,75,-0.07154833952745696,304.0,3.2291362211000787e-09,0.6835254665702455,-2.5014917373992667,0.0145781395282647,8.134194140951098e-06,True
2026-08-30T05:50:28.767862+00:00,fetal_health,f1,cubic_spline,"h=3.573720289591046,k=4",45,0.41907438916542955,student_t,"k=27,nu=0.0336246363764408",45,0.475419148242717,75,75,-0.0563447590772876,378.0,3.225334695391511e-08,0.6384042497629545,-1.8690070590063659,0.06557903662763387,7.969802032312423e-05,True
2026-08-30T05:50:28.797001+00:00,fetal_health,f1,cubic_spline,"h=3.573720289591046,k=4",45,0.41907438916542955,wendland_c2,"h=3.573720289591046,k=4",45,0.42018067492412753,75,75,-0.0011062857586980387,395.5,0.48376927620294974,0.10805139403711288,-0.13083393090615264,0.8962617128722616,1.0,False
2026-08-30T05:50:28.826386+00:00,fetal_health,f1,entropic,"beta=1.0017808951943048,k=26",45,0.47822234906151306,gen_exponential,"epsilon=0.2217046753718674,k=30,p=1.9007718757911343",45,0.4926061696064817,75,75,-0.014383820544968505,1258.0,0.6110859600845044,0.0595182243669102,-0.45066240651664646,0.6535505830838988,1.0,False
2026-08-30T05:50:28.854891+00:00,fetal_health,f1,entropic,"beta=1.0017808951943048,k=26",45,0.48123311446082834,harmonic,k=30,30,0.48969553243887964,45,45,-0.0084624179780511,472.0,0.6147444267971309,0.07502942995673843,-0.2979589367792607,0.7671369633096174,1.0,False
2026-08-30T05:50:28.882896+00:00,fetal_health,f1,entropic,"beta=1.0017808951943048,k=26",45,0.47822234906151306,inverse_multiquadratic,"c=0.284104903560722,k=27",45,0.47528487436328665,75,75,0.0029374746982263997,1130.0,0.11928914131901876,0.1798751228909046,0.08971383325540955,0.9287569996769842,1.0,False
2026-08-30T05:50:28.911758+00:00,fetal_health,f1,entropic,"beta=1.0017808951943048,k=26",45,0.47822234906151306,laplacian,"epsilon=5.068077717443547,k=27",45,0.4906227286928865,75,75,-0.012400379631373392,887.0,0.05533298916820269,0.2306896679050413,-0.38314794587021084,0.7027085398716943,1.0,False
2026-08-30T05:50:28.940365+00:00,fetal_health,f1,entropic,"beta=1.0017808951943048,k=26",45,0.47822234906151306,logarithmic,"c=0.18337021671045928,k=27",45,0.47227830860712033,75,75,0.005944040454392769,1083.0,0.07092608290044178,0.20853319331759113,0.18068457924354073,0.8571090971709094,1.0,False
2026-08-30T05:50:28.970367+00:00,fetal_health,f1,entropic,"beta=1.0017808951943048,k=26",45,0.47822234906151306,lorentzian,k=30,45,0.5030017318166163,75,75,-0.024779382755103226,1096.0,0.08233366863191081,0.20060649298680555,-0.7583193431313597,0.45066825280908285,1.0,False
2026-08-30T05:50:28.998463+00:00,fetal_health,f1,entropic,"beta=1.0017808951943048,k=26",45,0.47822234906151306,multiquadratic,"c=3.195155555698118,k=27",45,0.4644182421873206,75,75,0.013804106874192321,985.0,0.020155259218591966,0.2682883188881286,0.42586983327665173,0.6714388224295302,1.0,False
2026-08-30T05:50:29.026966+00:00,fetal_health,f1,entropic,"beta=1.0017808951943048,k=26",45,0.47822234906151306,quartic_spline,"h=3.573720289591046,k=4",45,0.41803121824779044,75,75,0.0601911308137226,491.0,8.137522124783833e-07,0.5695029314573029,1.9767138399099953,0.05180049700103351,0.0019627703364978604,True
2026-08-30T05:50:29.055713+00:00,fetal_health,f1,entropic,"beta=1.0017808951943048,k=26",45,0.47822234906151306,radial,"k=27,z=0.5068077717443549",45,0.4924312033427748,75,75,-0.014208854281261734,839.0,0.041264936905517115,0.24749039340842083,-0.43729617438914054,0.6631701384868789,1.0,False
2026-08-30T05:50:29.084206+00:00,fetal_health,f1,entropic,"beta=1.0017808951943048,k=26",45,0.47822234906151306,rational_quadratic,"alpha=1.951264598651315,k=28,l=0.056199690315221415",45,0.49205186597920014,75,75,-0.013829516917687053,1236.0,0.31826712098083876,0.11524202788603716,-0.3976619497962209,0.6920242069629863,1.0,False
2026-08-30T05:50:29.113000+00:00,fetal_health,f1,entropic,"beta=1.0017808951943048,k=26",45,0.47822234906151306,rbf_gaussian,"epsilon=1.0017808951943048,k=26",45,0.47822234906151306,75,75,0.0,232.5,1.0,0.0,0.0,1.0,1.0,False
2026-08-30T05:50:29.142289+00:00,fetal_health,f1,entropic,"beta=1.0017808951943048,k=26",45,0.47822234906151306,shepard,"k=27,z=3.342489796049292",45,0.48493973924919054,75,75,-0.00671739018767751,1359.0,0.877975426453107,0.017848223482550843,-0.20262908064950805,0.8399810435525588,1.0,False
2026-08-30T05:50:29.170955+00:00,fetal_health,f1,entropic,"beta=1.0017808951943048,k=26",45,0.47822234906151306,sigmoidal,"alpha=17.741022140664235,c=0.9887380372072279,k=28",45,0.496825506859173,75,75,-0.01860315779765989,1047.0,0.06660148807932399,0.213239301607318,-0.5212818447761481,0.6037270366930088,1.0,False
2026-08-30T05:50:29.198517+00:00,fetal_health,f1,entropic,"beta=1.0017808951943048,k=26",45,0.47822234906151306,softmax_radial,"beta=5.068077717443547,k=27",45,0.4906227286928865,75,75,-0.012400379631373392,887.0,0.05533298916820269,0.2306896679050413,-0.38314794587021084,0.7027085398716943,1.0,False
2026-08-30T05:50:29.227258+00:00,fetal_health,f1,entropic,"beta=1.0017808951943048,k=26",45,0.47822234906151306,student_t,"k=27,nu=0.0336246363764408",45,0.475419148242717,75,75,0.002803200818795958,1131.0,0.12054652930987773,0.17926537671161338,0.08566343639739783,0.9319653219685837,1.0,False
2026-08-30T05:50:29.255851+00:00,fetal_health,f1,entropic,"beta=1.0017808951943048,k=26",45,0.47822234906151306,wendland_c2,"h=3.573720289591046,k=4",45,0.42018067492412753,75,75,0.05804167413738552,502.0,1.0938650568514624e-06,0.5627957234877685,1.9117682047809343,0.05977770805602245,0.002628557731614064,True
2026-08-30T05:50:29.283687+00:00,fetal_health,f1,gen_exponential,"epsilon=0.2217046753718674,k=30,p=1.9007718757911343",45,0.4905528585675585,harmonic,k=30,30,0.48969553243887964,45,45,0.0008573261286789714,277.0,0.9501348777191542,0.010886364351475634,0.037911890235001154,0.9699294244380141,1.0,False
2026-08-30T05:50:29.312129+00:00,fetal_health,f1,gen_exponential,"epsilon=0.2217046753718674,k=30,p=1.9007718757911343",45,0.4926061696064817,inverse_multiquadratic,"c=0.284104903560722,k=27",45,0.47528487436328665,75,75,0.017321295243194902,1053.0,0.35561794665748836,0.11120609576077649,0.5656299333833665,0.5733565064623494,1.0,False
2026-08-30T05:50:29.340764+00:00,fetal_health,f1,gen_exponential,"epsilon=0.2217046753718674,k=30,p=1.9007718757911343",45,0.4926061696064817,laplacian,"epsilon=5.068077717443547,k=27",45,0.4906227286928865,75,75,0.00198344091359511,1255.0,0.47534544215464436,0.0829785828574732,0.06466589914944983,0.9486143875330018,1.0,False
2026-08-30T05:50:29.376014+00:00,fetal_health,f1,gen_exponential,"epsilon=0.2217046753718674,k=30,p=1.9007718757911343",45,0.4926061696064817,logarithmic,"c=0.18337021671045928,k=27",45,0.47227830860712033,75,75,0.020327860999361274,956.0,0.09361088045208199,0.20039804317190918,0.660497860390204,0.5109852879113257,1.0,False
2026-08-30T05:50:29.409586+00:00,fetal_health,f1,gen_exponential,"epsilon=0.2217046753718674,k=30,p=1.9007718757911343",45,0.4926061696064817,lorentzian,k=30,45,0.5030017318166163,75,75,-0.010395562210134723,725.0,0.0005844686286445782,0.4024718847730036,-0.39803973697963335,0.6917469249961323,1.0,False
2026-08-30T05:50:29.441301+00:00,fetal_health,f1,gen_exponential,"epsilon=0.2217046753718674,k=30,p=1.9007718757911343",45,0.4926061696064817,multiquadratic,"c=3.195155555698118,k=27",45,0.4644182421873206,75,75,0.028187927419160833,573.0,0.00014845399862649904,0.4567007622020223,0.955325418208609,0.3425236459642522,0.3344668589055023,False
2026-08-30T05:50:29.472994+00:00,fetal_health,f1,gen_exponential,"epsilon=0.2217046753718674,k=30,p=1.9007718757911343",45,0.4926061696064817,quartic_spline,"h=3.573720289591046,k=4",45,0.41803121824779044,75,75,0.07457495135869109,136.0,9.990608362752406e-12,0.7859627143303873,2.927603663663476,0.0045361152995166965,2.5885666267891485e-08,True
2026-08-30T05:50:29.502728+00:00,fetal_health,f1,gen_exponential,"epsilon=0.2217046753718674,k=30,p=1.9007718757911343",45,0.4926061696064817,radial,"k=27,z=0.5068077717443549",45,0.4924312033427748,75,75,0.00017496626370676615,1255.0,0.3693483582587125,0.10365685047950425,0.005687959408019397,0.9954769956021376,1.0,False
2026-08-30T05:50:29.531290+00:00,fetal_health,f1,gen_exponential,"epsilon=0.2217046753718674,k=30,p=1.9007718757911343",45,0.4926061696064817,rational_quadratic,"alpha=1.951264598651315,k=28,l=0.056199690315221415",45,0.49205186597920014,75,75,0.0005543036272814509,1156.0,0.21234429269798083,0.1449776749547551,0.01779222483675478,0.9858524925813634,1.0,False
2026-08-30T05:50:29.561528+00:00,fetal_health,f1,gen_exponential,"epsilon=0.2217046753718674,k=30,p=1.9007718757911343",45,0.4926061696064817,rbf_gaussian,"epsilon=1.0017808951943048,k=26",45,0.47822234906151306,75,75,0.014383820544968505,1258.0,0.6110859600845044,0.0595182243669102,0.45066240651664646,0.6535505830838988,1.0,False
2026-08-30T05:50:29.596762+00:00,fetal_health,f1,gen_exponential,"epsilon=0.2217046753718674,k=30,p=1.9007718757911343",45,0.4926061696064817,shepard,"k=27,z=3.342489796049292",45,0.48493973924919054,75,75,0.007666430357290993,1237.0,0.5326455742013261,0.07303046989885734,0.2447462124770382,0.8073303399762399,1.0,False
2026-08-30T05:50:29.637140+00:00,fetal_health,f1,gen_exponential,"epsilon=0.2217046753718674,k=30,p=1.9007718757911343",45,0.4926061696064817,sigmoidal,"alpha=17.741022140664235,c=0.9887380372072279,k=28",45,0.496825506859173,75,75,-0.004219337252691387,1197.0,0.2286023517842526,0.139022128878394,-0.13242616683986316,0.8950066442316391,1.0,False
2026-08-30T05:50:29.673811+00:00,fetal_health,f1,gen_exponential,"epsilon=0.2217046753718674,k=30,p=1.9007718757911343",45,0.4926061696064817,softmax_radial,"beta=5.068077717443547,k=27",45,0.4906227286928865,75,75,0.00198344091359511,1255.0,0.47534544215464436,0.0829785828574732,0.06466589914944983,0.9486143875330018,1.0,False
2026-08-30T05:50:29.715869+00:00,fetal_health,f1,gen_exponential,"epsilon=0.2217046753718674,k=30,p=1.9007718757911343",45,0.4926061696064817,student_t,"k=27,nu=0.0336246363764408",45,0.475419148242717,75,75,0.017187021363764467,1078.0,0.3357061077988821,0.1150627507915499,0.5609612130955153,0.5765186926823562,1.0,False
2026-08-30T05:50:29.764830+00:00,fetal_health,f1,gen_exponential,"epsilon=0.2217046753718674,k=30,p=1.9007718757911343",45,0.4926061696064817,wendland_c2,"h=3.573720289591046,k=4",45,0.42018067492412753,75,75,0.07242549468235403,150.0,1.665318515969415e-11,0.77742644095747,2.8479555507125176,0.005692986888792495,4.3081790008128764e-08,True
2026-08-30T05:50:29.816221+00:00,fetal_health,f1,harmonic,k=30,30,0.48969553243887964,inverse_multiquadratic,"c=0.284104903560722,k=27",45,0.47588115126868274,45,45,0.013814381170196621,394.0,0.8297199494168628,0.034004091363378064,0.5773485526885207,0.5666467300293039,1.0,False
2026-08-30T05:50:29.866907+00:00,fetal_health,f1,harmonic,k=30,30,0.48969553243887964,laplacian,"epsilon=5.068077717443547,k=27",45,0.49192922840194564,45,45,-0.002233695963066097,426.0,0.3075094087528214,0.152121491381072,-0.09060836473012732,0.9282150170240011,1.0,False
2026-08-30T05:50:29.920143+00:00,fetal_health,f1,harmonic,k=30,30,0.48969553243887964,logarithmic,"c=0.18337021671045928,k=27",45,0.4730463695659948,45,45,0.016649162872884638,337.0,0.3264868748108414,0.1551436668454123,0.6977515095023077,0.48900361827689287,1.0,False
2026-08-30T05:50:29.969789+00:00,fetal_health,f1,harmonic,k=30,30,0.48969553243887964,lorentzian,k=30,45,0.501544097121131,45,45,-0.011848564682251468,206.0,0.002143101570100377,0.47365719228484154,-0.5788036489195029,0.5656730168094006,1.0,False
2026-08-30T05:50:30.019914+00:00,fetal_health,f1,harmonic,k=30,30,0.48969553243887964,multiquadratic,"c=3.195155555698118,k=27",45,0.46450281970160445,45,45,0.025192712737275094,229.0,0.00902490444500506,0.4077867620718832,1.0833821834276371,0.28454006426993317,1.0,False
2026-08-30T05:50:30.065087+00:00,fetal_health,f1,harmonic,k=30,30,0.48969553243887964,quartic_spline,"h=3.573720289591046,k=4",45,0.4175269873274763,45,45,0.07216854511140323,67.0,1.233223656527116e-08,0.8489706936007975,3.081526815330965,0.003546305803384664,3.0781262466916814e-05,True
2026-08-30T05:50:30.116495+00:00,fetal_health,f1,harmonic,k=30,30,0.48969553243887964,radial,"k=27,z=0.5068077717443549",45,0.493221279473759,45,45,-0.003525747034879439,395.0,0.24320259287873114,0.17593477266276894,-0.14448994060993658,0.8857734066597001,1.0,False
2026-08-30T05:50:30.177086+00:00,fetal_health,f1,harmonic,k=30,30,0.48969553243887964,rational_quadratic,"alpha=1.951264598651315,k=28,l=0.056199690315221415",45,0.4932614419235523,45,45,-0.0035659094846728343,343.0,0.1748932370147711,0.20933525606071368,-0.13711575539186577,0.8915648106132217,1.0,False
2026-08-30T05:50:30.222679+00:00,fetal_health,f1,harmonic,k=30,30,0.48969553243887964,rbf_gaussian,"epsilon=1.0017808951943048,k=26",45,0.48123311446082845,45,45,0.008462417978051098,472.0,0.6147444267971309,0.07502942995673843,0.34232424535458217,0.7337367740882059,1.0,False
2026-08-30T05:50:30.260733+00:00,fetal_health,f1,harmonic,k=30,30,0.48969553243887964,shepard,"k=27,z=3.342489796049292",45,0.48585152554571653,45,45,0.0038440068931630284,400.0,0.3780626582374441,0.13442314772078473,0.1539680893583629,0.8783389331027804,1.0,False
2026-08-30T05:50:30.292171+00:00,fetal_health,f1,harmonic,k=30,30,0.48969553243887964,sigmoidal,"alpha=17.741022140664235,c=0.9887380372072279,k=28",45,0.49836742707611925,45,45,-0.008671894637239755,390.0,0.15303083127372474,0.213008948508874,-0.3194136903029838,0.7509244686671566,1.0,False
2026-08-30T05:50:30.337235+00:00,fetal_health,f1,harmonic,k=30,30,0.48969553243887964,softmax_radial,"beta=5.068077717443547,k=27",45,0.49192922840194564,45,45,-0.002233695963066097,426.0,0.3075094087528214,0.152121491381072,-0.09060836473012732,0.9282150170240011,1.0,False
2026-08-30T05:50:30.395306+00:00,fetal_health,f1,harmonic,k=30,30,0.48969553243887964,student_t,"k=27,nu=0.0336246363764408",45,0.47599304616820814,45,45,0.013702486270671253,414.0,0.8306929489678482,0.033391968110104545,0.5721242414459927,0.5701495410969764,1.0,False
2026-08-30T05:50:30.429382+00:00,fetal_health,f1,harmonic,k=30,30,0.48969553243887964,wendland_c2,"h=3.573720289591046,k=4",45,0.41960068562362024,45,45,0.07009484681525927,69.0,1.520453452030779e-08,0.8436295983482287,2.991375407907977,0.0045378839136835936,3.78744954900867e-05,True
2026-08-30T05:50:30.465205+00:00,fetal_health,f1,inverse_multiquadratic,"c=0.284104903560722,k=27",45,0.47528487436328676,laplacian,"epsilon=5.068077717443547,k=27",45,0.4906227286928865,75,75,-0.015337854329599795,904.0,0.005938279945744562,0.31767775941071597,-0.5033499394708248,0.6162133133659877,1.0,False
2026-08-30T05:50:30.498619+00:00,fetal_health,f1,inverse_multiquadratic,"c=0.284104903560722,k=27",45,0.47528487436328676,logarithmic,"c=0.18337021671045928,k=27",45,0.47227830860712033,75,75,0.0030065657561663696,666.5,0.3858372818704857,0.11693203145884945,0.10038614762923521,0.9203092462496532,1.0,False
2026-08-30T05:50:30.530746+00:00,fetal_health,f1,inverse_multiquadratic,"c=0.284104903560722,k=27",45,0.47528487436328676,lorentzian,k=30,45,0.5030017318166163,75,75,-0.027716857453329632,576.0,0.00015955598670406012,0.45454142053677193,-0.8780360998385947,0.3827660948255287,0.35788407817720685,False
2026-08-30T05:50:30.563009+00:00,fetal_health,f1,inverse_multiquadratic,"c=0.284104903560722,k=27",45,0.47528487436328676,multiquadratic,"c=3.195155555698118,k=27",45,0.4644182421873206,75,75,0.010866632175965923,715.5,0.008157970617232403,0.32319449245889703,0.37283315125624766,0.7103384173237692,1.0,False
2026-08-30T05:50:30.598658+00:00,fetal_health,f1,inverse_multiquadratic,"c=0.284104903560722,k=27",45,0.47528487436328676,quartic_spline,"h=3.573720289591046,k=4",45,0.41803121824779044,75,75,0.05725365611549619,369.0,2.4573326903076445e-08,0.6438919653104342,1.9044658806852999,0.06073650722953805,6.096642404653266e-05,True
2026-08-30T05:50:30.644322+00:00,fetal_health,f1,inverse_multiquadratic,"c=0.284104903560722,k=27",45,0.47528487436328676,radial,"k=27,z=0.5068077717443549",45,0.4924312033427748,75,75,-0.01714632897948814,874.0,0.0036190687270790684,0.3359701447894511,-0.5578919234089473,0.578602125775838,1.0,False
2026-08-30T05:50:30.681957+00:00,fetal_health,f1,inverse_multiquadratic,"c=0.284104903560722,k=27",45,0.47528487436328676,rational_quadratic,"alpha=1.951264598651315,k=28,l=0.056199690315221415",45,0.49205186597920014,75,75,-0.01676699161591345,876.0,0.0037432422322314666,0.33475065243087004,-0.5080623375006613,0.6129207950721285,1.0,False
2026-08-30T05:50:30.714760+00:00,fetal_health,f1,inverse_multiquadratic,"c=0.284104903560722,k=27",45,0.47528487436328676,rbf_gaussian,"epsilon=1.0017808951943048,k=26",45,0.47822234906151306,75,75,-0.0029374746982264,1130.0,0.11928914131901876,0.1798751228909046,-0.08971383325540956,0.9287569996769842,1.0,False
2026-08-30T05:50:30.747866+00:00,fetal_health,f1,inverse_multiquadratic,"c=0.284104903560722,k=27",45,0.47528487436328676,shepard,"k=27,z=3.342489796049292",45,0.48493973924919054,75,75,-0.00965486488590391,936.0,0.0098174869820364,0.2981658816733976,-0.3149761101083142,0.7536662521748498,1.0,False
2026-08-30T05:50:30.780612+00:00,fetal_health,f1,inverse_multiquadratic,"c=0.284104903560722,k=27",45,0.47528487436328676,sigmoidal,"alpha=17.741022140664235,c=0.9887380372072279,k=28",45,0.496825506859173,75,75,-0.02154063249588629,897.0,0.005301261178834359,0.32194598266575464,-0.6271675026450977,0.5324797953468099,1.0,False
2026-08-30T05:50:30.814077+00:00,fetal_health,f1,inverse_multiquadratic,"c=0.284104903560722,k=27",45,0.47528487436328676,softmax_radial,"beta=5.068077717443547,k=27",45,0.4906227286928865,75,75,-0.015337854329599795,904.0,0.005938279945744562,0.31767775941071597,-0.5033499394708248,0.6162133133659877,1.0,False
2026-08-30T05:50:30.844736+00:00,fetal_health,f1,inverse_multiquadratic,"c=0.284104903560722,k=27",45,0.47528487436328676,student_t,"k=27,nu=0.0336246363764408",45,0.475419148242717,75,75,-0.00013427387943044136,312.0,0.9608032079557121,0.008307134421243898,-0.004506335872959116,0.9964166026895755,1.0,False
2026-08-30T05:50:30.883295+00:00,fetal_health,f1,inverse_multiquadratic,"c=0.284104903560722,k=27",45,0.47528487436328676,wendland_c2,"h=3.573720289591046,k=4",45,0.42018067492412753,75,75,0.05510419943915913,381.0,3.5296617243210974e-08,0.636575011213749,1.83746922511281,0.07015512518334321,8.711205135624468e-05,True
2026-08-30T05:50:30.926476+00:00,fetal_health,f1,laplacian,"epsilon=5.068077717443547,k=27",45,0.49062272869288637,logarithmic,"c=0.18337021671045928,k=27",45,0.47227830860712033,75,75,0.018344420085766165,839.0,0.00197207221447119,0.35731126106464484,0.5981151083592795,0.5515893722859551,1.0,False
2026-08-30T05:50:30.965918+00:00,fetal_health,f1,laplacian,"epsilon=5.068077717443547,k=27",45,0.49062272869288637,lorentzian,k=30,45,0.5030017318166163,75,75,-0.01237900312372983,1346.0,0.6765584638601037,0.04816994816400493,-0.39543274951326735,0.6936612150676358,1.0,False
2026-08-30T05:50:31.013361+00:00,fetal_health,f1,laplacian,"epsilon=5.068077717443547,k=27",45,0.49062272869288637,multiquadratic,"c=3.195155555698118,k=27",45,0.4644182421873206,75,75,0.026204486505565717,727.0,0.00022795969099564028,0.4256028331452719,0.8758302309402969,0.3839564609007795,0.5051586752463388,False
2026-08-30T05:50:31.060148+00:00,fetal_health,f1,laplacian,"epsilon=5.068077717443547,k=27",45,0.49062272869288637,quartic_spline,"h=3.573720289591046,k=4",45,0.41803121824779044,75,75,0.072591510445096,303.0,3.1270673192419255e-09,0.6841352134526741,2.547472483770191,0.01292698806942072,7.883336711808894e-06,True
2026-08-30T05:50:31.101588+00:00,fetal_health,f1,laplacian,"epsilon=5.068077717443547,k=27",45,0.49062272869288637,radial,"k=27,z=0.5068077717443549",45,0.4924312033427748,75,75,-0.001808474649888344,810.0,0.5713242877078089,0.07370023277945745,-0.0617356879789705,0.9509397603990397,1.0,False
2026-08-30T05:50:31.147259+00:00,fetal_health,f1,laplacian,"epsilon=5.068077717443547,k=27",45,0.49062272869288637,rational_quadratic,"alpha=1.951264598651315,k=28,l=0.056199690315221415",45,0.49205186597920014,75,75,-0.001429137286313659,1254.0,0.5957554968027767,0.0620919854206144,-0.04430141182843239,0.9647834746779078,1.0,False
2026-08-30T05:50:31.190033+00:00,fetal_health,f1,laplacian,"epsilon=5.068077717443547,k=27",45,0.49062272869288637,rbf_gaussian,"epsilon=1.0017808951943048,k=26",45,0.47822234906151306,75,75,0.012400379631373392,887.0,0.05533298916820269,0.2306896679050413,0.38314794587021084,0.7027085398716943,1.0,False
2026-08-30T05:50:31.229139+00:00,fetal_health,f1,laplacian,"epsilon=5.068077717443547,k=27",45,0.49062272869288637,shepard,"k=27,z=3.342489796049292",45,0.48493973924919054,75,75,0.005682989443695882,1131.0,0.16702512930638558,0.16063401134295757,0.18750508202435134,0.8517778182675686,1.0,False
2026-08-30T05:50:31.271971+00:00,fetal_health,f1,laplacian,"epsilon=5.068077717443547,k=27",45,0.49062272869288637,sigmoidal,"alpha=17.741022140664235,c=0.9887380372072279,k=28",45,0.496825506859173,75,75,-0.006202778166286497,1216.0,0.5823564384882778,0.06481175310741262,-0.19017339547506332,0.8496939832284296,1.0,False
2026-08-30T05:50:31.311152+00:00,fetal_health,f1,laplacian,"epsilon=5.068077717443547,k=27",45,0.49062272869288637,softmax_radial,"beta=5.068077717443547,k=27",45,0.4906227286928865,75,75,0.0,232.5,1.0,0.0,0.0,1.0,1.0,False
2026-08-30T05:50:31.344876+00:00,fetal_health,f1,laplacian,"epsilon=5.068077717443547,k=27",45,0.49062272869288637,student_t,"k=27,nu=0.0336246363764408",45,0.475419148242717,75,75,0.015203580450169353,909.0,0.00643458924169512,0.31462957684094406,0.49784442252712524,0.6200699776871041,1.0,False
2026-08-30T05:50:31.388742+00:00,fetal_health,f1,laplacian,"epsilon=5.068077717443547,k=27",45,0.49062272869288637,wendland_c2,"h=3.573720289591046,k=4",45,0.42018067492412753,75,75,0.07044205376875891,307.0,3.5551906761016025e-09,0.6816962289281431,2.4828359733689815,0.01530050415006845,8.937749359719429e-06,True
2026-08-30T05:50:31.431993+00:00,fetal_health,f1,logarithmic,"c=0.18337021671045928,k=27",45,0.47227830860712033,lorentzian,k=30,45,0.5030017318166163,75,75,-0.03072342320949599,589.0,2.834275531181599e-05,0.48997976059893084,-0.9697176081362989,0.3353461784858145,0.06603861987653126,False
2026-08-30T05:50:31.476277+00:00,fetal_health,f1,logarithmic,"c=0.18337021671045928,k=27",45,0.47227830860712033,multiquadratic,"c=3.195155555698118,k=27",45,0.4644182421873206,75,75,0.007860066419799553,736.0,0.027877502456164854,0.2727531137367609,0.26917710241332826,0.7885425092382261,1.0,False
2026-08-30T05:50:31.510185+00:00,fetal_health,f1,logarithmic,"c=0.18337021671045928,k=27",45,0.47227830860712033,quartic_spline,"h=3.573720289591046,k=4",45,0.41803121824779044,75,75,0.05424709035932982,382.0,3.637159131889495e-08,0.6359652650144585,1.7852261743938618,0.0783223830844082,8.958322941843827e-05,True
2026-08-30T05:50:31.540004+00:00,fetal_health,f1,logarithmic,"c=0.18337021671045928,k=27",45,0.47227830860712033,radial,"k=27,z=0.5068077717443549",45,0.4924312033427748,75,75,-0.02015289473565451,829.0,0.0016483547997938508,0.3634087228575561,-0.6511589514204834,0.5169609037080227,1.0,False
2026-08-30T05:50:31.574158+00:00,fetal_health,f1,logarithmic,"c=0.18337021671045928,k=27",45,0.47227830860712033,rational_quadratic,"alpha=1.951264598651315,k=28,l=0.056199690315221415",45,0.49205186597920014,75,75,-0.019773557372079822,825.0,0.001533152290705385,0.365847707574721,-0.5956069012493875,0.553255168104029,1.0,False
2026-08-30T05:50:31.608334+00:00,fetal_health,f1,logarithmic,"c=0.18337021671045928,k=27",45,0.47227830860712033,rbf_gaussian,"epsilon=1.0017808951943048,k=26",45,0.47822234906151306,75,75,-0.005944040454392769,1083.0,0.07092608290044178,0.20853319331759113,-0.18068457924354073,0.8571090971709094,1.0,False
2026-08-30T05:50:31.650727+00:00,fetal_health,f1,logarithmic,"c=0.18337021671045928,k=27",45,0.47227830860712033,shepard,"k=27,z=3.342489796049292",45,0.48493973924919054,75,75,-0.01266143064207028,836.0,0.004676778629997039,0.33105001553270574,-0.4106347068115244,0.682527019623226,1.0,False
2026-08-30T05:50:31.690488+00:00,fetal_health,f1,logarithmic,"c=0.18337021671045928,k=27",45,0.47227830860712033,sigmoidal,"alpha=17.741022140664235,c=0.9887380372072279,k=28",45,0.496825506859173,75,75,-0.02454719825205266,842.0,0.002080004137124008,0.35548202252676986,-0.7092010323227659,0.4804282545517158,1.0,False
2026-08-30T05:50:31.722102+00:00,fetal_health,f1,logarithmic,"c=0.18337021671045928,k=27",45,0.47227830860712033,softmax_radial,"beta=5.068077717443547,k=27",45,0.4906227286928865,75,75,-0.018344420085766158,839.0,0.00197207221447119,0.35731126106464484,-0.5981151083592793,0.5515893722859553,1.0,False
2026-08-30T05:50:31.753765+00:00,fetal_health,f1,logarithmic,"c=0.18337021671045928,k=27",45,0.47227830860712033,student_t,"k=27,nu=0.0336246363764408",45,0.475419148242717,75,75,-0.003140839635596811,708.5,0.34847795265182246,0.12418095516182438,-0.10453820410150205,0.917025077447611,1.0,False
2026-08-30T05:50:31.793742+00:00,fetal_health,f1,logarithmic,"c=0.18337021671045928,k=27",45,0.47227830860712033,wendland_c2,"h=3.573720289591046,k=4",45,0.42018067492412753,75,75,0.05209763368299276,398.0,5.856376297484499e-08,0.6262093261407415,1.7193035195896955,0.08973967173877684,0.00014400829315514382,True
2026-08-30T05:50:31.850074+00:00,fetal_health,f1,lorentzian,k=30,45,0.5030017318166163,multiquadratic,"c=3.195155555698118,k=27",45,0.4644182421873206,75,75,0.038583489629295545,420.0,3.1295094294825406e-07,0.5987211651186818,1.259906552954513,0.21166202786105792,0.0007617225951360504,True
2026-08-30T05:50:31.906203+00:00,fetal_health,f1,lorentzian,k=30,45,0.5030017318166163,quartic_spline,"h=3.573720289591046,k=4",45,0.41803121824779044,75,75,0.08497051356882582,134.0,9.283273556541954e-12,0.787182375944738,3.1759066730569248,0.0021785181988698277,2.4071528332113284e-08,True
2026-08-30T05:50:31.956085+00:00,fetal_health,f1,lorentzian,k=30,45,0.5030017318166163,radial,"k=27,z=0.5068077717443549",45,0.4924312033427748,75,75,0.010570528473841486,1377.0,0.7999075698730509,0.02926781660597769,0.3359955469965341,0.7378250634336501,1.0,False
2026-08-30T05:50:31.992082+00:00,fetal_health,f1,lorentzian,k=30,45,0.5030017318166163,rational_quadratic,"alpha=1.951264598651315,k=28,l=0.056199690315221415",45,0.49205186597920014,75,75,0.010949865837416172,1155.0,0.6086048334558443,0.06120359084656909,0.3391736815383194,0.7354395434698566,1.0,False
2026-08-30T05:50:32.027374+00:00,fetal_health,f1,lorentzian,k=30,45,0.5030017318166163,rbf_gaussian,"epsilon=1.0017808951943048,k=26",45,0.47822234906151306,75,75,0.024779382755103222,1096.0,0.08233366863191081,0.20060649298680555,0.7583193431313596,0.45066825280908285,1.0,False
2026-08-30T05:50:32.071173+00:00,fetal_health,f1,lorentzian,k=30,45,0.5030017318166163,shepard,"k=27,z=3.342489796049292",45,0.48493973924919054,75,75,0.018061992567425716,1036.0,0.16555758311485402,0.1645615507037109,0.5647855563077878,0.5739277922251222,1.0,False
2026-08-30T05:50:32.111844+00:00,fetal_health,f1,lorentzian,k=30,45,0.5030017318166163,sigmoidal,"alpha=17.741022140664235,c=0.9887380372072279,k=28",45,0.496825506859173,75,75,0.006176224957443334,1411.0,0.9410678388618302,0.00853644651007684,0.18700092214338873,0.8521716639846235,1.0,False
2026-08-30T05:50:32.150854+00:00,fetal_health,f1,lorentzian,k=30,45,0.5030017318166163,softmax_radial,"beta=5.068077717443547,k=27",45,0.4906227286928865,75,75,0.01237900312372983,1346.0,0.6765584638601037,0.04816994816400493,0.39543274951326735,0.6936612150676358,1.0,False
2026-08-30T05:50:32.189739+00:00,fetal_health,f1,lorentzian,k=30,45,0.5030017318166163,student_t,"k=27,nu=0.0336246363764408",45,0.475419148242717,75,75,0.027582583573899176,581.0,0.00017981273559209598,0.4509425177613378,0.8735683803936097,0.3851794344686328,0.4018814640483345,False
2026-08-30T05:50:32.219429+00:00,fetal_health,f1,lorentzian,k=30,45,0.5030017318166163,wendland_c2,"h=3.573720289591046,k=4",45,0.42018067492412753,75,75,0.08282105689248875,136.0,9.990608362752406e-12,0.7859627143303873,3.098027083519932,0.002753088385268665,2.5885666267891485e-08,True
2026-08-30T05:50:32.266225+00:00,fetal_health,f1,multiquadratic,"c=3.195155555698118,k=27",45,0.4644182421873206,quartic_spline,"h=3.573720289591046,k=4",45,0.41803121824779044,75,75,0.04638702393953027,455.0,3.020872903414379e-07,0.5914537939159067,1.6101550720778803,0.11162186395432139,0.0007355825519814013,True
2026-08-30T05:50:32.312294+00:00,fetal_health,f1,multiquadratic,"c=3.195155555698118,k=27",45,0.4644182421873206,radial,"k=27,z=0.5068077717443549",45,0.4924312033427748,75,75,-0.028012961155454055,702.0,0.00013462378020266284,0.44084648762753503,-0.9275742168945561,0.3566440751163429,0.3047882383788287,False
2026-08-30T05:50:32.358629+00:00,fetal_health,f1,multiquadratic,"c=3.195155555698118,k=27",45,0.4644182421873206,rational_quadratic,"alpha=1.951264598651315,k=28,l=0.056199690315221415",45,0.49205186597920014,75,75,-0.027633623791879374,666.0,0.00016783543299761868,0.4404348603151215,-0.8581728490168001,0.3935681334047558,0.3759513699146659,False
2026-08-30T05:50:32.409603+00:00,fetal_health,f1,multiquadratic,"c=3.195155555698118,k=27",45,0.4644182421873206,rbf_gaussian,"epsilon=1.0017808951943048,k=26",45,0.47822234906151306,75,75,-0.013804106874192324,985.0,0.020155259218591966,0.2682883188881286,-0.42586983327665173,0.6714388224295302,1.0,False
2026-08-30T05:50:32.455314+00:00,fetal_health,f1,multiquadratic,"c=3.195155555698118,k=27",45,0.4644182421873206,shepard,"k=27,z=3.342489796049292",45,0.48493973924919054,75,75,-0.020521497061869835,724.0,0.0005727119309144883,0.4031153250364258,-0.6811481370390868,0.49790380402576595,1.0,False
2026-08-30T05:50:32.506299+00:00,fetal_health,f1,multiquadratic,"c=3.195155555698118,k=27",45,0.4644182421873206,sigmoidal,"alpha=17.741022140664235,c=0.9887380372072279,k=28",45,0.496825506859173,75,75,-0.03240726467185222,725.0,0.00021868714750619954,0.4268223255038305,-0.9639906123934694,0.3381903416610239,0.4850480931687506,False
2026-08-30T05:50:32.547416+00:00,fetal_health,f1,multiquadratic,"c=3.195155555698118,k=27",45,0.4644182421873206,softmax_radial,"beta=5.068077717443547,k=27",45,0.4906227286928865,75,75,-0.026204486505565717,727.0,0.00022795969099564028,0.4256028331452719,-0.8758302309402969,0.3839564609007795,0.5051586752463388,False
2026-08-30T05:50:32.581606+00:00,fetal_health,f1,multiquadratic,"c=3.195155555698118,k=27",45,0.4644182421873206,student_t,"k=27,nu=0.0336246363764408",45,0.475419148242717,75,75,-0.011000906055396362,737.0,0.00771913702656149,0.3230712919942262,-0.3760710222661888,0.707940120887353,1.0,False
2026-08-30T05:50:32.615458+00:00,fetal_health,f1,multiquadratic,"c=3.195155555698118,k=27",45,0.4644182421873206,wendland_c2,"h=3.573720289591046,k=4",45,0.42018067492412753,75,75,0.044237567263193195,481.0,6.201130237307155e-07,0.5756003932477066,1.5416027099218035,0.12743585942463098,0.0014994332913808703,True
2026-08-30T05:50:32.649504+00:00,fetal_health,f1,quartic_spline,"h=3.573720289591046,k=4",45,0.41803121824779044,radial,"k=27,z=0.5068077717443549",45,0.4924312033427748,75,75,-0.07439998509498433,298.0,2.662038603494171e-09,0.6871839441600748,-2.597535032031276,0.011322840287607994,6.716323396615793e-06,True
2026-08-30T05:50:32.682569+00:00,fetal_health,f1,quartic_spline,"h=3.573720289591046,k=4",45,0.41803121824779044,rational_quadratic,"alpha=1.951264598651315,k=28,l=0.056199690315221415",45,0.49205186597920014,75,75,-0.07402064773140965,275.0,1.2582405768674121e-09,0.7012081055081559,-2.511285302292151,0.014211336566192223,3.2424859665873208e-06,True
2026-08-30T05:50:32.713347+00:00,fetal_health,f1,quartic_spline,"h=3.573720289591046,k=4",45,0.41803121824779044,rbf_gaussian,"epsilon=1.0017808951943048,k=26",45,0.47822234906151306,75,75,-0.060191130813722585,491.0,8.137522124783833e-07,0.5695029314573029,-1.9767138399099948,0.05180049700103351,0.0019627703364978604,True
2026-08-30T05:50:32.742553+00:00,fetal_health,f1,quartic_spline,"h=3.573720289591046,k=4",45,0.41803121824779044,shepard,"k=27,z=3.342489796049292",45,0.48493973924919054,75,75,-0.06690852100140011,339.0,9.769391407400188e-09,0.6621843504887155,-2.21305616875554,0.02997724665437107,2.441370912709307e-05,True
2026-08-30T05:50:32.772646+00:00,fetal_health,f1,quartic_spline,"h=3.573720289591046,k=4",45,0.41803121824779044,sigmoidal,"alpha=17.741022140664235,c=0.9887380372072279,k=28",45,0.496825506859173,75,75,-0.07879428861138248,263.0,8.462142211458502e-10,0.7085250605821296,-2.6631675997923456,0.009493301046636704,2.1849251189985852e-06,True
2026-08-30T05:50:32.802201+00:00,fetal_health,f1,quartic_spline,"h=3.573720289591046,k=4",45,0.41803121824779044,softmax_radial,"beta=5.068077717443547,k=27",45,0.4906227286928865,75,75,-0.072591510445096,303.0,3.1270673192419255e-09,0.6841352134526741,-2.547472483770191,0.01292698806942072,7.883336711808894e-06,True
2026-08-30T05:50:32.830879+00:00,fetal_health,f1,quartic_spline,"h=3.573720289591046,k=4",45,0.41803121824779044,student_t,"k=27,nu=0.0336246363764408",45,0.475419148242717,75,75,-0.05738792999492662,369.0,2.4573326903076445e-08,0.6438919653104342,-1.9076436532386418,0.060317677577906625,6.096642404653266e-05,True
2026-08-30T05:50:32.859818+00:00,fetal_health,f1,quartic_spline,"h=3.573720289591046,k=4",45,0.41803121824779044,wendland_c2,"h=3.573720289591046,k=4",45,0.42018067492412753,75,75,-0.0021494566763370702,473.5,0.24022963072486747,0.16951191900987345,-0.25007697067847084,0.8032207810493877,1.0,False
2026-08-30T05:50:32.889985+00:00,fetal_health,f1,radial,"k=27,z=0.5068077717443549",45,0.4924312033427748,rational_quadratic,"alpha=1.951264598651315,k=28,l=0.056199690315221415",45,0.49205186597920014,75,75,0.0003793373635746848,1229.0,0.3931732033478552,0.09926117270120378,0.01161867239526583,0.9907611163409682,1.0,False
2026-08-30T05:50:32.919649+00:00,fetal_health,f1,radial,"k=27,z=0.5068077717443549",45,0.4924312033427748,rbf_gaussian,"epsilon=1.0017808951943048,k=26",45,0.47822234906151306,75,75,0.014208854281261734,839.0,0.041264936905517115,0.24749039340842083,0.43729617438914054,0.6631701384868789,1.0,False
2026-08-30T05:50:32.949618+00:00,fetal_health,f1,radial,"k=27,z=0.5068077717443549",45,0.4924312033427748,shepard,"k=27,z=3.342489796049292",45,0.48493973924919054,75,75,0.007491464093584227,1079.0,0.09652033727270529,0.1931991910304187,0.2445193031307185,0.8075053890324704,1.0,False
2026-08-30T05:50:32.978128+00:00,fetal_health,f1,radial,"k=27,z=0.5068077717443549",45,0.4924312033427748,sigmoidal,"alpha=17.741022140664235,c=0.9887380372072279,k=28",45,0.496825506859173,75,75,-0.004394303516398153,1331.0,0.9146284571729117,0.012547085136808085,-0.13414086112671544,0.8936553486008421,1.0,False
2026-08-30T05:50:33.006397+00:00,fetal_health,f1,radial,"k=27,z=0.5068077717443549",45,0.4924312033427748,softmax_radial,"beta=5.068077717443547,k=27",45,0.4906227286928865,75,75,0.001808474649888344,810.0,0.5713242877078089,0.07370023277945745,0.0617356879789705,0.9509397603990397,1.0,False
2026-08-30T05:50:33.035361+00:00,fetal_health,f1,radial,"k=27,z=0.5068077717443549",45,0.4924312033427748,student_t,"k=27,nu=0.0336246363764408",45,0.475419148242717,75,75,0.017012055100057696,870.0,0.0033818938303702435,0.33840912950661695,0.55254453371624,0.5822405331093661,1.0,False
2026-08-30T05:50:33.063900+00:00,fetal_health,f1,radial,"k=27,z=0.5068077717443549",45,0.4924312033427748,wendland_c2,"h=3.573720289591046,k=4",45,0.42018067492412753,75,75,0.07225052841864726,304.0,3.2291362211000787e-09,0.6835254665702455,2.5378758249272377,0.01325696880081173,8.134194140951098e-06,True
2026-08-30T05:50:33.093018+00:00,fetal_health,f1,rational_quadratic,"alpha=1.951264598651315,k=28,l=0.056199690315221415",45,0.49205186597920014,rbf_gaussian,"epsilon=1.0017808951943048,k=26",45,0.47822234906151306,75,75,0.013829516917687053,1236.0,0.31826712098083876,0.11524202788603716,0.39766194979622077,0.6920242069629863,1.0,False
2026-08-30T05:50:33.121693+00:00,fetal_health,f1,rational_quadratic,"alpha=1.951264598651315,k=28,l=0.056199690315221415",45,0.49205186597920014,shepard,"k=27,z=3.342489796049292",45,0.48493973924919054,75,75,0.007112126730009542,603.5,0.3214296777461785,0.136196324356428,0.21522584288257304,0.8301833203106113,1.0,False
2026-08-30T05:50:33.150539+00:00,fetal_health,f1,rational_quadratic,"alpha=1.951264598651315,k=28,l=0.056199690315221415",45,0.49205186597920014,sigmoidal,"alpha=17.741022140664235,c=0.9887380372072279,k=28",45,0.496825506859173,75,75,-0.004773640879972838,1239.0,0.32600942186539517,0.11341278934816355,-0.14144621680627661,0.8879018086409212,1.0,False
2026-08-30T05:50:33.179584+00:00,fetal_health,f1,rational_quadratic,"alpha=1.951264598651315,k=28,l=0.056199690315221415",45,0.49205186597920014,softmax_radial,"beta=5.068077717443547,k=27",45,0.4906227286928865,75,75,0.001429137286313659,1254.0,0.5957554968027767,0.0620919854206144,0.04430141182843239,0.9647834746779078,1.0,False
2026-08-30T05:50:33.210006+00:00,fetal_health,f1,rational_quadratic,"alpha=1.951264598651315,k=28,l=0.056199690315221415",45,0.49205186597920014,student_t,"k=27,nu=0.0336246363764408",45,0.475419148242717,75,75,0.01663271773648301,857.0,0.004264162514472809,0.33222745815765686,0.5027150149183323,0.6166575354830959,1.0,False
2026-08-30T05:50:33.241544+00:00,fetal_health,f1,rational_quadratic,"alpha=1.951264598651315,k=28,l=0.056199690315221415",45,0.49205186597920014,wendland_c2,"h=3.573720289591046,k=4",45,0.42018067492412753,75,75,0.07187119105507257,276.0,1.30030058433525e-09,0.7005983607249765,2.44911463633835,0.016688211304008327,3.3495743052476038e-06,True
2026-08-30T05:50:33.271194+00:00,fetal_health,f1,rbf_gaussian,"epsilon=1.0017808951943048,k=26",45,0.47822234906151306,shepard,"k=27,z=3.342489796049292",45,0.48493973924919054,75,75,-0.00671739018767751,1359.0,0.877975426453107,0.017848223482550843,-0.20262908064950805,0.8399810435525588,1.0,False
2026-08-30T05:50:33.299632+00:00,fetal_health,f1,rbf_gaussian,"epsilon=1.0017808951943048,k=26",45,0.47822234906151306,sigmoidal,"alpha=17.741022140664235,c=0.9887380372072279,k=28",45,0.496825506859173,75,75,-0.01860315779765989,1047.0,0.06660148807932399,0.213239301607318,-0.5212818447761481,0.6037270366930088,1.0,False
2026-08-30T05:50:33.329942+00:00,fetal_health,f1,rbf_gaussian,"epsilon=1.0017808951943048,k=26",45,0.47822234906151306,softmax_radial,"beta=5.068077717443547,k=27",45,0.4906227286928865,75,75,-0.012400379631373392,887.0,0.05533298916820269,0.2306896679050413,-0.38314794587021084,0.7027085398716943,1.0,False
2026-08-30T05:50:33.360517+00:00,fetal_health,f1,rbf_gaussian,"epsilon=1.0017808951943048,k=26",45,0.47822234906151306,student_t,"k=27,nu=0.0336246363764408",45,0.475419148242717,75,75,0.002803200818795958,1131.0,0.12054652930987773,0.17926537671161338,0.08566343639739783,0.9319653219685837,1.0,False
2026-08-30T05:50:33.390017+00:00,fetal_health,f1,rbf_gaussian,"epsilon=1.0017808951943048,k=26",45,0.47822234906151306,wendland_c2,"h=3.573720289591046,k=4",45,0.42018067492412753,75,75,0.05804167413738552,502.0,1.0938650568514624e-06,0.5627957234877685,1.9117682047809343,0.05977770805602245,0.002628557731614064,True
2026-08-30T05:50:33.418609+00:00,fetal_health,f1,shepard,"k=27,z=3.342489796049292",45,0.48493973924919054,sigmoidal,"alpha=17.741022140664235,c=0.9887380372072279,k=28",45,0.496825506859173,75,75,-0.01188576760998238,1124.0,0.11195937529490377,0.18353359996665178,-0.34658291828627713,0.7298882779649167,1.0,False
2026-08-30T05:50:33.448101+00:00,fetal_health,f1,shepard,"k=27,z=3.342489796049292",45,0.48493973924919054,softmax_radial,"beta=5.068077717443547,k=27",45,0.4906227286928865,75,75,-0.005682989443695882,1131.0,0.16702512930638558,0.16063401134295757,-0.18750508202435134,0.8517778182675686,1.0,False
2026-08-30T05:50:33.478525+00:00,fetal_health,f1,shepard,"k=27,z=3.342489796049292",45,0.48493973924919054,student_t,"k=27,nu=0.0336246363764408",45,0.475419148242717,75,75,0.00952059100647347,911.0,0.010257731180991882,0.2984097715591393,0.30962176156363724,0.7577188032027871,1.0,False
2026-08-30T05:50:33.507144+00:00,fetal_health,f1,shepard,"k=27,z=3.342489796049292",45,0.48493973924919054,wendland_c2,"h=3.573720289591046,k=4",45,0.42018067492412753,75,75,0.06475906432506302,342.0,1.0725181774114744e-08,0.6603551120266795,2.1486029456205697,0.03493777248107732,2.6780778889964517e-05,True
2026-08-30T05:50:33.535832+00:00,fetal_health,f1,sigmoidal,"alpha=17.741022140664235,c=0.9887380372072279,k=28",45,0.496825506859173,softmax_radial,"beta=5.068077717443547,k=27",45,0.4906227286928865,75,75,0.006202778166286497,1216.0,0.5823564384882778,0.06481175310741262,0.19017339547506332,0.8496939832284296,1.0,False
2026-08-30T05:50:33.564928+00:00,fetal_health,f1,sigmoidal,"alpha=17.741022140664235,c=0.9887380372072279,k=28",45,0.496825506859173,student_t,"k=27,nu=0.0336246363764408",45,0.475419148242717,75,75,0.02140635861645585,890.0,0.004726617276480275,0.3262142059207921,0.6225423518681528,0.5354990167547826,1.0,False
2026-08-30T05:50:33.594624+00:00,fetal_health,f1,sigmoidal,"alpha=17.741022140664235,c=0.9887380372072279,k=28",45,0.496825506859173,wendland_c2,"h=3.573720289591046,k=4",45,0.42018067492412753,75,75,0.0766448319350454,269.0,1.032368890024088e-09,0.7048665838494366,2.6117185776451826,0.010902357105328164,2.6635117362621467e-06,True
2026-08-30T05:50:33.623326+00:00,fetal_health,f1,softmax_radial,"beta=5.068077717443547,k=27",45,0.49062272869288637,student_t,"k=27,nu=0.0336246363764408",45,0.475419148242717,75,75,0.015203580450169353,909.0,0.00643458924169512,0.31462957684094406,0.49784442252712524,0.6200699776871041,1.0,False
2026-08-30T05:50:33.655417+00:00,fetal_health,f1,softmax_radial,"beta=5.068077717443547,k=27",45,0.49062272869288637,wendland_c2,"h=3.573720289591046,k=4",45,0.42018067492412753,75,75,0.07044205376875891,307.0,3.5551906761016025e-09,0.6816962289281431,2.4828359733689815,0.01530050415006845,8.937749359719429e-06,True
2026-08-30T05:50:33.685869+00:00,fetal_health,f1,student_t,"k=27,nu=0.0336246363764408",45,0.47541914824271725,wendland_c2,"h=3.573720289591046,k=4",45,0.42018067492412753,75,75,0.05523847331858956,381.0,3.5296617243210974e-08,0.636575011213749,1.8417180614125093,0.06952345259715909,8.711205135624468e-05,True
2026-08-30T05:50:33.742204+00:00,iris,f1,attention,k=6,60,0.9533245149911816,cauchy,"epsilon=42.97100021154878,k=22",60,0.9638800705467373,120,120,-0.010555555555555563,10.0,0.00026729365441386396,0.8150678894028687,-0.757883222616522,0.45001913616875333,0.5891152143281562,False
2026-08-30T05:50:33.772644+00:00,iris,f1,attention,k=6,60,0.9533245149911816,cosine,"h=3.573720289591046,k=4",60,0.9539594356261022,120,120,-0.0006349206349206326,10.0,0.25066607181324785,0.4061384660534476,-0.06737410786662053,0.946396950587687,1.0,False
2026-08-30T05:50:33.802649+00:00,iris,f1,attention,k=6,60,0.9533245149911816,cubic_spline,"h=3.573720289591046,k=4",60,0.9539594356261022,120,120,-0.0006349206349206326,10.0,0.25066607181324785,0.4061384660534476,-0.06737410786662053,0.946396950587687,1.0,False
2026-08-30T05:50:33.832110+00:00,iris,f1,attention,k=6,60,0.9533245149911816,entropic,"beta=1.8183018870845464,k=24",60,0.9522927689594357,120,120,0.0010317460317460245,126.0,0.4857749877422758,0.14228359892181025,0.06332265978124495,0.9496158142725135,1.0,False
2026-08-30T05:50:33.862567+00:00,iris,f1,attention,k=6,60,0.9533245149911816,gen_exponential,"epsilon=3.139118461178404,k=15,p=1.1276345122083506",60,0.9509347442680778,120,120,0.002389770723104064,36.0,0.811801411930012,0.06873433966234713,0.21704805912630182,0.8285425763576306,1.0,False
2026-08-30T05:50:33.891325+00:00,iris,f1,attention,k=6,60,0.9533245149911818,harmonic,"k=5,nu=0.00023807258718953553",30,0.9571340388007055,60,60,-0.003809523809523807,5.0,0.23419430487921455,0.4856618642571828,-0.33000111864975573,0.7425679901601172,1.0,False
2026-08-30T05:50:33.921736+00:00,iris,f1,attention,k=6,60,0.9533245149911816,inverse_multiquadratic,"c=0.016470428664554334,k=5",60,0.9571340388007054,120,120,-0.003809523809523807,18.0,0.08719706449021143,0.49374193110101877,-0.3427619281066205,0.7323822846231762,1.0,False
2026-08-30T05:50:33.953115+00:00,iris,f1,attention,k=6,60,0.9533245149911816,laplacian,"epsilon=5.068077717443547,k=27",60,0.9509347442680778,120,120,0.002389770723104064,36.0,0.811801411930012,0.06873433966234713,0.21704805912630182,0.8285425763576306,1.0,False
2026-08-30T05:50:33.983966+00:00,iris,f1,attention,k=6,60,0.9533245149911816,logarithmic,"c=0.23232604885522545,k=4",60,0.9539594356261022,120,120,-0.0006349206349206326,10.0,0.25066607181324785,0.4061384660534476,-0.06737410786662053,0.946396950587687,1.0,False
2026-08-30T05:50:34.014961+00:00,iris,f1,attention,k=6,60,0.9533245149911816,lorentzian,k=6,60,0.9533245149911816,120,120,0.0,,,,,,,False
2026-08-30T05:50:34.050956+00:00,iris,f1,attention,k=6,60,0.9533245149911816,multiquadratic,"c=2.2505043547850567,k=5",60,0.946410934744268,120,120,0.006913580246913575,18.0,0.007785541300016243,0.6653078692654364,0.558140193608469,0.5777972441735897,1.0,False
2026-08-30T05:50:34.086136+00:00,iris,f1,attention,k=6,60,0.9533245149911816,quartic_spline,"h=3.573720289591046,k=4",60,0.9539594356261022,120,120,-0.0006349206349206326,10.0,0.25066607181324785,0.4061384660534476,-0.06737410786662053,0.946396950587687,1.0,False
2026-08-30T05:50:34.120896+00:00,iris,f1,attention,k=6,60,0.9533245149911816,radial,"k=4,z=0.697474985125747",60,0.9539594356261022,120,120,-0.0006349206349206326,10.0,0.25066607181324785,0.4061384660534476,-0.06737410786662053,0.946396950587687,1.0,False
2026-08-30T05:50:34.161251+00:00,iris,f1,attention,k=6,60,0.9533245149911816,rational_quadratic,"alpha=1.0556895590523032,k=23,l=0.12035440948948699",60,0.9638800705467373,120,120,-0.010555555555555563,10.0,0.00026729365441386396,0.8150678894028687,-0.757883222616522,0.45001913616875333,0.5891152143281562,False
2026-08-30T05:50:34.197012+00:00,iris,f1,attention,k=6,60,0.9533245149911816,rbf_gaussian,"epsilon=1.8183018870845464,k=24",60,0.9471252204585539,120,120,0.006199294532627871,0.0,0.009747807101173898,0.9138115486202577,0.7698389015187733,0.4429209645931129,1.0,False
2026-08-30T05:50:34.226885+00:00,iris,f1,attention,k=6,60,0.9533245149911816,shepard,"k=26,z=2.1685911090466155",60,0.9607054673721341,120,120,-0.007380952380952388,36.0,0.0008931403326015223,0.6781390797358342,-0.47918620368171677,0.6326855721807232,1.0,False
2026-08-30T05:50:34.256602+00:00,iris,f1,attention,k=6,60,0.9533245149911816,sigmoidal,"alpha=6.199672459722209,c=0.7096287254139647,k=25",60,0.9525749559082893,120,120,0.000749559082892411,126.0,0.4842969002947053,0.14276612204964995,0.04659549028649276,0.9629137325667052,1.0,False
2026-08-30T05:50:34.287191+00:00,iris,f1,attention,k=6,60,0.9533245149911816,softmax_radial,"beta=5.068077717443547,k=27",60,0.9509347442680778,120,120,0.002389770723104064,36.0,0.811801411930012,0.06873433966234713,0.21704805912630182,0.8285425763576306,1.0,False
2026-08-30T05:50:34.316947+00:00,iris,f1,attention,k=6,60,0.9533245149911816,student_t,"k=5,nu=0.005695262671673525",60,0.9571340388007054,120,120,-0.003809523809523807,18.0,0.08719706449021143,0.49374193110101877,-0.3427619281066205,0.7323822846231762,1.0,False
2026-08-30T05:50:34.347550+00:00,iris,f1,attention,k=6,60,0.9533245149911816,wendland_c2,"h=3.573720289591046,k=4",60,0.9539594356261022,120,120,-0.0006349206349206326,10.0,0.25066607181324785,0.4061384660534476,-0.06737410786662053,0.946396950587687,1.0,False
2026-08-30T05:50:34.379117+00:00,iris,f1,cauchy,"epsilon=42.97100021154878,k=22",60,0.9638800705467373,cosine,"h=3.573720289591046,k=4",60,0.9539594356261022,120,120,0.00992063492063493,0.0,0.0005320055051392492,1.0000000000000058,0.9604585468176327,0.33877195158624085,1.0,False
2026-08-30T05:50:34.411507+00:00,iris,f1,cauchy,"epsilon=42.97100021154878,k=22",60,0.9638800705467373,cubic_spline,"h=3.573720289591046,k=4",60,0.9539594356261022,120,120,0.00992063492063493,0.0,0.0005320055051392492,1.0000000000000058,0.9604585468176327,0.33877195158624085,1.0,False
2026-08-30T05:50:34.444216+00:00,iris,f1,cauchy,"epsilon=42.97100021154878,k=22",60,0.9638800705467373,entropic,"beta=1.8183018870845464,k=24",60,0.9522927689594357,120,120,0.011587301587301587,0.0,0.0019659033370718845,0.8935464156105155,0.9559878546735001,0.34101643218067834,1.0,False
2026-08-30T05:50:34.482695+00:00,iris,f1,cauchy,"epsilon=42.97100021154878,k=22",60,0.9638800705467373,gen_exponential,"epsilon=3.139118461178404,k=15,p=1.1276345122083506",60,0.9509347442680778,120,120,0.012945326278659627,0.0,0.0002120622229708655,0.9260490081948303,1.12924019504642,0.26106774459391424,0.47162638388720485,False
2026-08-30T05:50:34.519811+00:00,iris,f1,cauchy,"epsilon=42.97100021154878,k=22",60,0.9638800705467373,harmonic,"k=5,nu=0.00023807258718953553",30,0.9571340388007055,60,60,0.006746031746031755,14.0,0.0437796312622532,0.5820252464746486,0.4356014368029634,0.6647154758929346,1.0,False
2026-08-30T05:50:34.551028+00:00,iris,f1,cauchy,"epsilon=42.97100021154878,k=22",60,0.9638800705467373,inverse_multiquadratic,"c=0.016470428664554334,k=5",60,0.9571340388007054,120,120,0.006746031746031755,52.0,0.003908238274104713,0.5889950642126057,0.45244570374643023,0.6517716553704269,1.0,False
2026-08-30T05:50:34.581501+00:00,iris,f1,cauchy,"epsilon=42.97100021154878,k=22",60,0.9638800705467373,laplacian,"epsilon=5.068077717443547,k=27",60,0.9509347442680778,120,120,0.012945326278659627,0.0,0.0002120622229708655,0.9260490081948303,1.12924019504642,0.26106774459391424,0.47162638388720485,False
2026-08-30T05:50:34.612689+00:00,iris,f1,cauchy,"epsilon=42.97100021154878,k=22",60,0.9638800705467373,logarithmic,"c=0.23232604885522545,k=4",60,0.9539594356261022,120,120,0.00992063492063493,0.0,0.0005320055051392492,1.0000000000000058,0.9604585468176327,0.33877195158624085,1.0,False
2026-08-30T05:50:34.643571+00:00,iris,f1,cauchy,"epsilon=42.97100021154878,k=22",60,0.9638800705467373,lorentzian,k=6,60,0.9533245149911816,120,120,0.010555555555555563,10.0,0.00026729365441386396,0.8150678894028687,0.757883222616522,0.45001913616875333,0.5891152143281562,False
2026-08-30T05:50:34.682083+00:00,iris,f1,cauchy,"epsilon=42.97100021154878,k=22",60,0.9638800705467373,multiquadratic,"c=2.2505043547850567,k=5",60,0.946410934744268,120,120,0.017469135802469136,52.0,8.167753663586583e-06,0.7434564901372768,0.9618866719253891,0.33805699895639285,0.01933307292170944,True
2026-08-30T05:50:34.714830+00:00,iris,f1,cauchy,"epsilon=42.97100021154878,k=22",60,0.9638800705467373,quartic_spline,"h=3.573720289591046,k=4",60,0.9539594356261022,120,120,0.00992063492063493,0.0,0.0005320055051392492,1.0000000000000058,0.9604585468176327,0.33877195158624085,1.0,False
2026-08-30T05:50:34.746676+00:00,iris,f1,cauchy,"epsilon=42.97100021154878,k=22",60,0.9638800705467373,radial,"k=4,z=0.697474985125747",60,0.9539594356261022,120,120,0.00992063492063493,0.0,0.0005320055051392492,1.0000000000000058,0.9604585468176327,0.33877195158624085,1.0,False
2026-08-30T05:50:34.778028+00:00,iris,f1,cauchy,"epsilon=42.97100021154878,k=22",60,0.9638800705467373,rational_quadratic,"alpha=1.0556895590523032,k=23,l=0.12035440948948699",60,0.9638800705467373,120,120,0.0,,,,,,,False
2026-08-30T05:50:34.809635+00:00,iris,f1,cauchy,"epsilon=42.97100021154878,k=22",60,0.9638800705467373,rbf_gaussian,"epsilon=1.8183018870845464,k=24",60,0.9471252204585539,120,120,0.016754850088183434,0.0,5.6065013612854245e-05,0.9008645093401022,1.284171307622729,0.20157655308432765,0.12894953130956477,False
2026-08-30T05:50:34.840911+00:00,iris,f1,cauchy,"epsilon=42.97100021154878,k=22",60,0.9638800705467373,shepard,"k=26,z=2.1685911090466155",60,0.9607054673721341,120,120,0.0031746031746031746,0.0,0.0455002638963584,1.0000000000000002,0.5350580239690205,0.5936081655006387,1.0,False
2026-08-30T05:50:34.872180+00:00,iris,f1,cauchy,"epsilon=42.97100021154878,k=22",60,0.9638800705467373,sigmoidal,"alpha=6.199672459722209,c=0.7096287254139647,k=25",60,0.9525749559082893,120,120,0.011305114638447973,0.0,0.0019659033370718845,0.8935464156105155,0.9523016745620076,0.3428742900708621,1.0,False
2026-08-30T05:50:34.902187+00:00,iris,f1,cauchy,"epsilon=42.97100021154878,k=22",60,0.9638800705467373,softmax_radial,"beta=5.068077717443547,k=27",60,0.9509347442680778,120,120,0.012945326278659627,0.0,0.0002120622229708655,0.9260490081948303,1.12924019504642,0.26106774459391424,0.47162638388720485,False
2026-08-30T05:50:34.931658+00:00,iris,f1,cauchy,"epsilon=42.97100021154878,k=22",60,0.9638800705467373,student_t,"k=5,nu=0.005695262671673525",60,0.9571340388007054,120,120,0.006746031746031755,52.0,0.003908238274104713,0.5889950642126057,0.45244570374643023,0.6517716553704269,1.0,False
2026-08-30T05:50:34.961490+00:00,iris,f1,cauchy,"epsilon=42.97100021154878,k=22",60,0.9638800705467373,wendland_c2,"h=3.573720289591046,k=4",60,0.9539594356261022,120,120,0.00992063492063493,0.0,0.0005320055051392492,1.0000000000000058,0.9604585468176327,0.33877195158624085,1.0,False
2026-08-30T05:50:34.990033+00:00,iris,f1,cosine,"h=3.573720289591046,k=4",60,0.9539594356261022,cubic_spline,"h=3.573720289591046,k=4",60,0.9539594356261022,120,120,0.0,,,,,,,False
2026-08-30T05:50:35.023122+00:00,iris,f1,cosine,"h=3.573720289591046,k=4",60,0.9539594356261022,entropic,"beta=1.8183018870845464,k=24",60,0.9522927689594357,120,120,0.001666666666666657,78.0,0.036516116664207766,0.4268507967654306,0.0993729848493238,0.921009340860061,1.0,False
2026-08-30T05:50:35.055076+00:00,iris,f1,cosine,"h=3.573720289591046,k=4",60,0.9539594356261022,gen_exponential,"epsilon=3.139118461178404,k=15,p=1.1276345122083506",60,0.9509347442680778,120,120,0.0030246913580246966,0.0,0.0455002638963584,1.0000000000000002,0.5350580239690204,0.5936081655006387,1.0,False
2026-08-30T05:50:35.086575+00:00,iris,f1,cosine,"h=3.573720289591046,k=4",60,0.9539594356261023,harmonic,"k=5,nu=0.00023807258718953553",30,0.9571340388007055,60,60,-0.0031746031746031746,7.0,0.4142161782425253,0.3333333333333332,-0.2940544200553345,0.7697483533838194,1.0,False
2026-08-30T05:50:35.120830+00:00,iris,f1,cosine,"h=3.573720289591046,k=4",60,0.9539594356261022,inverse_multiquadratic,"c=0.016470428664554334,k=5",60,0.9571340388007054,120,120,-0.0031746031746031746,26.0,0.24821307898992362,0.3333333333333333,-0.305425207038204,0.7605759307446891,1.0,False
2026-08-30T05:50:35.155789+00:00,iris,f1,cosine,"h=3.573720289591046,k=4",60,0.9539594356261022,laplacian,"epsilon=5.068077717443547,k=27",60,0.9509347442680778,120,120,0.0030246913580246966,0.0,0.0455002638963584,1.0000000000000002,0.5350580239690204,0.5936081655006387,1.0,False
2026-08-30T05:50:35.188668+00:00,iris,f1,cosine,"h=3.573720289591046,k=4",60,0.9539594356261022,logarithmic,"c=0.23232604885522545,k=4",60,0.9539594356261022,120,120,0.0,,,,,,,False
2026-08-30T05:50:35.222821+00:00,iris,f1,cosine,"h=3.573720289591046,k=4",60,0.9539594356261022,lorentzian,k=6,60,0.9533245149911816,120,120,0.0006349206349206326,10.0,0.25066607181324785,0.4061384660534476,0.06737410786662053,0.946396950587687,1.0,False
2026-08-30T05:50:35.253913+00:00,iris,f1,cosine,"h=3.573720289591046,k=4",60,0.9539594356261022,multiquadratic,"c=2.2505043547850567,k=5",60,0.946410934744268,120,120,0.007548500881834208,52.0,0.004291269775469256,0.5829616650360693,0.48605622821181116,0.6278211472736397,1.0,False
2026-08-30T05:50:35.283550+00:00,iris,f1,cosine,"h=3.573720289591046,k=4",60,0.9539594356261022,quartic_spline,"h=3.573720289591046,k=4",60,0.9539594356261022,120,120,0.0,,,,,,,False
2026-08-30T05:50:35.312637+00:00,iris,f1,cosine,"h=3.573720289591046,k=4",60,0.9539594356261022,radial,"k=4,z=0.697474985125747",60,0.9539594356261022,120,120,0.0,,,,,,,False
2026-08-30T05:50:35.343049+00:00,iris,f1,cosine,"h=3.573720289591046,k=4",60,0.9539594356261022,rational_quadratic,"alpha=1.0556895590523032,k=23,l=0.12035440948948699",60,0.9638800705467373,120,120,-0.00992063492063493,0.0,0.0005320055051392492,1.0000000000000058,-0.9604585468176327,0.33877195158624085,1.0,False
2026-08-30T05:50:35.373994+00:00,iris,f1,cosine,"h=3.573720289591046,k=4",60,0.9539594356261022,rbf_gaussian,"epsilon=1.8183018870845464,k=24",60,0.9471252204585539,120,120,0.006834215167548504,0.0,0.009747807101173898,0.9138115486202577,0.7646964315406223,0.4459661120290035,1.0,False
2026-08-30T05:50:35.404843+00:00,iris,f1,cosine,"h=3.573720289591046,k=4",60,0.9539594356261022,shepard,"k=26,z=2.1685911090466155",60,0.9607054673721341,120,120,-0.006746031746031755,10.0,0.0015806107874750974,0.789865330519119,-0.5517700684878013,0.5821405890346782,1.0,False
2026-08-30T05:50:35.435412+00:00,iris,f1,cosine,"h=3.573720289591046,k=4",60,0.9539594356261022,sigmoidal,"alpha=6.199672459722209,c=0.7096287254139647,k=25",60,0.9525749559082893,120,120,0.0013844797178130437,126.0,0.4857749877422758,0.14228359892181025,0.083542557535667,0.9335605122860557,1.0,False
2026-08-30T05:50:35.466455+00:00,iris,f1,cosine,"h=3.573720289591046,k=4",60,0.9539594356261022,softmax_radial,"beta=5.068077717443547,k=27",60,0.9509347442680778,120,120,0.0030246913580246966,0.0,0.0455002638963584,1.0000000000000002,0.5350580239690204,0.5936081655006387,1.0,False
2026-08-30T05:50:35.497278+00:00,iris,f1,cosine,"h=3.573720289591046,k=4",60,0.9539594356261022,student_t,"k=5,nu=0.005695262671673525",60,0.9571340388007054,120,120,-0.0031746031746031746,26.0,0.24821307898992362,0.3333333333333333,-0.305425207038204,0.7605759307446891,1.0,False
2026-08-30T05:50:35.528429+00:00,iris,f1,cosine,"h=3.573720289591046,k=4",60,0.9539594356261022,wendland_c2,"h=3.573720289591046,k=4",60,0.9539594356261022,120,120,0.0,,,,,,,False
2026-08-30T05:50:35.575233+00:00,iris,f1,cubic_spline,"h=3.573720289591046,k=4",60,0.9539594356261022,entropic,"beta=1.8183018870845464,k=24",60,0.9522927689594357,120,120,0.001666666666666657,78.0,0.036516116664207766,0.4268507967654306,0.0993729848493238,0.921009340860061,1.0,False
2026-08-30T05:50:35.607642+00:00,iris,f1,cubic_spline,"h=3.573720289591046,k=4",60,0.9539594356261022,gen_exponential,"epsilon=3.139118461178404,k=15,p=1.1276345122083506",60,0.9509347442680778,120,120,0.0030246913580246966,0.0,0.0455002638963584,1.0000000000000002,0.5350580239690204,0.5936081655006387,1.0,False
2026-08-30T05:50:35.640255+00:00,iris,f1,cubic_spline,"h=3.573720289591046,k=4",60,0.9539594356261023,harmonic,"k=5,nu=0.00023807258718953553",30,0.9571340388007055,60,60,-0.0031746031746031746,7.0,0.4142161782425253,0.3333333333333332,-0.2940544200553345,0.7697483533838194,1.0,False
2026-08-30T05:50:35.676619+00:00,iris,f1,cubic_spline,"h=3.573720289591046,k=4",60,0.9539594356261022,inverse_multiquadratic,"c=0.016470428664554334,k=5",60,0.9571340388007054,120,120,-0.0031746031746031746,26.0,0.24821307898992362,0.3333333333333333,-0.305425207038204,0.7605759307446891,1.0,False
2026-08-30T05:50:35.711264+00:00,iris,f1,cubic_spline,"h=3.573720289591046,k=4",60,0.9539594356261022,laplacian,"epsilon=5.068077717443547,k=27",60,0.9509347442680778,120,120,0.0030246913580246966,0.0,0.0455002638963584,1.0000000000000002,0.5350580239690204,0.5936081655006387,1.0,False
2026-08-30T05:50:35.747999+00:00,iris,f1,cubic_spline,"h=3.573720289591046,k=4",60,0.9539594356261022,logarithmic,"c=0.23232604885522545,k=4",60,0.9539594356261022,120,120,0.0,,,,,,,False
2026-08-30T05:50:35.780202+00:00,iris,f1,cubic_spline,"h=3.573720289591046,k=4",60,0.9539594356261022,lorentzian,k=6,60,0.9533245149911816,120,120,0.0006349206349206326,10.0,0.25066607181324785,0.4061384660534476,0.06737410786662053,0.946396950587687,1.0,False
2026-08-30T05:50:35.812275+00:00,iris,f1,cubic_spline,"h=3.573720289591046,k=4",60,0.9539594356261022,multiquadratic,"c=2.2505043547850567,k=5",60,0.946410934744268,120,120,0.007548500881834208,52.0,0.004291269775469256,0.5829616650360693,0.48605622821181116,0.6278211472736397,1.0,False
2026-08-30T05:50:35.843613+00:00,iris,f1,cubic_spline,"h=3.573720289591046,k=4",60,0.9539594356261022,quartic_spline,"h=3.573720289591046,k=4",60,0.9539594356261022,120,120,0.0,,,,,,,False
2026-08-30T05:50:35.873436+00:00,iris,f1,cubic_spline,"h=3.573720289591046,k=4",60,0.9539594356261022,radial,"k=4,z=0.697474985125747",60,0.9539594356261022,120,120,0.0,,,,,,,False
2026-08-30T05:50:35.904590+00:00,iris,f1,cubic_spline,"h=3.573720289591046,k=4",60,0.9539594356261022,rational_quadratic,"alpha=1.0556895590523032,k=23,l=0.12035440948948699",60,0.9638800705467373,120,120,-0.00992063492063493,0.0,0.0005320055051392492,1.0000000000000058,-0.9604585468176327,0.33877195158624085,1.0,False
2026-08-30T05:50:35.937831+00:00,iris,f1,cubic_spline,"h=3.573720289591046,k=4",60,0.9539594356261022,rbf_gaussian,"epsilon=1.8183018870845464,k=24",60,0.9471252204585539,120,120,0.006834215167548504,0.0,0.009747807101173898,0.9138115486202577,0.7646964315406223,0.4459661120290035,1.0,False
2026-08-30T05:50:35.972354+00:00,iris,f1,cubic_spline,"h=3.573720289591046,k=4",60,0.9539594356261022,shepard,"k=26,z=2.1685911090466155",60,0.9607054673721341,120,120,-0.006746031746031755,10.0,0.0015806107874750974,0.789865330519119,-0.5517700684878013,0.5821405890346782,1.0,False
2026-08-30T05:50:36.003138+00:00,iris,f1,cubic_spline,"h=3.573720289591046,k=4",60,0.9539594356261022,sigmoidal,"alpha=6.199672459722209,c=0.7096287254139647,k=25",60,0.9525749559082893,120,120,0.0013844797178130437,126.0,0.4857749877422758,0.14228359892181025,0.083542557535667,0.9335605122860557,1.0,False
2026-08-30T05:50:36.033326+00:00,iris,f1,cubic_spline,"h=3.573720289591046,k=4",60,0.9539594356261022,softmax_radial,"beta=5.068077717443547,k=27",60,0.9509347442680778,120,120,0.0030246913580246966,0.0,0.0455002638963584,1.0000000000000002,0.5350580239690204,0.5936081655006387,1.0,False
2026-08-30T05:50:36.063508+00:00,iris,f1,cubic_spline,"h=3.573720289591046,k=4",60,0.9539594356261022,student_t,"k=5,nu=0.005695262671673525",60,0.9571340388007054,120,120,-0.0031746031746031746,26.0,0.24821307898992362,0.3333333333333333,-0.305425207038204,0.7605759307446891,1.0,False
2026-08-30T05:50:36.092721+00:00,iris,f1,cubic_spline,"h=3.573720289591046,k=4",60,0.9539594356261022,wendland_c2,"h=3.573720289591046,k=4",60,0.9539594356261022,120,120,0.0,,,,,,,False
2026-08-30T05:50:36.123387+00:00,iris,f1,entropic,"beta=1.8183018870845464,k=24",60,0.9522927689594357,gen_exponential,"epsilon=3.139118461178404,k=15,p=1.1276345122083506",60,0.9509347442680778,120,120,0.0013580246913580396,136.0,0.12305789994960464,0.2914228140694426,0.07658105774612439,0.939085433322882,1.0,False
2026-08-30T05:50:36.152644+00:00,iris,f1,entropic,"beta=1.8183018870845464,k=24",60,0.9522927689594355,harmonic,"k=5,nu=0.00023807258718953553",30,0.9571340388007055,60,60,-0.004841269841269831,64.0,0.34489284765289674,0.2226306392991571,-0.23661105391614443,0.813778112490041,1.0,False
2026-08-30T05:50:36.185056+00:00,iris,f1,entropic,"beta=1.8183018870845464,k=24",60,0.9522927689594357,inverse_multiquadratic,"c=0.016470428664554334,k=5",60,0.9571340388007054,120,120,-0.004841269841269831,248.0,0.17766617703054743,0.22466262775090007,-0.24576056403527963,0.8062909533246836,1.0,False
2026-08-30T05:50:36.220735+00:00,iris,f1,entropic,"beta=1.8183018870845464,k=24",60,0.9522927689594357,laplacian,"epsilon=5.068077717443547,k=27",60,0.9509347442680778,120,120,0.0013580246913580396,136.0,0.12305789994960464,0.2914228140694426,0.07658105774612439,0.939085433322882,1.0,False
2026-08-30T05:50:36.255482+00:00,iris,f1,entropic,"beta=1.8183018870845464,k=24",60,0.9522927689594357,logarithmic,"c=0.23232604885522545,k=4",60,0.9539594356261022,120,120,-0.001666666666666657,78.0,0.036516116664207766,0.4268507967654306,-0.0993729848493238,0.921009340860061,1.0,False
2026-08-30T05:50:36.290652+00:00,iris,f1,entropic,"beta=1.8183018870845464,k=24",60,0.9522927689594357,lorentzian,k=6,60,0.9533245149911816,120,120,-0.0010317460317460245,126.0,0.4857749877422758,0.14228359892181025,-0.06332265978124495,0.9496158142725135,1.0,False
2026-08-30T05:50:36.321022+00:00,iris,f1,entropic,"beta=1.8183018870845464,k=24",60,0.9522927689594357,multiquadratic,"c=2.2505043547850567,k=5",60,0.946410934744268,120,120,0.005881834215167551,174.0,0.08817423893612222,0.30142339996176193,0.3217087693136476,0.7482377425331062,1.0,False
2026-08-30T05:50:36.352080+00:00,iris,f1,entropic,"beta=1.8183018870845464,k=24",60,0.9522927689594357,quartic_spline,"h=3.573720289591046,k=4",60,0.9539594356261022,120,120,-0.001666666666666657,78.0,0.036516116664207766,0.4268507967654306,-0.0993729848493238,0.921009340860061,1.0,False
2026-08-30T05:50:36.383996+00:00,iris,f1,entropic,"beta=1.8183018870845464,k=24",60,0.9522927689594357,radial,"k=4,z=0.697474985125747",60,0.9539594356261022,120,120,-0.001666666666666657,78.0,0.036516116664207766,0.4268507967654306,-0.0993729848493238,0.921009340860061,1.0,False
2026-08-30T05:50:36.414519+00:00,iris,f1,entropic,"beta=1.8183018870845464,k=24",60,0.9522927689594357,rational_quadratic,"alpha=1.0556895590523032,k=23,l=0.12035440948948699",60,0.9638800705467373,120,120,-0.011587301587301587,0.0,0.0019659033370718845,0.8935464156105155,-0.9559878546735001,0.34101643218067834,1.0,False
2026-08-30T05:50:36.444948+00:00,iris,f1,entropic,"beta=1.8183018870845464,k=24",60,0.9522927689594357,rbf_gaussian,"epsilon=1.8183018870845464,k=24",60,0.9471252204585539,120,120,0.0051675485008818465,136.0,0.6842950007945663,0.08299876603772265,0.32107666918280053,0.7487154973082144,1.0,False
2026-08-30T05:50:36.477103+00:00,iris,f1,entropic,"beta=1.8183018870845464,k=24",60,0.9522927689594357,shepard,"k=26,z=2.1685911090466155",60,0.9607054673721341,120,120,-0.008412698412698412,10.0,0.0025330984079560623,0.7548398491282607,-0.6087580418390796,0.5438451555839978,1.0,False
2026-08-30T05:50:36.509510+00:00,iris,f1,entropic,"beta=1.8183018870845464,k=24",60,0.9522927689594357,sigmoidal,"alpha=6.199672459722209,c=0.7096287254139647,k=25",60,0.9525749559082893,120,120,-0.0002821869488536133,10.0,0.25066607181324785,0.4061384660534476,-0.031631494184584434,0.9748189189834173,1.0,False
2026-08-30T05:50:36.541343+00:00,iris,f1,entropic,"beta=1.8183018870845464,k=24",60,0.9522927689594357,softmax_radial,"beta=5.068077717443547,k=27",60,0.9509347442680778,120,120,0.0013580246913580396,136.0,0.12305789994960464,0.2914228140694426,0.07658105774612439,0.939085433322882,1.0,False
2026-08-30T05:50:36.575233+00:00,iris,f1,entropic,"beta=1.8183018870845464,k=24",60,0.9522927689594357,student_t,"k=5,nu=0.005695262671673525",60,0.9571340388007054,120,120,-0.004841269841269831,248.0,0.17766617703054743,0.22466262775090007,-0.24576056403527963,0.8062909533246836,1.0,False
2026-08-30T05:50:36.610697+00:00,iris,f1,entropic,"beta=1.8183018870845464,k=24",60,0.9522927689594357,wendland_c2,"h=3.573720289591046,k=4",60,0.9539594356261022,120,120,-0.001666666666666657,78.0,0.036516116664207766,0.4268507967654306,-0.0993729848493238,0.921009340860061,1.0,False
2026-08-30T05:50:36.644553+00:00,iris,f1,gen_exponential,"epsilon=3.139118461178404,k=15,p=1.1276345122083506",60,0.9509347442680778,harmonic,"k=5,nu=0.00023807258718953553",30,0.9571340388007055,60,60,-0.006199294532627871,11.0,0.30464192203660967,0.3629330931556489,-0.5086631653992045,0.61288524620115,1.0,False
2026-08-30T05:50:36.680704+00:00,iris,f1,gen_exponential,"epsilon=3.139118461178404,k=15,p=1.1276345122083506",60,0.9509347442680778,inverse_multiquadratic,"c=0.016470428664554334,k=5",60,0.9571340388007054,120,120,-0.006199294532627871,42.0,0.15668468874175348,0.3540775619568481,-0.5283326554844003,0.5982523902581818,1.0,False
2026-08-30T05:50:36.711906+00:00,iris,f1,gen_exponential,"epsilon=3.139118461178404,k=15,p=1.1276345122083506",60,0.9509347442680778,laplacian,"epsilon=5.068077717443547,k=27",60,0.9509347442680778,120,120,0.0,,,,,,,False
2026-08-30T05:50:36.745054+00:00,iris,f1,gen_exponential,"epsilon=3.139118461178404,k=15,p=1.1276345122083506",60,0.9509347442680778,logarithmic,"c=0.23232604885522545,k=4",60,0.9539594356261022,120,120,-0.0030246913580246966,0.0,0.0455002638963584,1.0000000000000002,-0.5350580239690204,0.5936081655006387,1.0,False
2026-08-30T05:50:36.778499+00:00,iris,f1,gen_exponential,"epsilon=3.139118461178404,k=15,p=1.1276345122083506",60,0.9509347442680778,lorentzian,k=6,60,0.9533245149911816,120,120,-0.002389770723104064,36.0,0.811801411930012,0.06873433966234713,-0.21704805912630182,0.8285425763576306,1.0,False
2026-08-30T05:50:36.814016+00:00,iris,f1,gen_exponential,"epsilon=3.139118461178404,k=15,p=1.1276345122083506",60,0.9509347442680778,multiquadratic,"c=2.2505043547850567,k=5",60,0.946410934744268,120,120,0.0045238095238095116,94.0,0.011934853429560006,0.4751135708560208,0.2710079768836687,0.7868544231656474,1.0,False
2026-08-30T05:50:36.848597+00:00,iris,f1,gen_exponential,"epsilon=3.139118461178404,k=15,p=1.1276345122083506",60,0.9509347442680778,quartic_spline,"h=3.573720289591046,k=4",60,0.9539594356261022,120,120,-0.0030246913580246966,0.0,0.0455002638963584,1.0000000000000002,-0.5350580239690204,0.5936081655006387,1.0,False
2026-08-30T05:50:36.882928+00:00,iris,f1,gen_exponential,"epsilon=3.139118461178404,k=15,p=1.1276345122083506",60,0.9509347442680778,radial,"k=4,z=0.697474985125747",60,0.9539594356261022,120,120,-0.0030246913580246966,0.0,0.0455002638963584,1.0000000000000002,-0.5350580239690204,0.5936081655006387,1.0,False
2026-08-30T05:50:36.916417+00:00,iris,f1,gen_exponential,"epsilon=3.139118461178404,k=15,p=1.1276345122083506",60,0.9509347442680778,rational_quadratic,"alpha=1.0556895590523032,k=23,l=0.12035440948948699",60,0.9638800705467373,120,120,-0.012945326278659627,0.0,0.0002120622229708655,0.9260490081948303,-1.12924019504642,0.26106774459391424,0.47162638388720485,False
2026-08-30T05:50:36.946935+00:00,iris,f1,gen_exponential,"epsilon=3.139118461178404,k=15,p=1.1276345122083506",60,0.9509347442680778,rbf_gaussian,"epsilon=1.8183018870845464,k=24",60,0.9471252204585539,120,120,0.003809523809523807,0.0,0.0455002638963584,1.0000000000000002,0.5350580239690204,0.5936081655006387,1.0,False
2026-08-30T05:50:36.978332+00:00,iris,f1,gen_exponential,"epsilon=3.139118461178404,k=15,p=1.1276345122083506",60,0.9509347442680778,shepard,"k=26,z=2.1685911090466155",60,0.9607054673721341,120,120,-0.009770723104056451,26.0,0.0024359693317738346,0.6777932975034446,-0.7354097815223543,0.4635369239596945,1.0,False
2026-08-30T05:50:37.009571+00:00,iris,f1,gen_exponential,"epsilon=3.139118461178404,k=15,p=1.1276345122083506",60,0.9509347442680778,sigmoidal,"alpha=6.199672459722209,c=0.7096287254139647,k=25",60,0.9525749559082893,120,120,-0.001640211640211653,184.0,0.6618924196533751,0.08264229055700607,-0.09352025225022206,0.9256475354513298,1.0,False
2026-08-30T05:50:37.038966+00:00,iris,f1,gen_exponential,"epsilon=3.139118461178404,k=15,p=1.1276345122083506",60,0.9509347442680778,softmax_radial,"beta=5.068077717443547,k=27",60,0.9509347442680778,120,120,0.0,,,,,,,False
2026-08-30T05:50:37.071673+00:00,iris,f1,gen_exponential,"epsilon=3.139118461178404,k=15,p=1.1276345122083506",60,0.9509347442680778,student_t,"k=5,nu=0.005695262671673525",60,0.9571340388007054,120,120,-0.006199294532627871,42.0,0.15668468874175348,0.3540775619568481,-0.5283326554844003,0.5982523902581818,1.0,False
2026-08-30T05:50:37.104670+00:00,iris,f1,gen_exponential,"epsilon=3.139118461178404,k=15,p=1.1276345122083506",60,0.9509347442680778,wendland_c2,"h=3.573720289591046,k=4",60,0.9539594356261022,120,120,-0.0030246913580246966,0.0,0.0455002638963584,1.0000000000000002,-0.5350580239690204,0.5936081655006387,1.0,False
2026-08-30T05:50:37.134959+00:00,iris,f1,harmonic,"k=5,nu=0.00023807258718953553",30,0.9571340388007055,inverse_multiquadratic,"c=0.016470428664554334,k=5",60,0.9571340388007055,60,60,0.0,,,,,,,False
2026-08-30T05:50:37.165266+00:00,iris,f1,harmonic,"k=5,nu=0.00023807258718953553",30,0.9571340388007055,laplacian,"epsilon=5.068077717443547,k=27",60,0.9509347442680778,60,60,0.006199294532627871,11.0,0.30464192203660967,0.3629330931556489,0.5086631653992044,0.61288524620115,1.0,False
2026-08-30T05:50:37.195690+00:00,iris,f1,harmonic,"k=5,nu=0.00023807258718953553",30,0.9571340388007055,logarithmic,"c=0.23232604885522545,k=4",60,0.9539594356261023,60,60,0.0031746031746031746,7.0,0.4142161782425253,0.3333333333333332,0.2940544200553345,0.7697483533838194,1.0,False
2026-08-30T05:50:37.225569+00:00,iris,f1,harmonic,"k=5,nu=0.00023807258718953553",30,0.9571340388007055,lorentzian,k=6,60,0.9533245149911818,60,60,0.003809523809523807,5.0,0.23419430487921455,0.4856618642571828,0.33000111864975573,0.7425679901601172,1.0,False
2026-08-30T05:50:37.257262+00:00,iris,f1,harmonic,"k=5,nu=0.00023807258718953553",30,0.9571340388007055,multiquadratic,"c=2.2505043547850567,k=5",60,0.9464109347442682,60,60,0.010723104056437383,0.0,0.023140931308743732,0.92717264994553,0.9235915226268852,0.35946094824254815,1.0,False
2026-08-30T05:50:37.287151+00:00,iris,f1,harmonic,"k=5,nu=0.00023807258718953553",30,0.9571340388007055,quartic_spline,"h=3.573720289591046,k=4",60,0.9539594356261023,60,60,0.0031746031746031746,7.0,0.4142161782425253,0.3333333333333332,0.2940544200553345,0.7697483533838194,1.0,False
2026-08-30T05:50:37.317326+00:00,iris,f1,harmonic,"k=5,nu=0.00023807258718953553",30,0.9571340388007055,radial,"k=4,z=0.697474985125747",60,0.9539594356261023,60,60,0.0031746031746031746,7.0,0.4142161782425253,0.3333333333333332,0.2940544200553345,0.7697483533838194,1.0,False
2026-08-30T05:50:37.347802+00:00,iris,f1,harmonic,"k=5,nu=0.00023807258718953553",30,0.9571340388007055,rational_quadratic,"alpha=1.0556895590523032,k=23,l=0.12035440948948699",60,0.9638800705467373,60,60,-0.006746031746031755,14.0,0.0437796312622532,0.5820252464746486,-0.4356014368029634,0.6647154758929346,1.0,False
2026-08-30T05:50:37.377434+00:00,iris,f1,harmonic,"k=5,nu=0.00023807258718953553",30,0.9571340388007055,rbf_gaussian,"epsilon=1.8183018870845464,k=24",60,0.947125220458554,60,60,0.010008818342151678,11.0,0.08475106964607446,0.5451009644015883,0.7129467970029683,0.4786890775741848,1.0,False
2026-08-30T05:50:37.410745+00:00,iris,f1,harmonic,"k=5,nu=0.00023807258718953553",30,0.9571340388007055,shepard,"k=26,z=2.1685911090466155",60,0.9607054673721341,60,60,-0.003571428571428581,27.0,0.09896556064435133,0.44095148808727036,-0.21215634116725576,0.832716306814431,1.0,False
2026-08-30T05:50:37.442543+00:00,iris,f1,harmonic,"k=5,nu=0.00023807258718953553",30,0.9571340388007055,sigmoidal,"alpha=6.199672459722209,c=0.7096287254139647,k=25",60,0.9525749559082892,60,60,0.004559082892416218,78.0,0.740330394101284,0.07811546500271062,0.22469243797069247,0.8229949193711925,1.0,False
2026-08-30T05:50:37.474027+00:00,iris,f1,harmonic,"k=5,nu=0.00023807258718953553",30,0.9571340388007055,softmax_radial,"beta=5.068077717443547,k=27",60,0.9509347442680778,60,60,0.006199294532627871,11.0,0.30464192203660967,0.3629330931556489,0.5086631653992044,0.61288524620115,1.0,False
2026-08-30T05:50:37.503244+00:00,iris,f1,harmonic,"k=5,nu=0.00023807258718953553",30,0.9571340388007055,student_t,"k=5,nu=0.005695262671673525",60,0.9571340388007055,60,60,0.0,,,,,,,False
2026-08-30T05:50:37.534231+00:00,iris,f1,harmonic,"k=5,nu=0.00023807258718953553",30,0.9571340388007055,wendland_c2,"h=3.573720289591046,k=4",60,0.9539594356261023,60,60,0.0031746031746031746,7.0,0.4142161782425253,0.3333333333333332,0.2940544200553345,0.7697483533838194,1.0,False
2026-08-30T05:50:37.571031+00:00,iris,f1,inverse_multiquadratic,"c=0.016470428664554334,k=5",60,0.9571340388007054,laplacian,"epsilon=5.068077717443547,k=27",60,0.9509347442680778,120,120,0.006199294532627871,42.0,0.15668468874175348,0.3540775619568481,0.5283326554844003,0.5982523902581818,1.0,False
2026-08-30T05:50:37.601585+00:00,iris,f1,inverse_multiquadratic,"c=0.016470428664554334,k=5",60,0.9571340388007054,logarithmic,"c=0.23232604885522545,k=4",60,0.9539594356261022,120,120,0.0031746031746031746,26.0,0.24821307898992362,0.3333333333333333,0.305425207038204,0.7605759307446891,1.0,False
2026-08-30T05:50:37.631724+00:00,iris,f1,inverse_multiquadratic,"c=0.016470428664554334,k=5",60,0.9571340388007054,lorentzian,k=6,60,0.9533245149911816,120,120,0.003809523809523807,18.0,0.08719706449021143,0.49374193110101877,0.3427619281066205,0.7323822846231762,1.0,False
2026-08-30T05:50:37.662195+00:00,iris,f1,inverse_multiquadratic,"c=0.016470428664554334,k=5",60,0.9571340388007054,multiquadratic,"c=2.2505043547850567,k=5",60,0.946410934744268,120,120,0.010723104056437383,0.0,0.0014911233442756228,0.9169493006161795,0.9593058725795165,0.3393497232532954,1.0,False
2026-08-30T05:50:37.694070+00:00,iris,f1,inverse_multiquadratic,"c=0.016470428664554334,k=5",60,0.9571340388007054,quartic_spline,"h=3.573720289591046,k=4",60,0.9539594356261022,120,120,0.0031746031746031746,26.0,0.24821307898992362,0.3333333333333333,0.305425207038204,0.7605759307446891,1.0,False
2026-08-30T05:50:37.724421+00:00,iris,f1,inverse_multiquadratic,"c=0.016470428664554334,k=5",60,0.9571340388007054,radial,"k=4,z=0.697474985125747",60,0.9539594356261022,120,120,0.0031746031746031746,26.0,0.24821307898992362,0.3333333333333333,0.305425207038204,0.7605759307446891,1.0,False
2026-08-30T05:50:37.755666+00:00,iris,f1,inverse_multiquadratic,"c=0.016470428664554334,k=5",60,0.9571340388007054,rational_quadratic,"alpha=1.0556895590523032,k=23,l=0.12035440948948699",60,0.9638800705467373,120,120,-0.006746031746031755,52.0,0.003908238274104713,0.5889950642126057,-0.45244570374643023,0.6517716553704269,1.0,False
2026-08-30T05:50:37.786211+00:00,iris,f1,inverse_multiquadratic,"c=0.016470428664554334,k=5",60,0.9571340388007054,rbf_gaussian,"epsilon=1.8183018870845464,k=24",60,0.9471252204585539,120,120,0.010008818342151678,42.0,0.015637278202145406,0.5405187056040145,0.7405157284861758,0.4604457313853154,1.0,False
2026-08-30T05:50:37.816963+00:00,iris,f1,inverse_multiquadratic,"c=0.016470428664554334,k=5",60,0.9571340388007054,shepard,"k=26,z=2.1685911090466155",60,0.9607054673721341,120,120,-0.003571428571428581,102.0,0.017525931668569757,0.4489243608570893,-0.22036021228071795,0.8259682342877257,1.0,False
2026-08-30T05:50:37.846870+00:00,iris,f1,inverse_multiquadratic,"c=0.016470428664554334,k=5",60,0.9571340388007054,sigmoidal,"alpha=6.199672459722209,c=0.7096287254139647,k=25",60,0.9525749559082893,120,120,0.004559082892416218,304.0,0.6435802287964417,0.07711647823390559,0.23338106726708452,0.8158664952202344,1.0,False
2026-08-30T05:50:37.877131+00:00,iris,f1,inverse_multiquadratic,"c=0.016470428664554334,k=5",60,0.9571340388007054,softmax_radial,"beta=5.068077717443547,k=27",60,0.9509347442680778,120,120,0.006199294532627871,42.0,0.15668468874175348,0.3540775619568481,0.5283326554844003,0.5982523902581818,1.0,False
2026-08-30T05:50:37.906652+00:00,iris,f1,inverse_multiquadratic,"c=0.016470428664554334,k=5",60,0.9571340388007054,student_t,"k=5,nu=0.005695262671673525",60,0.9571340388007054,120,120,0.0,,,,,,,False
2026-08-30T05:50:37.937407+00:00,iris,f1,inverse_multiquadratic,"c=0.016470428664554334,k=5",60,0.9571340388007054,wendland_c2,"h=3.573720289591046,k=4",60,0.9539594356261022,120,120,0.0031746031746031746,26.0,0.24821307898992362,0.3333333333333333,0.305425207038204,0.7605759307446891,1.0,False
2026-08-30T05:50:37.968307+00:00,iris,f1,laplacian,"epsilon=5.068077717443547,k=27",60,0.9509347442680778,logarithmic,"c=0.23232604885522545,k=4",60,0.9539594356261022,120,120,-0.0030246913580246966,0.0,0.0455002638963584,1.0000000000000002,-0.5350580239690204,0.5936081655006387,1.0,False
2026-08-30T05:50:37.998330+00:00,iris,f1,laplacian,"epsilon=5.068077717443547,k=27",60,0.9509347442680778,lorentzian,k=6,60,0.9533245149911816,120,120,-0.002389770723104064,36.0,0.811801411930012,0.06873433966234713,-0.21704805912630182,0.8285425763576306,1.0,False
2026-08-30T05:50:38.028145+00:00,iris,f1,laplacian,"epsilon=5.068077717443547,k=27",60,0.9509347442680778,multiquadratic,"c=2.2505043547850567,k=5",60,0.946410934744268,120,120,0.0045238095238095116,94.0,0.011934853429560006,0.4751135708560208,0.2710079768836687,0.7868544231656474,1.0,False
2026-08-30T05:50:38.058849+00:00,iris,f1,laplacian,"epsilon=5.068077717443547,k=27",60,0.9509347442680778,quartic_spline,"h=3.573720289591046,k=4",60,0.9539594356261022,120,120,-0.0030246913580246966,0.0,0.0455002638963584,1.0000000000000002,-0.5350580239690204,0.5936081655006387,1.0,False
2026-08-30T05:50:38.089585+00:00,iris,f1,laplacian,"epsilon=5.068077717443547,k=27",60,0.9509347442680778,radial,"k=4,z=0.697474985125747",60,0.9539594356261022,120,120,-0.0030246913580246966,0.0,0.0455002638963584,1.0000000000000002,-0.5350580239690204,0.5936081655006387,1.0,False
2026-08-30T05:50:38.120049+00:00,iris,f1,laplacian,"epsilon=5.068077717443547,k=27",60,0.9509347442680778,rational_quadratic,"alpha=1.0556895590523032,k=23,l=0.12035440948948699",60,0.9638800705467373,120,120,-0.012945326278659627,0.0,0.0002120622229708655,0.9260490081948303,-1.12924019504642,0.26106774459391424,0.47162638388720485,False
2026-08-30T05:50:38.151384+00:00,iris,f1,laplacian,"epsilon=5.068077717443547,k=27",60,0.9509347442680778,rbf_gaussian,"epsilon=1.8183018870845464,k=24",60,0.9471252204585539,120,120,0.003809523809523807,0.0,0.0455002638963584,1.0000000000000002,0.5350580239690204,0.5936081655006387,1.0,False
2026-08-30T05:50:38.181509+00:00,iris,f1,laplacian,"epsilon=5.068077717443547,k=27",60,0.9509347442680778,shepard,"k=26,z=2.1685911090466155",60,0.9607054673721341,120,120,-0.009770723104056451,26.0,0.0024359693317738346,0.6777932975034446,-0.7354097815223543,0.4635369239596945,1.0,False
2026-08-30T05:50:38.211906+00:00,iris,f1,laplacian,"epsilon=5.068077717443547,k=27",60,0.9509347442680778,sigmoidal,"alpha=6.199672459722209,c=0.7096287254139647,k=25",60,0.9525749559082893,120,120,-0.001640211640211653,184.0,0.6618924196533751,0.08264229055700607,-0.09352025225022206,0.9256475354513298,1.0,False
2026-08-30T05:50:38.240832+00:00,iris,f1,laplacian,"epsilon=5.068077717443547,k=27",60,0.9509347442680778,softmax_radial,"beta=5.068077717443547,k=27",60,0.9509347442680778,120,120,0.0,,,,,,,False
2026-08-30T05:50:38.271504+00:00,iris,f1,laplacian,"epsilon=5.068077717443547,k=27",60,0.9509347442680778,student_t,"k=5,nu=0.005695262671673525",60,0.9571340388007054,120,120,-0.006199294532627871,42.0,0.15668468874175348,0.3540775619568481,-0.5283326554844003,0.5982523902581818,1.0,False
2026-08-30T05:50:38.301224+00:00,iris,f1,laplacian,"epsilon=5.068077717443547,k=27",60,0.9509347442680778,wendland_c2,"h=3.573720289591046,k=4",60,0.9539594356261022,120,120,-0.0030246913580246966,0.0,0.0455002638963584,1.0000000000000002,-0.5350580239690204,0.5936081655006387,1.0,False
2026-08-30T05:50:38.331965+00:00,iris,f1,logarithmic,"c=0.23232604885522545,k=4",60,0.9539594356261022,lorentzian,k=6,60,0.9533245149911816,120,120,0.0006349206349206326,10.0,0.25066607181324785,0.4061384660534476,0.06737410786662053,0.946396950587687,1.0,False
2026-08-30T05:50:38.370787+00:00,iris,f1,logarithmic,"c=0.23232604885522545,k=4",60,0.9539594356261022,multiquadratic,"c=2.2505043547850567,k=5",60,0.946410934744268,120,120,0.007548500881834208,52.0,0.004291269775469256,0.5829616650360693,0.48605622821181116,0.6278211472736397,1.0,False
2026-08-30T05:50:38.400074+00:00,iris,f1,logarithmic,"c=0.23232604885522545,k=4",60,0.9539594356261022,quartic_spline,"h=3.573720289591046,k=4",60,0.9539594356261022,120,120,0.0,,,,,,,False
2026-08-30T05:50:38.428463+00:00,iris,f1,logarithmic,"c=0.23232604885522545,k=4",60,0.9539594356261022,radial,"k=4,z=0.697474985125747",60,0.9539594356261022,120,120,0.0,,,,,,,False
2026-08-30T05:50:38.458822+00:00,iris,f1,logarithmic,"c=0.23232604885522545,k=4",60,0.9539594356261022,rational_quadratic,"alpha=1.0556895590523032,k=23,l=0.12035440948948699",60,0.9638800705467373,120,120,-0.00992063492063493,0.0,0.0005320055051392492,1.0000000000000058,-0.9604585468176327,0.33877195158624085,1.0,False
2026-08-30T05:50:38.489143+00:00,iris,f1,logarithmic,"c=0.23232604885522545,k=4",60,0.9539594356261022,rbf_gaussian,"epsilon=1.8183018870845464,k=24",60,0.9471252204585539,120,120,0.006834215167548504,0.0,0.009747807101173898,0.9138115486202577,0.7646964315406223,0.4459661120290035,1.0,False
2026-08-30T05:50:38.519408+00:00,iris,f1,logarithmic,"c=0.23232604885522545,k=4",60,0.9539594356261022,shepard,"k=26,z=2.1685911090466155",60,0.9607054673721341,120,120,-0.006746031746031755,10.0,0.0015806107874750974,0.789865330519119,-0.5517700684878013,0.5821405890346782,1.0,False
2026-08-30T05:50:38.551843+00:00,iris,f1,logarithmic,"c=0.23232604885522545,k=4",60,0.9539594356261022,sigmoidal,"alpha=6.199672459722209,c=0.7096287254139647,k=25",60,0.9525749559082893,120,120,0.0013844797178130437,126.0,0.4857749877422758,0.14228359892181025,0.083542557535667,0.9335605122860557,1.0,False
2026-08-30T05:50:38.582872+00:00,iris,f1,logarithmic,"c=0.23232604885522545,k=4",60,0.9539594356261022,softmax_radial,"beta=5.068077717443547,k=27",60,0.9509347442680778,120,120,0.0030246913580246966,0.0,0.0455002638963584,1.0000000000000002,0.5350580239690204,0.5936081655006387,1.0,False
2026-08-30T05:50:38.613010+00:00,iris,f1,logarithmic,"c=0.23232604885522545,k=4",60,0.9539594356261022,student_t,"k=5,nu=0.005695262671673525",60,0.9571340388007054,120,120,-0.0031746031746031746,26.0,0.24821307898992362,0.3333333333333333,-0.305425207038204,0.7605759307446891,1.0,False
2026-08-30T05:50:38.641540+00:00,iris,f1,logarithmic,"c=0.23232604885522545,k=4",60,0.9539594356261022,wendland_c2,"h=3.573720289591046,k=4",60,0.9539594356261022,120,120,0.0,,,,,,,False
2026-08-30T05:50:38.672665+00:00,iris,f1,lorentzian,k=6,60,0.9533245149911816,multiquadratic,"c=2.2505043547850567,k=5",60,0.946410934744268,120,120,0.006913580246913575,18.0,0.007785541300016243,0.6653078692654364,0.558140193608469,0.5777972441735897,1.0,False
2026-08-30T05:50:38.703562+00:00,iris,f1,lorentzian,k=6,60,0.9533245149911816,quartic_spline,"h=3.573720289591046,k=4",60,0.9539594356261022,120,120,-0.0006349206349206326,10.0,0.25066607181324785,0.4061384660534476,-0.06737410786662053,0.946396950587687,1.0,False
2026-08-30T05:50:38.733947+00:00,iris,f1,lorentzian,k=6,60,0.9533245149911816,radial,"k=4,z=0.697474985125747",60,0.9539594356261022,120,120,-0.0006349206349206326,10.0,0.25066607181324785,0.4061384660534476,-0.06737410786662053,0.946396950587687,1.0,False
2026-08-30T05:50:38.764008+00:00,iris,f1,lorentzian,k=6,60,0.9533245149911816,rational_quadratic,"alpha=1.0556895590523032,k=23,l=0.12035440948948699",60,0.9638800705467373,120,120,-0.010555555555555563,10.0,0.00026729365441386396,0.8150678894028687,-0.757883222616522,0.45001913616875333,0.5891152143281562,False
2026-08-30T05:50:38.794201+00:00,iris,f1,lorentzian,k=6,60,0.9533245149911816,rbf_gaussian,"epsilon=1.8183018870845464,k=24",60,0.9471252204585539,120,120,0.006199294532627871,0.0,0.009747807101173898,0.9138115486202577,0.7698389015187733,0.4429209645931129,1.0,False
2026-08-30T05:50:38.825827+00:00,iris,f1,lorentzian,k=6,60,0.9533245149911816,shepard,"k=26,z=2.1685911090466155",60,0.9607054673721341,120,120,-0.007380952380952388,36.0,0.0008931403326015223,0.6781390797358342,-0.47918620368171677,0.6326855721807232,1.0,False
2026-08-30T05:50:38.856220+00:00,iris,f1,lorentzian,k=6,60,0.9533245149911816,sigmoidal,"alpha=6.199672459722209,c=0.7096287254139647,k=25",60,0.9525749559082893,120,120,0.000749559082892411,126.0,0.4842969002947053,0.14276612204964995,0.04659549028649276,0.9629137325667052,1.0,False
2026-08-30T05:50:38.889947+00:00,iris,f1,lorentzian,k=6,60,0.9533245149911816,softmax_radial,"beta=5.068077717443547,k=27",60,0.9509347442680778,120,120,0.002389770723104064,36.0,0.811801411930012,0.06873433966234713,0.21704805912630182,0.8285425763576306,1.0,False
2026-08-30T05:50:38.920230+00:00,iris,f1,lorentzian,k=6,60,0.9533245149911816,student_t,"k=5,nu=0.005695262671673525",60,0.9571340388007054,120,120,-0.003809523809523807,18.0,0.08719706449021143,0.49374193110101877,-0.3427619281066205,0.7323822846231762,1.0,False
2026-08-30T05:50:38.951439+00:00,iris,f1,lorentzian,k=6,60,0.9533245149911816,wendland_c2,"h=3.573720289591046,k=4",60,0.9539594356261022,120,120,-0.0006349206349206326,10.0,0.25066607181324785,0.4061384660534476,-0.06737410786662053,0.946396950587687,1.0,False
2026-08-30T05:50:38.981818+00:00,iris,f1,multiquadratic,"c=2.2505043547850567,k=5",60,0.946410934744268,quartic_spline,"h=3.573720289591046,k=4",60,0.9539594356261022,120,120,-0.007548500881834208,52.0,0.004291269775469256,0.5829616650360693,-0.48605622821181116,0.6278211472736397,1.0,False
2026-08-30T05:50:39.011331+00:00,iris,f1,multiquadratic,"c=2.2505043547850567,k=5",60,0.946410934744268,radial,"k=4,z=0.697474985125747",60,0.9539594356261022,120,120,-0.007548500881834208,52.0,0.004291269775469256,0.5829616650360693,-0.48605622821181116,0.6278211472736397,1.0,False
2026-08-30T05:50:39.041608+00:00,iris,f1,multiquadratic,"c=2.2505043547850567,k=5",60,0.946410934744268,rational_quadratic,"alpha=1.0556895590523032,k=23,l=0.12035440948948699",60,0.9638800705467373,120,120,-0.017469135802469136,52.0,8.167753663586583e-06,0.7434564901372768,-0.9618866719253891,0.33805699895639285,0.01933307292170944,True
2026-08-30T05:50:39.072104+00:00,iris,f1,multiquadratic,"c=2.2505043547850567,k=5",60,0.946410934744268,rbf_gaussian,"epsilon=1.8183018870845464,k=24",60,0.9471252204585539,120,120,-0.0007142857142857043,94.0,0.10268944930573592,0.3331209514491832,-0.04724218018478869,0.9623994027253271,1.0,False
2026-08-30T05:50:39.102339+00:00,iris,f1,multiquadratic,"c=2.2505043547850567,k=5",60,0.946410934744268,shepard,"k=26,z=2.1685911090466155",60,0.9607054673721341,120,120,-0.014294532627865963,102.0,2.784886090420002e-05,0.6625571317249346,-0.734846583177155,0.463878605508002,0.06491569476769025,False
2026-08-30T05:50:39.133261+00:00,iris,f1,multiquadratic,"c=2.2505043547850567,k=5",60,0.946410934744268,sigmoidal,"alpha=6.199672459722209,c=0.7096287254139647,k=25",60,0.9525749559082893,120,120,-0.006164021164021164,256.0,0.03615413996775092,0.33127856586248894,-0.30314376995506415,0.7623096132729779,1.0,False
2026-08-30T05:50:39.164369+00:00,iris,f1,multiquadratic,"c=2.2505043547850567,k=5",60,0.946410934744268,softmax_radial,"beta=5.068077717443547,k=27",60,0.9509347442680778,120,120,-0.0045238095238095116,94.0,0.011934853429560006,0.4751135708560208,-0.2710079768836687,0.7868544231656474,1.0,False
2026-08-30T05:50:39.208300+00:00,iris,f1,multiquadratic,"c=2.2505043547850567,k=5",60,0.946410934744268,student_t,"k=5,nu=0.005695262671673525",60,0.9571340388007054,120,120,-0.010723104056437383,0.0,0.0014911233442756228,0.9169493006161795,-0.9593058725795165,0.3393497232532954,1.0,False
2026-08-30T05:50:39.249700+00:00,iris,f1,multiquadratic,"c=2.2505043547850567,k=5",60,0.946410934744268,wendland_c2,"h=3.573720289591046,k=4",60,0.9539594356261022,120,120,-0.007548500881834208,52.0,0.004291269775469256,0.5829616650360693,-0.48605622821181116,0.6278211472736397,1.0,False
2026-08-30T05:50:39.277612+00:00,iris,f1,quartic_spline,"h=3.573720289591046,k=4",60,0.9539594356261022,radial,"k=4,z=0.697474985125747",60,0.9539594356261022,120,120,0.0,,,,,,,False
2026-08-30T05:50:39.309242+00:00,iris,f1,quartic_spline,"h=3.573720289591046,k=4",60,0.9539594356261022,rational_quadratic,"alpha=1.0556895590523032,k=23,l=0.12035440948948699",60,0.9638800705467373,120,120,-0.00992063492063493,0.0,0.0005320055051392492,1.0000000000000058,-0.9604585468176327,0.33877195158624085,1.0,False
2026-08-30T05:50:39.340697+00:00,iris,f1,quartic_spline,"h=3.573720289591046,k=4",60,0.9539594356261022,rbf_gaussian,"epsilon=1.8183018870845464,k=24",60,0.9471252204585539,120,120,0.006834215167548504,0.0,0.009747807101173898,0.9138115486202577,0.7646964315406223,0.4459661120290035,1.0,False
2026-08-30T05:50:39.370813+00:00,iris,f1,quartic_spline,"h=3.573720289591046,k=4",60,0.9539594356261022,shepard,"k=26,z=2.1685911090466155",60,0.9607054673721341,120,120,-0.006746031746031755,10.0,0.0015806107874750974,0.789865330519119,-0.5517700684878013,0.5821405890346782,1.0,False
2026-08-30T05:50:39.400901+00:00,iris,f1,quartic_spline,"h=3.573720289591046,k=4",60,0.9539594356261022,sigmoidal,"alpha=6.199672459722209,c=0.7096287254139647,k=25",60,0.9525749559082893,120,120,0.0013844797178130437,126.0,0.4857749877422758,0.14228359892181025,0.083542557535667,0.9335605122860557,1.0,False
2026-08-30T05:50:39.431158+00:00,iris,f1,quartic_spline,"h=3.573720289591046,k=4",60,0.9539594356261022,softmax_radial,"beta=5.068077717443547,k=27",60,0.9509347442680778,120,120,0.0030246913580246966,0.0,0.0455002638963584,1.0000000000000002,0.5350580239690204,0.5936081655006387,1.0,False
2026-08-30T05:50:39.461280+00:00,iris,f1,quartic_spline,"h=3.573720289591046,k=4",60,0.9539594356261022,student_t,"k=5,nu=0.005695262671673525",60,0.9571340388007054,120,120,-0.0031746031746031746,26.0,0.24821307898992362,0.3333333333333333,-0.305425207038204,0.7605759307446891,1.0,False
2026-08-30T05:50:39.489825+00:00,iris,f1,quartic_spline,"h=3.573720289591046,k=4",60,0.9539594356261022,wendland_c2,"h=3.573720289591046,k=4",60,0.9539594356261022,120,120,0.0,,,,,,,False
2026-08-30T05:50:39.520089+00:00,iris,f1,radial,"k=4,z=0.697474985125747",60,0.9539594356261022,rational_quadratic,"alpha=1.0556895590523032,k=23,l=0.12035440948948699",60,0.9638800705467373,120,120,-0.00992063492063493,0.0,0.0005320055051392492,1.0000000000000058,-0.9604585468176327,0.33877195158624085,1.0,False
2026-08-30T05:50:39.550022+00:00,iris,f1,radial,"k=4,z=0.697474985125747",60,0.9539594356261022,rbf_gaussian,"epsilon=1.8183018870845464,k=24",60,0.9471252204585539,120,120,0.006834215167548504,0.0,0.009747807101173898,0.9138115486202577,0.7646964315406223,0.4459661120290035,1.0,False
2026-08-30T05:50:39.580060+00:00,iris,f1,radial,"k=4,z=0.697474985125747",60,0.9539594356261022,shepard,"k=26,z=2.1685911090466155",60,0.9607054673721341,120,120,-0.006746031746031755,10.0,0.0015806107874750974,0.789865330519119,-0.5517700684878013,0.5821405890346782,1.0,False
2026-08-30T05:50:39.610624+00:00,iris,f1,radial,"k=4,z=0.697474985125747",60,0.9539594356261022,sigmoidal,"alpha=6.199672459722209,c=0.7096287254139647,k=25",60,0.9525749559082893,120,120,0.0013844797178130437,126.0,0.4857749877422758,0.14228359892181025,0.083542557535667,0.9335605122860557,1.0,False
2026-08-30T05:50:39.641817+00:00,iris,f1,radial,"k=4,z=0.697474985125747",60,0.9539594356261022,softmax_radial,"beta=5.068077717443547,k=27",60,0.9509347442680778,120,120,0.0030246913580246966,0.0,0.0455002638963584,1.0000000000000002,0.5350580239690204,0.5936081655006387,1.0,False
2026-08-30T05:50:39.674077+00:00,iris,f1,radial,"k=4,z=0.697474985125747",60,0.9539594356261022,student_t,"k=5,nu=0.005695262671673525",60,0.9571340388007054,120,120,-0.0031746031746031746,26.0,0.24821307898992362,0.3333333333333333,-0.305425207038204,0.7605759307446891,1.0,False
2026-08-30T05:50:39.703689+00:00,iris,f1,radial,"k=4,z=0.697474985125747",60,0.9539594356261022,wendland_c2,"h=3.573720289591046,k=4",60,0.9539594356261022,120,120,0.0,,,,,,,False
2026-08-30T05:50:39.737976+00:00,iris,f1,rational_quadratic,"alpha=1.0556895590523032,k=23,l=0.12035440948948699",60,0.9638800705467373,rbf_gaussian,"epsilon=1.8183018870845464,k=24",60,0.9471252204585539,120,120,0.016754850088183434,0.0,5.6065013612854245e-05,0.9008645093401022,1.284171307622729,0.20157655308432765,0.12894953130956477,False
2026-08-30T05:50:39.768114+00:00,iris,f1,rational_quadratic,"alpha=1.0556895590523032,k=23,l=0.12035440948948699",60,0.9638800705467373,shepard,"k=26,z=2.1685911090466155",60,0.9607054673721341,120,120,0.0031746031746031746,0.0,0.0455002638963584,1.0000000000000002,0.5350580239690205,0.5936081655006387,1.0,False
2026-08-30T05:50:39.798601+00:00,iris,f1,rational_quadratic,"alpha=1.0556895590523032,k=23,l=0.12035440948948699",60,0.9638800705467373,sigmoidal,"alpha=6.199672459722209,c=0.7096287254139647,k=25",60,0.9525749559082893,120,120,0.011305114638447973,0.0,0.0019659033370718845,0.8935464156105155,0.9523016745620076,0.3428742900708621,1.0,False
2026-08-30T05:50:39.828907+00:00,iris,f1,rational_quadratic,"alpha=1.0556895590523032,k=23,l=0.12035440948948699",60,0.9638800705467373,softmax_radial,"beta=5.068077717443547,k=27",60,0.9509347442680778,120,120,0.012945326278659627,0.0,0.0002120622229708655,0.9260490081948303,1.12924019504642,0.26106774459391424,0.47162638388720485,False
2026-08-30T05:50:39.860225+00:00,iris,f1,rational_quadratic,"alpha=1.0556895590523032,k=23,l=0.12035440948948699",60,0.9638800705467373,student_t,"k=5,nu=0.005695262671673525",60,0.9571340388007054,120,120,0.006746031746031755,52.0,0.003908238274104713,0.5889950642126057,0.45244570374643023,0.6517716553704269,1.0,False
2026-08-30T05:50:39.890335+00:00,iris,f1,rational_quadratic,"alpha=1.0556895590523032,k=23,l=0.12035440948948699",60,0.9638800705467373,wendland_c2,"h=3.573720289591046,k=4",60,0.9539594356261022,120,120,0.00992063492063493,0.0,0.0005320055051392492,1.0000000000000058,0.9604585468176327,0.33877195158624085,1.0,False
2026-08-30T05:50:39.921257+00:00,iris,f1,rbf_gaussian,"epsilon=1.8183018870845464,k=24",60,0.9471252204585539,shepard,"k=26,z=2.1685911090466155",60,0.9607054673721341,120,120,-0.013580246913580259,26.0,0.000316512752365108,0.735131927762668,-0.9192524843292024,0.359823103191131,0.6918968766701261,False
2026-08-30T05:50:39.955537+00:00,iris,f1,rbf_gaussian,"epsilon=1.8183018870845464,k=24",60,0.9471252204585539,sigmoidal,"alpha=6.199672459722209,c=0.7096287254139647,k=25",60,0.9525749559082893,120,120,-0.00544973544973546,116.0,0.323407572765545,0.20156843180589784,-0.34336357979960347,0.7319308298006584,1.0,False
2026-08-30T05:50:39.985961+00:00,iris,f1,rbf_gaussian,"epsilon=1.8183018870845464,k=24",60,0.9471252204585539,softmax_radial,"beta=5.068077717443547,k=27",60,0.9509347442680778,120,120,-0.003809523809523807,0.0,0.0455002638963584,1.0000000000000002,-0.5350580239690204,0.5936081655006387,1.0,False
2026-08-30T05:50:40.016924+00:00,iris,f1,rbf_gaussian,"epsilon=1.8183018870845464,k=24",60,0.9471252204585539,student_t,"k=5,nu=0.005695262671673525",60,0.9571340388007054,120,120,-0.010008818342151678,42.0,0.015637278202145406,0.5405187056040145,-0.7405157284861758,0.4604457313853154,1.0,False
2026-08-30T05:50:40.047819+00:00,iris,f1,rbf_gaussian,"epsilon=1.8183018870845464,k=24",60,0.9471252204585539,wendland_c2,"h=3.573720289591046,k=4",60,0.9539594356261022,120,120,-0.006834215167548504,0.0,0.009747807101173898,0.9138115486202577,-0.7646964315406223,0.4459661120290035,1.0,False
2026-08-30T05:50:40.078914+00:00,iris,f1,shepard,"k=26,z=2.1685911090466155",60,0.9607054673721341,sigmoidal,"alpha=6.199672459722209,c=0.7096287254139647,k=25",60,0.9525749559082893,120,120,0.0081305114638448,18.0,0.008498911869202319,0.6578947368421059,0.5981268223298751,0.5508919915223964,1.0,False
2026-08-30T05:50:40.109476+00:00,iris,f1,shepard,"k=26,z=2.1685911090466155",60,0.9607054673721341,softmax_radial,"beta=5.068077717443547,k=27",60,0.9509347442680778,120,120,0.009770723104056451,26.0,0.0024359693317738346,0.6777932975034446,0.7354097815223543,0.4635369239596945,1.0,False
2026-08-30T05:50:40.139438+00:00,iris,f1,shepard,"k=26,z=2.1685911090466155",60,0.9607054673721341,student_t,"k=5,nu=0.005695262671673525",60,0.9571340388007054,120,120,0.003571428571428581,102.0,0.017525931668569757,0.4489243608570893,0.22036021228071795,0.8259682342877257,1.0,False
2026-08-30T05:50:40.169515+00:00,iris,f1,shepard,"k=26,z=2.1685911090466155",60,0.9607054673721341,wendland_c2,"h=3.573720289591046,k=4",60,0.9539594356261022,120,120,0.006746031746031755,10.0,0.0015806107874750974,0.789865330519119,0.5517700684878013,0.5821405890346782,1.0,False
2026-08-30T05:50:40.200380+00:00,iris,f1,sigmoidal,"alpha=6.199672459722209,c=0.7096287254139647,k=25",60,0.9525749559082893,softmax_radial,"beta=5.068077717443547,k=27",60,0.9509347442680778,120,120,0.001640211640211653,184.0,0.6618924196533751,0.08264229055700607,0.09352025225022206,0.9256475354513298,1.0,False
2026-08-30T05:50:40.229711+00:00,iris,f1,sigmoidal,"alpha=6.199672459722209,c=0.7096287254139647,k=25",60,0.9525749559082893,student_t,"k=5,nu=0.005695262671673525",60,0.9571340388007054,120,120,-0.004559082892416218,304.0,0.6435802287964417,0.07711647823390559,-0.23338106726708452,0.8158664952202344,1.0,False
2026-08-30T05:50:40.259410+00:00,iris,f1,sigmoidal,"alpha=6.199672459722209,c=0.7096287254139647,k=25",60,0.9525749559082893,wendland_c2,"h=3.573720289591046,k=4",60,0.9539594356261022,120,120,-0.0013844797178130437,126.0,0.4857749877422758,0.14228359892181025,-0.083542557535667,0.9335605122860557,1.0,False
2026-08-30T05:50:40.289768+00:00,iris,f1,softmax_radial,"beta=5.068077717443547,k=27",60,0.9509347442680778,student_t,"k=5,nu=0.005695262671673525",60,0.9571340388007054,120,120,-0.006199294532627871,42.0,0.15668468874175348,0.3540775619568481,-0.5283326554844003,0.5982523902581818,1.0,False
2026-08-30T05:50:40.320029+00:00,iris,f1,softmax_radial,"beta=5.068077717443547,k=27",60,0.9509347442680778,wendland_c2,"h=3.573720289591046,k=4",60,0.9539594356261022,120,120,-0.0030246913580246966,0.0,0.0455002638963584,1.0000000000000002,-0.5350580239690204,0.5936081655006387,1.0,False
2026-08-30T05:50:40.349976+00:00,iris,f1,student_t,"k=5,nu=0.005695262671673525",60,0.9571340388007054,wendland_c2,"h=3.573720289591046,k=4",60,0.9539594356261022,120,120,0.0031746031746031746,26.0,0.24821307898992362,0.3333333333333333,0.305425207038204,0.7605759307446891,1.0,False
2026-08-30T05:50:40.386732+00:00,isolet,f1,attention,k=30,30,0.8560958899090025,cauchy,"epsilon=11.118752706560784,k=26",30,0.8534588871603266,30,30,0.0026370027486760208,174.0,0.23665234446525574,0.21605751392774702,0.4553796524938548,0.6522274220270745,1.0,False
2026-08-30T05:50:40.413743+00:00,isolet,f1,attention,k=30,30,0.8560958899090025,cosine,"h=3.342489796049292,k=27",30,0.8434589562005698,30,30,0.012636933708432814,19.0,5.718320608139038e-07,0.9129613680658284,2.183636404920913,0.03722551201679414,0.001384977251291275,True
2026-08-30T05:50:40.439381+00:00,isolet,f1,attention,k=30,30,0.8560958899090025,cubic_spline,"h=3.342489796049292,k=27",30,0.8434589562005698,30,30,0.012636933708432814,19.0,5.718320608139038e-07,0.9129613680658284,2.183636404920913,0.03722551201679414,0.001384977251291275,True
2026-08-30T05:50:40.465083+00:00,isolet,f1,attention,k=30,30,0.8560958899090025,entropic,"beta=0.2217046753718674,k=24",30,0.8008654598822241,30,30,0.055230430026778486,0.0,1.862645149230957e-09,1.0971528346217627,7.658672013571076,1.9144203999843512e-08,4.794448614120483e-06,True
2026-08-30T05:50:40.491151+00:00,isolet,f1,attention,k=30,30,0.8560958899090025,gen_exponential,"epsilon=40.85824861876189,k=28,p=1.6516507162763039",30,0.8483914262581861,30,30,0.007704463650816403,39.0,1.3966113328933716e-05,0.7931740614553175,1.740905967502681,0.09230168878923051,0.0328901968896389,True
2026-08-30T05:50:40.515705+00:00,isolet,f1,attention,k=30,30,0.8560958899090025,harmonic,k=30,30,0.8541688552344393,30,30,0.0019270346745634548,38.0,0.00017176692921197837,0.7100600961874661,2.1560883179761254,0.039507153634791514,0.3840708537179836,False
2026-08-30T05:50:40.541383+00:00,isolet,f1,attention,k=30,30,0.8560958899090025,inverse_multiquadratic,"c=0.555114573764183,k=26",30,0.851411788880671,30,30,0.004684101028331477,199.0,0.5027610473334789,0.12235241330827337,0.8606322416151257,0.3965004146425839,1.0,False
2026-08-30T05:50:40.566720+00:00,isolet,f1,attention,k=30,30,0.8560958899090025,laplacian,"epsilon=0.2217046753718674,k=24",30,0.8570110044025846,30,30,-0.0009151144935819181,174.0,0.23665234446525574,0.21605751392774702,-0.1466868477886357,0.8843941938394082,1.0,False
2026-08-30T05:50:40.594308+00:00,isolet,f1,attention,k=30,30,0.8560958899090025,logarithmic,"c=0.32822788943585807,k=26",30,0.8510963183042126,30,30,0.004999571604789947,189.0,0.3817984350025654,0.15967708618984633,0.9099091310272727,0.3703714322155389,1.0,False
2026-08-30T05:50:40.619021+00:00,isolet,f1,attention,k=30,30,0.8560958899090025,lorentzian,k=30,30,0.8613843622375591,30,30,-0.005288472328556637,16.0,3.1478703022003174e-07,0.9337522414238107,-3.5383008733099763,0.0013782328121878518,0.0007658768445253372,True
2026-08-30T05:50:40.644974+00:00,isolet,f1,cauchy,"epsilon=11.118752706560784,k=26",30,0.8534588871603266,cosine,"h=3.342489796049292,k=27",30,0.8434589562005698,30,30,0.009999930959756794,0.0,1.862645149230957e-09,1.0971528346217627,4.871434362758825,3.6260159313572515e-05,4.794448614120483e-06,True
2026-08-30T05:50:40.670403+00:00,isolet,f1,cauchy,"epsilon=11.118752706560784,k=26",30,0.8534588871603266,cubic_spline,"h=3.342489796049292,k=27",30,0.8434589562005698,30,30,0.009999930959756794,0.0,1.862645149230957e-09,1.0971528346217627,4.871434362758825,3.6260159313572515e-05,4.794448614120483e-06,True
2026-08-30T05:50:40.697184+00:00,isolet,f1,cauchy,"epsilon=11.118752706560784,k=26",30,0.8534588871603266,entropic,"beta=0.2217046753718674,k=24",30,0.8008654598822241,30,30,0.05259342727810246,0.0,1.862645149230957e-09,1.0971528346217627,9.124221682924858,5.059741514656935e-10,4.794448614120483e-06,True
2026-08-30T05:50:40.725226+00:00,isolet,f1,cauchy,"epsilon=11.118752706560784,k=26",30,0.8534588871603266,gen_exponential,"epsilon=40.85824861876189,k=28,p=1.6516507162763039",30,0.8483914262581861,30,30,0.0050674609021403826,59.0,0.0001528710126876831,0.6912913408438132,1.1810579291600847,0.24717557449914418,0.34426552057266235,False
2026-08-30T05:50:40.751200+00:00,isolet,f1,cauchy,"epsilon=11.118752706560784,k=26",30,0.8534588871603266,harmonic,k=30,30,0.8541688552344393,30,30,-0.0007099680741125658,156.0,0.11907656863331795,0.28457131580955936,-0.12119821205994757,0.9043699266014906,1.0,False
2026-08-30T05:50:40.776291+00:00,isolet,f1,cauchy,"epsilon=11.118752706560784,k=26",30,0.8534588871603266,inverse_multiquadratic,"c=0.555114573764183,k=26",30,0.851411788880671,30,30,0.002047098279655457,31.0,0.0004027749294639787,0.7076517792841253,1.8202905010816288,0.07905039058448482,0.8752299217252257,False
2026-08-30T05:50:40.802496+00:00,isolet,f1,cauchy,"epsilon=11.118752706560784,k=26",30,0.8534588871603266,laplacian,"epsilon=0.2217046753718674,k=24",30,0.8570110044025846,30,30,-0.0035521172422579386,74.0,0.0006665531545877457,0.6212961862261097,-1.1618623550733727,0.2547648729903986,1.0,False
2026-08-30T05:50:40.826987+00:00,isolet,f1,cauchy,"epsilon=11.118752706560784,k=26",30,0.8534588871603266,logarithmic,"c=0.32822788943585807,k=26",30,0.8510963183042126,30,30,0.002362568856113926,15.0,7.224472548320885e-05,0.7937538969155995,2.164988967632325,0.03875665958560437,0.16529593190558184,False
2026-08-30T05:50:40.852644+00:00,isolet,f1,cauchy,"epsilon=11.118752706560784,k=26",30,0.8534588871603266,lorentzian,k=30,30,0.8613843622375591,30,30,-0.007925475077232657,92.0,0.0029870010912418365,0.5420759951116539,-1.4530858942309566,0.15693603875929063,1.0,False
2026-08-30T05:50:40.875413+00:00,isolet,f1,cosine,"h=3.342489796049292,k=27",30,0.8434589562005698,cubic_spline,"h=3.342489796049292,k=27",30,0.8434589562005698,30,30,0.0,,,,,,,False
2026-08-30T05:50:40.901245+00:00,isolet,f1,cosine,"h=3.342489796049292,k=27",30,0.8434589562005698,entropic,"beta=0.2217046753718674,k=24",30,0.8008654598822241,30,30,0.042593496318345664,0.0,1.862645149230957e-09,1.0971528346217627,7.281004483474623,5.103240097170669e-08,4.794448614120483e-06,True
2026-08-30T05:50:40.926552+00:00,isolet,f1,cosine,"h=3.342489796049292,k=27",30,0.8434589562005698,gen_exponential,"epsilon=40.85824861876189,k=28,p=1.6516507162763039",30,0.8483914262581861,30,30,-0.004932470057616411,67.0,0.0003449581563472748,0.6534265520245589,-1.301679443858059,0.20327174948753068,0.7537335716187954,False
2026-08-30T05:50:40.952522+00:00,isolet,f1,cosine,"h=3.342489796049292,k=27",30,0.8434589562005698,harmonic,k=30,30,0.8541688552344393,30,30,-0.010709899033869359,35.0,7.994472980499268e-06,0.8152543318527193,-1.8542691506750417,0.07389630789737267,0.018962889909744263,True
2026-08-30T05:50:40.979340+00:00,isolet,f1,cosine,"h=3.342489796049292,k=27",30,0.8434589562005698,inverse_multiquadratic,"c=0.555114573764183,k=26",30,0.851411788880671,30,30,-0.007952832680101336,5.0,1.862645149230957e-08,1.0268515187575566,-4.058439846190589,0.00034128221987184126,4.637986421585083e-05,True
2026-08-30T05:50:41.011519+00:00,isolet,f1,cosine,"h=3.342489796049292,k=27",30,0.8434589562005698,laplacian,"epsilon=0.2217046753718674,k=24",30,0.8570110044025846,30,30,-0.013552048202014732,20.0,6.910413503646851e-07,0.9062735345577102,-3.779975893787334,0.0007245903974999468,0.0016702469438314438,True
2026-08-30T05:50:41.037034+00:00,isolet,f1,cosine,"h=3.342489796049292,k=27",30,0.8434589562005698,logarithmic,"c=0.32822788943585807,k=26",30,0.8510963183042126,30,30,-0.007637362103642868,5.0,1.862645149230957e-08,1.0268515187575566,-3.9047136922880945,0.0005178831144769802,4.637986421585083e-05,True
2026-08-30T05:50:41.062378+00:00,isolet,f1,cosine,"h=3.342489796049292,k=27",30,0.8434589562005698,lorentzian,k=30,30,0.8613843622375591,30,30,-0.01792540603698945,0.0,1.862645149230957e-09,1.0971528346217627,-3.2381840468249337,0.003009449115682683,4.794448614120483e-06,True
2026-08-30T05:50:41.087947+00:00,isolet,f1,cubic_spline,"h=3.342489796049292,k=27",30,0.8434589562005698,entropic,"beta=0.2217046753718674,k=24",30,0.8008654598822241,30,30,0.042593496318345664,0.0,1.862645149230957e-09,1.0971528346217627,7.281004483474623,5.103240097170669e-08,4.794448614120483e-06,True
2026-08-30T05:50:41.112689+00:00,isolet,f1,cubic_spline,"h=3.342489796049292,k=27",30,0.8434589562005698,gen_exponential,"epsilon=40.85824861876189,k=28,p=1.6516507162763039",30,0.8483914262581861,30,30,-0.004932470057616411,67.0,0.0003449581563472748,0.6534265520245589,-1.301679443858059,0.20327174948753068,0.7537335716187954,False
2026-08-30T05:50:41.137984+00:00,isolet,f1,cubic_spline,"h=3.342489796049292,k=27",30,0.8434589562005698,harmonic,k=30,30,0.8541688552344393,30,30,-0.010709899033869359,35.0,7.994472980499268e-06,0.8152543318527193,-1.8542691506750417,0.07389630789737267,0.018962889909744263,True
2026-08-30T05:50:41.163883+00:00,isolet,f1,cubic_spline,"h=3.342489796049292,k=27",30,0.8434589562005698,inverse_multiquadratic,"c=0.555114573764183,k=26",30,0.851411788880671,30,30,-0.007952832680101336,5.0,1.862645149230957e-08,1.0268515187575566,-4.058439846190589,0.00034128221987184126,4.637986421585083e-05,True
2026-08-30T05:50:41.189692+00:00,isolet,f1,cubic_spline,"h=3.342489796049292,k=27",30,0.8434589562005698,laplacian,"epsilon=0.2217046753718674,k=24",30,0.8570110044025846,30,30,-0.013552048202014732,20.0,6.910413503646851e-07,0.9062735345577102,-3.779975893787334,0.0007245903974999468,0.0016702469438314438,True
2026-08-30T05:50:41.215666+00:00,isolet,f1,cubic_spline,"h=3.342489796049292,k=27",30,0.8434589562005698,logarithmic,"c=0.32822788943585807,k=26",30,0.8510963183042126,30,30,-0.007637362103642868,5.0,1.862645149230957e-08,1.0268515187575566,-3.9047136922880945,0.0005178831144769802,4.637986421585083e-05,True
2026-08-30T05:50:41.241791+00:00,isolet,f1,cubic_spline,"h=3.342489796049292,k=27",30,0.8434589562005698,lorentzian,k=30,30,0.8613843622375591,30,30,-0.01792540603698945,0.0,1.862645149230957e-09,1.0971528346217627,-3.2381840468249337,0.003009449115682683,4.794448614120483e-06,True
2026-08-30T05:50:41.267385+00:00,isolet,f1,entropic,"beta=0.2217046753718674,k=24",30,0.8008654598822241,gen_exponential,"epsilon=40.85824861876189,k=28,p=1.6516507162763039",30,0.8483914262581861,30,30,-0.04752596637596208,0.0,1.862645149230957e-09,1.0971528346217627,-6.7339722719079855,2.1741764300031718e-07,4.794448614120483e-06,True
2026-08-30T05:50:41.292551+00:00,isolet,f1,entropic,"beta=0.2217046753718674,k=24",30,0.8008654598822241,harmonic,k=30,30,0.8541688552344393,30,30,-0.05330339535221504,0.0,1.862645149230957e-09,1.0971528346217627,-7.279595536347096,5.12210411862668e-08,4.794448614120483e-06,True
2026-08-30T05:50:41.317675+00:00,isolet,f1,entropic,"beta=0.2217046753718674,k=24",30,0.8008654598822241,inverse_multiquadratic,"c=0.555114573764183,k=26",30,0.851411788880671,30,30,-0.05054632899844701,0.0,1.862645149230957e-09,1.0971528346217627,-8.529053772668467,2.1393031790495343e-09,4.794448614120483e-06,True
2026-08-30T05:50:41.344074+00:00,isolet,f1,entropic,"beta=0.2217046753718674,k=24",30,0.8008654598822241,laplacian,"epsilon=0.2217046753718674,k=24",30,0.8570110044025846,30,30,-0.056145544520360406,0.0,1.862645149230957e-09,1.0971528346217627,-9.100131626915445,5.358935517563168e-10,4.794448614120483e-06,True
2026-08-30T05:50:41.369110+00:00,isolet,f1,entropic,"beta=0.2217046753718674,k=24",30,0.8008654598822241,logarithmic,"c=0.32822788943585807,k=26",30,0.8510963183042126,30,30,-0.050230858421988524,0.0,1.862645149230957e-09,1.0971528346217627,-8.552788644338909,2.01796956922351e-09,4.794448614120483e-06,True
2026-08-30T05:50:41.394965+00:00,isolet,f1,entropic,"beta=0.2217046753718674,k=24",30,0.8008654598822241,lorentzian,k=30,30,0.8613843622375591,30,30,-0.060518902355335115,0.0,1.862645149230957e-09,1.0971528346217627,-8.656006526396435,1.5667971364763389e-09,4.794448614120483e-06,True
2026-08-30T05:50:41.419790+00:00,isolet,f1,gen_exponential,"epsilon=40.85824861876189,k=28,p=1.6516507162763039",30,0.8483914262581861,harmonic,k=30,30,0.8541688552344393,30,30,-0.0057774289762529485,95.0,0.0037444327026605606,0.5292690522229815,-1.3001714412931193,0.20378120320278859,1.0,False
2026-08-30T05:50:41.444713+00:00,isolet,f1,gen_exponential,"epsilon=40.85824861876189,k=28,p=1.6516507162763039",30,0.8483914262581861,inverse_multiquadratic,"c=0.555114573764183,k=26",30,0.851411788880671,30,30,-0.003020362622484925,74.0,0.0006665531545877457,0.6212961862261097,-0.7585013696417348,0.4542716312845403,1.0,False
2026-08-30T05:50:41.470522+00:00,isolet,f1,gen_exponential,"epsilon=40.85824861876189,k=28,p=1.6516507162763039",30,0.8483914262581861,laplacian,"epsilon=0.2217046753718674,k=24",30,0.8570110044025846,30,30,-0.00861957814439832,85.0,0.001718590036034584,0.5723685479910858,-1.8027861251650197,0.08182361474507682,1.0,False
2026-08-30T05:50:41.495883+00:00,isolet,f1,gen_exponential,"epsilon=40.85824861876189,k=28,p=1.6516507162763039",30,0.8483914262581861,logarithmic,"c=0.32822788943585807,k=26",30,0.8510963183042126,30,30,-0.002704892046026456,74.0,0.0006665531545877457,0.6212961862261097,-0.6596402813299171,0.5146895882028388,1.0,False
2026-08-30T05:50:41.531093+00:00,isolet,f1,gen_exponential,"epsilon=40.85824861876189,k=28,p=1.6516507162763039",30,0.8483914262581861,lorentzian,k=30,30,0.8613843622375591,30,30,-0.01299293597937304,0.0,1.862645149230957e-09,1.0971528346217627,-3.1002007877070983,0.004276013161889747,4.794448614120483e-06,True
2026-08-30T05:50:41.558868+00:00,isolet,f1,harmonic,k=30,30,0.8541688552344393,inverse_multiquadratic,"c=0.555114573764183,k=26",30,0.851411788880671,30,30,0.002757066353768023,187.0,0.3598779272288084,0.16716450842262784,0.5078006722466407,0.6154338377681818,1.0,False
2026-08-30T05:50:41.585106+00:00,isolet,f1,harmonic,k=30,30,0.8541688552344393,laplacian,"epsilon=0.2217046753718674,k=24",30,0.8570110044025846,30,30,-0.002842149168145373,168.0,0.19092952087521553,0.23877678074438036,-0.46069057471976793,0.6484568391101821,1.0,False
2026-08-30T05:50:41.609704+00:00,isolet,f1,harmonic,k=30,30,0.8541688552344393,logarithmic,"c=0.32822788943585807,k=26",30,0.8510963183042126,30,30,0.003072536930226492,198.0,0.4898460879921913,0.1260772691740384,0.5594423470547532,0.5801553566680517,1.0,False
2026-08-30T05:50:41.635120+00:00,isolet,f1,harmonic,k=30,30,0.8541688552344393,lorentzian,k=30,30,0.8613843622375591,30,30,-0.007215507003120092,7.0,3.5390257835388184e-08,1.0064283621132848,-4.175186168908858,0.00024814404861528416,8.727237582206726e-05,True
2026-08-30T05:50:41.662237+00:00,isolet,f1,inverse_multiquadratic,"c=0.555114573764183,k=26",30,0.851411788880671,laplacian,"epsilon=0.2217046753718674,k=24",30,0.8570110044025846,30,30,-0.005599215521913396,35.0,7.994472980499268e-06,0.8152543318527193,-2.0853186698819135,0.045950598325891434,0.018962889909744263,True
2026-08-30T05:50:41.686586+00:00,isolet,f1,inverse_multiquadratic,"c=0.555114573764183,k=26",30,0.851411788880671,logarithmic,"c=0.32822788943585807,k=26",30,0.8510963183042126,30,30,0.000315470576458469,0.0,0.027707849358079864,0.8987170342729175,1.1929493407522629,0.24255842224315072,1.0,False
2026-08-30T05:50:41.712291+00:00,isolet,f1,inverse_multiquadratic,"c=0.555114573764183,k=26",30,0.851411788880671,lorentzian,k=30,30,0.8613843622375591,30,30,-0.009972573356888115,34.0,6.917864084243774e-06,0.8208900704681402,-1.9480372559226486,0.06114787478259465,0.01642300933599472,True
2026-08-30T05:50:41.738473+00:00,isolet,f1,laplacian,"epsilon=0.2217046753718674,k=24",30,0.8570110044025846,logarithmic,"c=0.32822788943585807,k=26",30,0.8510963183042126,30,30,0.005914686098371865,30.0,3.7904828786849976e-06,0.8439586143990682,2.213418847839606,0.034892217677837456,0.009044092148542404,True
2026-08-30T05:50:41.764637+00:00,isolet,f1,laplacian,"epsilon=0.2217046753718674,k=24",30,0.8570110044025846,lorentzian,k=30,30,0.8613843622375591,30,30,-0.004373357834974719,231.0,0.9838335812091827,0.003699498492948211,-0.7510947261771928,0.4586476553673742,1.0,False
2026-08-30T05:50:41.789613+00:00,isolet,f1,logarithmic,"c=0.32822788943585807,k=26",30,0.8510963183042126,lorentzian,k=30,30,0.8613843622375591,30,30,-0.010288043933346584,33.0,5.973502993583679e-06,0.8265726781030294,-1.9874200276938967,0.05639276168995444,0.014193043112754822,True
2026-08-30T05:50:41.830934+00:00,letter,f1,attention,k=5,30,0.9439337889166393,cauchy,"epsilon=6.974749851257469,k=4",30,0.9468947852053343,30,30,-0.0029609962886950687,44.0,2.6885420083999634e-05,0.7665122795747488,-2.4394870266451014,0.021058944276489466,0.06275057047605515,False
2026-08-30T05:50:41.856752+00:00,letter,f1,attention,k=5,30,0.9439337889166393,cosine,"h=3.573720289591046,k=4",30,0.9455649373230218,30,30,-0.0016311484063827653,123.0,0.023410143330693245,0.41383617358770286,-1.1680266164780417,0.2523093449010567,1.0,False
2026-08-30T05:50:41.883712+00:00,letter,f1,attention,k=5,30,0.9439337889166393,cubic_spline,"h=2.4749529788842355,k=5",30,0.9486957323913928,30,30,-0.004761943474753686,10.0,8.009374141693115e-08,0.9798605634035041,-3.691087306157556,0.0009190666522143065,0.0001967102289199829,True
2026-08-30T05:50:41.909262+00:00,letter,f1,attention,k=5,30,0.9439337889166393,entropic,"beta=1.8183018870845464,k=24",30,0.9494872248315605,30,30,-0.005553435914921123,14.0,2.0489096641540527e-07,0.9484445152196678,-3.3588392077021134,0.002204280990964813,0.0005001388490200043,True
2026-08-30T05:50:41.940432+00:00,letter,f1,attention,k=5,30,0.9439337889166393,gen_exponential,"epsilon=0.9054301536060685,k=7,p=2.9413960487898065",30,0.9493879555065122,30,30,-0.0054541665898728406,9.0,6.146728992462158e-08,0.9885441624098508,-3.7849481976074606,0.0007149885876707174,0.00015102513134479523,True
2026-08-30T05:50:41.966351+00:00,letter,f1,attention,k=5,30,0.9439337889166393,harmonic,k=5,30,0.9425628691776182,30,30,0.001370919739020989,1.0,9.338596171049022e-06,0.8691763229813447,2.902700703553665,0.0069996301108359305,0.02207644134835989,True
2026-08-30T05:50:41.993149+00:00,letter,f1,attention,k=5,30,0.9439337889166393,inverse_multiquadratic,"c=0.37300626813757654,k=4",30,0.9455896389899983,30,30,-0.0016558500733590109,125.0,0.026228994131088257,0.4058266985710671,-1.2184911980980382,0.2328575372079278,1.0,False
2026-08-30T05:50:42.020467+00:00,letter,f1,attention,k=5,30,0.9439337889166393,laplacian,"epsilon=5.068077717443547,k=27",30,0.9492136394405074,30,30,-0.005279850523867924,19.0,5.718320608139038e-07,0.9129613680658284,-3.089635158627105,0.004391595146087113,0.001384977251291275,True
2026-08-30T05:50:42.046380+00:00,letter,f1,attention,k=5,30,0.9439337889166393,logarithmic,"c=0.23232604885522545,k=4",30,0.9455356012167992,30,30,-0.0016018123001601992,130.0,0.034536734223365784,0.38591595306806376,-1.1775739119651318,0.2485405292305476,1.0,False
2026-08-30T05:50:42.072898+00:00,letter,f1,attention,k=5,30,0.9439337889166393,lorentzian,k=5,30,0.9475902668455147,30,30,-0.00365647792887549,1.0,3.725290298461914e-09,1.076448493119431,-3.762811092527365,0.000758714062468524,9.357929229736328e-06,True
2026-08-30T05:50:42.099978+00:00,letter,f1,attention,k=5,30,0.9439337889166393,multiquadratic,"c=2.2505043547850567,k=5",30,0.9304051071226277,30,30,0.013528681794011595,0.0,1.862645149230957e-09,1.0971528346217627,8.194637216118641,4.908536910264161e-09,4.794448614120483e-06,True
2026-08-30T05:50:42.125360+00:00,letter,f1,attention,k=5,30,0.9439337889166393,quartic_spline,"h=2.4749529788842355,k=5",30,0.9488732136238217,30,30,-0.004939424707182371,5.0,1.862645149230957e-08,1.0268515187575566,-3.768640000064142,0.0007469538658908537,4.637986421585083e-05,True
2026-08-30T05:50:42.151235+00:00,letter,f1,attention,k=5,30,0.9439337889166393,radial,"k=27,z=0.5068077717443549",30,0.9492852041067364,30,30,-0.005351415190097079,17.0,3.855675458908081e-07,0.9267371807503135,-3.106587353942552,0.004207560587978776,0.0009361580014228821,True
2026-08-30T05:50:42.176917+00:00,letter,f1,attention,k=5,30,0.9439337889166393,rational_quadratic,"alpha=1.741446757988873,k=9,l=0.284104903560722",30,0.9470272983799698,30,30,-0.0030935094633306273,62.0,0.00020912662148475647,0.6769355273917851,-2.0853377019968193,0.0459487469651656,0.46614323928952217,False
2026-08-30T05:50:42.203050+00:00,letter,f1,attention,k=5,30,0.9439337889166393,rbf_gaussian,"epsilon=1.5731191654258474,k=21",30,0.9497950211567583,30,30,-0.005861232240118867,14.0,2.0489096641540527e-07,0.9484445152196678,-3.4139732380706915,0.0019096488541112677,0.0005001388490200043,True
2026-08-30T05:50:42.228857+00:00,letter,f1,attention,k=5,30,0.9439337889166393,shepard,"k=4,z=3.573720289591046",30,0.9489324539721632,30,30,-0.0049986650555238765,10.0,8.009374141693115e-08,0.9798605634035041,-3.685391911975396,0.0009331295455163868,0.0001967102289199829,True
2026-08-30T05:50:42.254568+00:00,letter,f1,attention,k=5,30,0.9439337889166393,sigmoidal,"alpha=6.199672459722209,c=0.7096287254139647,k=25",30,0.9494622444184018,30,30,-0.005528455501762342,22.0,9.98377799987793e-07,0.8931452391179049,-3.0432642492377333,0.004935000126687239,0.0024030953645706177,True
2026-08-30T05:50:42.281664+00:00,letter,f1,attention,k=5,30,0.9439337889166393,softmax_radial,"beta=5.068077717443547,k=27",30,0.9492136394405074,30,30,-0.005279850523867924,19.0,5.718320608139038e-07,0.9129613680658284,-3.089635158627105,0.004391595146087113,0.001384977251291275,True
2026-08-30T05:50:42.307881+00:00,letter,f1,attention,k=5,30,0.9439337889166393,student_t,"k=4,nu=0.05397539297668061",30,0.9458004112110261,30,30,-0.0018666222943869216,105.0,0.007612137123942375,0.48725510872631805,-1.4305389495664276,0.16324991724870141,1.0,False
2026-08-30T05:50:42.335113+00:00,letter,f1,attention,k=5,30,0.9439337889166393,wendland_c2,"h=2.4749529788842355,k=5",30,0.9485760385728608,30,30,-0.004642249656221272,6.0,2.60770320892334e-08,1.016193623452255,-3.672864993341667,0.0009648020137453805,6.461888551712036e-05,True
2026-08-30T05:50:42.361803+00:00,letter,f1,cauchy,"epsilon=6.974749851257469,k=4",30,0.9468947852053343,cosine,"h=3.573720289591046,k=4",30,0.9455649373230218,30,30,0.0013298478823123036,42.0,2.0798295736312866e-05,0.7770619906945649,2.4404243051008563,0.021013894028061086,0.04877200350165367,True
2026-08-30T05:50:42.388749+00:00,letter,f1,cauchy,"epsilon=6.974749851257469,k=4",30,0.9468947852053343,cubic_spline,"h=2.4749529788842355,k=5",30,0.9486957323913928,30,30,-0.0018009471860586175,135.0,0.044907208532094955,0.3661566534896115,-1.2622139982863823,0.216928646884897,1.0,False
2026-08-30T05:50:42.414986+00:00,letter,f1,cauchy,"epsilon=6.974749851257469,k=4",30,0.9468947852053343,entropic,"beta=1.8183018870845464,k=24",30,0.9494872248315605,30,30,-0.0025924396262260543,88.0,0.0021877754479646683,0.5593126873398953,-1.8203101149615135,0.07904732882041166,1.0,False
2026-08-30T05:50:42.441592+00:00,letter,f1,cauchy,"epsilon=6.974749851257469,k=4",30,0.9468947852053343,gen_exponential,"epsilon=0.9054301536060685,k=7,p=2.9413960487898065",30,0.9493879555065122,30,30,-0.002493170301177772,68.0,0.0003800932317972183,0.6487834290574149,-2.0994057622042073,0.04459822109203859,0.8274629656225443,False
2026-08-30T05:50:42.467913+00:00,letter,f1,cauchy,"epsilon=6.974749851257469,k=4",30,0.9468947852053343,harmonic,k=5,30,0.9425628691776182,30,30,0.004331916027716058,16.0,3.1478703022003174e-07,0.9337522414238107,3.101258044790284,0.004264608367392064,0.0007658768445253372,True
2026-08-30T05:50:42.494198+00:00,letter,f1,cauchy,"epsilon=6.974749851257469,k=4",30,0.9468947852053343,inverse_multiquadratic,"c=0.37300626813757654,k=4",30,0.9455896389899983,30,30,0.0013051462153360579,34.0,6.917864084243774e-06,0.8208900704681402,2.5644673006539285,0.01577548193158851,0.01642300933599472,True
2026-08-30T05:50:42.520185+00:00,letter,f1,cauchy,"epsilon=6.974749851257469,k=4",30,0.9468947852053343,laplacian,"epsilon=5.068077717443547,k=27",30,0.9492136394405074,30,30,-0.002318854235172855,109.0,0.00993151031434536,0.4707136509340726,-1.514311409301345,0.14077095027976494,1.0,False
2026-08-30T05:50:42.547131+00:00,letter,f1,cauchy,"epsilon=6.974749851257469,k=4",30,0.9468947852053343,logarithmic,"c=0.23232604885522545,k=4",30,0.9455356012167992,30,30,0.0013591839885348695,24.0,1.4193356037139893e-06,0.8804220407194022,2.859629891469391,0.007780696983018753,0.0034049861133098602,True
2026-08-30T05:50:42.572535+00:00,letter,f1,cauchy,"epsilon=6.974749851257469,k=4",30,0.9468947852053343,lorentzian,k=5,30,0.9475902668455147,30,30,-0.0006954816401804213,196.0,0.46454504504799843,0.13353171585537862,-0.5558349361299857,0.5825870649731386,1.0,False
2026-08-30T05:50:42.598738+00:00,letter,f1,cauchy,"epsilon=6.974749851257469,k=4",30,0.9468947852053343,multiquadratic,"c=2.2505043547850567,k=5",30,0.9304051071226277,30,30,0.016489678082706665,0.0,1.862645149230957e-09,1.0971528346217627,8.676397674990445,1.4906411660575714e-09,4.794448614120483e-06,True
2026-08-30T05:50:42.625701+00:00,letter,f1,cauchy,"epsilon=6.974749851257469,k=4",30,0.9468947852053343,quartic_spline,"h=2.4749529788842355,k=5",30,0.9488732136238217,30,30,-0.001978428418487303,117.0,0.016431212425231934,0.4380308681883341,-1.5045802108224595,0.14324644429562472,1.0,False
2026-08-30T05:50:42.652404+00:00,letter,f1,cauchy,"epsilon=6.974749851257469,k=4",30,0.9468947852053343,radial,"k=27,z=0.5068077717443549",30,0.9492852041067364,30,30,-0.00239041890140201,101.0,0.00577649287879467,0.5039423587514604,-1.657276855275753,0.10824443905200987,1.0,False
2026-08-30T05:50:42.680025+00:00,letter,f1,cauchy,"epsilon=6.974749851257469,k=4",30,0.9468947852053343,rational_quadratic,"alpha=1.741446757988873,k=9,l=0.284104903560722",30,0.9470272983799698,30,30,-0.00013251317463555863,187.0,0.3598779272288084,0.16716450842262784,-0.10290927758772897,0.9187433162600458,1.0,False
2026-08-30T05:50:42.706556+00:00,letter,f1,cauchy,"epsilon=6.974749851257469,k=4",30,0.9468947852053343,rbf_gaussian,"epsilon=1.5731191654258474,k=21",30,0.9497950211567583,30,30,-0.002900235951423798,73.0,0.0006084088236093521,0.6258346977463614,-1.9477153799480798,0.06118813678817703,1.0,False
2026-08-30T05:50:42.732802+00:00,letter,f1,cauchy,"epsilon=6.974749851257469,k=4",30,0.9468947852053343,shepard,"k=4,z=3.573720289591046",30,0.9489324539721632,30,30,-0.0020376687668288078,16.0,3.1478703022003174e-07,0.9337522414238107,-3.526003077924295,0.0014236314557105612,0.0007658768445253372,True
2026-08-30T05:50:42.759698+00:00,letter,f1,cauchy,"epsilon=6.974749851257469,k=4",30,0.9468947852053343,sigmoidal,"alpha=6.199672459722209,c=0.7096287254139647,k=25",30,0.9494622444184018,30,30,-0.002567459213067273,92.0,0.0029870010912418365,0.5420759951116539,-1.6217950732751472,0.11567070912139221,1.0,False
2026-08-30T05:50:42.786190+00:00,letter,f1,cauchy,"epsilon=6.974749851257469,k=4",30,0.9468947852053343,softmax_radial,"beta=5.068077717443547,k=27",30,0.9492136394405074,30,30,-0.002318854235172855,109.0,0.00993151031434536,0.4707136509340726,-1.514311409301345,0.14077095027976494,1.0,False
2026-08-30T05:50:42.812088+00:00,letter,f1,cauchy,"epsilon=6.974749851257469,k=4",30,0.9468947852053343,student_t,"k=4,nu=0.05397539297668061",30,0.9458004112110261,30,30,0.0010943739943081474,41.0,0.00013536081360538934,0.7087053308209245,2.2905531225253957,0.02944827759392199,0.3063215211889961,False
2026-08-30T05:50:42.837985+00:00,letter,f1,cauchy,"epsilon=6.974749851257469,k=4",30,0.9468947852053343,wendland_c2,"h=2.4749529788842355,k=5",30,0.9485760385728608,30,30,-0.0016812533675262032,139.0,0.054921628907322884,0.3504503661637817,-1.2377977286680406,0.22571920861091188,1.0,False
2026-08-30T05:50:42.864520+00:00,letter,f1,cosine,"h=3.573720289591046,k=4",30,0.9455649373230218,cubic_spline,"h=2.4749529788842355,k=5",30,0.9486957323913928,30,30,-0.003130795068370921,84.0,0.0015832837671041489,0.5767461777887206,-1.7649386627393893,0.08810458940102239,1.0,False
2026-08-30T05:50:42.891363+00:00,letter,f1,cosine,"h=3.573720289591046,k=4",30,0.9455649373230218,entropic,"beta=1.8183018870845464,k=24",30,0.9494872248315605,30,30,-0.003922287508538358,57.0,0.00012333691120147705,0.700974762070396,-2.196852692916791,0.036173353893025784,0.27985145151615143,False
2026-08-30T05:50:42.918101+00:00,letter,f1,cosine,"h=3.573720289591046,k=4",30,0.9455649373230218,gen_exponential,"epsilon=0.9054301536060685,k=7,p=2.9413960487898065",30,0.9493879555065122,30,30,-0.003823018183490075,39.0,1.3966113328933716e-05,0.7931740614553175,-2.5227293495528933,0.01738586373651385,0.0328901968896389,True
2026-08-30T05:50:42.944525+00:00,letter,f1,cosine,"h=3.573720289591046,k=4",30,0.9455649373230218,harmonic,k=5,30,0.9425628691776182,30,30,0.0030020681454037542,75.0,0.0007296018302440643,0.6167733610270044,1.930136066046286,0.06342241279081229,1.0,False
2026-08-30T05:50:42.971923+00:00,letter,f1,cosine,"h=3.573720289591046,k=4",30,0.9455649373230218,inverse_multiquadratic,"c=0.37300626813757654,k=4",30,0.9455896389899983,30,30,-2.470166697624565e-05,104.0,0.970219757029658,0.008347838711296829,-0.07041238431260538,0.9443487605375915,1.0,False
2026-08-30T05:50:43.004181+00:00,letter,f1,cosine,"h=3.573720289591046,k=4",30,0.9455649373230218,laplacian,"epsilon=5.068077717443547,k=27",30,0.9492136394405074,30,30,-0.0036487021174851585,70.0,0.00046010687947273254,0.6395513038774573,-1.9809183458896853,0.05715474998802739,0.9965915009379387,False
2026-08-30T05:50:43.039235+00:00,letter,f1,cosine,"h=3.573720289591046,k=4",30,0.9455649373230218,logarithmic,"c=0.23232604885522545,k=4",30,0.9455356012167992,30,30,2.9336106222566104e-05,90.0,0.5754862281364963,0.1252175806694523,0.09969606282259323,0.9212716336867319,1.0,False
2026-08-30T05:50:43.067262+00:00,letter,f1,cosine,"h=3.573720289591046,k=4",30,0.9455649373230218,lorentzian,k=5,30,0.9475902668455147,30,30,-0.0020253295224927246,144.0,0.06989291124045849,0.33093471041396355,-1.277616887959562,0.2115179830389926,1.0,False
2026-08-30T05:50:43.095103+00:00,letter,f1,cosine,"h=3.573720289591046,k=4",30,0.9455649373230218,multiquadratic,"c=2.2505043547850567,k=5",30,0.9304051071226277,30,30,0.01515983020039436,0.0,1.862645149230957e-09,1.0971528346217627,7.438888913673068,3.3800924059690374e-08,4.794448614120483e-06,True
2026-08-30T05:50:43.120699+00:00,letter,f1,cosine,"h=3.573720289591046,k=4",30,0.9455649373230218,quartic_spline,"h=2.4749529788842355,k=5",30,0.9488732136238217,30,30,-0.0033082763007996063,75.0,0.0007296018302440643,0.6167733610270044,-1.9839664476871643,0.05679640165461097,1.0,False
2026-08-30T05:50:43.147144+00:00,letter,f1,cosine,"h=3.573720289591046,k=4",30,0.9455649373230218,radial,"k=27,z=0.5068077717443549",30,0.9492852041067364,30,30,-0.0037202667837143138,67.0,0.0003449581563472748,0.6534265520245589,-2.0582497131715116,0.04865157435991385,0.7537335716187954,False
2026-08-30T05:50:43.172947+00:00,letter,f1,cosine,"h=3.573720289591046,k=4",30,0.9455649373230218,rational_quadratic,"alpha=1.741446757988873,k=9,l=0.284104903560722",30,0.9470272983799698,30,30,-0.0014623610569478621,107.0,0.008705463260412216,0.47896680843596734,-0.9503669289205918,0.3497796023480386,1.0,False
2026-08-30T05:50:43.199092+00:00,letter,f1,cosine,"h=3.573720289591046,k=4",30,0.9455649373230218,rbf_gaussian,"epsilon=1.5731191654258474,k=21",30,0.9497950211567583,30,30,-0.004230083833736102,51.0,6.286613643169403e-05,0.7306228273120481,-2.3229257837933934,0.027401818765261376,0.1444035153836012,False
2026-08-30T05:50:43.225206+00:00,letter,f1,cosine,"h=3.573720289591046,k=4",30,0.9455649373230218,shepard,"k=4,z=3.573720289591046",30,0.9489324539721632,30,30,-0.003367516649141111,10.0,8.009374141693115e-08,0.9798605634035041,-3.614725084852699,0.001126027663721274,0.0001967102289199829,True
2026-08-30T05:50:43.251252+00:00,letter,f1,cosine,"h=3.573720289591046,k=4",30,0.9455649373230218,sigmoidal,"alpha=6.199672459722209,c=0.7096287254139647,k=25",30,0.9494622444184018,30,30,-0.0038973070953795762,64.0,0.0002562887966632843,0.6674715872779504,-2.0699752711174892,0.04746481164267169,0.5653730854392052,False
2026-08-30T05:50:43.278472+00:00,letter,f1,cosine,"h=3.573720289591046,k=4",30,0.9455649373230218,softmax_radial,"beta=5.068077717443547,k=27",30,0.9492136394405074,30,30,-0.0036487021174851585,70.0,0.00046010687947273254,0.6395513038774573,-1.9809183458896853,0.05715474998802739,0.9965915009379387,False
2026-08-30T05:50:43.303652+00:00,letter,f1,cosine,"h=3.573720289591046,k=4",30,0.9455649373230218,student_t,"k=4,nu=0.05397539297668061",30,0.9458004112110261,30,30,-0.00023547388800415625,135.0,0.30365917904060846,0.2017286021818933,-0.6891792939774773,0.49618807701627654,1.0,False
2026-08-30T05:50:43.330266+00:00,letter,f1,cosine,"h=3.573720289591046,k=4",30,0.9455649373230218,wendland_c2,"h=2.4749529788842355,k=5",30,0.9485760385728608,30,30,-0.0030111012498385066,85.0,0.001718590036034584,0.5723685479910858,-1.7899995663218575,0.08390150645101446,1.0,False
2026-08-30T05:50:43.357132+00:00,letter,f1,cubic_spline,"h=2.4749529788842355,k=5",30,0.9486957323913928,entropic,"beta=1.8183018870845464,k=24",30,0.9494872248315605,30,30,-0.0007914924401674369,161.0,0.1459994912147522,0.2654278473004966,-0.8515235698512531,0.40145570652341234,1.0,False
2026-08-30T05:50:43.383830+00:00,letter,f1,cubic_spline,"h=2.4749529788842355,k=5",30,0.9486957323913928,gen_exponential,"epsilon=0.9054301536060685,k=7,p=2.9413960487898065",30,0.9493879555065122,30,30,-0.0006922231151191542,154.0,0.10943205840885639,0.2922558286503136,-0.7576749568273202,0.45475866517946395,1.0,False
2026-08-30T05:50:43.410395+00:00,letter,f1,cubic_spline,"h=2.4749529788842355,k=5",30,0.9486957323913928,harmonic,k=5,30,0.9425628691776182,30,30,0.006132863213774676,1.0,3.725290298461914e-09,1.076448493119431,4.613903960757215,7.408844921164004e-05,9.357929229736328e-06,True
2026-08-30T05:50:43.437329+00:00,letter,f1,cubic_spline,"h=2.4749529788842355,k=5",30,0.9486957323913928,inverse_multiquadratic,"c=0.37300626813757654,k=4",30,0.9455896389899983,30,30,0.0031060934013946756,83.0,0.0014574769884347916,0.5811372297550399,1.8038467961995173,0.08165323895434207,1.0,False
2026-08-30T05:50:43.463702+00:00,letter,f1,cubic_spline,"h=2.4749529788842355,k=5",30,0.9486957323913928,laplacian,"epsilon=5.068077717443547,k=27",30,0.9492136394405074,30,30,-0.0005179070491142375,194.0,0.4399667661637068,0.14099279376335133,-0.514477506037753,0.6108170407995597,1.0,False
2026-08-30T05:50:43.490498+00:00,letter,f1,cubic_spline,"h=2.4749529788842355,k=5",30,0.9486957323913928,logarithmic,"c=0.23232604885522545,k=4",30,0.9455356012167992,30,30,0.0031601311745934873,80.0,0.0011314544826745987,0.5943919985323474,1.842669391149787,0.07562238938989929,1.0,False
2026-08-30T05:50:43.516582+00:00,letter,f1,cubic_spline,"h=2.4749529788842355,k=5",30,0.9486957323913928,lorentzian,k=5,30,0.9475902668455147,30,30,0.0011054655458781963,87.0,0.0020201820880174637,0.5636519966850669,1.6510224603251806,0.10952390045782501,1.0,False
2026-08-30T05:50:43.542924+00:00,letter,f1,cubic_spline,"h=2.4749529788842355,k=5",30,0.9486957323913928,multiquadratic,"c=2.2505043547850567,k=5",30,0.9304051071226277,30,30,0.018290625268765282,0.0,1.862645149230957e-09,1.0971528346217627,10.159909319887007,4.599276515193651e-11,4.794448614120483e-06,True
2026-08-30T05:50:43.569306+00:00,letter,f1,cubic_spline,"h=2.4749529788842355,k=5",30,0.9486957323913928,quartic_spline,"h=2.4749529788842355,k=5",30,0.9488732136238217,30,30,-0.00017748123242868527,192.0,0.4161298982799053,0.14846088842726607,-0.3192366324687969,0.7518353460412603,1.0,False
2026-08-30T05:50:43.597822+00:00,letter,f1,cubic_spline,"h=2.4749529788842355,k=5",30,0.9486957323913928,radial,"k=27,z=0.5068077717443549",30,0.9492852041067364,30,30,-0.0005894717153433926,192.0,0.4161298982799053,0.14846088842726607,-0.5781484108634444,0.5676267802192354,1.0,False
2026-08-30T05:50:43.624911+00:00,letter,f1,cubic_spline,"h=2.4749529788842355,k=5",30,0.9486957323913928,rational_quadratic,"alpha=1.741446757988873,k=9,l=0.284104903560722",30,0.9470272983799698,30,30,0.001668434011423059,125.0,0.026228994131088257,0.4058266985710671,1.1902078606393098,0.24361717352221435,1.0,False
2026-08-30T05:50:43.653351+00:00,letter,f1,cubic_spline,"h=2.4749529788842355,k=5",30,0.9486957323913928,rbf_gaussian,"epsilon=1.5731191654258474,k=21",30,0.9497950211567583,30,30,-0.0010992887653651807,153.0,0.10483990423381329,0.29610416290948044,-1.0149720639811406,0.3185128323498545,1.0,False
2026-08-30T05:50:43.681052+00:00,letter,f1,cubic_spline,"h=2.4749529788842355,k=5",30,0.9486957323913928,shepard,"k=4,z=3.573720289591046",30,0.9489324539721632,30,30,-0.0002367215807701902,212.0,0.685047073289752,0.07404947011903534,-0.19453884085392434,0.8471104165694685,1.0,False
2026-08-30T05:50:43.707153+00:00,letter,f1,cubic_spline,"h=2.4749529788842355,k=5",30,0.9486957323913928,sigmoidal,"alpha=6.199672459722209,c=0.7096287254139647,k=25",30,0.9494622444184018,30,30,-0.0007665120270086552,180.0,0.28936620615422726,0.1934397256760088,-0.6616236920757378,0.5134355771097356,1.0,False
2026-08-30T05:50:43.733821+00:00,letter,f1,cubic_spline,"h=2.4749529788842355,k=5",30,0.9486957323913928,softmax_radial,"beta=5.068077717443547,k=27",30,0.9492136394405074,30,30,-0.0005179070491142375,194.0,0.4399667661637068,0.14099279376335133,-0.514477506037753,0.6108170407995597,1.0,False
2026-08-30T05:50:43.760258+00:00,letter,f1,cubic_spline,"h=2.4749529788842355,k=5",30,0.9486957323913928,student_t,"k=4,nu=0.05397539297668061",30,0.9458004112110261,30,30,0.0028953211803667647,82.0,0.001340603455901146,0.5855415191870303,1.7482536776157993,0.09100089160035152,1.0,False
2026-08-30T05:50:43.784859+00:00,letter,f1,cubic_spline,"h=2.4749529788842355,k=5",30,0.9486957323913928,wendland_c2,"h=2.4749529788842355,k=5",30,0.9485760385728608,30,30,0.00011969381853241442,183.0,0.6488010185768092,0.08606789044696828,0.2659647045321021,0.7921481948480098,1.0,False
2026-08-30T05:50:43.812608+00:00,letter,f1,entropic,"beta=1.8183018870845464,k=24",30,0.9494872248315605,gen_exponential,"epsilon=0.9054301536060685,k=7,p=2.9413960487898065",30,0.9493879555065122,30,30,9.926932504828271e-05,211.0,0.6701805889606476,0.07775837730674134,0.10368103744648098,0.9181361848960439,1.0,False
2026-08-30T05:50:43.838722+00:00,letter,f1,entropic,"beta=1.8183018870845464,k=24",30,0.9494872248315605,harmonic,k=5,30,0.9425628691776182,30,30,0.006924355653942112,7.0,3.5390257835388184e-08,1.0064283621132848,4.035749936436773,0.0003630214454986014,8.727237582206726e-05,True
2026-08-30T05:50:43.864997+00:00,letter,f1,entropic,"beta=1.8183018870845464,k=24",30,0.9494872248315605,inverse_multiquadratic,"c=0.37300626813757654,k=4",30,0.9455896389899983,30,30,0.0038975858415621124,50.0,5.5925920605659485e-05,0.7356594175127341,2.302944800048371,0.028649117212130815,0.1287973951548338,False
2026-08-30T05:50:43.891164+00:00,letter,f1,entropic,"beta=1.8183018870845464,k=24",30,0.9494872248315605,laplacian,"epsilon=5.068077717443547,k=27",30,0.9492136394405074,30,30,0.00027358539105319933,207.0,0.6120056137442589,0.09260393825667278,0.3327712661448287,0.7417006642646577,1.0,False
2026-08-30T05:50:43.917828+00:00,letter,f1,entropic,"beta=1.8183018870845464,k=24",30,0.9494872248315605,logarithmic,"c=0.23232604885522545,k=4",30,0.9455356012167992,30,30,0.003951623614760924,50.0,5.5925920605659485e-05,0.7356594175127341,2.323007299136727,0.027396832742676125,0.1287973951548338,False
2026-08-30T05:50:43.944197+00:00,letter,f1,entropic,"beta=1.8183018870845464,k=24",30,0.9494872248315605,lorentzian,k=5,30,0.9475902668455147,30,30,0.001896957986045633,73.0,0.0006084088236093521,0.6258346977463614,1.7994279007694707,0.08236504937850775,1.0,False
2026-08-30T05:50:43.971531+00:00,letter,f1,entropic,"beta=1.8183018870845464,k=24",30,0.9494872248315605,multiquadratic,"c=2.2505043547850567,k=5",30,0.9304051071226277,30,30,0.019082117708932717,0.0,1.862645149230957e-09,1.0971528346217627,9.048037946837058,6.069398317265495e-10,4.794448614120483e-06,True
2026-08-30T05:50:43.998570+00:00,letter,f1,entropic,"beta=1.8183018870845464,k=24",30,0.9494872248315605,quartic_spline,"h=2.4749529788842355,k=5",30,0.9488732136238217,30,30,0.0006140112077387516,178.0,0.2710056286305189,0.20096847206158738,0.6700625233659289,0.5081188936087202,1.0,False
2026-08-30T05:50:44.023045+00:00,letter,f1,entropic,"beta=1.8183018870845464,k=24",30,0.9494872248315605,radial,"k=27,z=0.5068077717443549",30,0.9492852041067364,30,30,0.00020202072482404428,193.0,0.5962724972882395,0.09837552750772252,0.3949008794737236,0.6958056738960243,1.0,False
2026-08-30T05:50:44.048634+00:00,letter,f1,entropic,"beta=1.8183018870845464,k=24",30,0.9494872248315605,rational_quadratic,"alpha=1.741446757988873,k=9,l=0.284104903560722",30,0.9470272983799698,30,30,0.0024599264515904958,72.0,0.0005548261106014252,0.6303898468325352,1.8008947453770272,0.08212818039757486,1.0,False
2026-08-30T05:50:44.074533+00:00,letter,f1,entropic,"beta=1.8183018870845464,k=24",30,0.9494872248315605,rbf_gaussian,"epsilon=1.5731191654258474,k=21",30,0.9497950211567583,30,30,-0.0003077963251977437,211.0,0.6701805889606476,0.07775837730674134,-0.31221842383022275,0.7571084732045827,1.0,False
2026-08-30T05:50:44.100235+00:00,letter,f1,entropic,"beta=1.8183018870845464,k=24",30,0.9494872248315605,shepard,"k=4,z=3.573720289591046",30,0.9489324539721632,30,30,0.0005547708593972467,205.0,0.583757072687149,0.10003332597719944,0.5029471355955629,0.6187999890088574,1.0,False
2026-08-30T05:50:44.129846+00:00,letter,f1,entropic,"beta=1.8183018870845464,k=24",30,0.9494872248315605,sigmoidal,"alpha=6.199672459722209,c=0.7096287254139647,k=25",30,0.9494622444184018,30,30,2.4980413158781633e-05,230.0,0.9676735773682594,0.007399047645148908,0.0257820989947722,0.9796077387759243,1.0,False
2026-08-30T05:50:44.156041+00:00,letter,f1,entropic,"beta=1.8183018870845464,k=24",30,0.9494872248315605,softmax_radial,"beta=5.068077717443547,k=27",30,0.9492136394405074,30,30,0.00027358539105319933,207.0,0.6120056137442589,0.09260393825667278,0.3327712661448287,0.7417006642646577,1.0,False
2026-08-30T05:50:44.182693+00:00,letter,f1,entropic,"beta=1.8183018870845464,k=24",30,0.9494872248315605,student_t,"k=4,nu=0.05397539297668061",30,0.9458004112110261,30,30,0.003686813620534202,52.0,7.056817412376404e-05,0.7256158999558389,2.2435927300190817,0.032663064891861104,0.1618833914399147,False
2026-08-30T05:50:44.209394+00:00,letter,f1,entropic,"beta=1.8183018870845464,k=24",30,0.9494872248315605,wendland_c2,"h=2.4749529788842355,k=5",30,0.9485760385728608,30,30,0.0009111862586998513,143.0,0.06666470877826214,0.3348278792751948,0.9450362553960533,0.35244822224150507,1.0,False
2026-08-30T05:50:44.235717+00:00,letter,f1,gen_exponential,"epsilon=0.9054301536060685,k=7,p=2.9413960487898065",30,0.9493879555065122,harmonic,k=5,30,0.9425628691776182,30,30,0.006825086328893829,3.0,9.313225746154785e-09,1.0484841922836767,4.410233954017252,0.00013008727273478016,2.3311004042625427e-05,True
2026-08-30T05:50:44.262640+00:00,letter,f1,gen_exponential,"epsilon=0.9054301536060685,k=7,p=2.9413960487898065",30,0.9493879555065122,inverse_multiquadratic,"c=0.37300626813757654,k=4",30,0.9455896389899983,30,30,0.0037983165165138295,35.0,7.994472980499268e-06,0.8152543318527193,2.624068040088602,0.013714123286925561,0.018962889909744263,True
2026-08-30T05:50:44.290832+00:00,letter,f1,gen_exponential,"epsilon=0.9054301536060685,k=7,p=2.9413960487898065",30,0.9493879555065122,laplacian,"epsilon=5.068077717443547,k=27",30,0.9492136394405074,30,30,0.00017431606600491664,207.0,0.6120056137442589,0.09260393825667278,0.1698676333585758,0.8662937091861496,1.0,False
2026-08-30T05:50:44.317388+00:00,letter,f1,gen_exponential,"epsilon=0.9054301536060685,k=7,p=2.9413960487898065",30,0.9493879555065122,logarithmic,"c=0.23232604885522545,k=4",30,0.9455356012167992,30,30,0.003852354289712641,31.0,4.421919584274292e-06,0.8381062398724777,2.6539392991719595,0.012777836526900455,0.010541856288909912,True
2026-08-30T05:50:44.343510+00:00,letter,f1,gen_exponential,"epsilon=0.9054301536060685,k=7,p=2.9413960487898065",30,0.9493879555065122,lorentzian,k=5,30,0.9475902668455147,30,30,0.0017976886609973504,93.0,0.0032229889184236526,0.5377957865905956,1.5860534258601613,0.12357252820102826,1.0,False
2026-08-30T05:50:44.369488+00:00,letter,f1,gen_exponential,"epsilon=0.9054301536060685,k=7,p=2.9413960487898065",30,0.9493879555065122,multiquadratic,"c=2.2505043547850567,k=5",30,0.9304051071226277,30,30,0.018982848383884435,0.0,1.862645149230957e-09,1.0971528346217627,10.478821505239205,2.2600810112294312e-11,4.794448614120483e-06,True
2026-08-30T05:50:44.396318+00:00,letter,f1,gen_exponential,"epsilon=0.9054301536060685,k=7,p=2.9413960487898065",30,0.9493879555065122,quartic_spline,"h=2.4749529788842355,k=5",30,0.9488732136238217,30,30,0.0005147418826904689,167.0,0.18396909348666668,0.24257408036127473,0.6271269700138115,0.5354826644914938,1.0,False
2026-08-30T05:50:44.422870+00:00,letter,f1,gen_exponential,"epsilon=0.9054301536060685,k=7,p=2.9413960487898065",30,0.9493879555065122,radial,"k=27,z=0.5068077717443549",30,0.9492852041067364,30,30,0.00010275139977576157,187.0,0.3598779272288084,0.16716450842262784,0.11859754399806344,0.9064119148689487,1.0,False
2026-08-30T05:50:44.449401+00:00,letter,f1,gen_exponential,"epsilon=0.9054301536060685,k=7,p=2.9413960487898065",30,0.9493879555065122,rational_quadratic,"alpha=1.741446757988873,k=9,l=0.284104903560722",30,0.9470272983799698,30,30,0.0023606571265422133,86.0,0.0018640067428350449,0.5680039848516769,1.6370225157239284,0.11243349593847829,1.0,False
2026-08-30T05:50:44.475999+00:00,letter,f1,gen_exponential,"epsilon=0.9054301536060685,k=7,p=2.9413960487898065",30,0.9493879555065122,rbf_gaussian,"epsilon=1.5731191654258474,k=21",30,0.9497950211567583,30,30,-0.0004070656502460264,201.0,0.5291051845997572,0.11490718088253653,-0.3910886394476749,0.698590353385995,1.0,False
2026-08-30T05:50:44.502239+00:00,letter,f1,gen_exponential,"epsilon=0.9054301536060685,k=7,p=2.9413960487898065",30,0.9493879555065122,shepard,"k=4,z=3.573720289591046",30,0.9489324539721632,30,30,0.000455501534348964,199.0,0.5027610473334789,0.12235241330827337,0.4420967667827719,0.6616987139478434,1.0,False
2026-08-30T05:50:44.528569+00:00,letter,f1,gen_exponential,"epsilon=0.9054301536060685,k=7,p=2.9413960487898065",30,0.9493879555065122,sigmoidal,"alpha=6.199672459722209,c=0.7096287254139647,k=25",30,0.9494622444184018,30,30,-7.428891188950107e-05,224.0,0.871207794174552,0.029599753005059973,-0.07104650502634857,0.9438484436732797,1.0,False
2026-08-30T05:50:44.555608+00:00,letter,f1,gen_exponential,"epsilon=0.9054301536060685,k=7,p=2.9413960487898065",30,0.9493879555065122,softmax_radial,"beta=5.068077717443547,k=27",30,0.9492136394405074,30,30,0.00017431606600491664,207.0,0.6120056137442589,0.09260393825667278,0.1698676333585758,0.8662937091861496,1.0,False
2026-08-30T05:50:44.581976+00:00,letter,f1,gen_exponential,"epsilon=0.9054301536060685,k=7,p=2.9413960487898065",30,0.9493879555065122,student_t,"k=4,nu=0.05397539297668061",30,0.9458004112110261,30,30,0.003587544295485919,37.0,1.0609626770019531e-05,0.8041225767107848,2.5251141503478522,0.017289910386252716,0.025059938430786133,True
2026-08-30T05:50:44.608186+00:00,letter,f1,gen_exponential,"epsilon=0.9054301536060685,k=7,p=2.9413960487898065",30,0.9493879555065122,wendland_c2,"h=2.4749529788842355,k=5",30,0.9485760385728608,30,30,0.0008119169336515686,164.0,0.1641840822994709,0.2539855874784968,0.8645976453995251,0.39435534829343943,1.0,False
2026-08-30T05:50:44.634707+00:00,letter,f1,harmonic,k=5,30,0.9425628691776182,inverse_multiquadratic,"c=0.37300626813757654,k=4",30,0.9455896389899983,30,30,-0.00302676981238,70.0,0.00046010687947273254,0.6395513038774573,-2.021846006711663,0.05250464857189319,0.9965915009379387,False
2026-08-30T05:50:44.661098+00:00,letter,f1,harmonic,k=5,30,0.9425628691776182,laplacian,"epsilon=5.068077717443547,k=27",30,0.9492136394405074,30,30,-0.006650770262888913,8.0,4.6566128730773926e-08,0.9975757676502583,-3.8505947138978804,0.0005993023329144975,0.00011459924280643463,True
2026-08-30T05:50:44.687002+00:00,letter,f1,harmonic,k=5,30,0.9425628691776182,logarithmic,"c=0.23232604885522545,k=4",30,0.9455356012167992,30,30,-0.002972732039181188,73.0,0.0006084088236093521,0.6258346977463614,-1.9923884685744562,0.05581647890560859,1.0,False
2026-08-30T05:50:44.713830+00:00,letter,f1,harmonic,k=5,30,0.9425628691776182,lorentzian,k=5,30,0.9475902668455147,30,30,-0.005027397667896479,0.0,1.862645149230957e-09,1.0971528346217627,-4.8961896759952905,3.3850002237878485e-05,4.794448614120483e-06,True
2026-08-30T05:50:44.739973+00:00,letter,f1,harmonic,k=5,30,0.9425628691776182,multiquadratic,"c=2.2505043547850567,k=5",30,0.9304051071226277,30,30,0.012157762054990607,0.0,1.862645149230957e-09,1.0971528346217627,7.844929073772489,1.188049481015696e-08,4.794448614120483e-06,True
2026-08-30T05:50:44.766157+00:00,letter,f1,harmonic,k=5,30,0.9425628691776182,quartic_spline,"h=2.4749529788842355,k=5",30,0.9488732136238217,30,30,-0.006310344446203361,0.0,1.862645149230957e-09,1.0971528346217627,-4.571751087615992,8.325994428814987e-05,4.794448614120483e-06,True
2026-08-30T05:50:44.794122+00:00,letter,f1,harmonic,k=5,30,0.9425628691776182,radial,"k=27,z=0.5068077717443549",30,0.9492852041067364,30,30,-0.006722334929118068,4.0,1.30385160446167e-08,1.0380363770198873,-3.805619603326586,0.0006763861302183649,3.251805901527405e-05,True
2026-08-30T05:50:44.820462+00:00,letter,f1,harmonic,k=5,30,0.9425628691776182,rational_quadratic,"alpha=1.741446757988873,k=9,l=0.284104903560722",30,0.9470272983799698,30,30,-0.004464429202351616,25.0,1.6838312149047852e-06,0.8741801137449403,-3.049689515171311,0.004856057937892455,0.00403614342212677,True
2026-08-30T05:50:44.846394+00:00,letter,f1,harmonic,k=5,30,0.9425628691776182,rbf_gaussian,"epsilon=1.5731191654258474,k=21",30,0.9497950211567583,30,30,-0.007232151979139856,0.0,1.862645149230957e-09,1.0971528346217627,-4.081386391498633,0.0003206000712558943,4.794448614120483e-06,True
2026-08-30T05:50:44.874192+00:00,letter,f1,harmonic,k=5,30,0.9425628691776182,shepard,"k=4,z=3.573720289591046",30,0.9489324539721632,30,30,-0.006369584794544866,2.0,5.587935447692871e-09,1.0641600484437712,-4.2454558042677295,0.00020468478144297642,1.4008954167366028e-05,True
2026-08-30T05:50:44.901390+00:00,letter,f1,harmonic,k=5,30,0.9425628691776182,sigmoidal,"alpha=6.199672459722209,c=0.7096287254139647,k=25",30,0.9494622444184018,30,30,-0.006899375240783331,12.0,1.30385160446167e-07,0.9636820213077372,-3.727471988540673,0.000833979138009866,0.00031944364309310913,True
2026-08-30T05:50:44.927246+00:00,letter,f1,harmonic,k=5,30,0.9425628691776182,softmax_radial,"beta=5.068077717443547,k=27",30,0.9492136394405074,30,30,-0.006650770262888913,8.0,4.6566128730773926e-08,0.9975757676502583,-3.8505947138978804,0.0005993023329144975,0.00011459924280643463,True
2026-08-30T05:50:44.953914+00:00,letter,f1,harmonic,k=5,30,0.9425628691776182,student_t,"k=4,nu=0.05397539297668061",30,0.9458004112110261,30,30,-0.0032375420334079105,60.0,0.00016989745199680328,0.6864832142989329,-2.2370641784921035,0.03313420422611535,0.38040039502084255,False
2026-08-30T05:50:44.980755+00:00,letter,f1,harmonic,k=5,30,0.9425628691776182,wendland_c2,"h=2.4749529788842355,k=5",30,0.9485760385728608,30,30,-0.00601316939524226,0.0,1.862645149230957e-09,1.0971528346217627,-4.631724825320841,7.051978239358547e-05,4.794448614120483e-06,True
2026-08-30T05:50:45.005952+00:00,letter,f1,inverse_multiquadratic,"c=0.37300626813757654,k=4",30,0.9455896389899983,laplacian,"epsilon=5.068077717443547,k=27",30,0.9492136394405074,30,30,-0.0036240004505089128,62.0,0.00020912662148475647,0.6769355273917851,-2.0290399966454498,0.05172258302603017,0.46614323928952217,False
2026-08-30T05:50:45.032433+00:00,letter,f1,inverse_multiquadratic,"c=0.37300626813757654,k=4",30,0.9455896389899983,logarithmic,"c=0.23232604885522545,k=4",30,0.9455356012167992,30,30,5.403777319881176e-05,13.0,0.26039294361048326,0.37515428924742517,0.30621420302283153,0.761629216491245,1.0,False
2026-08-30T05:50:45.058648+00:00,letter,f1,inverse_multiquadratic,"c=0.37300626813757654,k=4",30,0.9455896389899983,lorentzian,k=5,30,0.9475902668455147,30,30,-0.0020006278555164793,136.0,0.047259049490094185,0.3622219284065624,-1.3305530720990293,0.19370458284645853,1.0,False
2026-08-30T05:50:45.084550+00:00,letter,f1,inverse_multiquadratic,"c=0.37300626813757654,k=4",30,0.9455896389899983,multiquadratic,"c=2.2505043547850567,k=5",30,0.9304051071226277,30,30,0.015184531867370605,0.0,1.862645149230957e-09,1.0971528346217627,7.789740897964354,1.3678311150400191e-08,4.794448614120483e-06,True
2026-08-30T05:50:45.110644+00:00,letter,f1,inverse_multiquadratic,"c=0.37300626813757654,k=4",30,0.9455896389899983,quartic_spline,"h=2.4749529788842355,k=5",30,0.9488732136238217,30,30,-0.0032835746338233606,63.0,0.00023163668811321259,0.6721928718106177,-2.065310889835139,0.04793380002249803,0.5128436274826527,False
2026-08-30T05:50:45.136822+00:00,letter,f1,inverse_multiquadratic,"c=0.37300626813757654,k=4",30,0.9455896389899983,radial,"k=27,z=0.5068077717443549",30,0.9492852041067364,30,30,-0.003695565116738068,63.0,0.00023163668811321259,0.6721928718106177,-2.1500099190127604,0.040027109438199204,0.5128436274826527,False
2026-08-30T05:50:45.162427+00:00,letter,f1,inverse_multiquadratic,"c=0.37300626813757654,k=4",30,0.9455896389899983,rational_quadratic,"alpha=1.741446757988873,k=9,l=0.284104903560722",30,0.9470272983799698,30,30,-0.0014376593899716164,102.0,0.0061949919909238815,0.49975629939712213,-0.9914054705284011,0.32968811852905233,1.0,False
2026-08-30T05:50:45.189029+00:00,letter,f1,inverse_multiquadratic,"c=0.37300626813757654,k=4",30,0.9455896389899983,rbf_gaussian,"epsilon=1.5731191654258474,k=21",30,0.9497950211567583,30,30,-0.004205382166759856,44.0,2.6885420083999634e-05,0.7665122795747488,-2.388575202808122,0.023643097416136793,0.06275057047605515,False
2026-08-30T05:50:45.217244+00:00,letter,f1,inverse_multiquadratic,"c=0.37300626813757654,k=4",30,0.9455896389899983,shepard,"k=4,z=3.573720289591046",30,0.9489324539721632,30,30,-0.0033428149821648654,6.0,2.60770320892334e-08,1.016193623452255,-3.7564628376903313,0.0007717276967422748,6.461888551712036e-05,True
2026-08-30T05:50:45.243256+00:00,letter,f1,inverse_multiquadratic,"c=0.37300626813757654,k=4",30,0.9455896389899983,sigmoidal,"alpha=6.199672459722209,c=0.7096287254139647,k=25",30,0.9494622444184018,30,30,-0.0038726054284033305,59.0,0.0001528710126876831,0.6912913408438132,-2.1117648431144382,0.04344094901156015,0.34426552057266235,False
2026-08-30T05:50:45.269471+00:00,letter,f1,inverse_multiquadratic,"c=0.37300626813757654,k=4",30,0.9455896389899983,softmax_radial,"beta=5.068077717443547,k=27",30,0.9492136394405074,30,30,-0.0036240004505089128,62.0,0.00020912662148475647,0.6769355273917851,-2.0290399966454498,0.05172258302603017,0.46614323928952217,False
2026-08-30T05:50:45.294108+00:00,letter,f1,inverse_multiquadratic,"c=0.37300626813757654,k=4",30,0.9455896389899983,student_t,"k=4,nu=0.05397539297668061",30,0.9458004112110261,30,30,-0.0002107722210279106,10.0,0.04085984371280629,0.616575453011388,-1.3215970484216277,0.19663420259884168,1.0,False
2026-08-30T05:50:45.321061+00:00,letter,f1,inverse_multiquadratic,"c=0.37300626813757654,k=4",30,0.9455896389899983,wendland_c2,"h=2.4749529788842355,k=5",30,0.9485760385728608,30,30,-0.002986399582862261,84.0,0.0015832837671041489,0.5767461777887206,-1.8199430879101246,0.07910463926503519,1.0,False
2026-08-30T05:50:45.347113+00:00,letter,f1,laplacian,"epsilon=5.068077717443547,k=27",30,0.9492136394405074,logarithmic,"c=0.23232604885522545,k=4",30,0.9455356012167992,30,30,0.003678038223707725,57.0,0.00012333691120147705,0.700974762070396,2.098508978420754,0.04468324894142839,0.27985145151615143,False
2026-08-30T05:50:45.372568+00:00,letter,f1,laplacian,"epsilon=5.068077717443547,k=27",30,0.9492136394405074,lorentzian,k=5,30,0.9475902668455147,30,30,0.0016233725949924339,110.0,0.010598260909318924,0.46659994971628815,1.374425100003261,0.1798387633961538,1.0,False
2026-08-30T05:50:45.398711+00:00,letter,f1,laplacian,"epsilon=5.068077717443547,k=27",30,0.9492136394405074,multiquadratic,"c=2.2505043547850567,k=5",30,0.9304051071226277,30,30,0.01880853231787952,0.0,1.862645149230957e-09,1.0971528346217627,9.703834674874523,1.2996093090578142e-10,4.794448614120483e-06,True
2026-08-30T05:50:45.424900+00:00,letter,f1,laplacian,"epsilon=5.068077717443547,k=27",30,0.9492136394405074,quartic_spline,"h=2.4749529788842355,k=5",30,0.9488732136238217,30,30,0.0003404258166855523,216.0,0.7456546742469072,0.059222373763485374,0.34872564789355703,0.7298144780592393,1.0,False
2026-08-30T05:50:45.450524+00:00,letter,f1,laplacian,"epsilon=5.068077717443547,k=27",30,0.9492136394405074,radial,"k=27,z=0.5068077717443549",30,0.9492852041067364,30,30,-7.156466622915506e-05,232.0,1.0,0.0,-0.08406044568108674,0.9335859802845121,1.0,False
2026-08-30T05:50:45.476821+00:00,letter,f1,laplacian,"epsilon=5.068077717443547,k=27",30,0.9492136394405074,rational_quadratic,"alpha=1.741446757988873,k=9,l=0.284104903560722",30,0.9470272983799698,30,30,0.0021863410605372966,85.0,0.001718590036034584,0.5723685479910858,1.702909783436184,0.09928146081111167,1.0,False
2026-08-30T05:50:45.504611+00:00,letter,f1,laplacian,"epsilon=5.068077717443547,k=27",30,0.9492136394405074,rbf_gaussian,"epsilon=1.5731191654258474,k=21",30,0.9497950211567583,30,30,-0.0005813817162509431,169.0,0.19807579927146435,0.23498266218725478,-0.6406666338470165,0.5267698499339541,1.0,False
2026-08-30T05:50:45.530656+00:00,letter,f1,laplacian,"epsilon=5.068077717443547,k=27",30,0.9492136394405074,shepard,"k=4,z=3.573720289591046",30,0.9489324539721632,30,30,0.00028118546834404734,217.0,0.761065473780036,0.05551751065170944,0.23898073336061212,0.8128013791606996,1.0,False
2026-08-30T05:50:45.556555+00:00,letter,f1,laplacian,"epsilon=5.068077717443547,k=27",30,0.9492136394405074,sigmoidal,"alpha=6.199672459722209,c=0.7096287254139647,k=25",30,0.9494622444184018,30,30,-0.0002486049778944177,224.0,0.871207794174552,0.029599753005059973,-0.3585804103471751,0.7225063410578227,1.0,False
2026-08-30T05:50:45.580029+00:00,letter,f1,laplacian,"epsilon=5.068077717443547,k=27",30,0.9492136394405074,softmax_radial,"beta=5.068077717443547,k=27",30,0.9492136394405074,30,30,0.0,,,,,,,False
2026-08-30T05:50:45.605838+00:00,letter,f1,laplacian,"epsilon=5.068077717443547,k=27",30,0.9492136394405074,student_t,"k=4,nu=0.05397539297668061",30,0.9458004112110261,30,30,0.0034132282294810023,63.0,0.00023163668811321259,0.6721928718106177,1.99761568523466,0.05521575862151917,0.5128436274826527,False
2026-08-30T05:50:45.632276+00:00,letter,f1,laplacian,"epsilon=5.068077717443547,k=27",30,0.9492136394405074,wendland_c2,"h=2.4749529788842355,k=5",30,0.9485760385728608,30,30,0.000637600867646652,175.0,0.24494642950594425,0.21228117055024634,0.6075240405939429,0.548231336575169,1.0,False
2026-08-30T05:50:45.658479+00:00,letter,f1,logarithmic,"c=0.23232604885522545,k=4",30,0.9455356012167992,lorentzian,k=5,30,0.9475902668455147,30,30,-0.002054665628715291,135.0,0.044907208532094955,0.3661566534896115,-1.3694077432898846,0.18138411869698046,1.0,False
2026-08-30T05:50:45.688430+00:00,letter,f1,logarithmic,"c=0.23232604885522545,k=4",30,0.9455356012167992,multiquadratic,"c=2.2505043547850567,k=5",30,0.9304051071226277,30,30,0.015130494094171795,0.0,1.862645149230957e-09,1.0971528346217627,7.826225590234058,1.2461092158133624e-08,4.794448614120483e-06,True
2026-08-30T05:50:45.718574+00:00,letter,f1,logarithmic,"c=0.23232604885522545,k=4",30,0.9455356012167992,quartic_spline,"h=2.4749529788842355,k=5",30,0.9488732136238217,30,30,-0.0033376124070221723,65.0,0.000283263623714447,0.6627705056810155,-2.100112293165282,0.044531333082203695,0.6217636540532112,False
2026-08-30T05:50:45.745136+00:00,letter,f1,logarithmic,"c=0.23232604885522545,k=4",30,0.9455356012167992,radial,"k=27,z=0.5068077717443549",30,0.9492852041067364,30,30,-0.0037496028899368797,63.0,0.00023163668811321259,0.6721928718106177,-2.1991877470284447,0.03599025522301713,0.5128436274826527,False
2026-08-30T05:50:45.771152+00:00,letter,f1,logarithmic,"c=0.23232604885522545,k=4",30,0.9455356012167992,rational_quadratic,"alpha=1.741446757988873,k=9,l=0.284104903560722",30,0.9470272983799698,30,30,-0.0014916971631704283,97.0,0.004338232800364494,0.5207854870849135,-1.0389483686008263,0.3074140370060501,1.0,False
2026-08-30T05:50:45.799175+00:00,letter,f1,logarithmic,"c=0.23232604885522545,k=4",30,0.9455356012167992,rbf_gaussian,"epsilon=1.5731191654258474,k=21",30,0.9497950211567583,30,30,-0.004259419939958668,40.0,1.597777009010315e-05,0.7877634628107649,-2.4693271102956844,0.019667321048513653,0.03757971525192261,True
2026-08-30T05:50:45.826657+00:00,letter,f1,logarithmic,"c=0.23232604885522545,k=4",30,0.9455356012167992,shepard,"k=4,z=3.573720289591046",30,0.9489324539721632,30,30,-0.0033968527553636775,4.0,1.30385160446167e-08,1.0380363770198873,-3.9902823145864432,0.00041075892429742744,3.251805901527405e-05,True
2026-08-30T05:50:45.852725+00:00,letter,f1,logarithmic,"c=0.23232604885522545,k=4",30,0.9455356012167992,sigmoidal,"alpha=6.199672459722209,c=0.7096287254139647,k=25",30,0.9494622444184018,30,30,-0.003926643201602143,57.0,0.00012333691120147705,0.700974762070396,-2.187693959782437,0.03689960736106479,0.27985145151615143,False
2026-08-30T05:50:45.878169+00:00,letter,f1,logarithmic,"c=0.23232604885522545,k=4",30,0.9455356012167992,softmax_radial,"beta=5.068077717443547,k=27",30,0.9492136394405074,30,30,-0.003678038223707725,57.0,0.00012333691120147705,0.700974762070396,-2.098508978420754,0.04468324894142839,0.27985145151615143,False
2026-08-30T05:50:45.903287+00:00,letter,f1,logarithmic,"c=0.23232604885522545,k=4",30,0.9455356012167992,student_t,"k=4,nu=0.05397539297668061",30,0.9458004112110261,30,30,-0.00026480999422672235,10.0,0.013103614110038467,0.6880891688116703,-1.5628072687900894,0.12894597880737702,1.0,False
2026-08-30T05:50:45.930322+00:00,letter,f1,logarithmic,"c=0.23232604885522545,k=4",30,0.9455356012167992,wendland_c2,"h=2.4749529788842355,k=5",30,0.9485760385728608,30,30,-0.0030404373560610726,83.0,0.0014574769884347916,0.5811372297550399,-1.8685813466670873,0.07181340240766887,1.0,False
2026-08-30T05:50:45.956365+00:00,letter,f1,lorentzian,k=5,30,0.9475902668455147,multiquadratic,"c=2.2505043547850567,k=5",30,0.9304051071226277,30,30,0.017185159722887085,0.0,1.862645149230957e-09,1.0971528346217627,11.051939209301217,6.509237593377293e-12,4.794448614120483e-06,True
2026-08-30T05:50:45.982883+00:00,letter,f1,lorentzian,k=5,30,0.9475902668455147,quartic_spline,"h=2.4749529788842355,k=5",30,0.9488732136238217,30,30,-0.0012829467783068815,95.0,0.0037444327026605606,0.5292690522229815,-1.6148000614087625,0.1171834272593586,1.0,False
2026-08-30T05:50:46.008622+00:00,letter,f1,lorentzian,k=5,30,0.9475902668455147,radial,"k=27,z=0.5068077717443549",30,0.9492852041067364,30,30,-0.001694937261221589,108.0,0.009301122277975082,0.47483586892073704,-1.4399769999679017,0.16058283525635964,1.0,False
2026-08-30T05:50:46.033440+00:00,letter,f1,lorentzian,k=5,30,0.9475902668455147,rational_quadratic,"alpha=1.741446757988873,k=9,l=0.284104903560722",30,0.9470272983799698,30,30,0.0005629684655448626,200.0,0.5158484429121017,0.11862906881734925,0.4399185622615277,0.6632573780899182,1.0,False
2026-08-30T05:50:46.059659+00:00,letter,f1,lorentzian,k=5,30,0.9475902668455147,rbf_gaussian,"epsilon=1.5731191654258474,k=21",30,0.9497950211567583,30,30,-0.0022047543112433767,93.0,0.0032229889184236526,0.5377957865905956,-1.6806479246039174,0.10357311728720431,1.0,False
2026-08-30T05:50:46.085616+00:00,letter,f1,lorentzian,k=5,30,0.9475902668455147,shepard,"k=4,z=3.573720289591046",30,0.9489324539721632,30,30,-0.0013421871266483866,120.0,0.019660815596580505,0.425901512803742,-1.2201717988679863,0.23222953615340702,1.0,False
2026-08-30T05:50:46.111702+00:00,letter,f1,lorentzian,k=5,30,0.9475902668455147,sigmoidal,"alpha=6.199672459722209,c=0.7096287254139647,k=25",30,0.9494622444184018,30,30,-0.0018719775728868516,118.0,0.017453668639063835,0.4339804583075459,-1.3772944832239333,0.1789596268106617,1.0,False
2026-08-30T05:50:46.139513+00:00,letter,f1,lorentzian,k=5,30,0.9475902668455147,softmax_radial,"beta=5.068077717443547,k=27",30,0.9492136394405074,30,30,-0.0016233725949924339,110.0,0.010598260909318924,0.46659994971628815,-1.374425100003261,0.1798387633961538,1.0,False
2026-08-30T05:50:46.164672+00:00,letter,f1,lorentzian,k=5,30,0.9475902668455147,student_t,"k=4,nu=0.05397539297668061",30,0.9458004112110261,30,30,0.0017898556344885686,150.0,0.09194962680339813,0.3076743627978264,1.2451358533664776,0.22304956931634257,1.0,False
2026-08-30T05:50:46.191752+00:00,letter,f1,lorentzian,k=5,30,0.9475902668455147,wendland_c2,"h=2.4749529788842355,k=5",30,0.9485760385728608,30,30,-0.0009857717273457818,107.0,0.008705463260412216,0.47896680843596734,-1.3359275881226942,0.19196277499237002,1.0,False
2026-08-30T05:50:46.219297+00:00,letter,f1,multiquadratic,"c=2.2505043547850567,k=5",30,0.9304051071226277,quartic_spline,"h=2.4749529788842355,k=5",30,0.9488732136238217,30,30,-0.018468106501193966,0.0,1.862645149230957e-09,1.0971528346217627,-9.787061435650482,1.0730438759765093e-10,4.794448614120483e-06,True
2026-08-30T05:50:46.246893+00:00,letter,f1,multiquadratic,"c=2.2505043547850567,k=5",30,0.9304051071226277,radial,"k=27,z=0.5068077717443549",30,0.9492852041067364,30,30,-0.018880096984108675,0.0,1.862645149230957e-09,1.0971528346217627,-9.118324280249276,5.131368663313651e-10,4.794448614120483e-06,True
2026-08-30T05:50:46.272544+00:00,letter,f1,multiquadratic,"c=2.2505043547850567,k=5",30,0.9304051071226277,rational_quadratic,"alpha=1.741446757988873,k=9,l=0.284104903560722",30,0.9470272983799698,30,30,-0.016622191257342222,0.0,1.862645149230957e-09,1.0971528346217627,-9.909157456088574,8.114731109287732e-11,4.794448614120483e-06,True
2026-08-30T05:50:46.299274+00:00,letter,f1,multiquadratic,"c=2.2505043547850567,k=5",30,0.9304051071226277,rbf_gaussian,"epsilon=1.5731191654258474,k=21",30,0.9497950211567583,30,30,-0.019389914034130463,0.0,1.862645149230957e-09,1.0971528346217627,-9.837558663267027,9.55717727180172e-11,4.794448614120483e-06,True
2026-08-30T05:50:46.325948+00:00,letter,f1,multiquadratic,"c=2.2505043547850567,k=5",30,0.9304051071226277,shepard,"k=4,z=3.573720289591046",30,0.9489324539721632,30,30,-0.018527346849535473,0.0,1.862645149230957e-09,1.0971528346217627,-9.755607292040656,1.1534906363408481e-10,4.794448614120483e-06,True
2026-08-30T05:50:46.351613+00:00,letter,f1,multiquadratic,"c=2.2505043547850567,k=5",30,0.9304051071226277,sigmoidal,"alpha=6.199672459722209,c=0.7096287254139647,k=25",30,0.9494622444184018,30,30,-0.01905713729577394,0.0,1.862645149230957e-09,1.0971528346217627,-9.978728149191298,6.926392792649949e-11,4.794448614120483e-06,True
2026-08-30T05:50:46.377887+00:00,letter,f1,multiquadratic,"c=2.2505043547850567,k=5",30,0.9304051071226277,softmax_radial,"beta=5.068077717443547,k=27",30,0.9492136394405074,30,30,-0.01880853231787952,0.0,1.862645149230957e-09,1.0971528346217627,-9.703834674874523,1.2996093090578142e-10,4.794448614120483e-06,True
2026-08-30T05:50:46.403493+00:00,letter,f1,multiquadratic,"c=2.2505043547850567,k=5",30,0.9304051071226277,student_t,"k=4,nu=0.05397539297668061",30,0.9458004112110261,30,30,-0.015395304088398516,0.0,1.862645149230957e-09,1.0971528346217627,-8.083550264660778,6.488699355600147e-09,4.794448614120483e-06,True
2026-08-30T05:50:46.429290+00:00,letter,f1,multiquadratic,"c=2.2505043547850567,k=5",30,0.9304051071226277,wendland_c2,"h=2.4749529788842355,k=5",30,0.9485760385728608,30,30,-0.018170931450232866,0.0,1.862645149230957e-09,1.0971528346217627,-9.855134837726295,9.180367577243942e-11,4.794448614120483e-06,True
2026-08-30T05:50:46.456906+00:00,letter,f1,quartic_spline,"h=2.4749529788842355,k=5",30,0.9488732136238217,radial,"k=27,z=0.5068077717443549",30,0.9492852041067364,30,30,-0.00041199048291470735,214.0,0.7151329666376114,0.06663430452217423,-0.43979410621359183,0.6633464818985322,1.0,False
2026-08-30T05:50:46.482321+00:00,letter,f1,quartic_spline,"h=2.4749529788842355,k=5",30,0.9488732136238217,rational_quadratic,"alpha=1.741446757988873,k=9,l=0.284104903560722",30,0.9470272983799698,30,30,0.0018459152438517442,114.0,0.013663241639733315,0.4502274243106365,1.303547113449346,0.20264214169969397,1.0,False
2026-08-30T05:50:46.508294+00:00,letter,f1,quartic_spline,"h=2.4749529788842355,k=5",30,0.9488732136238217,rbf_gaussian,"epsilon=1.5731191654258474,k=21",30,0.9497950211567583,30,30,-0.0009218075329364954,152.0,0.10039735585451126,0.2999566612157426,-0.8541764707257452,0.40000845435123833,1.0,False
2026-08-30T05:50:46.533916+00:00,letter,f1,quartic_spline,"h=2.4749529788842355,k=5",30,0.9488732136238217,shepard,"k=4,z=3.573720289591046",30,0.9489324539721632,30,30,-5.9240348341504935e-05,218.0,0.7765688337385654,0.05181332011883864,-0.054823662275694816,0.9566549084447973,1.0,False
2026-08-30T05:50:46.559780+00:00,letter,f1,quartic_spline,"h=2.4749529788842355,k=5",30,0.9488732136238217,sigmoidal,"alpha=6.199672459722209,c=0.7096287254139647,k=25",30,0.9494622444184018,30,30,-0.00058903079457997,196.0,0.46454504504799843,0.13353171585537862,-0.5055491190196584,0.6169943407253098,1.0,False
2026-08-30T05:50:46.586179+00:00,letter,f1,quartic_spline,"h=2.4749529788842355,k=5",30,0.9488732136238217,softmax_radial,"beta=5.068077717443547,k=27",30,0.9492136394405074,30,30,-0.0003404258166855523,216.0,0.7456546742469072,0.059222373763485374,-0.34872564789355703,0.7298144780592393,1.0,False
2026-08-30T05:50:46.612207+00:00,letter,f1,quartic_spline,"h=2.4749529788842355,k=5",30,0.9488732136238217,student_t,"k=4,nu=0.05397539297668061",30,0.9458004112110261,30,30,0.00307280241279545,71.0,0.0005054883658885956,0.6349621780182918,2.016517350174674,0.05309061888413069,1.0,False
2026-08-30T05:50:46.636907+00:00,letter,f1,quartic_spline,"h=2.4749529788842355,k=5",30,0.9488732136238217,wendland_c2,"h=2.4749529788842355,k=5",30,0.9485760385728608,30,30,0.00029717505096109965,170.0,0.30437241089978706,0.19072806353538038,0.6852904288954467,0.49860231999639715,1.0,False
2026-08-30T05:50:46.664135+00:00,letter,f1,radial,"k=27,z=0.5068077717443549",30,0.9492852041067364,rational_quadratic,"alpha=1.741446757988873,k=9,l=0.284104903560722",30,0.9470272983799698,30,30,0.0022579057267664514,88.0,0.0021877754479646683,0.5593126873398953,1.5806511502796319,0.12480460462386378,1.0,False
2026-08-30T05:50:46.700594+00:00,letter,f1,radial,"k=27,z=0.5068077717443549",30,0.9492852041067364,rbf_gaussian,"epsilon=1.5731191654258474,k=21",30,0.9497950211567583,30,30,-0.000509817050021788,180.0,0.28936620615422726,0.1934397256760088,-0.614453742455168,0.5437066540111188,1.0,False
2026-08-30T05:50:46.731955+00:00,letter,f1,radial,"k=27,z=0.5068077717443549",30,0.9492852041067364,shepard,"k=4,z=3.573720289591046",30,0.9489324539721632,30,30,0.0003527501345732024,204.0,0.5698575973510742,0.10374983224648128,0.31698932017356357,0.7535225502788947,1.0,False
2026-08-30T05:50:46.772643+00:00,letter,f1,radial,"k=27,z=0.5068077717443549",30,0.9492852041067364,sigmoidal,"alpha=6.199672459722209,c=0.7096287254139647,k=25",30,0.9494622444184018,30,30,-0.00017704031166526263,214.0,0.7151329666376114,0.06663430452217423,-0.21096813702497422,0.8343876064155111,1.0,False
2026-08-30T05:50:46.802573+00:00,letter,f1,radial,"k=27,z=0.5068077717443549",30,0.9492852041067364,softmax_radial,"beta=5.068077717443547,k=27",30,0.9492136394405074,30,30,7.156466622915506e-05,232.0,1.0,0.0,0.08406044568108674,0.9335859802845121,1.0,False
2026-08-30T05:50:46.828991+00:00,letter,f1,radial,"k=27,z=0.5068077717443549",30,0.9492852041067364,student_t,"k=4,nu=0.05397539297668061",30,0.9458004112110261,30,30,0.0034847928957101575,64.0,0.0002562887966632843,0.6674715872779504,2.083255313609786,0.04615170503124055,0.5653730854392052,False
2026-08-30T05:50:46.854592+00:00,letter,f1,radial,"k=27,z=0.5068077717443549",30,0.9492852041067364,wendland_c2,"h=2.4749529788842355,k=5",30,0.9485760385728608,30,30,0.000709165533875807,179.0,0.28008678182959557,0.197202835341156,0.6999594454194644,0.4895300998151715,1.0,False
2026-08-30T05:50:46.880372+00:00,letter,f1,rational_quadratic,"alpha=1.741446757988873,k=9,l=0.284104903560722",30,0.9470272983799698,rbf_gaussian,"epsilon=1.5731191654258474,k=21",30,0.9497950211567583,30,30,-0.0027677227767882394,74.0,0.0006665531545877457,0.6212961862261097,-1.9350271966525712,0.06279375036262014,1.0,False
2026-08-30T05:50:46.906500+00:00,letter,f1,rational_quadratic,"alpha=1.741446757988873,k=9,l=0.284104903560722",30,0.9470272983799698,shepard,"k=4,z=3.573720289591046",30,0.9489324539721632,30,30,-0.001905155592193249,62.0,0.00020912662148475647,0.6769355273917851,-1.6382852875276224,0.1121684498649389,0.46614323928952217,False
2026-08-30T05:50:46.932631+00:00,letter,f1,rational_quadratic,"alpha=1.741446757988873,k=9,l=0.284104903560722",30,0.9470272983799698,sigmoidal,"alpha=6.199672459722209,c=0.7096287254139647,k=25",30,0.9494622444184018,30,30,-0.0024349460384317143,74.0,0.0006665531545877457,0.6212961862261097,-1.8932972388086244,0.06833548647028254,1.0,False
2026-08-30T05:50:46.958539+00:00,letter,f1,rational_quadratic,"alpha=1.741446757988873,k=9,l=0.284104903560722",30,0.9470272983799698,softmax_radial,"beta=5.068077717443547,k=27",30,0.9492136394405074,30,30,-0.0021863410605372966,85.0,0.001718590036034584,0.5723685479910858,-1.702909783436184,0.09928146081111167,1.0,False
2026-08-30T05:50:46.985535+00:00,letter,f1,rational_quadratic,"alpha=1.741446757988873,k=9,l=0.284104903560722",30,0.9470272983799698,student_t,"k=4,nu=0.05397539297668061",30,0.9458004112110261,30,30,0.0012268871689437059,113.0,0.01283373311161995,0.4543084911254142,0.8755264973940781,0.388481779436483,1.0,False
2026-08-30T05:50:47.011511+00:00,letter,f1,rational_quadratic,"alpha=1.741446757988873,k=9,l=0.284104903560722",30,0.9470272983799698,wendland_c2,"h=2.4749529788842355,k=5",30,0.9485760385728608,30,30,-0.0015487401928906445,126.0,0.027741437777876854,0.4018318217717453,-1.0647730908445303,0.2957642003166474,1.0,False
2026-08-30T05:50:47.037177+00:00,letter,f1,rbf_gaussian,"epsilon=1.5731191654258474,k=21",30,0.9497950211567583,shepard,"k=4,z=3.573720289591046",30,0.9489324539721632,30,30,0.0008625671845949904,162.0,0.15188691951334476,0.26161023007606765,0.7246122309039703,0.47449610303193124,1.0,False
2026-08-30T05:50:47.062866+00:00,letter,f1,rbf_gaussian,"epsilon=1.5731191654258474,k=21",30,0.9497950211567583,sigmoidal,"alpha=6.199672459722209,c=0.7096287254139647,k=25",30,0.9494622444184018,30,30,0.00033277673835652535,178.0,0.2710056286305189,0.20096847206158738,0.502539625903924,0.6190830005175574,1.0,False
2026-08-30T05:50:47.090875+00:00,letter,f1,rbf_gaussian,"epsilon=1.5731191654258474,k=21",30,0.9497950211567583,softmax_radial,"beta=5.068077717443547,k=27",30,0.9492136394405074,30,30,0.0005813817162509431,169.0,0.19807579927146435,0.23498266218725478,0.6406666338470165,0.5267698499339541,1.0,False
2026-08-30T05:50:47.117519+00:00,letter,f1,rbf_gaussian,"epsilon=1.5731191654258474,k=21",30,0.9497950211567583,student_t,"k=4,nu=0.05397539297668061",30,0.9458004112110261,30,30,0.0039946099457319455,48.0,4.4075772166252136e-05,0.7458165536646109,2.3545579190488217,0.02552771116652952,0.10172688215970993,False
2026-08-30T05:50:47.143651+00:00,letter,f1,rbf_gaussian,"epsilon=1.5731191654258474,k=21",30,0.9497950211567583,wendland_c2,"h=2.4749529788842355,k=5",30,0.9485760385728608,30,30,0.001218982583897595,141.0,0.06056523136794567,0.3426289751671189,1.0579458398125732,0.29881340215548047,1.0,False
2026-08-30T05:50:47.169650+00:00,letter,f1,shepard,"k=4,z=3.573720289591046",30,0.9489324539721632,sigmoidal,"alpha=6.199672459722209,c=0.7096287254139647,k=25",30,0.9494622444184018,30,30,-0.000529790446238465,185.0,0.338741784915328,0.17466037520060773,-0.43583612653879505,0.6661827897987829,1.0,False
2026-08-30T05:50:47.196031+00:00,letter,f1,shepard,"k=4,z=3.573720289591046",30,0.9489324539721632,softmax_radial,"beta=5.068077717443547,k=27",30,0.9492136394405074,30,30,-0.00028118546834404734,217.0,0.761065473780036,0.05551751065170944,-0.23898073336061212,0.8128013791606996,1.0,False
2026-08-30T05:50:47.221814+00:00,letter,f1,shepard,"k=4,z=3.573720289591046",30,0.9489324539721632,student_t,"k=4,nu=0.05397539297668061",30,0.9458004112110261,30,30,0.003132042761136955,6.0,2.60770320892334e-08,1.016193623452255,3.7829075166192987,0.0007189141327605952,6.461888551712036e-05,True
2026-08-30T05:50:47.249146+00:00,letter,f1,shepard,"k=4,z=3.573720289591046",30,0.9489324539721632,wendland_c2,"h=2.4749529788842355,k=5",30,0.9485760385728608,30,30,0.0003564153993026046,212.0,0.685047073289752,0.07404947011903534,0.3009310977507618,0.7656141121529594,1.0,False
2026-08-30T05:50:47.282849+00:00,letter,f1,sigmoidal,"alpha=6.199672459722209,c=0.7096287254139647,k=25",30,0.9494622444184018,softmax_radial,"beta=5.068077717443547,k=27",30,0.9492136394405074,30,30,0.0002486049778944177,224.0,0.871207794174552,0.029599753005059973,0.3585804103471751,0.7225063410578227,1.0,False
2026-08-30T05:50:47.309887+00:00,letter,f1,sigmoidal,"alpha=6.199672459722209,c=0.7096287254139647,k=25",30,0.9494622444184018,student_t,"k=4,nu=0.05397539297668061",30,0.9458004112110261,30,30,0.00366183320737542,62.0,0.00020912662148475647,0.6769355273917851,2.0702311256248103,0.04743920412618796,0.46614323928952217,False
2026-08-30T05:50:47.336371+00:00,letter,f1,sigmoidal,"alpha=6.199672459722209,c=0.7096287254139647,k=25",30,0.9494622444184018,wendland_c2,"h=2.4749529788842355,k=5",30,0.9485760385728608,30,30,0.0008862058455410697,177.0,0.2621222734451294,0.20473670209245473,0.7251381612830192,0.4741783069495429,1.0,False
2026-08-30T05:50:47.362163+00:00,letter,f1,softmax_radial,"beta=5.068077717443547,k=27",30,0.9492136394405074,student_t,"k=4,nu=0.05397539297668061",30,0.9458004112110261,30,30,0.0034132282294810023,63.0,0.00023163668811321259,0.6721928718106177,1.99761568523466,0.05521575862151917,0.5128436274826527,False
2026-08-30T05:50:47.388286+00:00,letter,f1,softmax_radial,"beta=5.068077717443547,k=27",30,0.9492136394405074,wendland_c2,"h=2.4749529788842355,k=5",30,0.9485760385728608,30,30,0.000637600867646652,175.0,0.24494642950594425,0.21228117055024634,0.6075240405939429,0.548231336575169,1.0,False
2026-08-30T05:50:47.421661+00:00,letter,f1,student_t,"k=4,nu=0.05397539297668061",30,0.9458004112110261,wendland_c2,"h=2.4749529788842355,k=5",30,0.9485760385728608,30,30,-0.0027756273618343504,92.0,0.0029870010912418365,0.5420759951116539,-1.7597253621915785,0.08900103775424073,1.0,False
2026-08-30T05:50:47.469757+00:00,magic_telescope,f1,attention,k=8,30,0.7386958727396945,cauchy,"epsilon=25.733989337994114,k=12",30,0.7390011393670451,30,30,-0.0003052666273503794,212.0,0.685047073289752,0.07404947011903534,-0.09270043727807445,0.9267790013247164,1.0,False
2026-08-30T05:50:47.498511+00:00,magic_telescope,f1,attention,k=8,30,0.7386958727396945,cosine,"h=0.9237980654944229,k=5",30,0.741198609374305,30,30,-0.00250273663461054,151.0,0.09610157273709774,0.30381336434845163,-0.9108251245312211,0.3698966117461642,1.0,False
2026-08-30T05:50:47.524977+00:00,magic_telescope,f1,attention,k=8,30,0.7386958727396945,cubic_spline,"h=1.1943027143039653,k=16",30,0.7400636905278226,30,30,-0.0013678177881282006,190.0,0.39305018074810505,0.1559364154462125,-0.3334745836293733,0.7411752910698752,1.0,False
2026-08-30T05:50:47.551128+00:00,magic_telescope,f1,attention,k=8,30,0.7386958727396945,entropic,"beta=3.139118461178404,k=15",30,0.7400556355584182,30,30,-0.0013597628187237718,164.0,0.1641840822994709,0.2539855874784968,-0.4569031623151849,0.6511448163874518,1.0,False
2026-08-30T05:50:47.580808+00:00,magic_telescope,f1,attention,k=8,30,0.7386958727396945,gen_exponential,"epsilon=6.950801614529298,k=25,p=1.2795049672186196",30,0.7420579354791502,30,30,-0.0033620627394556476,149.0,0.08793856762349606,0.31153974627889797,-0.840898883872998,0.407284935820138,1.0,False
2026-08-30T05:50:47.607184+00:00,magic_telescope,f1,attention,k=8,30,0.7386958727396945,harmonic,k=8,30,0.7385532372966729,30,30,0.00014263544302162885,69.0,0.47239920501692023,0.16937113484345637,0.30385534947447623,0.7634076178654301,1.0,False
2026-08-30T05:50:47.632974+00:00,magic_telescope,f1,attention,k=8,30,0.7386958727396945,inverse_multiquadratic,"c=0.016470428664554334,k=5",30,0.740316864857676,30,30,-0.0016209921179814123,182.0,0.308520769700408,0.1859209191365808,-0.553532606771641,0.5841416480613675,1.0,False
2026-08-30T05:50:47.659341+00:00,magic_telescope,f1,attention,k=8,30,0.7386958727396945,laplacian,"epsilon=1.5293952761249943,k=5",30,0.7395776269479295,30,30,-0.0008817542082348492,199.0,0.5027610473334789,0.12235241330827337,-0.29272522699539305,0.7718164941954062,1.0,False
2026-08-30T05:50:47.692391+00:00,magic_telescope,f1,attention,k=8,30,0.7386958727396945,logarithmic,"c=0.015429601005519732,k=5",30,0.7399241592546636,30,30,-0.0012282865149691642,199.0,0.5027610473334789,0.12235241330827337,-0.42516119611191344,0.6738574877950037,1.0,False
2026-08-30T05:50:47.723234+00:00,magic_telescope,f1,attention,k=8,30,0.7386958727396945,lorentzian,k=6,30,0.7385638979646997,30,30,0.00013197477499477344,223.0,0.8552717231214046,0.0333008574038722,0.04661778147416289,0.9631374149768646,1.0,False
2026-08-30T05:50:47.751517+00:00,magic_telescope,f1,attention,k=8,30,0.7386958727396945,multiquadratic,"c=0.5614690046494828,k=5",30,0.7330668333294099,30,30,0.0056290394102848675,65.0,0.000283263623714447,0.6627705056810155,1.9750949828182554,0.057844874028479154,0.6217636540532112,False
2026-08-30T05:50:47.779738+00:00,magic_telescope,f1,attention,k=8,30,0.7386958727396945,quartic_spline,"h=2.4749529788842355,k=5",30,0.7407836693701572,30,30,-0.0020877966304624906,161.0,0.1459994912147522,0.2654278473004966,-0.6971544402184372,0.4912576262737405,1.0,False
2026-08-30T05:50:47.808569+00:00,magic_telescope,f1,attention,k=8,30,0.7386958727396945,radial,"k=15,z=0.3139118461178405",30,0.7408709616940867,30,30,-0.002175088954392279,148.0,0.08406547829508781,0.3154095507905836,-0.5638287757561112,0.5772052843610718,1.0,False
2026-08-30T05:50:47.834623+00:00,magic_telescope,f1,attention,k=8,30,0.7386958727396945,rational_quadratic,"alpha=1.734142419906245,k=13,l=0.10478747414378216",30,0.7412643346700487,30,30,-0.0025684619303539603,114.0,0.04269753537818267,0.38300211248900873,-0.6701551129687405,0.5080607287529129,1.0,False
2026-08-30T05:50:47.861671+00:00,magic_telescope,f1,attention,k=8,30,0.7386958727396945,rbf_gaussian,"epsilon=1.5293952761249943,k=5",30,0.7415575731153988,30,30,-0.002861700375704401,132.0,0.03841841779649258,0.3779947341277093,-0.9974948889888783,0.3267752029364419,1.0,False
2026-08-30T05:50:47.888189+00:00,magic_telescope,f1,attention,k=8,30,0.7386958727396945,shepard,"k=12,z=4.519045045949889",30,0.7419259337403393,30,30,-0.0032300610006447683,126.0,0.027741437777876854,0.4018318217717453,-1.0116359895698106,0.32007875416804055,1.0,False
2026-08-30T05:50:47.913245+00:00,magic_telescope,f1,attention,k=8,30,0.7386958727396945,sigmoidal,"alpha=0.8833870463885941,c=1.524573429863682,k=8",30,0.738555434370945,30,30,0.00014043836874956991,46.0,0.42652824883677154,0.20530596102989465,0.28360348092962767,0.7787291781710854,1.0,False
2026-08-30T05:50:47.939113+00:00,magic_telescope,f1,attention,k=8,30,0.7386958727396945,softmax_radial,"beta=1.5293952761249943,k=5",30,0.7395776269479295,30,30,-0.0008817542082348492,199.0,0.5027610473334789,0.12235241330827337,-0.29272522699539305,0.7718164941954062,1.0,False
2026-08-30T05:50:47.965389+00:00,magic_telescope,f1,attention,k=8,30,0.7386958727396945,student_t,"k=5,nu=0.00023807258718953553",30,0.740316864857676,30,30,-0.0016209921179814123,182.0,0.308520769700408,0.1859209191365808,-0.553532606771641,0.5841416480613675,1.0,False
2026-08-30T05:50:47.990630+00:00,magic_telescope,f1,attention,k=8,30,0.7386958727396945,wendland_c2,"h=1.0765113470399563,k=24",30,0.7391246083360455,30,30,-0.0004287355963512263,222.0,0.8393927440047264,0.037002363743280635,-0.10809426322512061,0.9146653456030085,1.0,False
2026-08-30T05:50:48.016710+00:00,magic_telescope,f1,cauchy,"epsilon=25.733989337994114,k=12",30,0.7390011393670451,cosine,"h=0.9237980654944229,k=5",30,0.741198609374305,30,30,-0.0021974700072601603,165.0,0.17059839516878128,0.2501784098649218,-0.6695279656796329,0.5084547750085702,1.0,False
2026-08-30T05:50:48.042513+00:00,magic_telescope,f1,cauchy,"epsilon=25.733989337994114,k=12",30,0.7390011393670451,cubic_spline,"h=1.1943027143039653,k=16",30,0.7400636905278226,30,30,-0.001062551160777821,178.0,0.2710056286305189,0.20096847206158738,-0.31440734977872187,0.7554625338945296,1.0,False
2026-08-30T05:50:48.068533+00:00,magic_telescope,f1,cauchy,"epsilon=25.733989337994114,k=12",30,0.7390011393670451,entropic,"beta=3.139118461178404,k=15",30,0.7400556355584182,30,30,-0.0010544961913733922,184.0,0.3284698575735092,0.1784116015293691,-0.3709946477396944,0.7133380018100373,1.0,False
2026-08-30T05:50:48.096100+00:00,magic_telescope,f1,cauchy,"epsilon=25.733989337994114,k=12",30,0.7390011393670451,gen_exponential,"epsilon=6.950801614529298,k=25,p=1.2795049672186196",30,0.7420579354791502,30,30,-0.0030567961121052683,141.0,0.06056523136794567,0.3426289751671189,-0.872825018564917,0.3899284140450152,1.0,False
2026-08-30T05:50:48.121702+00:00,magic_telescope,f1,cauchy,"epsilon=25.733989337994114,k=12",30,0.7390011393670451,harmonic,k=8,30,0.7385532372966729,30,30,0.00044790207037200826,210.0,0.6554384250193834,0.08146823103932198,0.13530519767251445,0.8933053808318445,1.0,False
2026-08-30T05:50:48.148001+00:00,magic_telescope,f1,cauchy,"epsilon=25.733989337994114,k=12",30,0.7390011393670451,inverse_multiquadratic,"c=0.016470428664554334,k=5",30,0.740316864857676,30,30,-0.001315725490631033,204.0,0.5698575973510742,0.10374983224648128,-0.33379219032181756,0.7409380827133214,1.0,False
2026-08-30T05:50:48.173837+00:00,magic_telescope,f1,cauchy,"epsilon=25.733989337994114,k=12",30,0.7390011393670451,laplacian,"epsilon=1.5293952761249943,k=5",30,0.7395776269479295,30,30,-0.0005764875808844697,210.0,0.6554384250193834,0.08146823103932198,-0.1461349893543065,0.8848259226479551,1.0,False
2026-08-30T05:50:48.199301+00:00,magic_telescope,f1,cauchy,"epsilon=25.733989337994114,k=12",30,0.7390011393670451,logarithmic,"c=0.015429601005519732,k=5",30,0.7399241592546636,30,30,-0.0009230198876187849,212.0,0.685047073289752,0.07404947011903534,-0.23036959483898797,0.8194219691082747,1.0,False
2026-08-30T05:50:48.225122+00:00,magic_telescope,f1,cauchy,"epsilon=25.733989337994114,k=12",30,0.7390011393670451,lorentzian,k=6,30,0.7385638979646997,30,30,0.0004372414023451528,219.0,0.7921590935438871,0.0481097502050625,0.1248582952208758,0.9014972389169036,1.0,False
2026-08-30T05:50:48.251150+00:00,magic_telescope,f1,cauchy,"epsilon=25.733989337994114,k=12",30,0.7390011393670451,multiquadratic,"c=0.5614690046494828,k=5",30,0.7330668333294099,30,30,0.005934306037635247,100.0,0.005382779985666275,0.5081380695649509,1.4207243593939327,0.1660605559579278,1.0,False
2026-08-30T05:50:48.276929+00:00,magic_telescope,f1,cauchy,"epsilon=25.733989337994114,k=12",30,0.7390011393670451,quartic_spline,"h=2.4749529788842355,k=5",30,0.7407836693701572,30,30,-0.0017825300031121113,187.0,0.3598779272288084,0.16716450842262784,-0.4748045785967616,0.638482563692429,1.0,False
2026-08-30T05:50:48.302963+00:00,magic_telescope,f1,cauchy,"epsilon=25.733989337994114,k=12",30,0.7390011393670451,radial,"k=15,z=0.3139118461178405",30,0.7408709616940867,30,30,-0.0018698223270418998,158.0,0.12935307621955872,0.276902583122567,-0.6130810420471936,0.5446013905297762,1.0,False
2026-08-30T05:50:48.336644+00:00,magic_telescope,f1,cauchy,"epsilon=25.733989337994114,k=12",30,0.7390011393670451,rational_quadratic,"alpha=1.734142419906245,k=13,l=0.10478747414378216",30,0.7412643346700487,30,30,-0.002263195303003581,134.0,0.0426517054438591,0.3700969917764069,-1.0149902884556867,0.31850429247777146,1.0,False
2026-08-30T05:50:48.362695+00:00,magic_telescope,f1,cauchy,"epsilon=25.733989337994114,k=12",30,0.7390011393670451,rbf_gaussian,"epsilon=1.5293952761249943,k=5",30,0.7415575731153988,30,30,-0.002556433748354022,167.0,0.18396909348666668,0.24257408036127473,-0.7133691482960685,0.4813191689242644,1.0,False
2026-08-30T05:50:48.388413+00:00,magic_telescope,f1,cauchy,"epsilon=25.733989337994114,k=12",30,0.7390011393670451,shepard,"k=12,z=4.519045045949889",30,0.7419259337403393,30,30,-0.002924794373294389,119.0,0.018529480323195457,0.4299373980733752,-1.2222908695944215,0.23143949339767156,1.0,False
2026-08-30T05:50:48.415954+00:00,magic_telescope,f1,cauchy,"epsilon=25.733989337994114,k=12",30,0.7390011393670451,sigmoidal,"alpha=0.8833870463885941,c=1.524573429863682,k=8",30,0.738555434370945,30,30,0.00044570499609994927,208.0,0.6263462882488966,0.08889096856570546,0.131916160003421,0.8959616015518481,1.0,False
2026-08-30T05:50:48.441776+00:00,magic_telescope,f1,cauchy,"epsilon=25.733989337994114,k=12",30,0.7390011393670451,softmax_radial,"beta=1.5293952761249943,k=5",30,0.7395776269479295,30,30,-0.0005764875808844697,210.0,0.6554384250193834,0.08146823103932198,-0.1461349893543065,0.8848259226479551,1.0,False
2026-08-30T05:50:48.467324+00:00,magic_telescope,f1,cauchy,"epsilon=25.733989337994114,k=12",30,0.7390011393670451,student_t,"k=5,nu=0.00023807258718953553",30,0.740316864857676,30,30,-0.001315725490631033,204.0,0.5698575973510742,0.10374983224648128,-0.33379219032181756,0.7409380827133214,1.0,False
2026-08-30T05:50:48.493601+00:00,magic_telescope,f1,cauchy,"epsilon=25.733989337994114,k=12",30,0.7390011393670451,wendland_c2,"h=1.0765113470399563,k=24",30,0.7391246083360455,30,30,-0.00012346896900084688,209.0,0.6408254038542509,0.08517908400462211,-0.03265639933970021,0.9741723236199471,1.0,False
2026-08-30T05:50:48.520821+00:00,magic_telescope,f1,cosine,"h=0.9237980654944229,k=5",30,0.741198609374305,cubic_spline,"h=1.1943027143039653,k=16",30,0.7400636905278226,30,30,0.0011349188464823393,226.0,0.9032264724373817,0.02219856389013684,0.31979799416015786,0.7514140895231518,1.0,False
2026-08-30T05:50:48.546361+00:00,magic_telescope,f1,cosine,"h=0.9237980654944229,k=5",30,0.741198609374305,entropic,"beta=3.139118461178404,k=15",30,0.7400556355584182,30,30,0.0011429738158867683,199.0,0.5027610473334789,0.12235241330827337,0.39807108994956836,0.6934932507733036,1.0,False
2026-08-30T05:50:48.573006+00:00,magic_telescope,f1,cosine,"h=0.9237980654944229,k=5",30,0.741198609374305,gen_exponential,"epsilon=6.950801614529298,k=25,p=1.2795049672186196",30,0.7420579354791502,30,30,-0.0008593261048451076,185.0,0.338741784915328,0.17466037520060773,-0.2675663959734831,0.7909269313454432,1.0,False
2026-08-30T05:50:48.598782+00:00,magic_telescope,f1,cosine,"h=0.9237980654944229,k=5",30,0.741198609374305,harmonic,k=8,30,0.7385532372966729,30,30,0.002645372077632169,142.0,0.0635564886033535,0.33872593373831245,0.9910753881293644,0.32984651994969605,1.0,False
2026-08-30T05:50:48.625105+00:00,magic_telescope,f1,cosine,"h=0.9237980654944229,k=5",30,0.741198609374305,inverse_multiquadratic,"c=0.016470428664554334,k=5",30,0.740316864857676,30,30,0.0008817445166291275,206.0,0.5978077705949545,0.0963180462402761,0.35478740203186004,0.7253160679843655,1.0,False
2026-08-30T05:50:48.651185+00:00,magic_telescope,f1,cosine,"h=0.9237980654944229,k=5",30,0.741198609374305,laplacian,"epsilon=1.5293952761249943,k=5",30,0.7395776269479295,30,30,0.0016209824263756908,178.0,0.2710056286305189,0.20096847206158738,0.6069694868405641,0.5485942715874335,1.0,False
2026-08-30T05:50:48.677577+00:00,magic_telescope,f1,cosine,"h=0.9237980654944229,k=5",30,0.741198609374305,logarithmic,"c=0.015429601005519732,k=5",30,0.7399241592546636,30,30,0.0012744501196413757,180.0,0.28936620615422726,0.1934397256760088,0.5031700178345742,0.6186452246264578,1.0,False
2026-08-30T05:50:48.703359+00:00,magic_telescope,f1,cosine,"h=0.9237980654944229,k=5",30,0.741198609374305,lorentzian,k=6,30,0.7385638979646997,30,30,0.0026347114096053133,136.0,0.047259049490094185,0.3622219284065624,0.9129707529647958,0.3687859486106799,1.0,False
2026-08-30T05:50:48.731875+00:00,magic_telescope,f1,cosine,"h=0.9237980654944229,k=5",30,0.741198609374305,multiquadratic,"c=0.5614690046494828,k=5",30,0.7330668333294099,30,30,0.008131776044895407,14.0,2.0489096641540527e-07,0.9484445152196678,3.1865090376003944,0.0034347095219233736,0.0005001388490200043,True
2026-08-30T05:50:48.758766+00:00,magic_telescope,f1,cosine,"h=0.9237980654944229,k=5",30,0.741198609374305,quartic_spline,"h=2.4749529788842355,k=5",30,0.7407836693701572,30,30,0.00041494000414804924,218.0,0.7765688337385654,0.05181332011883864,0.1570816617832476,0.8762690393078549,1.0,False
2026-08-30T05:50:48.785857+00:00,magic_telescope,f1,cosine,"h=0.9237980654944229,k=5",30,0.741198609374305,radial,"k=15,z=0.3139118461178405",30,0.7408709616940867,30,30,0.00032764768021826076,231.0,0.9838335812091827,0.003699498492948211,0.10351583249983087,0.9182661448205973,1.0,False
2026-08-30T05:50:48.811926+00:00,magic_telescope,f1,cosine,"h=0.9237980654944229,k=5",30,0.741198609374305,rational_quadratic,"alpha=1.734142419906245,k=13,l=0.10478747414378216",30,0.7412643346700487,30,30,-6.572529574342031e-05,201.0,0.5291051845997572,0.11490718088253653,-0.018659398282574756,0.9852406086183385,1.0,False
2026-08-30T05:50:48.844812+00:00,magic_telescope,f1,cosine,"h=0.9237980654944229,k=5",30,0.741198609374305,rbf_gaussian,"epsilon=1.5293952761249943,k=5",30,0.7415575731153988,30,30,-0.00035896374109386137,227.0,0.9192965272814035,0.018498396477034475,-0.16768947392599717,0.8679915251185144,1.0,False
2026-08-30T05:50:48.873533+00:00,magic_telescope,f1,cosine,"h=0.9237980654944229,k=5",30,0.741198609374305,shepard,"k=12,z=4.519045045949889",30,0.7419259337403393,30,30,-0.0007273243660342284,188.0,0.370740607380867,0.16341977185361498,-0.2783224112975702,0.7827397810503007,1.0,False
2026-08-30T05:50:48.899875+00:00,magic_telescope,f1,cosine,"h=0.9237980654944229,k=5",30,0.741198609374305,sigmoidal,"alpha=0.8833870463885941,c=1.524573429863682,k=8",30,0.738555434370945,30,30,0.0026431750033601097,146.0,0.07672121562063694,0.3231628028883882,0.9937666216885478,0.3285565508813786,1.0,False
2026-08-30T05:50:48.927286+00:00,magic_telescope,f1,cosine,"h=0.9237980654944229,k=5",30,0.741198609374305,softmax_radial,"beta=1.5293952761249943,k=5",30,0.7395776269479295,30,30,0.0016209824263756908,178.0,0.2710056286305189,0.20096847206158738,0.6069694868405641,0.5485942715874335,1.0,False
2026-08-30T05:50:48.955236+00:00,magic_telescope,f1,cosine,"h=0.9237980654944229,k=5",30,0.741198609374305,student_t,"k=5,nu=0.00023807258718953553",30,0.740316864857676,30,30,0.0008817445166291275,206.0,0.5978077705949545,0.0963180462402761,0.35478740203186004,0.7253160679843655,1.0,False
2026-08-30T05:50:48.983232+00:00,magic_telescope,f1,cosine,"h=0.9237980654944229,k=5",30,0.741198609374305,wendland_c2,"h=1.0765113470399563,k=24",30,0.7391246083360455,30,30,0.0020740010382593135,198.0,0.4898460879921913,0.1260772691740384,0.5624563203094934,0.5781275231781944,1.0,False
2026-08-30T05:50:49.010402+00:00,magic_telescope,f1,cubic_spline,"h=1.1943027143039653,k=16",30,0.7400636905278226,entropic,"beta=3.139118461178404,k=15",30,0.7400556355584182,30,30,8.054969404428884e-06,223.0,0.8552717231214046,0.0333008574038722,0.0031142786366027825,0.9975364939974716,1.0,False
2026-08-30T05:50:49.037583+00:00,magic_telescope,f1,cubic_spline,"h=1.1943027143039653,k=16",30,0.7400636905278226,gen_exponential,"epsilon=6.950801614529298,k=25,p=1.2795049672186196",30,0.7420579354791502,30,30,-0.001994244951327447,139.0,0.054921628907322884,0.3504503661637817,-0.7842074804563449,0.4392773221941553,1.0,False
2026-08-30T05:50:49.065614+00:00,magic_telescope,f1,cubic_spline,"h=1.1943027143039653,k=16",30,0.7400636905278226,harmonic,k=8,30,0.7385532372966729,30,30,0.0015104532311498295,188.0,0.370740607380867,0.16341977185361498,0.37724656471763884,0.708737091393387,1.0,False
2026-08-30T05:50:49.091708+00:00,magic_telescope,f1,cubic_spline,"h=1.1943027143039653,k=16",30,0.7400636905278226,inverse_multiquadratic,"c=0.016470428664554334,k=5",30,0.740316864857676,30,30,-0.00025317432985321185,227.0,0.9192965272814035,0.018498396477034475,-0.050859860874629306,0.9597858954894152,1.0,False
2026-08-30T05:50:49.117787+00:00,magic_telescope,f1,cubic_spline,"h=1.1943027143039653,k=16",30,0.7400636905278226,laplacian,"epsilon=1.5293952761249943,k=5",30,0.7395776269479295,30,30,0.0004860635798933514,215.0,0.7303419969975948,0.06292796049939377,0.0982160858146179,0.9224364367084106,1.0,False
2026-08-30T05:50:49.143721+00:00,magic_telescope,f1,cubic_spline,"h=1.1943027143039653,k=16",30,0.7400636905278226,logarithmic,"c=0.015429601005519732,k=5",30,0.7399241592546636,30,30,0.00013953127315903627,222.0,0.8393927440047264,0.037002363743280635,0.027748393653799292,0.978052903125314,1.0,False
2026-08-30T05:50:49.169676+00:00,magic_telescope,f1,cubic_spline,"h=1.1943027143039653,k=16",30,0.7400636905278226,lorentzian,k=6,30,0.7385638979646997,30,30,0.001499792563122974,196.0,0.46454504504799843,0.13353171585537862,0.34215113181013246,0.7347044885524818,1.0,False
2026-08-30T05:50:49.196504+00:00,magic_telescope,f1,cubic_spline,"h=1.1943027143039653,k=16",30,0.7400636905278226,multiquadratic,"c=0.5614690046494828,k=5",30,0.7330668333294099,30,30,0.0069968571984130685,102.0,0.0061949919909238815,0.49975629939712213,1.436581261174065,0.16153841355077736,1.0,False
2026-08-30T05:50:49.222409+00:00,magic_telescope,f1,cubic_spline,"h=1.1943027143039653,k=16",30,0.7400636905278226,quartic_spline,"h=2.4749529788842355,k=5",30,0.7407836693701572,30,30,-0.0007199788423342901,223.0,0.8552717231214046,0.0333008574038722,-0.1511558929205867,0.8808993216059551,1.0,False
2026-08-30T05:50:49.247753+00:00,magic_telescope,f1,cubic_spline,"h=1.1943027143039653,k=16",30,0.7400636905278226,radial,"k=15,z=0.3139118461178405",30,0.7408709616940867,30,30,-0.0008072711662640786,161.0,0.33887029444588135,0.18074256993863336,-0.38016773861608305,0.7065911561988858,1.0,False
2026-08-30T05:50:49.273684+00:00,magic_telescope,f1,cubic_spline,"h=1.1943027143039653,k=16",30,0.7400636905278226,rational_quadratic,"alpha=1.734142419906245,k=13,l=0.10478747414378216",30,0.7412643346700487,30,30,-0.0012006441422257597,195.0,0.4521643426269293,0.13726139759195932,-0.3400953689453104,0.7362358667496567,1.0,False
2026-08-30T05:50:49.299418+00:00,magic_telescope,f1,cubic_spline,"h=1.1943027143039653,k=16",30,0.7400636905278226,rbf_gaussian,"epsilon=1.5293952761249943,k=5",30,0.7415575731153988,30,30,-0.0014938825875762008,207.0,0.6120056137442589,0.09260393825667278,-0.36942948523472807,0.7144915639708871,1.0,False
2026-08-30T05:50:49.326221+00:00,magic_telescope,f1,cubic_spline,"h=1.1943027143039653,k=16",30,0.7400636905278226,shepard,"k=12,z=4.519045045949889",30,0.7419259337403393,30,30,-0.0018622432125165677,179.0,0.28008678182959557,0.197202835341156,-0.5518800710102487,0.5852587277184238,1.0,False
2026-08-30T05:50:49.356743+00:00,magic_telescope,f1,cubic_spline,"h=1.1943027143039653,k=16",30,0.7400636905278226,sigmoidal,"alpha=0.8833870463885941,c=1.524573429863682,k=8",30,0.738555434370945,30,30,0.0015082561568777705,188.0,0.370740607380867,0.16341977185361498,0.38017233436637593,0.706587782023897,1.0,False
2026-08-30T05:50:49.391236+00:00,magic_telescope,f1,cubic_spline,"h=1.1943027143039653,k=16",30,0.7400636905278226,softmax_radial,"beta=1.5293952761249943,k=5",30,0.7395776269479295,30,30,0.0004860635798933514,215.0,0.7303419969975948,0.06292796049939377,0.0982160858146179,0.9224364367084106,1.0,False
2026-08-30T05:50:49.417323+00:00,magic_telescope,f1,cubic_spline,"h=1.1943027143039653,k=16",30,0.7400636905278226,student_t,"k=5,nu=0.00023807258718953553",30,0.740316864857676,30,30,-0.00025317432985321185,227.0,0.9192965272814035,0.018498396477034475,-0.050859860874629306,0.9597858954894152,1.0,False
2026-08-30T05:50:49.444029+00:00,magic_telescope,f1,cubic_spline,"h=1.1943027143039653,k=16",30,0.7400636905278226,wendland_c2,"h=1.0765113470399563,k=24",30,0.7391246083360455,30,30,0.0009390821917769742,200.0,0.5158484429121017,0.11862906881734925,0.3378087347436896,0.7379405217450912,1.0,False
2026-08-30T05:50:49.471778+00:00,magic_telescope,f1,entropic,"beta=3.139118461178404,k=15",30,0.7400556355584182,gen_exponential,"epsilon=6.950801614529298,k=25,p=1.2795049672186196",30,0.7420579354791502,30,30,-0.002002299920731876,142.0,0.0635564886033535,0.33872593373831245,-0.8491367072759798,0.40276064842853865,1.0,False
2026-08-30T05:50:49.498372+00:00,magic_telescope,f1,entropic,"beta=3.139118461178404,k=15",30,0.7400556355584182,harmonic,k=8,30,0.7385532372966729,30,30,0.0015023982617454006,173.0,0.22855282202363014,0.2198366833024294,0.5091405044358754,0.6145060963411606,1.0,False
2026-08-30T05:50:49.524969+00:00,magic_telescope,f1,entropic,"beta=3.139118461178404,k=15",30,0.7400556355584182,inverse_multiquadratic,"c=0.016470428664554334,k=5",30,0.740316864857676,30,30,-0.0002612292992576407,222.0,0.8393927440047264,0.037002363743280635,-0.06749761876836204,0.9466487844315257,1.0,False
2026-08-30T05:50:49.552224+00:00,magic_telescope,f1,entropic,"beta=3.139118461178404,k=15",30,0.7400556355584182,laplacian,"epsilon=1.5293952761249943,k=5",30,0.7395776269479295,30,30,0.0004780086104889225,220.0,0.8078304156661034,0.0444067678936461,0.12536321178162724,0.9011010509343671,1.0,False
2026-08-30T05:50:49.578172+00:00,magic_telescope,f1,entropic,"beta=3.139118461178404,k=15",30,0.7400556355584182,logarithmic,"c=0.015429601005519732,k=5",30,0.7399241592546636,30,30,0.0001314763037546074,228.0,0.935398668050766,0.014798446090143011,0.03397174792747766,0.9731324311976022,1.0,False
2026-08-30T05:50:49.603725+00:00,magic_telescope,f1,entropic,"beta=3.139118461178404,k=15",30,0.7400556355584182,lorentzian,k=6,30,0.7385638979646997,30,30,0.0014917375937185452,189.0,0.3817984350025654,0.15967708618984633,0.41430719954823125,0.6816977219700906,1.0,False
2026-08-30T05:50:49.630105+00:00,magic_telescope,f1,entropic,"beta=3.139118461178404,k=15",30,0.7400556355584182,multiquadratic,"c=0.5614690046494828,k=5",30,0.7330668333294099,30,30,0.006988802229008639,71.0,0.0005054883658885956,0.6349621780182918,1.845956105671618,0.07512983450292743,1.0,False
2026-08-30T05:50:49.656479+00:00,magic_telescope,f1,entropic,"beta=3.139118461178404,k=15",30,0.7400556355584182,quartic_spline,"h=2.4749529788842355,k=5",30,0.7407836693701572,30,30,-0.000728033811738719,206.0,0.5978077705949545,0.0963180462402761,-0.2076403932094515,0.8369610409374681,1.0,False
2026-08-30T05:50:49.683280+00:00,magic_telescope,f1,entropic,"beta=3.139118461178404,k=15",30,0.7400556355584182,radial,"k=15,z=0.3139118461178405",30,0.7408709616940867,30,30,-0.0008153261356685075,182.0,0.308520769700408,0.1859209191365808,-0.36377386109465953,0.7186656022197497,1.0,False
2026-08-30T05:50:49.709512+00:00,magic_telescope,f1,entropic,"beta=3.139118461178404,k=15",30,0.7400556355584182,rational_quadratic,"alpha=1.734142419906245,k=13,l=0.10478747414378216",30,0.7412643346700487,30,30,-0.0012086991116301885,169.0,0.19807579927146435,0.23498266218725478,-0.39464341101225564,0.6959936083420848,1.0,False
2026-08-30T05:50:49.736164+00:00,magic_telescope,f1,entropic,"beta=3.139118461178404,k=15",30,0.7400556355584182,rbf_gaussian,"epsilon=1.5293952761249943,k=5",30,0.7415575731153988,30,30,-0.0015019375569806297,178.0,0.2710056286305189,0.20096847206158738,-0.4877673027944073,0.6293820912653931,1.0,False
2026-08-30T05:50:49.762987+00:00,magic_telescope,f1,entropic,"beta=3.139118461178404,k=15",30,0.7400556355584182,shepard,"k=12,z=4.519045045949889",30,0.7419259337403393,30,30,-0.0018702981819209966,168.0,0.19092952087521553,0.23877678074438036,-0.6464666191557057,0.5230609709650986,1.0,False
2026-08-30T05:50:49.792611+00:00,magic_telescope,f1,entropic,"beta=3.139118461178404,k=15",30,0.7400556355584182,sigmoidal,"alpha=0.8833870463885941,c=1.524573429863682,k=8",30,0.738555434370945,30,30,0.0015002011874733416,171.0,0.21293285302817822,0.22740368435560093,0.5242179453782025,0.6041110155992762,1.0,False
2026-08-30T05:50:49.818795+00:00,magic_telescope,f1,entropic,"beta=3.139118461178404,k=15",30,0.7400556355584182,softmax_radial,"beta=1.5293952761249943,k=5",30,0.7395776269479295,30,30,0.0004780086104889225,220.0,0.8078304156661034,0.0444067678936461,0.12536321178162724,0.9011010509343671,1.0,False
2026-08-30T05:50:49.845819+00:00,magic_telescope,f1,entropic,"beta=3.139118461178404,k=15",30,0.7400556355584182,student_t,"k=5,nu=0.00023807258718953553",30,0.740316864857676,30,30,-0.0002612292992576407,222.0,0.8393927440047264,0.037002363743280635,-0.06749761876836204,0.9466487844315257,1.0,False
2026-08-30T05:50:49.871804+00:00,magic_telescope,f1,entropic,"beta=3.139118461178404,k=15",30,0.7400556355584182,wendland_c2,"h=1.0765113470399563,k=24",30,0.7391246083360455,30,30,0.0009310272223725454,212.0,0.685047073289752,0.07404947011903534,0.2655754971662326,0.7924450403053447,1.0,False
2026-08-30T05:50:49.906592+00:00,magic_telescope,f1,gen_exponential,"epsilon=6.950801614529298,k=25,p=1.2795049672186196",30,0.7420579354791502,harmonic,k=8,30,0.7385532372966729,30,30,0.0035046981824772764,141.0,0.06056523136794567,0.3426289751671189,0.8913522874103768,0.3800763605729778,1.0,False
2026-08-30T05:50:49.933147+00:00,magic_telescope,f1,gen_exponential,"epsilon=6.950801614529298,k=25,p=1.2795049672186196",30,0.7420579354791502,inverse_multiquadratic,"c=0.016470428664554334,k=5",30,0.740316864857676,30,30,0.001741070621474235,188.0,0.370740607380867,0.16341977185361498,0.36980066419026403,0.7142179339792132,1.0,False
2026-08-30T05:50:49.959218+00:00,magic_telescope,f1,gen_exponential,"epsilon=6.950801614529298,k=25,p=1.2795049672186196",30,0.7420579354791502,laplacian,"epsilon=1.5293952761249943,k=5",30,0.7395776269479295,30,30,0.0024803085312207983,179.0,0.28008678182959557,0.197202835341156,0.5254600656655555,0.6032583564326537,1.0,False
2026-08-30T05:50:49.987289+00:00,magic_telescope,f1,gen_exponential,"epsilon=6.950801614529298,k=25,p=1.2795049672186196",30,0.7420579354791502,logarithmic,"c=0.015429601005519732,k=5",30,0.7399241592546636,30,30,0.002133776224486483,179.0,0.28008678182959557,0.197202835341156,0.45213653356323896,0.6545345488598329,1.0,False
2026-08-30T05:50:50.013037+00:00,magic_telescope,f1,gen_exponential,"epsilon=6.950801614529298,k=25,p=1.2795049672186196",30,0.7420579354791502,lorentzian,k=6,30,0.7385638979646997,30,30,0.003494037514450421,145.0,0.07324407435953617,0.3270463819129156,0.8370916768167644,0.4093866241116748,1.0,False
2026-08-30T05:50:50.039763+00:00,magic_telescope,f1,gen_exponential,"epsilon=6.950801614529298,k=25,p=1.2795049672186196",30,0.7420579354791502,multiquadratic,"c=0.5614690046494828,k=5",30,0.7330668333294099,30,30,0.008991102149740516,75.0,0.0007296018302440643,0.6167733610270044,1.9015859965326025,0.06720220364519469,1.0,False
2026-08-30T05:50:50.066081+00:00,magic_telescope,f1,gen_exponential,"epsilon=6.950801614529298,k=25,p=1.2795049672186196",30,0.7420579354791502,quartic_spline,"h=2.4749529788842355,k=5",30,0.7407836693701572,30,30,0.001274266108993157,197.0,0.4771064817905426,0.1298036919553834,0.29324451934323637,0.7714235285542581,1.0,False
2026-08-30T05:50:50.094704+00:00,magic_telescope,f1,gen_exponential,"epsilon=6.950801614529298,k=25,p=1.2795049672186196",30,0.7420579354791502,radial,"k=15,z=0.3139118461178405",30,0.7408709616940867,30,30,0.0011869737850633685,173.0,0.22855282202363014,0.2198366833024294,0.6187262922800152,0.5409267084729168,1.0,False
2026-08-30T05:50:50.121299+00:00,magic_telescope,f1,gen_exponential,"epsilon=6.950801614529298,k=25,p=1.2795049672186196",30,0.7420579354791502,rational_quadratic,"alpha=1.734142419906245,k=13,l=0.10478747414378216",30,0.7412643346700487,30,30,0.0007936008091016873,204.0,0.5698575973510742,0.10374983224648128,0.25619678890796,0.7996075840343253,1.0,False
2026-08-30T05:50:50.147834+00:00,magic_telescope,f1,gen_exponential,"epsilon=6.950801614529298,k=25,p=1.2795049672186196",30,0.7420579354791502,rbf_gaussian,"epsilon=1.5293952761249943,k=5",30,0.7415575731153988,30,30,0.0005003623637512463,207.0,0.6120056137442589,0.09260393825667278,0.1429052364753147,0.8873533340136699,1.0,False
2026-08-30T05:50:50.173570+00:00,magic_telescope,f1,gen_exponential,"epsilon=6.950801614529298,k=25,p=1.2795049672186196",30,0.7420579354791502,shepard,"k=12,z=4.519045045949889",30,0.7419259337403393,30,30,0.00013200173881087925,212.0,0.685047073289752,0.07404947011903534,0.05196553182710133,0.9589124636510598,1.0,False
2026-08-30T05:50:50.199628+00:00,magic_telescope,f1,gen_exponential,"epsilon=6.950801614529298,k=25,p=1.2795049672186196",30,0.7420579354791502,sigmoidal,"alpha=0.8833870463885941,c=1.524573429863682,k=8",30,0.738555434370945,30,30,0.0035025011082052177,141.0,0.06056523136794567,0.3426289751671189,0.9033095428949767,0.3738042053586943,1.0,False
2026-08-30T05:50:50.225470+00:00,magic_telescope,f1,gen_exponential,"epsilon=6.950801614529298,k=25,p=1.2795049672186196",30,0.7420579354791502,softmax_radial,"beta=1.5293952761249943,k=5",30,0.7395776269479295,30,30,0.0024803085312207983,179.0,0.28008678182959557,0.197202835341156,0.5254600656655555,0.6032583564326537,1.0,False
2026-08-30T05:50:50.251997+00:00,magic_telescope,f1,gen_exponential,"epsilon=6.950801614529298,k=25,p=1.2795049672186196",30,0.7420579354791502,student_t,"k=5,nu=0.00023807258718953553",30,0.740316864857676,30,30,0.001741070621474235,188.0,0.370740607380867,0.16341977185361498,0.36980066419026403,0.7142179339792132,1.0,False
2026-08-30T05:50:50.278891+00:00,magic_telescope,f1,gen_exponential,"epsilon=6.950801614529298,k=25,p=1.2795049672186196",30,0.7420579354791502,wendland_c2,"h=1.0765113470399563,k=24",30,0.7391246083360455,30,30,0.0029333271431044214,143.0,0.06666470877826214,0.3348278792751948,0.8652219165178046,0.39401832617229005,1.0,False
2026-08-30T05:50:50.304772+00:00,magic_telescope,f1,harmonic,k=8,30,0.7385532372966729,inverse_multiquadratic,"c=0.016470428664554334,k=5",30,0.740316864857676,30,30,-0.0017636275610030414,176.0,0.25343610532581806,0.20850758899301983,-0.5977517048266555,0.5546451975257063,1.0,False
2026-08-30T05:50:50.330487+00:00,magic_telescope,f1,harmonic,k=8,30,0.7385532372966729,laplacian,"epsilon=1.5293952761249943,k=5",30,0.7395776269479295,30,30,-0.001024389651256478,193.0,0.42795460671186447,0.14472593792347072,-0.3372343690044128,0.7383689172753791,1.0,False
2026-08-30T05:50:50.356535+00:00,magic_telescope,f1,harmonic,k=8,30,0.7385532372966729,logarithmic,"c=0.015429601005519732,k=5",30,0.7399241592546636,30,30,-0.001370921957990793,193.0,0.42795460671186447,0.14472593792347072,-0.4711865081385504,0.6410329745634851,1.0,False
2026-08-30T05:50:50.382174+00:00,magic_telescope,f1,harmonic,k=8,30,0.7385532372966729,lorentzian,k=6,30,0.7385638979646997,30,30,-1.0660668026855429e-05,226.0,0.9032264724373817,0.02219856389013684,-0.003852246407583909,0.996952737746424,1.0,False
2026-08-30T05:50:50.408402+00:00,magic_telescope,f1,harmonic,k=8,30,0.7385532372966729,multiquadratic,"c=0.5614690046494828,k=5",30,0.7330668333294099,30,30,0.005486403967263239,63.0,0.00023163668811321259,0.6721928718106177,1.9446528682300468,0.061572369310879616,0.5128436274826527,False
2026-08-30T05:50:50.434743+00:00,magic_telescope,f1,harmonic,k=8,30,0.7385532372966729,quartic_spline,"h=2.4749529788842355,k=5",30,0.7407836693701572,30,30,-0.0022304320734841195,164.0,0.1641840822994709,0.2539855874784968,-0.7419339878100826,0.46409429852548434,1.0,False
2026-08-30T05:50:50.460404+00:00,magic_telescope,f1,harmonic,k=8,30,0.7385532372966729,radial,"k=15,z=0.3139118461178405",30,0.7408709616940867,30,30,-0.002317724397413908,149.0,0.08793856762349606,0.31153974627889797,-0.6060333829352543,0.5492072002544224,1.0,False
2026-08-30T05:50:50.487855+00:00,magic_telescope,f1,harmonic,k=8,30,0.7385532372966729,rational_quadratic,"alpha=1.734142419906245,k=13,l=0.10478747414378216",30,0.7412643346700487,30,30,-0.002711097373375589,109.0,0.03231326680260798,0.40451908510075074,-0.7179271491333099,0.47854630959356004,1.0,False
2026-08-30T05:50:50.513936+00:00,magic_telescope,f1,harmonic,k=8,30,0.7385532372966729,rbf_gaussian,"epsilon=1.5293952761249943,k=5",30,0.7415575731153988,30,30,-0.00300433581872603,131.0,0.036434996873140335,0.3819523788751952,-1.0735792770339838,0.29186362965743706,1.0,False
2026-08-30T05:50:50.539289+00:00,magic_telescope,f1,harmonic,k=8,30,0.7385532372966729,shepard,"k=12,z=4.519045045949889",30,0.7419259337403393,30,30,-0.003372696443666397,120.0,0.019660815596580505,0.425901512803742,-1.0812678778073828,0.28848793947370055,1.0,False
2026-08-30T05:50:50.564318+00:00,magic_telescope,f1,harmonic,k=8,30,0.7385532372966729,sigmoidal,"alpha=0.8833870463885941,c=1.524573429863682,k=8",30,0.738555434370945,30,30,-2.197074272058952e-06,76.0,0.981116590883351,0.005740588664403129,-0.00388373298326286,0.9969278308878295,1.0,False
2026-08-30T05:50:50.591159+00:00,magic_telescope,f1,harmonic,k=8,30,0.7385532372966729,softmax_radial,"beta=1.5293952761249943,k=5",30,0.7395776269479295,30,30,-0.001024389651256478,193.0,0.42795460671186447,0.14472593792347072,-0.3372343690044128,0.7383689172753791,1.0,False
2026-08-30T05:50:50.616343+00:00,magic_telescope,f1,harmonic,k=8,30,0.7385532372966729,student_t,"k=5,nu=0.00023807258718953553",30,0.740316864857676,30,30,-0.0017636275610030414,176.0,0.25343610532581806,0.20850758899301983,-0.5977517048266555,0.5546451975257063,1.0,False
2026-08-30T05:50:50.642255+00:00,magic_telescope,f1,harmonic,k=8,30,0.7385532372966729,wendland_c2,"h=1.0765113470399563,k=24",30,0.7391246083360455,30,30,-0.0005713710393728551,216.0,0.7456546742469072,0.059222373763485374,-0.14735012077355478,0.8838753512315292,1.0,False
2026-08-30T05:50:50.666784+00:00,magic_telescope,f1,inverse_multiquadratic,"c=0.016470428664554334,k=5",30,0.740316864857676,laplacian,"epsilon=1.5293952761249943,k=5",30,0.7395776269479295,30,30,0.0007392379097465632,130.0,0.1563441156998108,0.27279317964451255,0.786902916132653,0.43772257968963957,1.0,False
2026-08-30T05:50:50.691885+00:00,magic_telescope,f1,inverse_multiquadratic,"c=0.016470428664554334,k=5",30,0.740316864857676,logarithmic,"c=0.015429601005519732,k=5",30,0.7399241592546636,30,30,0.00039270560301224813,47.0,0.0936033730440888,0.3951993146347314,0.7788673125398862,0.4423673993230195,1.0,False
2026-08-30T05:50:50.717526+00:00,magic_telescope,f1,inverse_multiquadratic,"c=0.016470428664554334,k=5",30,0.740316864857676,lorentzian,k=6,30,0.7385638979646997,30,30,0.0017529668929761857,153.0,0.10483990423381329,0.29610416290948044,0.6472813824169396,0.5225410918479909,1.0,False
2026-08-30T05:50:50.743548+00:00,magic_telescope,f1,inverse_multiquadratic,"c=0.016470428664554334,k=5",30,0.740316864857676,multiquadratic,"c=0.5614690046494828,k=5",30,0.7330668333294099,30,30,0.00725003152826628,0.0,1.862645149230957e-09,1.0971528346217627,6.430498284353589,4.924470911049639e-07,4.794448614120483e-06,True
2026-08-30T05:50:50.769035+00:00,magic_telescope,f1,inverse_multiquadratic,"c=0.016470428664554334,k=5",30,0.740316864857676,quartic_spline,"h=2.4749529788842355,k=5",30,0.7407836693701572,30,30,-0.0004668045124810782,197.0,0.6575663850187541,0.0823142168942168,-0.3378706555468319,0.7378943427036266,1.0,False
2026-08-30T05:50:50.795284+00:00,magic_telescope,f1,inverse_multiquadratic,"c=0.016470428664554334,k=5",30,0.740316864857676,radial,"k=15,z=0.3139118461178405",30,0.7408709616940867,30,30,-0.0005540968364108667,206.0,0.5978077705949545,0.0963180462402761,-0.12812188718856737,0.8989368883605544,1.0,False
2026-08-30T05:50:50.821209+00:00,magic_telescope,f1,inverse_multiquadratic,"c=0.016470428664554334,k=5",30,0.740316864857676,rational_quadratic,"alpha=1.734142419906245,k=13,l=0.10478747414378216",30,0.7412643346700487,30,30,-0.0009474698123725477,207.0,0.6120056137442589,0.09260393825667278,-0.2195121175408337,0.8277889247301209,1.0,False
2026-08-30T05:50:50.848579+00:00,magic_telescope,f1,inverse_multiquadratic,"c=0.016470428664554334,k=5",30,0.740316864857676,rbf_gaussian,"epsilon=1.5293952761249943,k=5",30,0.7415575731153988,30,30,-0.0012407082577229889,166.0,0.26545303243391527,0.206789374148886,-0.5816640015104355,0.5652874750082708,1.0,False
2026-08-30T05:50:50.874796+00:00,magic_telescope,f1,inverse_multiquadratic,"c=0.016470428664554334,k=5",30,0.740316864857676,shepard,"k=12,z=4.519045045949889",30,0.7419259337403393,30,30,-0.001609068882663356,187.0,0.5095698444848895,0.12246749342798106,-0.40689040279534305,0.6870760904066326,1.0,False
2026-08-30T05:50:50.901086+00:00,magic_telescope,f1,inverse_multiquadratic,"c=0.016470428664554334,k=5",30,0.740316864857676,sigmoidal,"alpha=0.8833870463885941,c=1.524573429863682,k=8",30,0.738555434370945,30,30,0.0017614304867309824,180.0,0.28936620615422726,0.1934397256760088,0.603086460616252,0.5511390621023384,1.0,False
2026-08-30T05:50:50.926791+00:00,magic_telescope,f1,inverse_multiquadratic,"c=0.016470428664554334,k=5",30,0.740316864857676,softmax_radial,"beta=1.5293952761249943,k=5",30,0.7395776269479295,30,30,0.0007392379097465632,130.0,0.1563441156998108,0.27279317964451255,0.786902916132653,0.43772257968963957,1.0,False
2026-08-30T05:50:50.950647+00:00,magic_telescope,f1,inverse_multiquadratic,"c=0.016470428664554334,k=5",30,0.740316864857676,student_t,"k=5,nu=0.00023807258718953553",30,0.740316864857676,30,30,0.0,,,,,,,False
2026-08-30T05:50:50.976920+00:00,magic_telescope,f1,inverse_multiquadratic,"c=0.016470428664554334,k=5",30,0.740316864857676,wendland_c2,"h=1.0765113470399563,k=24",30,0.7391246083360455,30,30,0.0011922565216301861,215.0,0.7303419969975948,0.06292796049939377,0.23109177064385286,0.8188662031343183,1.0,False
2026-08-30T05:50:51.003101+00:00,magic_telescope,f1,laplacian,"epsilon=1.5293952761249943,k=5",30,0.7395776269479295,logarithmic,"c=0.015429601005519732,k=5",30,0.7399241592546636,30,30,-0.0003465323067343151,131.0,0.3966787576604369,0.16951354408707076,-0.4330576638221293,0.6681768587694124,1.0,False
2026-08-30T05:50:51.028212+00:00,magic_telescope,f1,laplacian,"epsilon=1.5293952761249943,k=5",30,0.7395776269479295,lorentzian,k=6,30,0.7385638979646997,30,30,0.0010137289832296225,182.0,0.4427108127662316,0.1425441316948632,0.3900182979024495,0.6993729626857217,1.0,False
2026-08-30T05:50:51.054799+00:00,magic_telescope,f1,laplacian,"epsilon=1.5293952761249943,k=5",30,0.7395776269479295,multiquadratic,"c=0.5614690046494828,k=5",30,0.7330668333294099,30,30,0.006510793618519717,0.0,1.862645149230957e-09,1.0971528346217627,5.197890382232885,1.4634156463744219e-05,4.794448614120483e-06,True
2026-08-30T05:50:51.080130+00:00,magic_telescope,f1,laplacian,"epsilon=1.5293952761249943,k=5",30,0.7395776269479295,quartic_spline,"h=2.4749529788842355,k=5",30,0.7407836693701572,30,30,-0.0012060424222276416,127.0,0.08351810256109068,0.32705798369847944,-0.9601971242230739,0.3448939293091029,1.0,False
2026-08-30T05:50:51.106637+00:00,magic_telescope,f1,laplacian,"epsilon=1.5293952761249943,k=5",30,0.7395776269479295,radial,"k=15,z=0.3139118461178405",30,0.7408709616940867,30,30,-0.00129333474615743,192.0,0.4161298982799053,0.14846088842726607,-0.3068771204887309,0.7611296636279716,1.0,False
2026-08-30T05:50:51.132927+00:00,magic_telescope,f1,laplacian,"epsilon=1.5293952761249943,k=5",30,0.7395776269479295,rational_quadratic,"alpha=1.734142419906245,k=13,l=0.10478747414378216",30,0.7412643346700487,30,30,-0.001686707722119111,196.0,0.46454504504799843,0.13353171585537862,-0.3953272685792681,0.6954944821263542,1.0,False
2026-08-30T05:50:51.161084+00:00,magic_telescope,f1,laplacian,"epsilon=1.5293952761249943,k=5",30,0.7395776269479295,rbf_gaussian,"epsilon=1.5293952761249943,k=5",30,0.7415575731153988,30,30,-0.0019799461674695523,147.0,0.0803273618221283,0.31928387262643537,-0.92078577201916,0.36475906419842596,1.0,False
2026-08-30T05:50:51.187995+00:00,magic_telescope,f1,laplacian,"epsilon=1.5293952761249943,k=5",30,0.7395776269479295,shepard,"k=12,z=4.519045045949889",30,0.7419259337403393,30,30,-0.002348306792409919,166.0,0.26545303243391527,0.206789374148886,-0.6064741115457122,0.5489185820232461,1.0,False
2026-08-30T05:50:51.214020+00:00,magic_telescope,f1,laplacian,"epsilon=1.5293952761249943,k=5",30,0.7395776269479295,sigmoidal,"alpha=0.8833870463885941,c=1.524573429863682,k=8",30,0.738555434370945,30,30,0.0010221925769844191,197.0,0.4771064817905426,0.1298036919553834,0.34538057006733086,0.7323010589762942,1.0,False
2026-08-30T05:50:51.240402+00:00,magic_telescope,f1,laplacian,"epsilon=1.5293952761249943,k=5",30,0.7395776269479295,softmax_radial,"beta=1.5293952761249943,k=5",30,0.7395776269479295,30,30,0.0,,,,,,,False
2026-08-30T05:50:51.265373+00:00,magic_telescope,f1,laplacian,"epsilon=1.5293952761249943,k=5",30,0.7395776269479295,student_t,"k=5,nu=0.00023807258718953553",30,0.740316864857676,30,30,-0.0007392379097465632,130.0,0.1563441156998108,0.27279317964451255,-0.786902916132653,0.43772257968963957,1.0,False
2026-08-30T05:50:51.291027+00:00,magic_telescope,f1,laplacian,"epsilon=1.5293952761249943,k=5",30,0.7395776269479295,wendland_c2,"h=1.0765113470399563,k=24",30,0.7391246083360455,30,30,0.0004530186118836229,232.0,1.0,0.0,0.08411927392775534,0.9335396148253878,1.0,False
2026-08-30T05:50:51.316177+00:00,magic_telescope,f1,logarithmic,"c=0.015429601005519732,k=5",30,0.7399241592546636,lorentzian,k=6,30,0.7385638979646997,30,30,0.0013602612899639376,171.0,0.21293285302817822,0.22740368435560093,0.5078192398831934,0.6154209765330219,1.0,False
2026-08-30T05:50:51.343582+00:00,magic_telescope,f1,logarithmic,"c=0.015429601005519732,k=5",30,0.7399241592546636,multiquadratic,"c=0.5614690046494828,k=5",30,0.7330668333294099,30,30,0.006857325925254032,0.0,1.862645149230957e-09,1.0971528346217627,6.47072694445525,4.4164352219766556e-07,4.794448614120483e-06,True
2026-08-30T05:50:51.370819+00:00,magic_telescope,f1,logarithmic,"c=0.015429601005519732,k=5",30,0.7399241592546636,quartic_spline,"h=2.4749529788842355,k=5",30,0.7407836693701572,30,30,-0.0008595101154933263,152.0,0.24550260452144101,0.21947312063976915,-0.6541682680689461,0.5181579357335981,1.0,False
2026-08-30T05:50:51.396657+00:00,magic_telescope,f1,logarithmic,"c=0.015429601005519732,k=5",30,0.7399241592546636,radial,"k=15,z=0.3139118461178405",30,0.7408709616940867,30,30,-0.0009468024394231148,193.0,0.42795460671186447,0.14472593792347072,-0.21890713978758514,0.8282557462386597,1.0,False
2026-08-30T05:50:51.422817+00:00,magic_telescope,f1,logarithmic,"c=0.015429601005519732,k=5",30,0.7399241592546636,rational_quadratic,"alpha=1.734142419906245,k=13,l=0.10478747414378216",30,0.7412643346700487,30,30,-0.0013401754153847959,199.0,0.5027610473334789,0.12235241330827337,-0.31003215421904956,0.7587535731735167,1.0,False
2026-08-30T05:50:51.449078+00:00,magic_telescope,f1,logarithmic,"c=0.015429601005519732,k=5",30,0.7399241592546636,rbf_gaussian,"epsilon=1.5293952761249943,k=5",30,0.7415575731153988,30,30,-0.001633413860735237,164.0,0.1641840822994709,0.2539855874784968,-0.7943152658079936,0.43346430920438506,1.0,False
2026-08-30T05:50:51.478582+00:00,magic_telescope,f1,logarithmic,"c=0.015429601005519732,k=5",30,0.7399241592546636,shepard,"k=12,z=4.519045045949889",30,0.7419259337403393,30,30,-0.002001774485675604,174.0,0.3469051394778403,0.17466675292187459,-0.5115509880051508,0.6128386367479672,1.0,False
2026-08-30T05:50:51.504138+00:00,magic_telescope,f1,logarithmic,"c=0.015429601005519732,k=5",30,0.7399241592546636,sigmoidal,"alpha=0.8833870463885941,c=1.524573429863682,k=8",30,0.738555434370945,30,30,0.0013687248837187342,191.0,0.40449450351297855,0.1521977027572311,0.47744378721781083,0.6366249943484081,1.0,False
2026-08-30T05:50:51.530018+00:00,magic_telescope,f1,logarithmic,"c=0.015429601005519732,k=5",30,0.7399241592546636,softmax_radial,"beta=1.5293952761249943,k=5",30,0.7395776269479295,30,30,0.0003465323067343151,131.0,0.3966787576604369,0.16951354408707076,0.4330576638221293,0.6681768587694124,1.0,False
2026-08-30T05:50:51.555470+00:00,magic_telescope,f1,logarithmic,"c=0.015429601005519732,k=5",30,0.7399241592546636,student_t,"k=5,nu=0.00023807258718953553",30,0.740316864857676,30,30,-0.00039270560301224813,47.0,0.0936033730440888,0.3951993146347314,-0.7788673125398862,0.4423673993230195,1.0,False
2026-08-30T05:50:51.581041+00:00,magic_telescope,f1,logarithmic,"c=0.015429601005519732,k=5",30,0.7399241592546636,wendland_c2,"h=1.0765113470399563,k=24",30,0.7391246083360455,30,30,0.000799550918617938,225.0,0.8871948085725307,0.025898998954628678,0.15182289131411336,0.8803779245861822,1.0,False
2026-08-30T05:50:51.606832+00:00,magic_telescope,f1,lorentzian,k=6,30,0.7385638979646997,multiquadratic,"c=0.5614690046494828,k=5",30,0.7330668333294099,30,30,0.005497064635290094,63.0,0.00023163668811321259,0.6721928718106177,1.988238587481477,0.056297460943436795,0.5128436274826527,False
2026-08-30T05:50:51.631883+00:00,magic_telescope,f1,lorentzian,k=6,30,0.7385638979646997,quartic_spline,"h=2.4749529788842355,k=5",30,0.7407836693701572,30,30,-0.0022197714054572643,160.0,0.140283040702343,0.26924905903988894,-0.8676490882272256,0.3927097252882159,1.0,False
2026-08-30T05:50:51.658068+00:00,magic_telescope,f1,lorentzian,k=6,30,0.7385638979646997,radial,"k=15,z=0.3139118461178405",30,0.7408709616940867,30,30,-0.0023070637293870527,167.0,0.18396909348666668,0.24257408036127473,-0.6388510924675032,0.5279337201696932,1.0,False
2026-08-30T05:50:51.684429+00:00,magic_telescope,f1,lorentzian,k=6,30,0.7385638979646997,rational_quadratic,"alpha=1.734142419906245,k=13,l=0.10478747414378216",30,0.7412643346700487,30,30,-0.0027004367053487335,161.0,0.1459994912147522,0.2654278473004966,-0.7066291930032256,0.4854362382460604,1.0,False
2026-08-30T05:50:51.710050+00:00,magic_telescope,f1,lorentzian,k=6,30,0.7385638979646997,rbf_gaussian,"epsilon=1.5293952761249943,k=5",30,0.7415575731153988,30,30,-0.002993675150699175,104.0,0.007111456245183945,0.49141292242214607,-1.2194478569219096,0.23249990100689777,1.0,False
2026-08-30T05:50:51.735172+00:00,magic_telescope,f1,lorentzian,k=6,30,0.7385638979646997,shepard,"k=12,z=4.519045045949889",30,0.7419259337403393,30,30,-0.003362035775639542,131.0,0.061427334379329415,0.347325842017061,-0.9948211667742813,0.3280520235310733,1.0,False
2026-08-30T05:50:51.761982+00:00,magic_telescope,f1,lorentzian,k=6,30,0.7385638979646997,sigmoidal,"alpha=0.8833870463885941,c=1.524573429863682,k=8",30,0.738555434370945,30,30,8.463593754796476e-06,224.0,0.871207794174552,0.029599753005059973,0.002944271280968533,0.9976709754944342,1.0,False
2026-08-30T05:50:51.787877+00:00,magic_telescope,f1,lorentzian,k=6,30,0.7385638979646997,softmax_radial,"beta=1.5293952761249943,k=5",30,0.7395776269479295,30,30,-0.0010137289832296225,182.0,0.4427108127662316,0.1425441316948632,-0.3900182979024495,0.6993729626857217,1.0,False
2026-08-30T05:50:51.813674+00:00,magic_telescope,f1,lorentzian,k=6,30,0.7385638979646997,student_t,"k=5,nu=0.00023807258718953553",30,0.740316864857676,30,30,-0.0017529668929761857,153.0,0.10483990423381329,0.29610416290948044,-0.6472813824169396,0.5225410918479909,1.0,False
2026-08-30T05:50:51.838857+00:00,magic_telescope,f1,lorentzian,k=6,30,0.7385638979646997,wendland_c2,"h=1.0765113470399563,k=24",30,0.7391246083360455,30,30,-0.0005607103713459997,229.0,0.9515264742076397,0.011098680224621849,-0.12165584708572887,0.9040106699302339,1.0,False
2026-08-30T05:50:51.866291+00:00,magic_telescope,f1,multiquadratic,"c=0.5614690046494828,k=5",30,0.7330668333294099,quartic_spline,"h=2.4749529788842355,k=5",30,0.7407836693701572,30,30,-0.007716836040747358,0.0,1.862645149230957e-09,1.0971528346217627,-4.785520659906885,4.6031435475990534e-05,4.794448614120483e-06,True
2026-08-30T05:50:51.893009+00:00,magic_telescope,f1,multiquadratic,"c=0.5614690046494828,k=5",30,0.7330668333294099,radial,"k=15,z=0.3139118461178405",30,0.7408709616940867,30,30,-0.007804128364677147,79.0,0.001038169488310814,0.5988384361419994,-1.8161460187307372,0.0796996325450059,1.0,False
2026-08-30T05:50:51.919136+00:00,magic_telescope,f1,multiquadratic,"c=0.5614690046494828,k=5",30,0.7330668333294099,rational_quadratic,"alpha=1.734142419906245,k=13,l=0.10478747414378216",30,0.7412643346700487,30,30,-0.008197501340638827,76.0,0.0007978975772857666,0.6122667468790384,-1.8425698735283396,0.07563734648946663,1.0,False
2026-08-30T05:50:51.944719+00:00,magic_telescope,f1,multiquadratic,"c=0.5614690046494828,k=5",30,0.7330668333294099,rbf_gaussian,"epsilon=1.5293952761249943,k=5",30,0.7415575731153988,30,30,-0.008490739785989269,0.0,1.862645149230957e-09,1.0971528346217627,-4.008091681230741,0.00039136753843571626,4.794448614120483e-06,True
2026-08-30T05:50:51.970877+00:00,magic_telescope,f1,multiquadratic,"c=0.5614690046494828,k=5",30,0.7330668333294099,shepard,"k=12,z=4.519045045949889",30,0.7419259337403393,30,30,-0.008859100410929636,56.0,0.00011058151721954346,0.7058533191856595,-2.177142723879721,0.037752453578093315,0.2513517886400223,False
2026-08-30T05:50:51.996537+00:00,magic_telescope,f1,multiquadratic,"c=0.5614690046494828,k=5",30,0.7330668333294099,sigmoidal,"alpha=0.8833870463885941,c=1.524573429863682,k=8",30,0.738555434370945,30,30,-0.005488601041535298,68.0,0.0003800932317972183,0.6487834290574149,-1.9746646634728653,0.05789615892686539,0.8274629656225443,False
2026-08-30T05:50:52.022360+00:00,magic_telescope,f1,multiquadratic,"c=0.5614690046494828,k=5",30,0.7330668333294099,softmax_radial,"beta=1.5293952761249943,k=5",30,0.7395776269479295,30,30,-0.006510793618519717,0.0,1.862645149230957e-09,1.0971528346217627,-5.197890382232885,1.4634156463744219e-05,4.794448614120483e-06,True
2026-08-30T05:50:52.048094+00:00,magic_telescope,f1,multiquadratic,"c=0.5614690046494828,k=5",30,0.7330668333294099,student_t,"k=5,nu=0.00023807258718953553",30,0.740316864857676,30,30,-0.00725003152826628,0.0,1.862645149230957e-09,1.0971528346217627,-6.430498284353589,4.924470911049639e-07,4.794448614120483e-06,True
2026-08-30T05:50:52.075408+00:00,magic_telescope,f1,multiquadratic,"c=0.5614690046494828,k=5",30,0.7330668333294099,wendland_c2,"h=1.0765113470399563,k=24",30,0.7391246083360455,30,30,-0.006057775006636094,123.0,0.023410143330693245,0.41383617358770286,-1.1866115957035546,0.24501121555156624,1.0,False
2026-08-30T05:50:52.102036+00:00,magic_telescope,f1,quartic_spline,"h=2.4749529788842355,k=5",30,0.7407836693701572,radial,"k=15,z=0.3139118461178405",30,0.7408709616940867,30,30,-8.729232392978847e-05,225.0,0.8871948085725307,0.025898998954628678,-0.022374151048444396,0.982302742611151,1.0,False
2026-08-30T05:50:52.128031+00:00,magic_telescope,f1,quartic_spline,"h=2.4749529788842355,k=5",30,0.7407836693701572,rational_quadratic,"alpha=1.734142419906245,k=13,l=0.10478747414378216",30,0.7412643346700487,30,30,-0.00048066529989146953,215.0,0.7303419969975948,0.06292796049939377,-0.11990734245110204,0.9053834071841909,1.0,False
2026-08-30T05:50:52.153894+00:00,magic_telescope,f1,quartic_spline,"h=2.4749529788842355,k=5",30,0.7407836693701572,rbf_gaussian,"epsilon=1.5293952761249943,k=5",30,0.7415575731153988,30,30,-0.0007739037452419107,195.0,0.4521643426269293,0.13726139759195932,-0.4262319905464806,0.6730860128835037,1.0,False
2026-08-30T05:50:52.179845+00:00,magic_telescope,f1,quartic_spline,"h=2.4749529788842355,k=5",30,0.7407836693701572,shepard,"k=12,z=4.519045045949889",30,0.7419259337403393,30,30,-0.0011422643701822777,207.0,0.6120056137442589,0.09260393825667278,-0.3194227597282186,0.751695663965849,1.0,False
2026-08-30T05:50:52.205637+00:00,magic_telescope,f1,quartic_spline,"h=2.4749529788842355,k=5",30,0.7407836693701572,sigmoidal,"alpha=0.8833870463885941,c=1.524573429863682,k=8",30,0.738555434370945,30,30,0.0022282349992120607,154.0,0.10943205840885639,0.2922558286503136,0.7460416495772355,0.4616473567093555,1.0,False
2026-08-30T05:50:52.230176+00:00,magic_telescope,f1,quartic_spline,"h=2.4749529788842355,k=5",30,0.7407836693701572,softmax_radial,"beta=1.5293952761249943,k=5",30,0.7395776269479295,30,30,0.0012060424222276416,127.0,0.08351810256109068,0.32705798369847944,0.9601971242230739,0.3448939293091029,1.0,False
2026-08-30T05:50:52.255773+00:00,magic_telescope,f1,quartic_spline,"h=2.4749529788842355,k=5",30,0.7407836693701572,student_t,"k=5,nu=0.00023807258718953553",30,0.740316864857676,30,30,0.0004668045124810782,197.0,0.6575663850187541,0.0823142168942168,0.3378706555468319,0.7378943427036266,1.0,False
2026-08-30T05:50:52.281973+00:00,magic_telescope,f1,quartic_spline,"h=2.4749529788842355,k=5",30,0.7407836693701572,wendland_c2,"h=1.0765113470399563,k=24",30,0.7391246083360455,30,30,0.0016590610341112645,209.0,0.6408254038542509,0.08517908400462211,0.32034039583110563,0.7510071350104806,1.0,False
2026-08-30T05:50:52.307901+00:00,magic_telescope,f1,radial,"k=15,z=0.3139118461178405",30,0.7408709616940867,rational_quadratic,"alpha=1.734142419906245,k=13,l=0.10478747414378216",30,0.7412643346700487,30,30,-0.00039337297596168106,223.0,0.8552717231214046,0.0333008574038722,-0.1327644840447162,0.8952965955211172,1.0,False
2026-08-30T05:50:52.333602+00:00,magic_telescope,f1,radial,"k=15,z=0.3139118461178405",30,0.7408709616940867,rbf_gaussian,"epsilon=1.5293952761249943,k=5",30,0.7415575731153988,30,30,-0.0006866114213121222,217.0,0.761065473780036,0.05551751065170944,-0.21526484044850597,0.8310676124333924,1.0,False
2026-08-30T05:50:52.360293+00:00,magic_telescope,f1,radial,"k=15,z=0.3139118461178405",30,0.7408709616940867,shepard,"k=12,z=4.519045045949889",30,0.7419259337403393,30,30,-0.0010549720462524892,197.0,0.4771064817905426,0.1298036919553834,-0.37243151209969283,0.7122796053849751,1.0,False
2026-08-30T05:50:52.386963+00:00,magic_telescope,f1,radial,"k=15,z=0.3139118461178405",30,0.7408709616940867,sigmoidal,"alpha=0.8833870463885941,c=1.524573429863682,k=8",30,0.738555434370945,30,30,0.002315527323141849,147.0,0.0803273618221283,0.31928387262643537,0.6140062380561642,0.5439982561849206,1.0,False
2026-08-30T05:50:52.412857+00:00,magic_telescope,f1,radial,"k=15,z=0.3139118461178405",30,0.7408709616940867,softmax_radial,"beta=1.5293952761249943,k=5",30,0.7395776269479295,30,30,0.00129333474615743,192.0,0.4161298982799053,0.14846088842726607,0.3068771204887309,0.7611296636279716,1.0,False
2026-08-30T05:50:52.438706+00:00,magic_telescope,f1,radial,"k=15,z=0.3139118461178405",30,0.7408709616940867,student_t,"k=5,nu=0.00023807258718953553",30,0.740316864857676,30,30,0.0005540968364108667,206.0,0.5978077705949545,0.0963180462402761,0.12812188718856737,0.8989368883605544,1.0,False
2026-08-30T05:50:52.464386+00:00,magic_telescope,f1,radial,"k=15,z=0.3139118461178405",30,0.7408709616940867,wendland_c2,"h=1.0765113470399563,k=24",30,0.7391246083360455,30,30,0.001746353358041053,185.0,0.338741784915328,0.17466037520060773,0.5057937131289268,0.6168247294813485,1.0,False
2026-08-30T05:50:52.490401+00:00,magic_telescope,f1,rational_quadratic,"alpha=1.734142419906245,k=13,l=0.10478747414378216",30,0.7412643346700487,rbf_gaussian,"epsilon=1.5293952761249943,k=5",30,0.7415575731153988,30,30,-0.00029323844535044107,225.0,0.8871948085725307,0.025898998954628678,-0.0806403601447652,0.9362819215755156,1.0,False
2026-08-30T05:50:52.524136+00:00,magic_telescope,f1,rational_quadratic,"alpha=1.734142419906245,k=13,l=0.10478747414378216",30,0.7412643346700487,shepard,"k=12,z=4.519045045949889",30,0.7419259337403393,30,30,-0.0006615990702908081,203.0,0.5561132747679949,0.10746761715048118,-0.29675703952080273,0.7687671142720662,1.0,False
2026-08-30T05:50:52.549274+00:00,magic_telescope,f1,rational_quadratic,"alpha=1.734142419906245,k=13,l=0.10478747414378216",30,0.7412643346700487,sigmoidal,"alpha=0.8833870463885941,c=1.524573429863682,k=8",30,0.738555434370945,30,30,0.00270890029910353,121.0,0.03692078702122782,0.3874791185508253,0.7160912993409626,0.4796620426802125,1.0,False
2026-08-30T05:50:52.586644+00:00,magic_telescope,f1,rational_quadratic,"alpha=1.734142419906245,k=13,l=0.10478747414378216",30,0.7412643346700487,softmax_radial,"beta=1.5293952761249943,k=5",30,0.7395776269479295,30,30,0.001686707722119111,196.0,0.46454504504799843,0.13353171585537862,0.3953272685792681,0.6954944821263542,1.0,False
2026-08-30T05:50:52.617851+00:00,magic_telescope,f1,rational_quadratic,"alpha=1.734142419906245,k=13,l=0.10478747414378216",30,0.7412643346700487,student_t,"k=5,nu=0.00023807258718953553",30,0.740316864857676,30,30,0.0009474698123725477,207.0,0.6120056137442589,0.09260393825667278,0.2195121175408337,0.8277889247301209,1.0,False
2026-08-30T05:50:52.643568+00:00,magic_telescope,f1,rational_quadratic,"alpha=1.734142419906245,k=13,l=0.10478747414378216",30,0.7412643346700487,wendland_c2,"h=1.0765113470399563,k=24",30,0.7391246083360455,30,30,0.002139726334002734,188.0,0.370740607380867,0.16341977185361498,0.5320902545858333,0.5987166987766552,1.0,False
2026-08-30T05:50:52.670737+00:00,magic_telescope,f1,rbf_gaussian,"epsilon=1.5293952761249943,k=5",30,0.7415575731153988,shepard,"k=12,z=4.519045045949889",30,0.7419259337403393,30,30,-0.000368360624940367,218.0,0.7765688337385654,0.05181332011883864,-0.12300645790945643,0.9029505224148704,1.0,False
2026-08-30T05:50:52.698774+00:00,magic_telescope,f1,rbf_gaussian,"epsilon=1.5293952761249943,k=5",30,0.7415575731153988,sigmoidal,"alpha=0.8833870463885941,c=1.524573429863682,k=8",30,0.738555434370945,30,30,0.0030021387444539712,131.0,0.036434996873140335,0.3819523788751952,1.08407862801884,0.2872608153498448,1.0,False
2026-08-30T05:50:52.724764+00:00,magic_telescope,f1,rbf_gaussian,"epsilon=1.5293952761249943,k=5",30,0.7415575731153988,softmax_radial,"beta=1.5293952761249943,k=5",30,0.7395776269479295,30,30,0.0019799461674695523,147.0,0.0803273618221283,0.31928387262643537,0.92078577201916,0.36475906419842596,1.0,False
2026-08-30T05:50:52.751500+00:00,magic_telescope,f1,rbf_gaussian,"epsilon=1.5293952761249943,k=5",30,0.7415575731153988,student_t,"k=5,nu=0.00023807258718953553",30,0.740316864857676,30,30,0.0012407082577229889,166.0,0.26545303243391527,0.206789374148886,0.5816640015104355,0.5652874750082708,1.0,False
2026-08-30T05:50:52.777814+00:00,magic_telescope,f1,rbf_gaussian,"epsilon=1.5293952761249943,k=5",30,0.7415575731153988,wendland_c2,"h=1.0765113470399563,k=24",30,0.7391246083360455,30,30,0.002432964779353175,193.0,0.42795460671186447,0.14472593792347072,0.5148146451259156,0.6105843500776653,1.0,False
2026-08-30T05:50:52.803650+00:00,magic_telescope,f1,shepard,"k=12,z=4.519045045949889",30,0.7419259337403393,sigmoidal,"alpha=0.8833870463885941,c=1.524573429863682,k=8",30,0.738555434370945,30,30,0.0033704993693943384,123.0,0.023410143330693245,0.41383617358770286,1.0733877907909222,0.291948057034324,1.0,False
2026-08-30T05:50:52.828291+00:00,magic_telescope,f1,shepard,"k=12,z=4.519045045949889",30,0.7419259337403393,softmax_radial,"beta=1.5293952761249943,k=5",30,0.7395776269479295,30,30,0.002348306792409919,166.0,0.26545303243391527,0.206789374148886,0.6064741115457122,0.5489185820232461,1.0,False
2026-08-30T05:50:52.853305+00:00,magic_telescope,f1,shepard,"k=12,z=4.519045045949889",30,0.7419259337403393,student_t,"k=5,nu=0.00023807258718953553",30,0.740316864857676,30,30,0.001609068882663356,187.0,0.5095698444848895,0.12246749342798106,0.40689040279534305,0.6870760904066326,1.0,False
2026-08-30T05:50:52.879628+00:00,magic_telescope,f1,shepard,"k=12,z=4.519045045949889",30,0.7419259337403393,wendland_c2,"h=1.0765113470399563,k=24",30,0.7391246083360455,30,30,0.002801325404293542,168.0,0.19092952087521553,0.23877678074438036,0.7669042599710444,0.4493371135955251,1.0,False
2026-08-30T05:50:52.905666+00:00,magic_telescope,f1,sigmoidal,"alpha=0.8833870463885941,c=1.524573429863682,k=8",30,0.738555434370945,softmax_radial,"beta=1.5293952761249943,k=5",30,0.7395776269479295,30,30,-0.0010221925769844191,197.0,0.4771064817905426,0.1298036919553834,-0.34538057006733086,0.7323010589762942,1.0,False
2026-08-30T05:50:52.931159+00:00,magic_telescope,f1,sigmoidal,"alpha=0.8833870463885941,c=1.524573429863682,k=8",30,0.738555434370945,student_t,"k=5,nu=0.00023807258718953553",30,0.740316864857676,30,30,-0.0017614304867309824,180.0,0.28936620615422726,0.1934397256760088,-0.603086460616252,0.5511390621023384,1.0,False
2026-08-30T05:50:52.956966+00:00,magic_telescope,f1,sigmoidal,"alpha=0.8833870463885941,c=1.524573429863682,k=8",30,0.738555434370945,wendland_c2,"h=1.0765113470399563,k=24",30,0.7391246083360455,30,30,-0.0005691739651007961,218.0,0.7765688337385654,0.05181332011883864,-0.14441071733886668,0.886175083062049,1.0,False
2026-08-30T05:50:52.982245+00:00,magic_telescope,f1,softmax_radial,"beta=1.5293952761249943,k=5",30,0.7395776269479295,student_t,"k=5,nu=0.00023807258718953553",30,0.740316864857676,30,30,-0.0007392379097465632,130.0,0.1563441156998108,0.27279317964451255,-0.786902916132653,0.43772257968963957,1.0,False
2026-08-30T05:50:53.008310+00:00,magic_telescope,f1,softmax_radial,"beta=1.5293952761249943,k=5",30,0.7395776269479295,wendland_c2,"h=1.0765113470399563,k=24",30,0.7391246083360455,30,30,0.0004530186118836229,232.0,1.0,0.0,0.08411927392775534,0.9335396148253878,1.0,False
2026-08-30T05:50:53.038872+00:00,magic_telescope,f1,student_t,"k=5,nu=0.00023807258718953553",30,0.740316864857676,wendland_c2,"h=1.0765113470399563,k=24",30,0.7391246083360455,30,30,0.0011922565216301861,215.0,0.7303419969975948,0.06292796049939377,0.23109177064385286,0.8188662031343183,1.0,False
2026-08-30T05:50:53.083115+00:00,page_blocks,f1,attention,k=15,30,0.6446291182012901,cauchy,"epsilon=31.71837329014025,k=15",30,0.6734278278956098,30,30,-0.028798709694319795,79.0,0.0027461281721087192,0.5561228799926373,-1.6929079525829858,0.10119080158696381,1.0,False
2026-08-30T05:50:53.109240+00:00,page_blocks,f1,attention,k=15,30,0.6446291182012901,cosine,"h=4.670442449818708,k=15",30,0.6215867445271134,30,30,0.023042373674176816,13.0,9.067222017758301e-05,0.7990002256220858,1.7598018585082258,0.08898782820987527,0.2064606453443565,False
2026-08-30T05:50:53.134152+00:00,page_blocks,f1,attention,k=15,30,0.6446291182012901,cubic_spline,"h=4.670442449818708,k=15",30,0.632035486760584,30,30,0.012593631440706207,33.0,0.07032573521121915,0.45245172874564177,0.9477651505074345,0.3510804039996933,1.0,False
2026-08-30T05:50:53.159268+00:00,page_blocks,f1,attention,k=15,30,0.6446291182012901,entropic,"beta=5.068077717443547,k=27",30,0.6578326192985277,30,30,-0.013203501097237577,176.0,0.369525330084544,0.16663609761512174,-0.3962048772904111,0.6948541464393865,1.0,False
2026-08-30T05:50:53.185351+00:00,page_blocks,f1,attention,k=15,30,0.6446291182012901,gen_exponential,"epsilon=7.623868423300401,k=24,p=1.188354695775299",30,0.6968417190537003,30,30,-0.052212600852410106,60.0,0.00016989745199680328,0.6864832142989329,-1.9970644281364447,0.055278841465797646,0.38040039502084255,False
2026-08-30T05:50:53.210076+00:00,page_blocks,f1,attention,k=15,30,0.6446291182012901,harmonic,k=15,30,0.6348449724669828,30,30,0.009784145734307427,21.0,0.15793931050013033,0.4076197322920545,0.7898184476948195,0.4360446410245553,1.0,False
2026-08-30T05:50:53.234854+00:00,page_blocks,f1,attention,k=15,30,0.6446291182012901,inverse_multiquadratic,"c=0.022647733671998026,k=16",30,0.6496862690591214,30,30,-0.005057150857831479,128.0,0.5296296702875958,0.128306605574357,-0.2389019990033395,0.8128618503755762,1.0,False
2026-08-30T05:50:53.260685+00:00,page_blocks,f1,attention,k=15,30,0.6446291182012901,laplacian,"epsilon=11.118752706560784,k=26",30,0.6971296405782552,30,30,-0.05250052237696499,52.0,7.056817412376404e-05,0.7256158999558389,-2.2133319232040636,0.034898832231549326,0.1618833914399147,False
2026-08-30T05:50:53.286026+00:00,page_blocks,f1,attention,k=15,30,0.6446291182012901,logarithmic,"c=0.6112828938332491,k=12",30,0.6361951622032159,30,30,0.008433955998074037,178.0,0.7915680312154841,0.050859745357451476,0.6571857436828439,0.5162437855663464,1.0,False
2026-08-30T05:50:53.312150+00:00,page_blocks,f1,attention,k=15,30,0.6446291182012901,lorentzian,k=17,30,0.6525561922084459,30,30,-0.007927074007155836,51.0,0.04380372353657391,0.4507832904100287,-1.039938814626507,0.3069614164695662,1.0,False
2026-08-30T05:50:53.339521+00:00,page_blocks,f1,attention,k=15,30,0.6446291182012901,multiquadratic,"c=4.641148445358149,k=15",30,0.6201400465956535,30,30,0.02448907160563657,25.0,0.0005884351465884492,0.7166410451853177,1.3538656983348043,0.1862369510554216,1.0,False
2026-08-30T05:50:53.364609+00:00,page_blocks,f1,attention,k=15,30,0.6446291182012901,quartic_spline,"h=4.670442449818708,k=15",30,0.6310590472186937,30,30,0.01357007098259653,33.0,0.07032573521121915,0.45245172874564177,1.0144320492522632,0.3187659514119747,1.0,False
2026-08-30T05:50:53.390755+00:00,page_blocks,f1,attention,k=15,30,0.6446291182012901,radial,"k=21,z=0.15731191654258478",30,0.6775400708458961,30,30,-0.03291095264460604,143.0,0.06666470877826214,0.3348278792751948,-1.073056690322784,0.2920940818614295,1.0,False
2026-08-30T05:50:53.416445+00:00,page_blocks,f1,attention,k=15,30,0.6446291182012901,rational_quadratic,"alpha=1.734142419906245,k=13,l=0.10478747414378216",30,0.6915853717378198,30,30,-0.04695625353652961,55.0,9.90256667137146e-05,0.71075526275676,-2.1934027027284166,0.036445407062540625,0.22538241744041443,False
2026-08-30T05:50:53.442102+00:00,page_blocks,f1,attention,k=15,30,0.6446291182012901,rbf_gaussian,"epsilon=3.139118461178404,k=15",30,0.6705424909641099,30,30,-0.025913372762819787,148.0,0.08406547829508781,0.3154095507905836,-0.8699602917064243,0.39146622824003874,1.0,False
2026-08-30T05:50:53.467747+00:00,page_blocks,f1,attention,k=15,30,0.6446291182012901,shepard,"k=15,z=2.9956315415712567",30,0.6835906830578666,30,30,-0.03896156485657649,57.0,0.00012333691120147705,0.700974762070396,-2.2332464946856727,0.03341253793763399,0.27985145151615143,False
2026-08-30T05:50:53.492390+00:00,page_blocks,f1,attention,k=15,30,0.6446291182012901,sigmoidal,"alpha=6.549308121699945,c=0.6412660218314743,k=24",30,0.6547104793276256,30,30,-0.010081361126335531,148.0,0.32461181114807214,0.18956814178686462,-0.7306636222500394,0.47084696828230266,1.0,False
2026-08-30T05:50:53.518259+00:00,page_blocks,f1,attention,k=15,30,0.6446291182012901,softmax_radial,"beta=11.118752706560784,k=26",30,0.6971296405782552,30,30,-0.05250052237696499,52.0,7.056817412376404e-05,0.7256158999558389,-2.2133319232040636,0.034898832231549326,0.1618833914399147,False
2026-08-30T05:50:53.543054+00:00,page_blocks,f1,attention,k=15,30,0.6446291182012901,student_t,"k=16,nu=0.0004141502885405813",30,0.6496862690591214,30,30,-0.005057150857831479,128.0,0.5296296702875958,0.128306605574357,-0.2389019990033395,0.8128618503755762,1.0,False
2026-08-30T05:50:53.576873+00:00,page_blocks,f1,attention,k=15,30,0.6446291182012901,wendland_c2,"h=4.670442449818708,k=15",30,0.6291692385717123,30,30,0.015459879629577962,23.0,0.001304069820893846,0.701588546731077,1.1973756856542084,0.24085617494500688,1.0,False
2026-08-30T05:50:53.603113+00:00,page_blocks,f1,cauchy,"epsilon=31.71837329014025,k=15",30,0.6734278278956098,cosine,"h=4.670442449818708,k=15",30,0.6215867445271134,30,30,0.05184108336849661,24.0,1.4193356037139893e-06,0.8804220407194022,2.6318617071713564,0.013463874566113976,0.0034049861133098602,True
2026-08-30T05:50:53.628361+00:00,page_blocks,f1,cauchy,"epsilon=31.71837329014025,k=15",30,0.6734278278956098,cubic_spline,"h=4.670442449818708,k=15",30,0.632035486760584,30,30,0.041392341135025996,50.0,0.00029246278606886,0.6725673819405683,2.00856034173122,0.05397631784657997,0.6396161131325969,False
2026-08-30T05:50:53.654747+00:00,page_blocks,f1,cauchy,"epsilon=31.71837329014025,k=15",30,0.6734278278956098,entropic,"beta=5.068077717443547,k=27",30,0.6578326192985277,30,30,0.015595208597082218,163.0,0.15794767439365387,0.25779616835833996,0.5606235226792147,0.5793602310363148,1.0,False
2026-08-30T05:50:53.679566+00:00,page_blocks,f1,cauchy,"epsilon=31.71837329014025,k=15",30,0.6734278278956098,gen_exponential,"epsilon=7.623868423300401,k=24,p=1.188354695775299",30,0.6968417190537003,30,30,-0.023413891158090307,106.0,0.027186601854496447,0.4174292686677963,-1.23803109149857,0.22563394228677547,1.0,False
2026-08-30T05:50:53.705271+00:00,page_blocks,f1,cauchy,"epsilon=31.71837329014025,k=15",30,0.6734278278956098,harmonic,k=15,30,0.6348449724669828,30,30,0.03858285542862722,68.0,0.0003800932317972183,0.6487834290574149,1.8269455160921557,0.07801733860097149,0.8274629656225443,False
2026-08-30T05:50:53.730502+00:00,page_blocks,f1,cauchy,"epsilon=31.71837329014025,k=15",30,0.6734278278956098,inverse_multiquadratic,"c=0.022647733671998026,k=16",30,0.6496862690591214,30,30,0.023741558836488316,61.0,0.006313259698840443,0.5462103087250059,1.2384767557545084,0.225471172312957,1.0,False
2026-08-30T05:50:53.756150+00:00,page_blocks,f1,cauchy,"epsilon=31.71837329014025,k=15",30,0.6734278278956098,laplacian,"epsilon=11.118752706560784,k=26",30,0.6971296405782552,30,30,-0.0237018126826452,96.0,0.008608592469900115,0.4878623098852354,-1.5180578554209831,0.1398271761433496,1.0,False
2026-08-30T05:50:53.780874+00:00,page_blocks,f1,cauchy,"epsilon=31.71837329014025,k=15",30,0.6734278278956098,logarithmic,"c=0.6112828938332491,k=12",30,0.6361951622032159,30,30,0.037232665692393835,85.0,0.00416911599547412,0.5320309140723756,1.5490395924612368,0.13221752806785547,1.0,False
2026-08-30T05:50:53.807002+00:00,page_blocks,f1,cauchy,"epsilon=31.71837329014025,k=15",30,0.6734278278956098,lorentzian,k=17,30,0.6525561922084459,30,30,0.020871635687163957,135.0,0.044907208532094955,0.3661566534896115,1.0843417231570616,0.2871461426534634,1.0,False
2026-08-30T05:50:53.832421+00:00,page_blocks,f1,cauchy,"epsilon=31.71837329014025,k=15",30,0.6734278278956098,multiquadratic,"c=4.641148445358149,k=15",30,0.6201400465956535,30,30,0.05328778129995637,44.0,2.6885420083999634e-05,0.7665122795747488,2.20782281608954,0.0353203538253688,0.06275057047605515,False
2026-08-30T05:50:53.857343+00:00,page_blocks,f1,cauchy,"epsilon=31.71837329014025,k=15",30,0.6734278278956098,quartic_spline,"h=4.670442449818708,k=15",30,0.6310590472186937,30,30,0.042368780676916316,41.0,0.00013536081360538934,0.7087053308209245,2.1156614529928692,0.04308165467917102,0.3063215211889961,False
2026-08-30T05:50:53.882494+00:00,page_blocks,f1,cauchy,"epsilon=31.71837329014025,k=15",30,0.6734278278956098,radial,"k=21,z=0.15731191654258478",30,0.6775400708458961,30,30,-0.004112242950286245,228.0,0.935398668050766,0.014798446090143011,-0.1644836110683912,0.8704915715988282,1.0,False
2026-08-30T05:50:53.908229+00:00,page_blocks,f1,cauchy,"epsilon=31.71837329014025,k=15",30,0.6734278278956098,rational_quadratic,"alpha=1.734142419906245,k=13,l=0.10478747414378216",30,0.6915853717378198,30,30,-0.018157543842209807,51.0,0.0015666364757477875,0.6201286659665591,-1.1316971019258113,0.26703345215274665,1.0,False
2026-08-30T05:50:53.933764+00:00,page_blocks,f1,cauchy,"epsilon=31.71837329014025,k=15",30,0.6734278278956098,rbf_gaussian,"epsilon=3.139118461178404,k=15",30,0.6705424909641099,30,30,0.0028853369315000083,190.0,0.5520854520027925,0.11042151046785176,0.1116919659073767,0.911837148485021,1.0,False
2026-08-30T05:50:53.959120+00:00,page_blocks,f1,cauchy,"epsilon=31.71837329014025,k=15",30,0.6734278278956098,shepard,"k=15,z=2.9956315415712567",30,0.6835906830578666,30,30,-0.010162855162256686,69.0,0.011876381887516062,0.5031592499092419,-1.316210469854915,0.19841259162704095,1.0,False
2026-08-30T05:50:53.985070+00:00,page_blocks,f1,cauchy,"epsilon=31.71837329014025,k=15",30,0.6734278278956098,sigmoidal,"alpha=6.549308121699945,c=0.6412660218314743,k=24",30,0.6547104793276256,30,30,0.018717348567984262,98.0,0.028795498649410566,0.42074880250255337,0.9867649423183034,0.3319197965615093,1.0,False
2026-08-30T05:50:54.011419+00:00,page_blocks,f1,cauchy,"epsilon=31.71837329014025,k=15",30,0.6734278278956098,softmax_radial,"beta=11.118752706560784,k=26",30,0.6971296405782552,30,30,-0.0237018126826452,96.0,0.008608592469900115,0.4878623098852354,-1.5180578554209831,0.1398271761433496,1.0,False
2026-08-30T05:50:54.037718+00:00,page_blocks,f1,cauchy,"epsilon=31.71837329014025,k=15",30,0.6734278278956098,student_t,"k=16,nu=0.0004141502885405813",30,0.6496862690591214,30,30,0.023741558836488316,61.0,0.006313259698840443,0.5462103087250059,1.2384767557545084,0.225471172312957,1.0,False
2026-08-30T05:50:54.063572+00:00,page_blocks,f1,cauchy,"epsilon=31.71837329014025,k=15",30,0.6734278278956098,wendland_c2,"h=4.670442449818708,k=15",30,0.6291692385717123,30,30,0.04425858932389775,42.0,2.0798295736312866e-05,0.7770619906945649,2.19915945337568,0.03599246882964713,0.04877200350165367,True
2026-08-30T05:50:54.089531+00:00,page_blocks,f1,cosine,"h=4.670442449818708,k=15",30,0.6215867445271134,cubic_spline,"h=4.670442449818708,k=15",30,0.632035486760584,30,30,-0.010448742233470611,12.0,0.00020134977414522506,0.7925346371206823,-1.250980367641371,0.2209403750672243,0.4492113461179971,False
2026-08-30T05:50:54.118684+00:00,page_blocks,f1,cosine,"h=4.670442449818708,k=15",30,0.6215867445271134,entropic,"beta=5.068077717443547,k=27",30,0.6578326192985277,30,30,-0.03624587477141439,110.0,0.02009902604880586,0.4316477227379659,-1.0846773049805631,0.2869999230893039,1.0,False
2026-08-30T05:50:54.144506+00:00,page_blocks,f1,cosine,"h=4.670442449818708,k=15",30,0.6215867445271134,gen_exponential,"epsilon=7.623868423300401,k=24,p=1.188354695775299",30,0.6968417190537003,30,30,-0.0752549745265869,20.0,6.910413503646851e-07,0.9062735345577102,-2.787014704611367,0.009286286982557845,0.0016702469438314438,True
2026-08-30T05:50:54.169333+00:00,page_blocks,f1,cosine,"h=4.670442449818708,k=15",30,0.6215867445271134,harmonic,k=15,30,0.6348449724669828,30,30,-0.01325822793986939,5.0,5.228097759225583e-05,0.8434801682269656,-1.8487414663886421,0.07471457368163681,0.1205076533501497,False
2026-08-30T05:50:54.194145+00:00,page_blocks,f1,cosine,"h=4.670442449818708,k=15",30,0.6215867445271134,inverse_multiquadratic,"c=0.022647733671998026,k=16",30,0.6496862690591214,30,30,-0.0280995245320083,53.0,0.0006361513664445838,0.6455091783522632,-1.6979973998344344,0.10021541816139212,1.0,False
2026-08-30T05:50:54.220020+00:00,page_blocks,f1,cosine,"h=4.670442449818708,k=15",30,0.6215867445271134,laplacian,"epsilon=11.118752706560784,k=26",30,0.6971296405782552,30,30,-0.0755428960511418,13.0,1.6391277313232422e-07,0.9559956831724992,-3.0244194927377195,0.005173630207075508,0.00040093064308166504,True
2026-08-30T05:50:54.245370+00:00,page_blocks,f1,cosine,"h=4.670442449818708,k=15",30,0.6215867445271134,logarithmic,"c=0.6112828938332491,k=12",30,0.6361951622032159,30,30,-0.01460841767610278,89.0,0.005459684044325266,0.5159696034588708,-0.8805726239782223,0.3857888193775181,1.0,False
2026-08-30T05:50:54.270433+00:00,page_blocks,f1,cosine,"h=4.670442449818708,k=15",30,0.6215867445271134,lorentzian,k=17,30,0.6525561922084459,30,30,-0.03096944768133265,13.0,2.3535926621963615e-05,0.8137559257194259,-1.8914929770310525,0.0685843541795621,0.05500346051552897,False
2026-08-30T05:50:54.294967+00:00,page_blocks,f1,cosine,"h=4.670442449818708,k=15",30,0.6215867445271134,multiquadratic,"c=4.641148445358149,k=15",30,0.6201400465956535,30,30,0.0014466979314597525,70.0,0.7583123742610346,0.07462765263724075,0.12272223688481862,0.9031736036056248,1.0,False
2026-08-30T05:50:54.320089+00:00,page_blocks,f1,cosine,"h=4.670442449818708,k=15",30,0.6215867445271134,quartic_spline,"h=4.670442449818708,k=15",30,0.6310590472186937,30,30,-0.009472302691580286,33.0,0.0008292057593073195,0.6823578569181699,-1.0485729809628874,0.3030353935811101,1.0,False
2026-08-30T05:50:54.346777+00:00,page_blocks,f1,cosine,"h=4.670442449818708,k=15",30,0.6215867445271134,radial,"k=21,z=0.15731191654258478",30,0.6775400708458961,30,30,-0.05595332631878285,76.0,0.0007978975772857666,0.6122667468790384,-1.8954393619714858,0.06804103096405045,1.0,False
2026-08-30T05:50:54.372367+00:00,page_blocks,f1,cosine,"h=4.670442449818708,k=15",30,0.6215867445271134,rational_quadratic,"alpha=1.734142419906245,k=13,l=0.10478747414378216",30,0.6915853717378198,30,30,-0.0699986272107064,21.0,8.326023817062378e-07,0.8996463784280314,-2.862117095478692,0.0077334436337079815,0.002006571739912033,True
2026-08-30T05:50:54.399435+00:00,page_blocks,f1,cosine,"h=4.670442449818708,k=15",30,0.6215867445271134,rbf_gaussian,"epsilon=3.139118461178404,k=15",30,0.6705424909641099,30,30,-0.04895574643699661,84.0,0.0015832837671041489,0.5767461777887206,-1.644178836725872,0.11093828751928947,1.0,False
2026-08-30T05:50:54.424600+00:00,page_blocks,f1,cosine,"h=4.670442449818708,k=15",30,0.6215867445271134,shepard,"k=15,z=2.9956315415712567",30,0.6835906830578666,30,30,-0.0620039385307533,13.0,9.781652253211938e-06,0.8211345051151453,-2.816376954845398,0.008647205619445764,0.023114044274339808,True
2026-08-30T05:50:54.449556+00:00,page_blocks,f1,cosine,"h=4.670442449818708,k=15",30,0.6215867445271134,sigmoidal,"alpha=6.549308121699945,c=0.6412660218314743,k=24",30,0.6547104793276256,30,30,-0.03312373480051235,42.0,0.00024618221750864175,0.6928465180981016,-1.8197599169069443,0.07913325430150953,0.5433241540415723,False
2026-08-30T05:50:54.475362+00:00,page_blocks,f1,cosine,"h=4.670442449818708,k=15",30,0.6215867445271134,softmax_radial,"beta=11.118752706560784,k=26",30,0.6971296405782552,30,30,-0.0755428960511418,13.0,1.6391277313232422e-07,0.9559956831724992,-3.0244194927377195,0.005173630207075508,0.00040093064308166504,True
2026-08-30T05:50:54.500127+00:00,page_blocks,f1,cosine,"h=4.670442449818708,k=15",30,0.6215867445271134,student_t,"k=16,nu=0.0004141502885405813",30,0.6496862690591214,30,30,-0.0280995245320083,53.0,0.0006361513664445838,0.6455091783522632,-1.6979973998344344,0.10021541816139212,1.0,False
2026-08-30T05:50:54.525122+00:00,page_blocks,f1,cosine,"h=4.670442449818708,k=15",30,0.6215867445271134,wendland_c2,"h=4.670442449818708,k=15",30,0.6291692385717123,30,30,-0.007582494044598855,10.0,0.007630414739245609,0.7130531236964255,-0.9246944947253768,0.3627558824186443,1.0,False
2026-08-30T05:50:54.551119+00:00,page_blocks,f1,cubic_spline,"h=4.670442449818708,k=15",30,0.632035486760584,entropic,"beta=5.068077717443547,k=27",30,0.6578326192985277,30,30,-0.025797132537943784,142.0,0.10256331911359984,0.3031572378299202,-0.7420217103351046,0.4640419627564438,1.0,False
2026-08-30T05:50:54.577485+00:00,page_blocks,f1,cubic_spline,"h=4.670442449818708,k=15",30,0.632035486760584,gen_exponential,"epsilon=7.623868423300401,k=24,p=1.188354695775299",30,0.6968417190537003,30,30,-0.0648062322931163,25.0,1.6838312149047852e-06,0.8741801137449403,-2.4807774312456274,0.019156128045487053,0.00403614342212677,True
2026-08-30T05:50:54.603369+00:00,page_blocks,f1,cubic_spline,"h=4.670442449818708,k=15",30,0.632035486760584,harmonic,k=15,30,0.6348449724669828,30,30,-0.002809485706398779,64.0,0.34910194464272437,0.22069572115965524,-0.2479169579514893,0.8059457135328114,1.0,False
2026-08-30T05:50:54.630132+00:00,page_blocks,f1,cubic_spline,"h=4.670442449818708,k=15",30,0.632035486760584,inverse_multiquadratic,"c=0.022647733671998026,k=16",30,0.6496862690591214,30,30,-0.017650782298537684,109.0,0.054605767765805696,0.36988905714510195,-0.9651960664948254,0.34242707174441755,1.0,False
2026-08-30T05:50:54.655775+00:00,page_blocks,f1,cubic_spline,"h=4.670442449818708,k=15",30,0.632035486760584,laplacian,"epsilon=11.118752706560784,k=26",30,0.6971296405782552,30,30,-0.0650941538176712,20.0,6.910413503646851e-07,0.9062735345577102,-2.7410026980239794,0.010377550033225047,0.0016702469438314438,True
2026-08-30T05:50:54.680835+00:00,page_blocks,f1,cubic_spline,"h=4.670442449818708,k=15",30,0.632035486760584,logarithmic,"c=0.6112828938332491,k=12",30,0.6361951622032159,30,30,-0.0041596754426321695,149.0,0.3365521878439186,0.1849445285725509,-0.2268874632065709,0.8221030537424721,1.0,False
2026-08-30T05:50:54.705532+00:00,page_blocks,f1,cubic_spline,"h=4.670442449818708,k=15",30,0.632035486760584,lorentzian,k=17,30,0.6525561922084459,30,30,-0.020520705447862043,35.0,0.0010172413503286527,0.6706936200477748,-1.5652825513902613,0.12836486437910333,1.0,False
2026-08-30T05:50:54.730952+00:00,page_blocks,f1,cubic_spline,"h=4.670442449818708,k=15",30,0.632035486760584,multiquadratic,"c=4.641148445358149,k=15",30,0.6201400465956535,30,30,0.011895440164930363,94.0,0.03845841807877782,0.4059476809339334,0.9273909114841968,0.36137822820133314,1.0,False
2026-08-30T05:50:54.756684+00:00,page_blocks,f1,cubic_spline,"h=4.670442449818708,k=15",30,0.632035486760584,quartic_spline,"h=4.670442449818708,k=15",30,0.6310590472186937,30,30,0.0009764395418903246,5.0,0.5001842570707944,0.3015113445777636,0.3406771066758265,0.7358024066581237,1.0,False
2026-08-30T05:50:54.782045+00:00,page_blocks,f1,cubic_spline,"h=4.670442449818708,k=15",30,0.632035486760584,radial,"k=21,z=0.15731191654258478",30,0.6775400708458961,30,30,-0.04550458408531224,105.0,0.007612137123942375,0.48725510872631805,-1.5332215611408435,0.13605948150192515,1.0,False
2026-08-30T05:50:54.809274+00:00,page_blocks,f1,cubic_spline,"h=4.670442449818708,k=15",30,0.632035486760584,rational_quadratic,"alpha=1.734142419906245,k=13,l=0.10478747414378216",30,0.6915853717378198,30,30,-0.059549884977235804,31.0,4.421919584274292e-06,0.8381062398724777,-2.5365392828400313,0.016836957250473183,0.010541856288909912,True
2026-08-30T05:50:54.836049+00:00,page_blocks,f1,cubic_spline,"h=4.670442449818708,k=15",30,0.632035486760584,rbf_gaussian,"epsilon=3.139118461178404,k=15",30,0.6705424909641099,30,30,-0.038507004203526,110.0,0.010598260909318924,0.46659994971628815,-1.2989333581740292,0.20420019964686054,1.0,False
2026-08-30T05:50:54.863271+00:00,page_blocks,f1,cubic_spline,"h=4.670442449818708,k=15",30,0.632035486760584,shepard,"k=15,z=2.9956315415712567",30,0.6835906830578666,30,30,-0.05155519629728268,31.0,4.421919584274292e-06,0.8381062398724777,-2.5008947180140706,0.018287495472192106,0.010541856288909912,True
2026-08-30T05:50:54.888256+00:00,page_blocks,f1,cubic_spline,"h=4.670442449818708,k=15",30,0.632035486760584,sigmoidal,"alpha=6.549308121699945,c=0.6412660218314743,k=24",30,0.6547104793276256,30,30,-0.022674992567041738,61.0,0.0036366878938305404,0.5703191345636246,-1.4732566395463045,0.15145407508359643,1.0,False
2026-08-30T05:50:54.915334+00:00,page_blocks,f1,cubic_spline,"h=4.670442449818708,k=15",30,0.632035486760584,softmax_radial,"beta=11.118752706560784,k=26",30,0.6971296405782552,30,30,-0.0650941538176712,20.0,6.910413503646851e-07,0.9062735345577102,-2.7410026980239794,0.010377550033225047,0.0016702469438314438,True
2026-08-30T05:50:54.940239+00:00,page_blocks,f1,cubic_spline,"h=4.670442449818708,k=15",30,0.632035486760584,student_t,"k=16,nu=0.0004141502885405813",30,0.6496862690591214,30,30,-0.017650782298537684,109.0,0.054605767765805696,0.36988905714510195,-0.9651960664948254,0.34242707174441755,1.0,False
2026-08-30T05:50:54.966712+00:00,page_blocks,f1,cubic_spline,"h=4.670442449818708,k=15",30,0.632035486760584,wendland_c2,"h=4.670442449818708,k=15",30,0.6291692385717123,30,30,0.002866248188871756,0.0,0.0009815397525216685,0.8808303292720537,2.1225797415082663,0.04245024661111585,1.0,False
2026-08-30T05:50:54.991818+00:00,page_blocks,f1,entropic,"beta=5.068077717443547,k=27",30,0.6578326192985277,gen_exponential,"epsilon=7.623868423300401,k=24,p=1.188354695775299",30,0.6968417190537003,30,30,-0.03900909975517253,13.0,0.00014360856762163124,0.7927445190102957,-1.9313514508783853,0.06326568925443565,0.324411754257265,False
2026-08-30T05:50:55.017370+00:00,page_blocks,f1,entropic,"beta=5.068077717443547,k=27",30,0.6578326192985277,harmonic,k=15,30,0.6348449724669828,30,30,0.022987646831545003,153.0,0.1631073882292975,0.25898863364277963,0.629873066825632,0.5337093819853567,1.0,False
2026-08-30T05:50:55.043851+00:00,page_blocks,f1,entropic,"beta=5.068077717443547,k=27",30,0.6578326192985277,inverse_multiquadratic,"c=0.022647733671998026,k=16",30,0.6496862690591214,30,30,0.008146350239406097,223.0,0.8552717231214046,0.0333008574038722,0.23078490269484564,0.8191023483018074,1.0,False
2026-08-30T05:50:55.068974+00:00,page_blocks,f1,entropic,"beta=5.068077717443547,k=27",30,0.6578326192985277,laplacian,"epsilon=11.118752706560784,k=26",30,0.6971296405782552,30,30,-0.03929702127972741,33.0,0.0004931586720966438,0.6968890145801792,-1.7832273860234142,0.08502012018261884,1.0,False
2026-08-30T05:50:55.095167+00:00,page_blocks,f1,entropic,"beta=5.068077717443547,k=27",30,0.6578326192985277,logarithmic,"c=0.6112828938332491,k=12",30,0.6361951622032159,30,30,0.021637457095311615,192.0,0.4161298982799053,0.14846088842726607,0.5598211232940807,0.5799003192811538,1.0,False
2026-08-30T05:50:55.120005+00:00,page_blocks,f1,entropic,"beta=5.068077717443547,k=27",30,0.6578326192985277,lorentzian,k=17,30,0.6525561922084459,30,30,0.00527642709008174,199.0,0.6891349940127396,0.07428356158746394,0.14972139288610203,0.8820208634973667,1.0,False
2026-08-30T05:50:55.145614+00:00,page_blocks,f1,entropic,"beta=5.068077717443547,k=27",30,0.6578326192985277,multiquadratic,"c=4.641148445358149,k=15",30,0.6201400465956535,30,30,0.03769257270287415,117.0,0.02977040515042219,0.4035404291643311,1.0098170459308204,0.3209347773196516,1.0,False
2026-08-30T05:50:55.171261+00:00,page_blocks,f1,entropic,"beta=5.068077717443547,k=27",30,0.6578326192985277,quartic_spline,"h=4.670442449818708,k=15",30,0.6310590472186937,30,30,0.026773572079834107,142.0,0.10256331911359984,0.3031572378299202,0.7960377454363382,0.43247839470322913,1.0,False
2026-08-30T05:50:55.195502+00:00,page_blocks,f1,entropic,"beta=5.068077717443547,k=27",30,0.6578326192985277,radial,"k=21,z=0.15731191654258478",30,0.6775400708458961,30,30,-0.019707451547368464,50.0,0.0014353518469266875,0.6251096191068513,-1.1483007805380434,0.26022857793190113,1.0,False
2026-08-30T05:50:55.220972+00:00,page_blocks,f1,entropic,"beta=5.068077717443547,k=27",30,0.6578326192985277,rational_quadratic,"alpha=1.734142419906245,k=13,l=0.10478747414378216",30,0.6915853717378198,30,30,-0.03375275243929202,80.0,0.0050962664247806815,0.5293175262488549,-1.2413585591453653,0.224420780518221,1.0,False
2026-08-30T05:50:55.245903+00:00,page_blocks,f1,entropic,"beta=5.068077717443547,k=27",30,0.6578326192985277,rbf_gaussian,"epsilon=3.139118461178404,k=15",30,0.6705424909641099,30,30,-0.01270987166558221,53.0,0.0055810915679556945,0.5657154882142099,-0.6819170864546583,0.5007018345755667,1.0,False
2026-08-30T05:50:55.272055+00:00,page_blocks,f1,entropic,"beta=5.068077717443547,k=27",30,0.6578326192985277,shepard,"k=15,z=2.9956315415712567",30,0.6835906830578666,30,30,-0.025758063759338905,141.0,0.06056523136794567,0.3426289751671189,-0.8600431514754412,0.3968197113982004,1.0,False
2026-08-30T05:50:55.296990+00:00,page_blocks,f1,entropic,"beta=5.068077717443547,k=27",30,0.6578326192985277,sigmoidal,"alpha=6.549308121699945,c=0.6412660218314743,k=24",30,0.6547104793276256,30,30,0.0031221399709020453,192.0,0.8022117949916099,0.04733733974583256,0.09536194574859447,0.9246832549886104,1.0,False
2026-08-30T05:50:55.321789+00:00,page_blocks,f1,entropic,"beta=5.068077717443547,k=27",30,0.6578326192985277,softmax_radial,"beta=11.118752706560784,k=26",30,0.6971296405782552,30,30,-0.03929702127972741,33.0,0.0004931586720966438,0.6968890145801792,-1.7832273860234142,0.08502012018261884,1.0,False
2026-08-30T05:50:55.347511+00:00,page_blocks,f1,entropic,"beta=5.068077717443547,k=27",30,0.6578326192985277,student_t,"k=16,nu=0.0004141502885405813",30,0.6496862690591214,30,30,0.008146350239406097,223.0,0.8552717231214046,0.0333008574038722,0.23078490269484564,0.8191023483018074,1.0,False
2026-08-30T05:50:55.372624+00:00,page_blocks,f1,entropic,"beta=5.068077717443547,k=27",30,0.6578326192985277,wendland_c2,"h=4.670442449818708,k=15",30,0.6291692385717123,30,30,0.028663380726815537,133.0,0.06767564114400142,0.3392951867103082,0.832103948917336,0.41215024681679324,1.0,False
2026-08-30T05:50:55.398282+00:00,page_blocks,f1,gen_exponential,"epsilon=7.623868423300401,k=24,p=1.188354695775299",30,0.6968417190537003,harmonic,k=15,30,0.6348449724669828,30,30,0.06199674658671753,53.0,7.910653948783875e-05,0.720636901483001,2.0784843261058286,0.046619701788132906,0.18075844272971153,False
2026-08-30T05:50:55.425322+00:00,page_blocks,f1,gen_exponential,"epsilon=7.623868423300401,k=24,p=1.188354695775299",30,0.6968417190537003,inverse_multiquadratic,"c=0.022647733671998026,k=16",30,0.6496862690591214,30,30,0.04715544999457862,73.0,0.0017807569949149695,0.580214845912897,1.6960428311035214,0.10058907102089054,1.0,False
2026-08-30T05:50:55.450715+00:00,page_blocks,f1,gen_exponential,"epsilon=7.623868423300401,k=24,p=1.188354695775299",30,0.6968417190537003,laplacian,"epsilon=11.118752706560784,k=26",30,0.6971296405782552,30,30,-0.00028792152455489053,65.0,0.22732992995598733,0.2769656903074828,-0.047204515080877245,0.9626738148815663,1.0,False
2026-08-30T05:50:55.477479+00:00,page_blocks,f1,gen_exponential,"epsilon=7.623868423300401,k=24,p=1.188354695775299",30,0.6968417190537003,logarithmic,"c=0.6112828938332491,k=12",30,0.6361951622032159,30,30,0.06064655685048413,71.0,0.0005054883658885956,0.6349621780182918,1.882621136759235,0.0698195077745436,1.0,False
2026-08-30T05:50:55.503288+00:00,page_blocks,f1,gen_exponential,"epsilon=7.623868423300401,k=24,p=1.188354695775299",30,0.6968417190537003,lorentzian,k=17,30,0.6525561922084459,30,30,0.04428552684525426,83.0,0.0014574769884347916,0.5811372297550399,1.65785324984235,0.10812715491711211,1.0,False
2026-08-30T05:50:55.528800+00:00,page_blocks,f1,gen_exponential,"epsilon=7.623868423300401,k=24,p=1.188354695775299",30,0.6968417190537003,multiquadratic,"c=4.641148445358149,k=15",30,0.6201400465956535,30,30,0.07670167245804667,35.0,7.994472980499268e-06,0.8152543318527193,2.512268144040437,0.017812604312004154,0.018962889909744263,True
2026-08-30T05:50:55.554435+00:00,page_blocks,f1,gen_exponential,"epsilon=7.623868423300401,k=24,p=1.188354695775299",30,0.6968417190537003,quartic_spline,"h=4.670442449818708,k=15",30,0.6310590472186937,30,30,0.06578267183500665,18.0,4.7124922275543213e-07,0.9197472933888281,2.581920040783704,0.015143939877410029,0.0011432506144046783,True
2026-08-30T05:50:55.579229+00:00,page_blocks,f1,gen_exponential,"epsilon=7.623868423300401,k=24,p=1.188354695775299",30,0.6968417190537003,radial,"k=21,z=0.15731191654258478",30,0.6775400708458961,30,30,0.019301648207804063,71.0,0.04156975162896875,0.4249110621895189,1.4498093893273494,0.1578412891653942,1.0,False
2026-08-30T05:50:55.604164+00:00,page_blocks,f1,gen_exponential,"epsilon=7.623868423300401,k=24,p=1.188354695775299",30,0.6968417190537003,rational_quadratic,"alpha=1.734142419906245,k=13,l=0.10478747414378216",30,0.6915853717378198,30,30,0.005256347315880501,154.0,0.8190952935504228,0.04574174999174925,0.33185178872537296,0.7423876985107163,1.0,False
2026-08-30T05:50:55.629394+00:00,page_blocks,f1,gen_exponential,"epsilon=7.623868423300401,k=24,p=1.188354695775299",30,0.6968417190537003,rbf_gaussian,"epsilon=3.139118461178404,k=15",30,0.6705424909641099,30,30,0.02629922808959032,12.0,0.0022633358728580753,0.740535937708004,1.5841739969715107,0.12400002443654579,1.0,False
2026-08-30T05:50:55.654439+00:00,page_blocks,f1,gen_exponential,"epsilon=7.623868423300401,k=24,p=1.188354695775299",30,0.6968417190537003,shepard,"k=15,z=2.9956315415712567",30,0.6835906830578666,30,30,0.013251035995833623,141.0,0.380904893503636,0.17184288334013129,0.6848776952922376,0.49885893408766613,1.0,False
2026-08-30T05:50:55.679692+00:00,page_blocks,f1,gen_exponential,"epsilon=7.623868423300401,k=24,p=1.188354695775299",30,0.6968417190537003,sigmoidal,"alpha=6.549308121699945,c=0.6412660218314743,k=24",30,0.6547104793276256,30,30,0.04213123972607457,47.0,0.00022713112288491193,0.6846133649006686,1.9294403083020741,0.06351228237874817,0.5035496994358497,False
2026-08-30T05:50:55.704010+00:00,page_blocks,f1,gen_exponential,"epsilon=7.623868423300401,k=24,p=1.188354695775299",30,0.6968417190537003,softmax_radial,"beta=11.118752706560784,k=26",30,0.6971296405782552,30,30,-0.00028792152455489053,65.0,0.22732992995598733,0.2769656903074828,-0.047204515080877245,0.9626738148815663,1.0,False
2026-08-30T05:50:55.730168+00:00,page_blocks,f1,gen_exponential,"epsilon=7.623868423300401,k=24,p=1.188354695775299",30,0.6968417190537003,student_t,"k=16,nu=0.0004141502885405813",30,0.6496862690591214,30,30,0.04715544999457862,73.0,0.0017807569949149695,0.580214845912897,1.6960428311035214,0.10058907102089054,1.0,False
2026-08-30T05:50:55.757196+00:00,page_blocks,f1,gen_exponential,"epsilon=7.623868423300401,k=24,p=1.188354695775299",30,0.6968417190537003,wendland_c2,"h=4.670442449818708,k=15",30,0.6291692385717123,30,30,0.06767248048198807,22.0,9.98377799987793e-07,0.8931452391179049,2.619890417568282,0.01385003584952349,0.0024030953645706177,True
2026-08-30T05:50:55.781677+00:00,page_blocks,f1,harmonic,k=15,30,0.6348449724669828,inverse_multiquadratic,"c=0.022647733671998026,k=16",30,0.6496862690591214,30,30,-0.014841296592138906,99.0,0.08752712680268941,0.3417177793501269,-0.8640428925265732,0.39465499393411485,1.0,False
2026-08-30T05:50:55.807858+00:00,page_blocks,f1,harmonic,k=15,30,0.6348449724669828,laplacian,"epsilon=11.118752706560784,k=26",30,0.6971296405782552,30,30,-0.062284668111272416,42.0,2.0798295736312866e-05,0.7770619906945649,-2.269684239421051,0.030839840579579114,0.04877200350165367,True
2026-08-30T05:50:55.832617+00:00,page_blocks,f1,harmonic,k=15,30,0.6348449724669828,logarithmic,"c=0.6112828938332491,k=12",30,0.6361951622032159,30,30,-0.0013501897362333908,135.0,0.19451080638284968,0.24967511357294392,-0.08994966265004123,0.9289456001703686,1.0,False
2026-08-30T05:50:55.856887+00:00,page_blocks,f1,harmonic,k=15,30,0.6348449724669828,lorentzian,k=17,30,0.6525561922084459,30,30,-0.017711219741463263,44.0,0.012948886352603273,0.542308984770511,-1.0884889773745565,0.28534281490512714,1.0,False
2026-08-30T05:50:55.881847+00:00,page_blocks,f1,harmonic,k=15,30,0.6348449724669828,multiquadratic,"c=4.641148445358149,k=15",30,0.6201400465956535,30,30,0.014704925871329143,18.0,0.0011624285733496413,0.7262619678828267,1.0094342758217527,0.3211151151793734,1.0,False
2026-08-30T05:50:55.905985+00:00,page_blocks,f1,harmonic,k=15,30,0.6348449724669828,quartic_spline,"h=4.670442449818708,k=15",30,0.6310590472186937,30,30,0.003785925248289103,69.0,0.29542405582364173,0.2400369315998184,0.32707281752753126,0.7459620177177242,1.0,False
2026-08-30T05:50:55.933442+00:00,page_blocks,f1,harmonic,k=15,30,0.6348449724669828,radial,"k=21,z=0.15731191654258478",30,0.6775400708458961,30,30,-0.042695098378913464,123.0,0.023410143330693245,0.41383617358770286,-1.274708243094324,0.21253178330703637,1.0,False
2026-08-30T05:50:55.959125+00:00,page_blocks,f1,harmonic,k=15,30,0.6348449724669828,rational_quadratic,"alpha=1.734142419906245,k=13,l=0.10478747414378216",30,0.6915853717378198,30,30,-0.05674039927083703,49.0,4.968419671058655e-05,0.7407231159765456,-2.180406246373384,0.037486800259857844,0.11462144181132317,False
2026-08-30T05:50:55.985023+00:00,page_blocks,f1,harmonic,k=15,30,0.6348449724669828,rbf_gaussian,"epsilon=3.139118461178404,k=15",30,0.6705424909641099,30,30,-0.03569751849712721,132.0,0.03841841779649258,0.3779947341277093,-1.0708083413251699,0.293087034251696,1.0,False
2026-08-30T05:50:56.011568+00:00,page_blocks,f1,harmonic,k=15,30,0.6348449724669828,shepard,"k=15,z=2.9956315415712567",30,0.6835906830578666,30,30,-0.04874571059088391,51.0,6.286613643169403e-05,0.7306228273120481,-2.1000768082508627,0.04453469035049462,0.1444035153836012,False
2026-08-30T05:50:56.037649+00:00,page_blocks,f1,harmonic,k=15,30,0.6348449724669828,sigmoidal,"alpha=6.549308121699945,c=0.6412660218314743,k=24",30,0.6547104793276256,30,30,-0.01986550686064296,127.0,0.1363426134204674,0.28666401928745383,-1.046831808577893,0.3038242777836486,1.0,False
2026-08-30T05:50:56.063822+00:00,page_blocks,f1,harmonic,k=15,30,0.6348449724669828,softmax_radial,"beta=11.118752706560784,k=26",30,0.6971296405782552,30,30,-0.062284668111272416,42.0,2.0798295736312866e-05,0.7770619906945649,-2.269684239421051,0.030839840579579114,0.04877200350165367,True
2026-08-30T05:50:56.089337+00:00,page_blocks,f1,harmonic,k=15,30,0.6348449724669828,student_t,"k=16,nu=0.0004141502885405813",30,0.6496862690591214,30,30,-0.014841296592138906,99.0,0.08752712680268941,0.3417177793501269,-0.8640428925265732,0.39465499393411485,1.0,False
2026-08-30T05:50:56.113619+00:00,page_blocks,f1,harmonic,k=15,30,0.6348449724669828,wendland_c2,"h=4.670442449818708,k=15",30,0.6291692385717123,30,30,0.005675733895270535,61.0,0.033461641724253414,0.45337134263236983,0.5018670108213946,0.6195502551515808,1.0,False
2026-08-30T05:50:56.140829+00:00,page_blocks,f1,inverse_multiquadratic,"c=0.022647733671998026,k=16",30,0.6496862690591214,laplacian,"epsilon=11.118752706560784,k=26",30,0.6971296405782552,30,30,-0.0474433715191335,65.0,0.000283263623714447,0.6627705056810155,-1.8780914141939506,0.07045752003853423,0.6217636540532112,False
2026-08-30T05:50:56.166537+00:00,page_blocks,f1,inverse_multiquadratic,"c=0.022647733671998026,k=16",30,0.6496862690591214,logarithmic,"c=0.6112828938332491,k=12",30,0.6361951622032159,30,30,0.013491106855905516,150.0,0.22747626562591206,0.22807990968446581,0.6071372682298719,0.5484844516743999,1.0,False
2026-08-30T05:50:56.193558+00:00,page_blocks,f1,inverse_multiquadratic,"c=0.022647733671998026,k=16",30,0.6496862690591214,lorentzian,k=17,30,0.6525561922084459,30,30,-0.0028699231493243566,155.0,0.8400716444402775,0.040360367639778724,-0.12238732982907875,0.9034364778922965,1.0,False
2026-08-30T05:50:56.219033+00:00,page_blocks,f1,inverse_multiquadratic,"c=0.022647733671998026,k=16",30,0.6496862690591214,multiquadratic,"c=4.641148445358149,k=15",30,0.6201400465956535,30,30,0.02954622246346805,68.0,0.002111088108921247,0.5809582605170359,1.5929275069053457,0.12201924540224507,1.0,False
2026-08-30T05:50:56.245594+00:00,page_blocks,f1,inverse_multiquadratic,"c=0.022647733671998026,k=16",30,0.6496862690591214,quartic_spline,"h=4.670442449818708,k=15",30,0.6310590472186937,30,30,0.01862722184042801,106.0,0.04614386788589431,0.38375989678804306,1.0483305176636637,0.30314516202794706,1.0,False
2026-08-30T05:50:56.271856+00:00,page_blocks,f1,inverse_multiquadratic,"c=0.022647733671998026,k=16",30,0.6496862690591214,radial,"k=21,z=0.15731191654258478",30,0.6775400708458961,30,30,-0.02785380178677456,156.0,0.11907656863331795,0.28457131580955936,-0.9170829022949717,0.3666634444969099,1.0,False
2026-08-30T05:50:56.297528+00:00,page_blocks,f1,inverse_multiquadratic,"c=0.022647733671998026,k=16",30,0.6496862690591214,rational_quadratic,"alpha=1.734142419906245,k=13,l=0.10478747414378216",30,0.6915853717378198,30,30,-0.04189910267869813,56.0,0.0004791544897145572,0.648475416020302,-1.6609131195256344,0.10750630695988095,1.0,False
2026-08-30T05:50:56.324482+00:00,page_blocks,f1,inverse_multiquadratic,"c=0.022647733671998026,k=16",30,0.6496862690591214,rbf_gaussian,"epsilon=3.139118461178404,k=15",30,0.6705424909641099,30,30,-0.020856221904988308,168.0,0.19092952087521553,0.23877678074438036,-0.6889047111105544,0.49635832498999566,1.0,False
2026-08-30T05:50:56.350312+00:00,page_blocks,f1,inverse_multiquadratic,"c=0.022647733671998026,k=16",30,0.6496862690591214,shepard,"k=15,z=2.9956315415712567",30,0.6835906830578666,30,30,-0.033904413998745,56.0,0.0004791544897145572,0.648475416020302,-1.567845692064711,0.12776538296454532,1.0,False
2026-08-30T05:50:56.375839+00:00,page_blocks,f1,inverse_multiquadratic,"c=0.022647733671998026,k=16",30,0.6496862690591214,sigmoidal,"alpha=6.549308121699945,c=0.6412660218314743,k=24",30,0.6547104793276256,30,30,-0.005024210268504052,214.0,0.9396727300650676,0.014053646786817512,-0.22831073781356373,0.8210069301387404,1.0,False
2026-08-30T05:50:56.402551+00:00,page_blocks,f1,inverse_multiquadratic,"c=0.022647733671998026,k=16",30,0.6496862690591214,softmax_radial,"beta=11.118752706560784,k=26",30,0.6971296405782552,30,30,-0.0474433715191335,65.0,0.000283263623714447,0.6627705056810155,-1.8780914141939506,0.07045752003853423,0.6217636540532112,False
2026-08-30T05:50:56.427020+00:00,page_blocks,f1,inverse_multiquadratic,"c=0.022647733671998026,k=16",30,0.6496862690591214,student_t,"k=16,nu=0.0004141502885405813",30,0.6496862690591214,30,30,0.0,,,,,,,False
2026-08-30T05:50:56.452548+00:00,page_blocks,f1,inverse_multiquadratic,"c=0.022647733671998026,k=16",30,0.6496862690591214,wendland_c2,"h=4.670442449818708,k=15",30,0.6291692385717123,30,30,0.02051703048740944,98.0,0.016802577730643323,0.45185642484658356,1.1177214400718665,0.27286033786354147,1.0,False
2026-08-30T05:50:56.477709+00:00,page_blocks,f1,laplacian,"epsilon=11.118752706560784,k=26",30,0.6971296405782552,logarithmic,"c=0.6112828938332491,k=12",30,0.6361951622032159,30,30,0.060934478375039035,43.0,0.000269031200173088,0.6885431235757282,2.036768873297609,0.05089381374111768,0.5916808234187312,False
2026-08-30T05:50:56.504732+00:00,page_blocks,f1,laplacian,"epsilon=11.118752706560784,k=26",30,0.6971296405782552,lorentzian,k=17,30,0.6525561922084459,30,30,0.04457344836980916,65.0,0.000283263623714447,0.6627705056810155,1.8392854875841813,0.0761324037200406,0.6217636540532112,False
2026-08-30T05:50:56.530395+00:00,page_blocks,f1,laplacian,"epsilon=11.118752706560784,k=26",30,0.6971296405782552,multiquadratic,"c=4.641148445358149,k=15",30,0.6201400465956535,30,30,0.07698959398260155,26.0,1.991167664527893e-06,0.868015859099374,2.7338890857284825,0.010556614262752895,0.004760881885886192,True
2026-08-30T05:50:56.556002+00:00,page_blocks,f1,laplacian,"epsilon=11.118752706560784,k=26",30,0.6971296405782552,quartic_spline,"h=4.670442449818708,k=15",30,0.6310590472186937,30,30,0.06607059335956153,16.0,3.1478703022003174e-07,0.9337522414238107,2.874248982039782,0.0075068072185793255,0.0007658768445253372,True
2026-08-30T05:50:56.580779+00:00,page_blocks,f1,laplacian,"epsilon=11.118752706560784,k=26",30,0.6971296405782552,radial,"k=21,z=0.15731191654258478",30,0.6775400708458961,30,30,0.019589569732358956,43.0,0.020633435105949553,0.5175660001004027,1.2254592467048178,0.23026199274805137,1.0,False
2026-08-30T05:50:56.605611+00:00,page_blocks,f1,laplacian,"epsilon=11.118752706560784,k=26",30,0.6971296405782552,rational_quadratic,"alpha=1.734142419906245,k=13,l=0.10478747414378216",30,0.6915853717378198,30,30,0.005544268840435392,138.0,1.0,0.0,0.386461892698263,0.7019757356457585,1.0,False
2026-08-30T05:50:56.631618+00:00,page_blocks,f1,laplacian,"epsilon=11.118752706560784,k=26",30,0.6971296405782552,rbf_gaussian,"epsilon=3.139118461178404,k=15",30,0.6705424909641099,30,30,0.026587149614145208,39.0,0.007838221652520782,0.5802326899992181,1.4214905084349216,0.16583978166784563,1.0,False
2026-08-30T05:50:56.657516+00:00,page_blocks,f1,laplacian,"epsilon=11.118752706560784,k=26",30,0.6971296405782552,shepard,"k=15,z=2.9956315415712567",30,0.6835906830578666,30,30,0.013538957520388513,142.0,0.1648154704539846,0.2625070658632532,0.8786089703904872,0.3868353308106869,1.0,False
2026-08-30T05:50:56.684576+00:00,page_blocks,f1,laplacian,"epsilon=11.118752706560784,k=26",30,0.6971296405782552,sigmoidal,"alpha=6.549308121699945,c=0.6412660218314743,k=24",30,0.6547104793276256,30,30,0.04241916125062946,42.0,2.0798295736312866e-05,0.7770619906945649,2.244169411766074,0.032621739562703755,0.04877200350165367,True
2026-08-30T05:50:56.708923+00:00,page_blocks,f1,laplacian,"epsilon=11.118752706560784,k=26",30,0.6971296405782552,softmax_radial,"beta=11.118752706560784,k=26",30,0.6971296405782552,30,30,0.0,,,,,,,False
2026-08-30T05:50:56.735754+00:00,page_blocks,f1,laplacian,"epsilon=11.118752706560784,k=26",30,0.6971296405782552,student_t,"k=16,nu=0.0004141502885405813",30,0.6496862690591214,30,30,0.0474433715191335,65.0,0.000283263623714447,0.6627705056810155,1.8780914141939506,0.07045752003853423,0.6217636540532112,False
2026-08-30T05:50:56.761911+00:00,page_blocks,f1,laplacian,"epsilon=11.118752706560784,k=26",30,0.6971296405782552,wendland_c2,"h=4.670442449818708,k=15",30,0.6291692385717123,30,30,0.06796040200654296,18.0,4.7124922275543213e-07,0.9197472933888281,2.889324542825532,0.007233904295108617,0.0011432506144046783,True
2026-08-30T05:50:56.787675+00:00,page_blocks,f1,logarithmic,"c=0.6112828938332491,k=12",30,0.6361951622032159,lorentzian,k=17,30,0.6525561922084459,30,30,-0.016361030005229874,149.0,0.1385561420166171,0.2750499442562854,-1.0814021941103529,0.28842921485335693,1.0,False
2026-08-30T05:50:56.814260+00:00,page_blocks,f1,logarithmic,"c=0.6112828938332491,k=12",30,0.6361951622032159,multiquadratic,"c=4.641148445358149,k=15",30,0.6201400465956535,30,30,0.016055115607562533,123.0,0.023410143330693245,0.41383617358770286,0.7437333610070362,0.46302147427767126,1.0,False
2026-08-30T05:50:56.839517+00:00,page_blocks,f1,logarithmic,"c=0.6112828938332491,k=12",30,0.6361951622032159,quartic_spline,"h=4.670442449818708,k=15",30,0.6310590472186937,30,30,0.005136114984522494,149.0,0.3365521878439186,0.1849445285725509,0.27549801842703947,0.7848872145992976,1.0,False
2026-08-30T05:50:56.866002+00:00,page_blocks,f1,logarithmic,"c=0.6112828938332491,k=12",30,0.6361951622032159,radial,"k=21,z=0.15731191654258478",30,0.6775400708458961,30,30,-0.041344908642680075,142.0,0.0635564886033535,0.33872593373831245,-1.1588447446043442,0.25597329341761843,1.0,False
2026-08-30T05:50:56.890985+00:00,page_blocks,f1,logarithmic,"c=0.6112828938332491,k=12",30,0.6361951622032159,rational_quadratic,"alpha=1.734142419906245,k=13,l=0.10478747414378216",30,0.6915853717378198,30,30,-0.05539020953460363,30.0,5.027385020254695e-05,0.752873935008017,-2.1636344373113396,0.038870044008871396,0.11593149856707327,False
2026-08-30T05:50:56.918291+00:00,page_blocks,f1,logarithmic,"c=0.6112828938332491,k=12",30,0.6361951622032159,rbf_gaussian,"epsilon=3.139118461178404,k=15",30,0.6705424909641099,30,30,-0.034347328760893824,138.0,0.08560627067312218,0.319218548443426,-1.0361127154859133,0.30871246274153075,1.0,False
2026-08-30T05:50:56.944162+00:00,page_blocks,f1,logarithmic,"c=0.6112828938332491,k=12",30,0.6361951622032159,shepard,"k=15,z=2.9956315415712567",30,0.6835906830578666,30,30,-0.04739552085465051,59.0,0.0006096659549769169,0.636429433060155,-1.9207579293339196,0.06464310912664462,1.0,False
2026-08-30T05:50:56.970871+00:00,page_blocks,f1,logarithmic,"c=0.6112828938332491,k=12",30,0.6361951622032159,sigmoidal,"alpha=6.549308121699945,c=0.6412660218314743,k=24",30,0.6547104793276256,30,30,-0.01851531712440957,182.0,0.308520769700408,0.1859209191365808,-0.9633746009887758,0.34332454295408055,1.0,False
2026-08-30T05:50:56.996399+00:00,page_blocks,f1,logarithmic,"c=0.6112828938332491,k=12",30,0.6361951622032159,softmax_radial,"beta=11.118752706560784,k=26",30,0.6971296405782552,30,30,-0.060934478375039035,43.0,0.000269031200173088,0.6885431235757282,-2.036768873297609,0.05089381374111768,0.5916808234187312,False
2026-08-30T05:50:57.022053+00:00,page_blocks,f1,logarithmic,"c=0.6112828938332491,k=12",30,0.6361951622032159,student_t,"k=16,nu=0.0004141502885405813",30,0.6496862690591214,30,30,-0.013491106855905516,150.0,0.22747626562591206,0.22807990968446581,-0.6071372682298719,0.5484844516743999,1.0,False
2026-08-30T05:50:57.047172+00:00,page_blocks,f1,logarithmic,"c=0.6112828938332491,k=12",30,0.6361951622032159,wendland_c2,"h=4.670442449818708,k=15",30,0.6291692385717123,30,30,0.007025923631503925,148.0,0.13288740647153138,0.2790652719096619,0.3842463188936868,0.7035990787990831,1.0,False
2026-08-30T05:50:57.073452+00:00,page_blocks,f1,lorentzian,k=17,30,0.6525561922084459,multiquadratic,"c=4.641148445358149,k=15",30,0.6201400465956535,30,30,0.03241614561279241,2.0,3.527453036695769e-05,0.8625060366832931,1.6239700349399087,0.1152036639574423,0.08176636139060793,False
2026-08-30T05:50:57.098732+00:00,page_blocks,f1,lorentzian,k=17,30,0.6525561922084459,quartic_spline,"h=4.670442449818708,k=15",30,0.6310590472186937,30,30,0.021497144989752366,36.0,0.0011253977870503726,0.6648615016125728,1.6128853961214071,0.11760032386690522,1.0,False
2026-08-30T05:50:57.124382+00:00,page_blocks,f1,lorentzian,k=17,30,0.6525561922084459,radial,"k=21,z=0.15731191654258478",30,0.6775400708458961,30,30,-0.024983878637450205,174.0,0.23665234446525574,0.21605751392774702,-0.7958747102853841,0.43257165433323097,1.0,False
2026-08-30T05:50:57.150740+00:00,page_blocks,f1,lorentzian,k=17,30,0.6525561922084459,rational_quadratic,"alpha=1.734142419906245,k=13,l=0.10478747414378216",30,0.6915853717378198,30,30,-0.039029179529373764,71.0,0.0005054883658885956,0.6349621780182918,-1.8418778826630713,0.07574142019897456,1.0,False
2026-08-30T05:50:57.177484+00:00,page_blocks,f1,lorentzian,k=17,30,0.6525561922084459,rbf_gaussian,"epsilon=3.139118461178404,k=15",30,0.6705424909641099,30,30,-0.01798629875566395,180.0,0.28936620615422726,0.1934397256760088,-0.5958418389655501,0.5559031944202875,1.0,False
2026-08-30T05:50:57.202950+00:00,page_blocks,f1,lorentzian,k=17,30,0.6525561922084459,shepard,"k=15,z=2.9956315415712567",30,0.6835906830578666,30,30,-0.031034490849420646,66.0,0.001053202619987542,0.6083221394865237,-1.8093291505023583,0.08077742797488385,1.0,False
2026-08-30T05:50:57.232497+00:00,page_blocks,f1,lorentzian,k=17,30,0.6525561922084459,sigmoidal,"alpha=6.549308121699945,c=0.6412660218314743,k=24",30,0.6547104793276256,30,30,-0.0021542871191796947,149.0,0.3365521878439186,0.1849445285725509,-0.15861549123132135,0.8750712532053848,1.0,False
2026-08-30T05:50:57.264131+00:00,page_blocks,f1,lorentzian,k=17,30,0.6525561922084459,softmax_radial,"beta=11.118752706560784,k=26",30,0.6971296405782552,30,30,-0.04457344836980916,65.0,0.000283263623714447,0.6627705056810155,-1.8392854875841813,0.0761324037200406,0.6217636540532112,False
2026-08-30T05:50:57.289742+00:00,page_blocks,f1,lorentzian,k=17,30,0.6525561922084459,student_t,"k=16,nu=0.0004141502885405813",30,0.6496862690591214,30,30,0.0028699231493243566,155.0,0.8400716444402775,0.040360367639778724,0.12238732982907875,0.9034364778922965,1.0,False
2026-08-30T05:50:57.315081+00:00,page_blocks,f1,lorentzian,k=17,30,0.6525561922084459,wendland_c2,"h=4.670442449818708,k=15",30,0.6291692385717123,30,30,0.0233869536367338,13.0,5.756328369396694e-05,0.8045166616196573,1.8233763259712321,0.07856993387799371,0.13228042592873604,False
2026-08-30T05:50:57.341138+00:00,page_blocks,f1,multiquadratic,"c=4.641148445358149,k=15",30,0.6201400465956535,quartic_spline,"h=4.670442449818708,k=15",30,0.6310590472186937,30,30,-0.01091900062304004,110.0,0.09619888911292637,0.32625243068923493,-0.826242246178291,0.4154129677287166,1.0,False
2026-08-30T05:50:57.367503+00:00,page_blocks,f1,multiquadratic,"c=4.641148445358149,k=15",30,0.6201400465956535,radial,"k=21,z=0.15731191654258478",30,0.6775400708458961,30,30,-0.05740002425024261,77.0,0.0008718203753232956,0.6077756784491347,-1.808072200227865,0.08097751470666337,1.0,False
2026-08-30T05:50:57.393465+00:00,page_blocks,f1,multiquadratic,"c=4.641148445358149,k=15",30,0.6201400465956535,rational_quadratic,"alpha=1.734142419906245,k=13,l=0.10478747414378216",30,0.6915853717378198,30,30,-0.07144532514216616,31.0,4.421919584274292e-06,0.8381062398724777,-2.621079447534732,0.013811225760788748,0.010541856288909912,True
2026-08-30T05:50:57.420668+00:00,page_blocks,f1,multiquadratic,"c=4.641148445358149,k=15",30,0.6201400465956535,rbf_gaussian,"epsilon=3.139118461178404,k=15",30,0.6705424909641099,30,30,-0.05040244436845635,96.0,0.004031794145703316,0.5250219025481755,-1.4865644010106822,0.1479221063065561,1.0,False
2026-08-30T05:50:57.447101+00:00,page_blocks,f1,multiquadratic,"c=4.641148445358149,k=15",30,0.6201400465956535,shepard,"k=15,z=2.9956315415712567",30,0.6835906830578666,30,30,-0.06345063646221306,24.0,2.863113962230184e-05,0.7769659009284013,-2.5392088695514934,0.016732711640617515,0.06668192418034098,False
2026-08-30T05:50:57.472083+00:00,page_blocks,f1,multiquadratic,"c=4.641148445358149,k=15",30,0.6201400465956535,sigmoidal,"alpha=6.549308121699945,c=0.6412660218314743,k=24",30,0.6547104793276256,30,30,-0.0345704327319721,73.0,0.0030735452532136918,0.5594412879052918,-1.555126308843346,0.1307629159714534,1.0,False
2026-08-30T05:50:57.498938+00:00,page_blocks,f1,multiquadratic,"c=4.641148445358149,k=15",30,0.6201400465956535,softmax_radial,"beta=11.118752706560784,k=26",30,0.6971296405782552,30,30,-0.07698959398260155,26.0,1.991167664527893e-06,0.868015859099374,-2.7338890857284825,0.010556614262752895,0.004760881885886192,True
2026-08-30T05:50:57.524535+00:00,page_blocks,f1,multiquadratic,"c=4.641148445358149,k=15",30,0.6201400465956535,student_t,"k=16,nu=0.0004141502885405813",30,0.6496862690591214,30,30,-0.02954622246346805,68.0,0.002111088108921247,0.5809582605170359,-1.5929275069053457,0.12201924540224507,1.0,False
2026-08-30T05:50:57.550664+00:00,page_blocks,f1,multiquadratic,"c=4.641148445358149,k=15",30,0.6201400465956535,wendland_c2,"h=4.670442449818708,k=15",30,0.6291692385717123,30,30,-0.009029191976058608,88.0,0.1283231731220577,0.3170978076041186,-0.6904296820681458,0.49541322107030483,1.0,False
2026-08-30T05:50:57.577714+00:00,page_blocks,f1,quartic_spline,"h=4.670442449818708,k=15",30,0.6310590472186937,radial,"k=21,z=0.15731191654258478",30,0.6775400708458961,30,30,-0.04648102362720257,94.0,0.003475155681371689,0.533526909098245,-1.584975464626764,0.12381757375200286,1.0,False
2026-08-30T05:50:57.604408+00:00,page_blocks,f1,quartic_spline,"h=4.670442449818708,k=15",30,0.6310590472186937,rational_quadratic,"alpha=1.734142419906245,k=13,l=0.10478747414378216",30,0.6915853717378198,30,30,-0.06052632451912614,23.0,1.1920928955078125e-06,0.8867532035865807,-2.631758650665952,0.013467155762698413,0.002862215042114258,True
2026-08-30T05:50:57.635257+00:00,page_blocks,f1,quartic_spline,"h=4.670442449818708,k=15",30,0.6310590472186937,rbf_gaussian,"epsilon=3.139118461178404,k=15",30,0.6705424909641099,30,30,-0.03948344374541632,105.0,0.007612137123942375,0.48725510872631805,-1.351264181038845,0.18705902492643323,1.0,False
2026-08-30T05:50:57.660290+00:00,page_blocks,f1,quartic_spline,"h=4.670442449818708,k=15",30,0.6310590472186937,shepard,"k=15,z=2.9956315415712567",30,0.6835906830578666,30,30,-0.052531635839173,20.0,1.9496331812351264e-05,0.7930272115419371,-2.630749536795507,0.013499324040150862,0.045777387095400766,True
2026-08-30T05:50:57.686467+00:00,page_blocks,f1,quartic_spline,"h=4.670442449818708,k=15",30,0.6310590472186937,sigmoidal,"alpha=6.549308121699945,c=0.6412660218314743,k=24",30,0.6547104793276256,30,30,-0.02365143210893206,50.0,0.0014353518469266875,0.6251096191068513,-1.5680775718827387,0.1277112628283137,1.0,False
2026-08-30T05:50:57.712803+00:00,page_blocks,f1,quartic_spline,"h=4.670442449818708,k=15",30,0.6310590472186937,softmax_radial,"beta=11.118752706560784,k=26",30,0.6971296405782552,30,30,-0.06607059335956153,16.0,3.1478703022003174e-07,0.9337522414238107,-2.874248982039782,0.0075068072185793255,0.0007658768445253372,True
2026-08-30T05:50:57.739108+00:00,page_blocks,f1,quartic_spline,"h=4.670442449818708,k=15",30,0.6310590472186937,student_t,"k=16,nu=0.0004141502885405813",30,0.6496862690591214,30,30,-0.01862722184042801,106.0,0.04614386788589431,0.38375989678804306,-1.0483305176636637,0.30314516202794706,1.0,False
2026-08-30T05:50:57.773628+00:00,page_blocks,f1,quartic_spline,"h=4.670442449818708,k=15",30,0.6310590472186937,wendland_c2,"h=4.670442449818708,k=15",30,0.6291692385717123,30,30,0.0018898086469814315,17.0,0.004853230851379528,0.6831300510639725,0.5587523071991988,0.5806201160440774,1.0,False
2026-08-30T05:50:57.799413+00:00,page_blocks,f1,radial,"k=21,z=0.15731191654258478",30,0.6775400708458961,rational_quadratic,"alpha=1.734142419906245,k=13,l=0.10478747414378216",30,0.6915853717378198,30,30,-0.014045300891923563,113.0,0.11242805967934756,0.31130957126835385,-0.6359390625840647,0.5298033814550469,1.0,False
2026-08-30T05:50:57.824528+00:00,page_blocks,f1,radial,"k=21,z=0.15731191654258478",30,0.6775400708458961,rbf_gaussian,"epsilon=3.139118461178404,k=15",30,0.6705424909641099,30,30,0.006997579881786254,91.0,0.09185084396186832,0.3440949876766845,0.6148529377417593,0.5434466000402112,1.0,False
2026-08-30T05:50:57.851389+00:00,page_blocks,f1,radial,"k=21,z=0.15731191654258478",30,0.6775400708458961,shepard,"k=15,z=2.9956315415712567",30,0.6835906830578666,30,30,-0.006050612211970441,191.0,0.40449450351297855,0.1521977027572311,-0.232066792595861,0.8181160059317429,1.0,False
2026-08-30T05:50:57.878681+00:00,page_blocks,f1,radial,"k=21,z=0.15731191654258478",30,0.6775400708458961,sigmoidal,"alpha=6.549308121699945,c=0.6412660218314743,k=24",30,0.6547104793276256,30,30,0.02282959151827051,161.0,0.1459994912147522,0.2654278473004966,0.8310561218303887,0.41273230825545326,1.0,False
2026-08-30T05:50:57.904330+00:00,page_blocks,f1,radial,"k=21,z=0.15731191654258478",30,0.6775400708458961,softmax_radial,"beta=11.118752706560784,k=26",30,0.6971296405782552,30,30,-0.019589569732358956,43.0,0.020633435105949553,0.5175660001004027,-1.2254592467048178,0.23026199274805137,1.0,False
2026-08-30T05:50:57.930371+00:00,page_blocks,f1,radial,"k=21,z=0.15731191654258478",30,0.6775400708458961,student_t,"k=16,nu=0.0004141502885405813",30,0.6496862690591214,30,30,0.02785380178677456,156.0,0.11907656863331795,0.28457131580955936,0.9170829022949717,0.3666634444969099,1.0,False
2026-08-30T05:50:57.957844+00:00,page_blocks,f1,radial,"k=21,z=0.15731191654258478",30,0.6775400708458961,wendland_c2,"h=4.670442449818708,k=15",30,0.6291692385717123,30,30,0.048370832274184,91.0,0.0027663204818964005,0.5463674755969707,1.6425691301841192,0.11127316455457414,1.0,False
2026-08-30T05:50:57.983918+00:00,page_blocks,f1,rational_quadratic,"alpha=1.734142419906245,k=13,l=0.10478747414378216",30,0.6915853717378198,rbf_gaussian,"epsilon=3.139118461178404,k=15",30,0.6705424909641099,30,30,0.021042880773709815,108.0,0.05165174631921652,0.37451267035941566,0.8335559209433503,0.41134453258767456,1.0,False
2026-08-30T05:50:58.009501+00:00,page_blocks,f1,rational_quadratic,"alpha=1.734142419906245,k=13,l=0.10478747414378216",30,0.6915853717378198,shepard,"k=15,z=2.9956315415712567",30,0.6835906830578666,30,30,0.007994688679953121,78.0,0.11535248997341421,0.33570244454457937,0.5295908896227636,0.6004268390865317,1.0,False
2026-08-30T05:50:58.034798+00:00,page_blocks,f1,rational_quadratic,"alpha=1.734142419906245,k=13,l=0.10478747414378216",30,0.6915853717378198,sigmoidal,"alpha=6.549308121699945,c=0.6412660218314743,k=24",30,0.6547104793276256,30,30,0.036874892410194066,52.0,0.0003453871103895158,0.6645367266337924,1.6275827899956248,0.11443132078237106,0.7537335716187954,False
2026-08-30T05:50:58.060003+00:00,page_blocks,f1,rational_quadratic,"alpha=1.734142419906245,k=13,l=0.10478747414378216",30,0.6915853717378198,softmax_radial,"beta=11.118752706560784,k=26",30,0.6971296405782552,30,30,-0.005544268840435392,138.0,1.0,0.0,-0.386461892698263,0.7019757356457585,1.0,False
2026-08-30T05:50:58.085681+00:00,page_blocks,f1,rational_quadratic,"alpha=1.734142419906245,k=13,l=0.10478747414378216",30,0.6915853717378198,student_t,"k=16,nu=0.0004141502885405813",30,0.6496862690591214,30,30,0.04189910267869813,56.0,0.0004791544897145572,0.648475416020302,1.6609131195256344,0.10750630695988095,1.0,False
2026-08-30T05:50:58.111864+00:00,page_blocks,f1,rational_quadratic,"alpha=1.734142419906245,k=13,l=0.10478747414378216",30,0.6915853717378198,wendland_c2,"h=4.670442449818708,k=15",30,0.6291692385717123,30,30,0.062416133166107564,23.0,1.1920928955078125e-06,0.8867532035865807,2.703583310321485,0.011352340168059083,0.002862215042114258,True
2026-08-30T05:50:58.138397+00:00,page_blocks,f1,rbf_gaussian,"epsilon=3.139118461178404,k=15",30,0.6705424909641099,shepard,"k=15,z=2.9956315415712567",30,0.6835906830578666,30,30,-0.013048192093756694,148.0,0.21041384431760835,0.23668669872916273,-0.49357267993914283,0.6253254402607444,1.0,False
2026-08-30T05:50:58.165094+00:00,page_blocks,f1,rbf_gaussian,"epsilon=3.139118461178404,k=15",30,0.6705424909641099,sigmoidal,"alpha=6.549308121699945,c=0.6412660218314743,k=24",30,0.6547104793276256,30,30,0.015832011636484254,166.0,0.17719271034002304,0.24637459840182876,0.6183426878447018,0.5411759959557021,1.0,False
2026-08-30T05:50:58.190853+00:00,page_blocks,f1,rbf_gaussian,"epsilon=3.139118461178404,k=15",30,0.6705424909641099,softmax_radial,"beta=11.118752706560784,k=26",30,0.6971296405782552,30,30,-0.026587149614145208,39.0,0.007838221652520782,0.5802326899992181,-1.4214905084349216,0.16583978166784563,1.0,False
2026-08-30T05:50:58.216975+00:00,page_blocks,f1,rbf_gaussian,"epsilon=3.139118461178404,k=15",30,0.6705424909641099,student_t,"k=16,nu=0.0004141502885405813",30,0.6496862690591214,30,30,0.020856221904988308,168.0,0.19092952087521553,0.23877678074438036,0.6889047111105544,0.49635832498999566,1.0,False
2026-08-30T05:50:58.243230+00:00,page_blocks,f1,rbf_gaussian,"epsilon=3.139118461178404,k=15",30,0.6705424909641099,wendland_c2,"h=4.670442449818708,k=15",30,0.6291692385717123,30,30,0.04137325239239775,101.0,0.00577649287879467,0.5039423587514604,1.4067471874140842,0.17012918724816983,1.0,False
2026-08-30T05:50:58.269273+00:00,page_blocks,f1,shepard,"k=15,z=2.9956315415712567",30,0.6835906830578666,sigmoidal,"alpha=6.549308121699945,c=0.6412660218314743,k=24",30,0.6547104793276256,30,30,0.02888020373024095,61.0,0.000714299422212305,0.6283987777534157,1.6118375992072573,0.11782898777757755,1.0,False
2026-08-30T05:50:58.296193+00:00,page_blocks,f1,shepard,"k=15,z=2.9956315415712567",30,0.6835906830578666,softmax_radial,"beta=11.118752706560784,k=26",30,0.6971296405782552,30,30,-0.013538957520388513,142.0,0.1648154704539846,0.2625070658632532,-0.8786089703904872,0.3868353308106869,1.0,False
2026-08-30T05:50:58.321771+00:00,page_blocks,f1,shepard,"k=15,z=2.9956315415712567",30,0.6835906830578666,student_t,"k=16,nu=0.0004141502885405813",30,0.6496862690591214,30,30,0.033904413998745,56.0,0.0004791544897145572,0.648475416020302,1.567845692064711,0.12776538296454532,1.0,False
2026-08-30T05:50:58.347145+00:00,page_blocks,f1,shepard,"k=15,z=2.9956315415712567",30,0.6835906830578666,wendland_c2,"h=4.670442449818708,k=15",30,0.6291692385717123,30,30,0.05442144448615444,15.0,1.1939031151376057e-05,0.8131038498083518,2.6974953550230993,0.011518801727875339,0.028176113517247494,True
2026-08-30T05:50:58.372769+00:00,page_blocks,f1,sigmoidal,"alpha=6.549308121699945,c=0.6412660218314743,k=24",30,0.6547104793276256,softmax_radial,"beta=11.118752706560784,k=26",30,0.6971296405782552,30,30,-0.04241916125062946,42.0,2.0798295736312866e-05,0.7770619906945649,-2.244169411766074,0.032621739562703755,0.04877200350165367,True
2026-08-30T05:50:58.406414+00:00,page_blocks,f1,sigmoidal,"alpha=6.549308121699945,c=0.6412660218314743,k=24",30,0.6547104793276256,student_t,"k=16,nu=0.0004141502885405813",30,0.6496862690591214,30,30,0.005024210268504052,214.0,0.9396727300650676,0.014053646786817512,0.22831073781356373,0.8210069301387404,1.0,False
2026-08-30T05:50:58.432182+00:00,page_blocks,f1,sigmoidal,"alpha=6.549308121699945,c=0.6412660218314743,k=24",30,0.6547104793276256,wendland_c2,"h=4.670442449818708,k=15",30,0.6291692385717123,30,30,0.025541240755913495,42.0,0.00041293675625687497,0.6796711425041257,1.6540922215688005,0.10889435588711138,0.8952468875649049,False
2026-08-30T05:50:58.459670+00:00,page_blocks,f1,softmax_radial,"beta=11.118752706560784,k=26",30,0.6971296405782552,student_t,"k=16,nu=0.0004141502885405813",30,0.6496862690591214,30,30,0.0474433715191335,65.0,0.000283263623714447,0.6627705056810155,1.8780914141939506,0.07045752003853423,0.6217636540532112,False
2026-08-30T05:50:58.485822+00:00,page_blocks,f1,softmax_radial,"beta=11.118752706560784,k=26",30,0.6971296405782552,wendland_c2,"h=4.670442449818708,k=15",30,0.6291692385717123,30,30,0.06796040200654296,18.0,4.7124922275543213e-07,0.9197472933888281,2.889324542825532,0.007233904295108617,0.0011432506144046783,True
2026-08-30T05:50:58.511095+00:00,page_blocks,f1,student_t,"k=16,nu=0.0004141502885405813",30,0.6496862690591214,wendland_c2,"h=4.670442449818708,k=15",30,0.6291692385717123,30,30,0.02051703048740944,98.0,0.016802577730643323,0.45185642484658356,1.1177214400718665,0.27286033786354147,1.0,False
2026-08-30T05:50:58.551666+00:00,seeds,f1,attention,k=30,30,0.5285050280148319,cauchy,"epsilon=5.068077717443547,k=27",30,0.4934029387460759,30,30,0.03510208926875593,1.0,0.006729477984412969,0.8569592084617104,1.612534413949263,0.11767687892717738,1.0,False
2026-08-30T05:50:58.576578+00:00,seeds,f1,attention,k=30,30,0.5285050280148319,cosine,"h=3.342489796049292,k=27",30,0.4934029387460759,30,30,0.03510208926875593,1.0,0.006729477984412969,0.8569592084617104,1.612534413949263,0.11767687892717738,1.0,False
2026-08-30T05:50:58.602183+00:00,seeds,f1,attention,k=30,30,0.5285050280148319,cubic_spline,"h=3.342489796049292,k=27",30,0.4934029387460759,30,30,0.03510208926875593,1.0,0.006729477984412969,0.8569592084617104,1.612534413949263,0.11767687892717738,1.0,False
2026-08-30T05:50:58.627594+00:00,seeds,f1,attention,k=30,30,0.5285050280148319,entropic,"beta=5.068077717443547,k=27",30,0.49646268763915813,30,30,0.032042340375673696,10.0,0.01296475373325301,0.6891417763855763,1.3380051431407922,0.19129272453292057,1.0,False
2026-08-30T05:50:58.652891+00:00,seeds,f1,attention,k=30,30,0.5285050280148319,gen_exponential,"epsilon=0.2217046753718674,k=30,p=1.9007718757911343",30,0.5250845287609993,30,30,0.0034204992538325856,0.0,0.17971249487899976,0.9486832980505135,0.6913708512258789,0.49483043458987663,1.0,False
2026-08-30T05:50:58.677963+00:00,seeds,f1,attention,k=30,30,0.5285050280148319,harmonic,k=30,30,0.5250845287609993,30,30,0.0034204992538325856,0.0,0.17971249487899976,0.9486832980505135,0.6913708512258789,0.49483043458987663,1.0,False
2026-08-30T05:50:58.703659+00:00,seeds,f1,attention,k=30,30,0.5285050280148319,inverse_multiquadratic,"c=0.284104903560722,k=27",30,0.4934029387460759,30,30,0.03510208926875593,1.0,0.006729477984412969,0.8569592084617104,1.612534413949263,0.11767687892717738,1.0,False
2026-08-30T05:50:58.729353+00:00,seeds,f1,attention,k=30,30,0.5285050280148319,laplacian,"epsilon=5.068077717443547,k=27",30,0.49515304049617775,30,30,0.03335198751865418,1.0,0.006729477984412969,0.8569592084617104,1.5764569511369877,0.1257680948008053,1.0,False
2026-08-30T05:50:58.755035+00:00,seeds,f1,attention,k=30,30,0.5285050280148319,logarithmic,"c=0.18337021671045928,k=27",30,0.49035213152860196,30,30,0.038152896486229805,1.0,0.004341753952516261,0.8599711738126741,1.6880368319488812,0.10213178258304723,1.0,False
2026-08-30T05:50:58.777969+00:00,seeds,f1,attention,k=30,30,0.5285050280148319,lorentzian,k=30,30,0.5285050280148319,30,30,0.0,,,,,,,False
2026-08-30T05:50:58.804786+00:00,seeds,f1,attention,k=30,30,0.5285050280148319,multiquadratic,"c=3.195155555698118,k=27",30,0.4886546006644045,30,30,0.03985042735042734,1.0,0.0028093057505008405,0.8625232862778041,1.775115899069742,0.08637663608058199,1.0,False
2026-08-30T05:50:58.831355+00:00,seeds,f1,attention,k=30,30,0.5285050280148319,quartic_spline,"h=3.342489796049292,k=27",30,0.4934029387460759,30,30,0.03510208926875593,1.0,0.006729477984412969,0.8569592084617104,1.612534413949263,0.11767687892717738,1.0,False
2026-08-30T05:50:58.856081+00:00,seeds,f1,attention,k=30,30,0.5285050280148319,radial,"k=27,z=0.5068077717443549",30,0.4934029387460759,30,30,0.03510208926875593,1.0,0.006729477984412969,0.8569592084617104,1.612534413949263,0.11767687892717738,1.0,False
2026-08-30T05:50:58.879799+00:00,seeds,f1,attention,k=30,30,0.5285050280148319,rational_quadratic,"alpha=0.6921704490133188,k=30,l=0.1087305419535857",30,0.5285050280148319,30,30,0.0,,,,,,,False
2026-08-30T05:50:58.904624+00:00,seeds,f1,attention,k=30,30,0.5285050280148319,rbf_gaussian,"epsilon=5.068077717443547,k=27",30,0.49232608350255397,30,30,0.03617894451227784,13.0,0.007489044185233657,0.6904954945970445,1.5157892305948304,0.1403980558372775,1.0,False
2026-08-30T05:50:58.930668+00:00,seeds,f1,attention,k=30,30,0.5285050280148319,shepard,"k=27,z=3.342489796049292",30,0.4934029387460759,30,30,0.03510208926875593,1.0,0.006729477984412969,0.8569592084617104,1.612534413949263,0.11767687892717738,1.0,False
2026-08-30T05:50:58.957600+00:00,seeds,f1,attention,k=30,30,0.5285050280148319,sigmoidal,"alpha=0.802076384452658,c=1.1755789068433506,k=30",30,0.5250845287609993,30,30,0.0034204992538325856,0.0,0.17971249487899976,0.9486832980505135,0.6913708512258789,0.49483043458987663,1.0,False
2026-08-30T05:50:58.983205+00:00,seeds,f1,attention,k=30,30,0.5285050280148319,softmax_radial,"beta=5.068077717443547,k=27",30,0.49515304049617775,30,30,0.03335198751865418,1.0,0.006729477984412969,0.8569592084617104,1.5764569511369877,0.1257680948008053,1.0,False
2026-08-30T05:50:59.008700+00:00,seeds,f1,attention,k=30,30,0.5285050280148319,student_t,"k=27,nu=0.0336246363764408",30,0.4934029387460759,30,30,0.03510208926875593,1.0,0.006729477984412969,0.8569592084617104,1.612534413949263,0.11767687892717738,1.0,False
2026-08-30T05:50:59.034287+00:00,seeds,f1,attention,k=30,30,0.5285050280148319,wendland_c2,"h=3.342489796049292,k=27",30,0.4934029387460759,30,30,0.03510208926875593,1.0,0.006729477984412969,0.8569592084617104,1.612534413949263,0.11767687892717738,1.0,False
2026-08-30T05:50:59.057832+00:00,seeds,f1,cauchy,"epsilon=5.068077717443547,k=27",30,0.4934029387460759,cosine,"h=3.342489796049292,k=27",30,0.4934029387460759,30,30,0.0,,,,,,,False
2026-08-30T05:50:59.082580+00:00,seeds,f1,cauchy,"epsilon=5.068077717443547,k=27",30,0.4934029387460759,cubic_spline,"h=3.342489796049292,k=27",30,0.4934029387460759,30,30,0.0,,,,,,,False
2026-08-30T05:50:59.108080+00:00,seeds,f1,cauchy,"epsilon=5.068077717443547,k=27",30,0.4934029387460759,entropic,"beta=5.068077717443547,k=27",30,0.49646268763915813,30,30,-0.0030597488930822333,3.0,0.22491588401596185,0.5427204202399744,-0.35054596730379833,0.7284625873375878,1.0,False
2026-08-30T05:50:59.136174+00:00,seeds,f1,cauchy,"epsilon=5.068077717443547,k=27",30,0.4934029387460759,gen_exponential,"epsilon=0.2217046753718674,k=30,p=1.9007718757911343",30,0.5250845287609993,30,30,-0.03168159001492335,3.0,0.00749660622116921,0.8062229754493837,-1.4590314022484565,0.1553039627873587,1.0,False
2026-08-30T05:50:59.160640+00:00,seeds,f1,cauchy,"epsilon=5.068077717443547,k=27",30,0.4934029387460759,harmonic,k=30,30,0.5250845287609993,30,30,-0.03168159001492335,3.0,0.00749660622116921,0.8062229754493837,-1.4590314022484565,0.1553039627873587,1.0,False
2026-08-30T05:50:59.184670+00:00,seeds,f1,cauchy,"epsilon=5.068077717443547,k=27",30,0.4934029387460759,inverse_multiquadratic,"c=0.284104903560722,k=27",30,0.4934029387460759,30,30,0.0,,,,,,,False
2026-08-30T05:50:59.209743+00:00,seeds,f1,cauchy,"epsilon=5.068077717443547,k=27",30,0.4934029387460759,laplacian,"epsilon=5.068077717443547,k=27",30,0.49515304049617775,30,30,-0.001750101750101753,0.0,0.31731050786291415,1.0,-0.4803844614152616,0.6345580711906078,1.0,False
2026-08-30T05:50:59.234977+00:00,seeds,f1,cauchy,"epsilon=5.068077717443547,k=27",30,0.4934029387460759,logarithmic,"c=0.18337021671045928,k=27",30,0.49035213152860196,30,30,0.0030508072174738796,0.0,0.17971249487899976,0.9486832980505135,0.6867229052832379,0.4977122616014855,1.0,False
2026-08-30T05:50:59.261167+00:00,seeds,f1,cauchy,"epsilon=5.068077717443547,k=27",30,0.4934029387460759,lorentzian,k=30,30,0.5285050280148319,30,30,-0.03510208926875593,1.0,0.006729477984412969,0.8569592084617104,-1.612534413949263,0.11767687892717738,1.0,False
2026-08-30T05:50:59.286538+00:00,seeds,f1,cauchy,"epsilon=5.068077717443547,k=27",30,0.4934029387460759,multiquadratic,"c=3.195155555698118,k=27",30,0.4886546006644045,30,30,0.004748338081671407,0.0,0.10247043485974937,0.9428090415820637,0.8573240244468373,0.39829563913118204,1.0,False
2026-08-30T05:50:59.310344+00:00,seeds,f1,cauchy,"epsilon=5.068077717443547,k=27",30,0.4934029387460759,quartic_spline,"h=3.342489796049292,k=27",30,0.4934029387460759,30,30,0.0,,,,,,,False
2026-08-30T05:50:59.343108+00:00,seeds,f1,cauchy,"epsilon=5.068077717443547,k=27",30,0.4934029387460759,radial,"k=27,z=0.5068077717443549",30,0.4934029387460759,30,30,0.0,,,,,,,False
2026-08-30T05:50:59.368268+00:00,seeds,f1,cauchy,"epsilon=5.068077717443547,k=27",30,0.4934029387460759,rational_quadratic,"alpha=0.6921704490133188,k=30,l=0.1087305419535857",30,0.5285050280148319,30,30,-0.03510208926875593,1.0,0.006729477984412969,0.8569592084617104,-1.612534413949263,0.11767687892717738,1.0,False
2026-08-30T05:50:59.394017+00:00,seeds,f1,cauchy,"epsilon=5.068077717443547,k=27",30,0.4934029387460759,rbf_gaussian,"epsilon=5.068077717443547,k=27",30,0.49232608350255397,30,30,0.0010768552435219052,13.0,0.8648125041589424,0.06434894520877876,0.10008444031553965,0.9209659938927213,1.0,False
2026-08-30T05:50:59.418509+00:00,seeds,f1,cauchy,"epsilon=5.068077717443547,k=27",30,0.4934029387460759,shepard,"k=27,z=3.342489796049292",30,0.4934029387460759,30,30,0.0,,,,,,,False
2026-08-30T05:50:59.444312+00:00,seeds,f1,cauchy,"epsilon=5.068077717443547,k=27",30,0.4934029387460759,sigmoidal,"alpha=0.802076384452658,c=1.1755789068433506,k=30",30,0.5250845287609993,30,30,-0.03168159001492335,3.0,0.00749660622116921,0.8062229754493837,-1.4590314022484565,0.1553039627873587,1.0,False
2026-08-30T05:50:59.470705+00:00,seeds,f1,cauchy,"epsilon=5.068077717443547,k=27",30,0.4934029387460759,softmax_radial,"beta=5.068077717443547,k=27",30,0.49515304049617775,30,30,-0.001750101750101753,0.0,0.31731050786291415,1.0,-0.4803844614152616,0.6345580711906078,1.0,False
2026-08-30T05:50:59.494259+00:00,seeds,f1,cauchy,"epsilon=5.068077717443547,k=27",30,0.4934029387460759,student_t,"k=27,nu=0.0336246363764408",30,0.4934029387460759,30,30,0.0,,,,,,,False
2026-08-30T05:50:59.518202+00:00,seeds,f1,cauchy,"epsilon=5.068077717443547,k=27",30,0.4934029387460759,wendland_c2,"h=3.342489796049292,k=27",30,0.4934029387460759,30,30,0.0,,,,,,,False
2026-08-30T05:50:59.541688+00:00,seeds,f1,cosine,"h=3.342489796049292,k=27",30,0.4934029387460759,cubic_spline,"h=3.342489796049292,k=27",30,0.4934029387460759,30,30,0.0,,,,,,,False
2026-08-30T05:50:59.569183+00:00,seeds,f1,cosine,"h=3.342489796049292,k=27",30,0.4934029387460759,entropic,"beta=5.068077717443547,k=27",30,0.49646268763915813,30,30,-0.0030597488930822333,3.0,0.22491588401596185,0.5427204202399744,-0.35054596730379833,0.7284625873375878,1.0,False
2026-08-30T05:50:59.596902+00:00,seeds,f1,cosine,"h=3.342489796049292,k=27",30,0.4934029387460759,gen_exponential,"epsilon=0.2217046753718674,k=30,p=1.9007718757911343",30,0.5250845287609993,30,30,-0.03168159001492335,3.0,0.00749660622116921,0.8062229754493837,-1.4590314022484565,0.1553039627873587,1.0,False
2026-08-30T05:50:59.621934+00:00,seeds,f1,cosine,"h=3.342489796049292,k=27",30,0.4934029387460759,harmonic,k=30,30,0.5250845287609993,30,30,-0.03168159001492335,3.0,0.00749660622116921,0.8062229754493837,-1.4590314022484565,0.1553039627873587,1.0,False
2026-08-30T05:50:59.646524+00:00,seeds,f1,cosine,"h=3.342489796049292,k=27",30,0.4934029387460759,inverse_multiquadratic,"c=0.284104903560722,k=27",30,0.4934029387460759,30,30,0.0,,,,,,,False
2026-08-30T05:50:59.671801+00:00,seeds,f1,cosine,"h=3.342489796049292,k=27",30,0.4934029387460759,laplacian,"epsilon=5.068077717443547,k=27",30,0.49515304049617775,30,30,-0.001750101750101753,0.0,0.31731050786291415,1.0,-0.4803844614152616,0.6345580711906078,1.0,False
2026-08-30T05:50:59.696989+00:00,seeds,f1,cosine,"h=3.342489796049292,k=27",30,0.4934029387460759,logarithmic,"c=0.18337021671045928,k=27",30,0.49035213152860196,30,30,0.0030508072174738796,0.0,0.17971249487899976,0.9486832980505135,0.6867229052832379,0.4977122616014855,1.0,False
2026-08-30T05:50:59.722649+00:00,seeds,f1,cosine,"h=3.342489796049292,k=27",30,0.4934029387460759,lorentzian,k=30,30,0.5285050280148319,30,30,-0.03510208926875593,1.0,0.006729477984412969,0.8569592084617104,-1.612534413949263,0.11767687892717738,1.0,False
2026-08-30T05:50:59.748720+00:00,seeds,f1,cosine,"h=3.342489796049292,k=27",30,0.4934029387460759,multiquadratic,"c=3.195155555698118,k=27",30,0.4886546006644045,30,30,0.004748338081671407,0.0,0.10247043485974937,0.9428090415820637,0.8573240244468373,0.39829563913118204,1.0,False
2026-08-30T05:50:59.773256+00:00,seeds,f1,cosine,"h=3.342489796049292,k=27",30,0.4934029387460759,quartic_spline,"h=3.342489796049292,k=27",30,0.4934029387460759,30,30,0.0,,,,,,,False
2026-08-30T05:50:59.797147+00:00,seeds,f1,cosine,"h=3.342489796049292,k=27",30,0.4934029387460759,radial,"k=27,z=0.5068077717443549",30,0.4934029387460759,30,30,0.0,,,,,,,False
2026-08-30T05:50:59.823424+00:00,seeds,f1,cosine,"h=3.342489796049292,k=27",30,0.4934029387460759,rational_quadratic,"alpha=0.6921704490133188,k=30,l=0.1087305419535857",30,0.5285050280148319,30,30,-0.03510208926875593,1.0,0.006729477984412969,0.8569592084617104,-1.612534413949263,0.11767687892717738,1.0,False
2026-08-30T05:50:59.850842+00:00,seeds,f1,cosine,"h=3.342489796049292,k=27",30,0.4934029387460759,rbf_gaussian,"epsilon=5.068077717443547,k=27",30,0.49232608350255397,30,30,0.0010768552435219052,13.0,0.8648125041589424,0.06434894520877876,0.10008444031553965,0.9209659938927213,1.0,False
2026-08-30T05:50:59.881550+00:00,seeds,f1,cosine,"h=3.342489796049292,k=27",30,0.4934029387460759,shepard,"k=27,z=3.342489796049292",30,0.4934029387460759,30,30,0.0,,,,,,,False
2026-08-30T05:50:59.906418+00:00,seeds,f1,cosine,"h=3.342489796049292,k=27",30,0.4934029387460759,sigmoidal,"alpha=0.802076384452658,c=1.1755789068433506,k=30",30,0.5250845287609993,30,30,-0.03168159001492335,3.0,0.00749660622116921,0.8062229754493837,-1.4590314022484565,0.1553039627873587,1.0,False
2026-08-30T05:50:59.932601+00:00,seeds,f1,cosine,"h=3.342489796049292,k=27",30,0.4934029387460759,softmax_radial,"beta=5.068077717443547,k=27",30,0.49515304049617775,30,30,-0.001750101750101753,0.0,0.31731050786291415,1.0,-0.4803844614152616,0.6345580711906078,1.0,False
2026-08-30T05:50:59.957518+00:00,seeds,f1,cosine,"h=3.342489796049292,k=27",30,0.4934029387460759,student_t,"k=27,nu=0.0336246363764408",30,0.4934029387460759,30,30,0.0,,,,,,,False
2026-08-30T05:50:59.981269+00:00,seeds,f1,cosine,"h=3.342489796049292,k=27",30,0.4934029387460759,wendland_c2,"h=3.342489796049292,k=27",30,0.4934029387460759,30,30,0.0,,,,,,,False
2026-08-30T05:51:00.008403+00:00,seeds,f1,cubic_spline,"h=3.342489796049292,k=27",30,0.4934029387460759,entropic,"beta=5.068077717443547,k=27",30,0.49646268763915813,30,30,-0.0030597488930822333,3.0,0.22491588401596185,0.5427204202399744,-0.35054596730379833,0.7284625873375878,1.0,False
2026-08-30T05:51:00.042841+00:00,seeds,f1,cubic_spline,"h=3.342489796049292,k=27",30,0.4934029387460759,gen_exponential,"epsilon=0.2217046753718674,k=30,p=1.9007718757911343",30,0.5250845287609993,30,30,-0.03168159001492335,3.0,0.00749660622116921,0.8062229754493837,-1.4590314022484565,0.1553039627873587,1.0,False
2026-08-30T05:51:00.069340+00:00,seeds,f1,cubic_spline,"h=3.342489796049292,k=27",30,0.4934029387460759,harmonic,k=30,30,0.5250845287609993,30,30,-0.03168159001492335,3.0,0.00749660622116921,0.8062229754493837,-1.4590314022484565,0.1553039627873587,1.0,False
2026-08-30T05:51:00.093033+00:00,seeds,f1,cubic_spline,"h=3.342489796049292,k=27",30,0.4934029387460759,inverse_multiquadratic,"c=0.284104903560722,k=27",30,0.4934029387460759,30,30,0.0,,,,,,,False
2026-08-30T05:51:00.119300+00:00,seeds,f1,cubic_spline,"h=3.342489796049292,k=27",30,0.4934029387460759,laplacian,"epsilon=5.068077717443547,k=27",30,0.49515304049617775,30,30,-0.001750101750101753,0.0,0.31731050786291415,1.0,-0.4803844614152616,0.6345580711906078,1.0,False
2026-08-30T05:51:00.144550+00:00,seeds,f1,cubic_spline,"h=3.342489796049292,k=27",30,0.4934029387460759,logarithmic,"c=0.18337021671045928,k=27",30,0.49035213152860196,30,30,0.0030508072174738796,0.0,0.17971249487899976,0.9486832980505135,0.6867229052832379,0.4977122616014855,1.0,False
2026-08-30T05:51:00.169797+00:00,seeds,f1,cubic_spline,"h=3.342489796049292,k=27",30,0.4934029387460759,lorentzian,k=30,30,0.5285050280148319,30,30,-0.03510208926875593,1.0,0.006729477984412969,0.8569592084617104,-1.612534413949263,0.11767687892717738,1.0,False
2026-08-30T05:51:00.195474+00:00,seeds,f1,cubic_spline,"h=3.342489796049292,k=27",30,0.4934029387460759,multiquadratic,"c=3.195155555698118,k=27",30,0.4886546006644045,30,30,0.004748338081671407,0.0,0.10247043485974937,0.9428090415820637,0.8573240244468373,0.39829563913118204,1.0,False
2026-08-30T05:51:00.218919+00:00,seeds,f1,cubic_spline,"h=3.342489796049292,k=27",30,0.4934029387460759,quartic_spline,"h=3.342489796049292,k=27",30,0.4934029387460759,30,30,0.0,,,,,,,False
2026-08-30T05:51:00.242300+00:00,seeds,f1,cubic_spline,"h=3.342489796049292,k=27",30,0.4934029387460759,radial,"k=27,z=0.5068077717443549",30,0.4934029387460759,30,30,0.0,,,,,,,False
2026-08-30T05:51:00.268717+00:00,seeds,f1,cubic_spline,"h=3.342489796049292,k=27",30,0.4934029387460759,rational_quadratic,"alpha=0.6921704490133188,k=30,l=0.1087305419535857",30,0.5285050280148319,30,30,-0.03510208926875593,1.0,0.006729477984412969,0.8569592084617104,-1.612534413949263,0.11767687892717738,1.0,False
2026-08-30T05:51:00.294820+00:00,seeds,f1,cubic_spline,"h=3.342489796049292,k=27",30,0.4934029387460759,rbf_gaussian,"epsilon=5.068077717443547,k=27",30,0.49232608350255397,30,30,0.0010768552435219052,13.0,0.8648125041589424,0.06434894520877876,0.10008444031553965,0.9209659938927213,1.0,False
2026-08-30T05:51:00.318644+00:00,seeds,f1,cubic_spline,"h=3.342489796049292,k=27",30,0.4934029387460759,shepard,"k=27,z=3.342489796049292",30,0.4934029387460759,30,30,0.0,,,,,,,False
2026-08-30T05:51:00.343286+00:00,seeds,f1,cubic_spline,"h=3.342489796049292,k=27",30,0.4934029387460759,sigmoidal,"alpha=0.802076384452658,c=1.1755789068433506,k=30",30,0.5250845287609993,30,30,-0.03168159001492335,3.0,0.00749660622116921,0.8062229754493837,-1.4590314022484565,0.1553039627873587,1.0,False
2026-08-30T05:51:00.368993+00:00,seeds,f1,cubic_spline,"h=3.342489796049292,k=27",30,0.4934029387460759,softmax_radial,"beta=5.068077717443547,k=27",30,0.49515304049617775,30,30,-0.001750101750101753,0.0,0.31731050786291415,1.0,-0.4803844614152616,0.6345580711906078,1.0,False
2026-08-30T05:51:00.393285+00:00,seeds,f1,cubic_spline,"h=3.342489796049292,k=27",30,0.4934029387460759,student_t,"k=27,nu=0.0336246363764408",30,0.4934029387460759,30,30,0.0,,,,,,,False
2026-08-30T05:51:00.417600+00:00,seeds,f1,cubic_spline,"h=3.342489796049292,k=27",30,0.4934029387460759,wendland_c2,"h=3.342489796049292,k=27",30,0.4934029387460759,30,30,0.0,,,,,,,False
2026-08-30T05:51:00.442678+00:00,seeds,f1,entropic,"beta=5.068077717443547,k=27",30,0.49646268763915813,gen_exponential,"epsilon=0.2217046753718674,k=30,p=1.9007718757911343",30,0.5250845287609993,30,30,-0.028621841121841112,14.5,0.0168924846294852,0.6384976720744526,-1.2236556049199367,0.23093175033971525,1.0,False
2026-08-30T05:51:00.469135+00:00,seeds,f1,entropic,"beta=5.068077717443547,k=27",30,0.49646268763915813,harmonic,k=30,30,0.5250845287609993,30,30,-0.028621841121841112,14.5,0.0168924846294852,0.6384976720744526,-1.2236556049199367,0.23093175033971525,1.0,False
2026-08-30T05:51:00.495385+00:00,seeds,f1,entropic,"beta=5.068077717443547,k=27",30,0.49646268763915813,inverse_multiquadratic,"c=0.284104903560722,k=27",30,0.4934029387460759,30,30,0.0030597488930822333,3.0,0.22491588401596185,0.5427204202399744,0.35054596730379833,0.7284625873375878,1.0,False
2026-08-30T05:51:00.520976+00:00,seeds,f1,entropic,"beta=5.068077717443547,k=27",30,0.49646268763915813,laplacian,"epsilon=5.068077717443547,k=27",30,0.49515304049617775,30,30,0.00130964714298048,3.0,0.4652088184521418,0.36514837167011077,0.16422023932222732,0.870697019234465,1.0,False
2026-08-30T05:51:00.546738+00:00,seeds,f1,entropic,"beta=5.068077717443547,k=27",30,0.49646268763915813,logarithmic,"c=0.18337021671045928,k=27",30,0.49035213152860196,30,30,0.0061105561105561125,1.5,0.10405923452892792,0.7269390393784589,0.6976560768081087,0.4909484291179975,1.0,False
2026-08-30T05:51:00.571769+00:00,seeds,f1,entropic,"beta=5.068077717443547,k=27",30,0.49646268763915813,lorentzian,k=30,30,0.5285050280148319,30,30,-0.032042340375673696,10.0,0.01296475373325301,0.6891417763855763,-1.3380051431407922,0.19129272453292057,1.0,False
2026-08-30T05:51:00.596903+00:00,seeds,f1,entropic,"beta=5.068077717443547,k=27",30,0.49646268763915813,multiquadratic,"c=3.195155555698118,k=27",30,0.4886546006644045,30,30,0.00780808697475364,2.0,0.07154597258900632,0.7356619480934561,0.8414699443370631,0.40697027885061376,1.0,False
2026-08-30T05:51:00.622629+00:00,seeds,f1,entropic,"beta=5.068077717443547,k=27",30,0.49646268763915813,quartic_spline,"h=3.342489796049292,k=27",30,0.4934029387460759,30,30,0.0030597488930822333,3.0,0.22491588401596185,0.5427204202399744,0.35054596730379833,0.7284625873375878,1.0,False
2026-08-30T05:51:00.648213+00:00,seeds,f1,entropic,"beta=5.068077717443547,k=27",30,0.49646268763915813,radial,"k=27,z=0.5068077717443549",30,0.4934029387460759,30,30,0.0030597488930822333,3.0,0.22491588401596185,0.5427204202399744,0.35054596730379833,0.7284625873375878,1.0,False
2026-08-30T05:51:00.673905+00:00,seeds,f1,entropic,"beta=5.068077717443547,k=27",30,0.49646268763915813,rational_quadratic,"alpha=0.6921704490133188,k=30,l=0.1087305419535857",30,0.5285050280148319,30,30,-0.032042340375673696,10.0,0.01296475373325301,0.6891417763855763,-1.3380051431407922,0.19129272453292057,1.0,False
2026-08-30T05:51:00.699257+00:00,seeds,f1,entropic,"beta=5.068077717443547,k=27",30,0.49646268763915813,rbf_gaussian,"epsilon=5.068077717443547,k=27",30,0.49232608350255397,30,30,0.004136604136604138,0.0,0.15729920705028502,1.0000000000000002,0.6913913349341154,0.4948177550501378,1.0,False
2026-08-30T05:51:00.726303+00:00,seeds,f1,entropic,"beta=5.068077717443547,k=27",30,0.49646268763915813,shepard,"k=27,z=3.342489796049292",30,0.4934029387460759,30,30,0.0030597488930822333,3.0,0.22491588401596185,0.5427204202399744,0.35054596730379833,0.7284625873375878,1.0,False
2026-08-30T05:51:00.752931+00:00,seeds,f1,entropic,"beta=5.068077717443547,k=27",30,0.49646268763915813,sigmoidal,"alpha=0.802076384452658,c=1.1755789068433506,k=30",30,0.5250845287609993,30,30,-0.028621841121841112,14.5,0.0168924846294852,0.6384976720744526,-1.2236556049199367,0.23093175033971525,1.0,False
2026-08-30T05:51:00.779120+00:00,seeds,f1,entropic,"beta=5.068077717443547,k=27",30,0.49646268763915813,softmax_radial,"beta=5.068077717443547,k=27",30,0.49515304049617775,30,30,0.00130964714298048,3.0,0.4652088184521418,0.36514837167011077,0.16422023932222732,0.870697019234465,1.0,False
2026-08-30T05:51:00.804581+00:00,seeds,f1,entropic,"beta=5.068077717443547,k=27",30,0.49646268763915813,student_t,"k=27,nu=0.0336246363764408",30,0.4934029387460759,30,30,0.0030597488930822333,3.0,0.22491588401596185,0.5427204202399744,0.35054596730379833,0.7284625873375878,1.0,False
2026-08-30T05:51:00.830183+00:00,seeds,f1,entropic,"beta=5.068077717443547,k=27",30,0.49646268763915813,wendland_c2,"h=3.342489796049292,k=27",30,0.4934029387460759,30,30,0.0030597488930822333,3.0,0.22491588401596185,0.5427204202399744,0.35054596730379833,0.7284625873375878,1.0,False
2026-08-30T05:51:00.853322+00:00,seeds,f1,gen_exponential,"epsilon=0.2217046753718674,k=30,p=1.9007718757911343",30,0.5250845287609993,harmonic,k=30,30,0.5250845287609993,30,30,0.0,,,,,,,False
2026-08-30T05:51:00.878568+00:00,seeds,f1,gen_exponential,"epsilon=0.2217046753718674,k=30,p=1.9007718757911343",30,0.5250845287609993,inverse_multiquadratic,"c=0.284104903560722,k=27",30,0.4934029387460759,30,30,0.03168159001492335,3.0,0.00749660622116921,0.8062229754493837,1.4590314022484565,0.1553039627873587,1.0,False
2026-08-30T05:51:00.903559+00:00,seeds,f1,gen_exponential,"epsilon=0.2217046753718674,k=30,p=1.9007718757911343",30,0.5250845287609993,laplacian,"epsilon=5.068077717443547,k=27",30,0.49515304049617775,30,30,0.029931488264821598,3.0,0.00749660622116921,0.8062229754493837,1.4213736923853426,0.16587342848038467,1.0,False
2026-08-30T05:51:00.931454+00:00,seeds,f1,gen_exponential,"epsilon=0.2217046753718674,k=30,p=1.9007718757911343",30,0.5250845287609993,logarithmic,"c=0.18337021671045928,k=27",30,0.49035213152860196,30,30,0.034732397232397225,1.0,0.006693593411311255,0.8575198622400098,1.610898252603131,0.11803429617938344,1.0,False
2026-08-30T05:51:00.957832+00:00,seeds,f1,gen_exponential,"epsilon=0.2217046753718674,k=30,p=1.9007718757911343",30,0.5250845287609993,lorentzian,k=30,30,0.5285050280148319,30,30,-0.0034204992538325856,0.0,0.17971249487899976,0.9486832980505135,-0.6913708512258789,0.49483043458987663,1.0,False
2026-08-30T05:51:00.983429+00:00,seeds,f1,gen_exponential,"epsilon=0.2217046753718674,k=30,p=1.9007718757911343",30,0.5250845287609993,multiquadratic,"c=3.195155555698118,k=27",30,0.4886546006644045,30,30,0.036429928096594746,1.0,0.004322434173495363,0.8603984887080222,1.6990364949030214,0.10001724991754535,1.0,False
2026-08-30T05:51:01.010141+00:00,seeds,f1,gen_exponential,"epsilon=0.2217046753718674,k=30,p=1.9007718757911343",30,0.5250845287609993,quartic_spline,"h=3.342489796049292,k=27",30,0.4934029387460759,30,30,0.03168159001492335,3.0,0.00749660622116921,0.8062229754493837,1.4590314022484565,0.1553039627873587,1.0,False
2026-08-30T05:51:01.036518+00:00,seeds,f1,gen_exponential,"epsilon=0.2217046753718674,k=30,p=1.9007718757911343",30,0.5250845287609993,radial,"k=27,z=0.5068077717443549",30,0.4934029387460759,30,30,0.03168159001492335,3.0,0.00749660622116921,0.8062229754493837,1.4590314022484565,0.1553039627873587,1.0,False
2026-08-30T05:51:01.062453+00:00,seeds,f1,gen_exponential,"epsilon=0.2217046753718674,k=30,p=1.9007718757911343",30,0.5250845287609993,rational_quadratic,"alpha=0.6921704490133188,k=30,l=0.1087305419535857",30,0.5285050280148319,30,30,-0.0034204992538325856,0.0,0.17971249487899976,0.9486832980505135,-0.6913708512258789,0.49483043458987663,1.0,False
2026-08-30T05:51:01.089175+00:00,seeds,f1,gen_exponential,"epsilon=0.2217046753718674,k=30,p=1.9007718757911343",30,0.5250845287609993,rbf_gaussian,"epsilon=5.068077717443547,k=27",30,0.49232608350255397,30,30,0.032758445258445255,17.5,0.008905320560157302,0.6539168987951348,1.399977035828206,0.1721279852264348,1.0,False
2026-08-30T05:51:01.115186+00:00,seeds,f1,gen_exponential,"epsilon=0.2217046753718674,k=30,p=1.9007718757911343",30,0.5250845287609993,shepard,"k=27,z=3.342489796049292",30,0.4934029387460759,30,30,0.03168159001492335,3.0,0.00749660622116921,0.8062229754493837,1.4590314022484565,0.1553039627873587,1.0,False
2026-08-30T05:51:01.139254+00:00,seeds,f1,gen_exponential,"epsilon=0.2217046753718674,k=30,p=1.9007718757911343",30,0.5250845287609993,sigmoidal,"alpha=0.802076384452658,c=1.1755789068433506,k=30",30,0.5250845287609993,30,30,0.0,,,,,,,False
2026-08-30T05:51:01.164846+00:00,seeds,f1,gen_exponential,"epsilon=0.2217046753718674,k=30,p=1.9007718757911343",30,0.5250845287609993,softmax_radial,"beta=5.068077717443547,k=27",30,0.49515304049617775,30,30,0.029931488264821598,3.0,0.00749660622116921,0.8062229754493837,1.4213736923853426,0.16587342848038467,1.0,False
2026-08-30T05:51:01.190260+00:00,seeds,f1,gen_exponential,"epsilon=0.2217046753718674,k=30,p=1.9007718757911343",30,0.5250845287609993,student_t,"k=27,nu=0.0336246363764408",30,0.4934029387460759,30,30,0.03168159001492335,3.0,0.00749660622116921,0.8062229754493837,1.4590314022484565,0.1553039627873587,1.0,False
2026-08-30T05:51:01.215986+00:00,seeds,f1,gen_exponential,"epsilon=0.2217046753718674,k=30,p=1.9007718757911343",30,0.5250845287609993,wendland_c2,"h=3.342489796049292,k=27",30,0.4934029387460759,30,30,0.03168159001492335,3.0,0.00749660622116921,0.8062229754493837,1.4590314022484565,0.1553039627873587,1.0,False
2026-08-30T05:51:01.241244+00:00,seeds,f1,harmonic,k=30,30,0.5250845287609993,inverse_multiquadratic,"c=0.284104903560722,k=27",30,0.4934029387460759,30,30,0.03168159001492335,3.0,0.00749660622116921,0.8062229754493837,1.4590314022484565,0.1553039627873587,1.0,False
2026-08-30T05:51:01.266418+00:00,seeds,f1,harmonic,k=30,30,0.5250845287609993,laplacian,"epsilon=5.068077717443547,k=27",30,0.49515304049617775,30,30,0.029931488264821598,3.0,0.00749660622116921,0.8062229754493837,1.4213736923853426,0.16587342848038467,1.0,False
2026-08-30T05:51:01.292776+00:00,seeds,f1,harmonic,k=30,30,0.5250845287609993,logarithmic,"c=0.18337021671045928,k=27",30,0.49035213152860196,30,30,0.034732397232397225,1.0,0.006693593411311255,0.8575198622400098,1.610898252603131,0.11803429617938344,1.0,False
2026-08-30T05:51:01.319236+00:00,seeds,f1,harmonic,k=30,30,0.5250845287609993,lorentzian,k=30,30,0.5285050280148319,30,30,-0.0034204992538325856,0.0,0.17971249487899976,0.9486832980505135,-0.6913708512258789,0.49483043458987663,1.0,False
2026-08-30T05:51:01.344859+00:00,seeds,f1,harmonic,k=30,30,0.5250845287609993,multiquadratic,"c=3.195155555698118,k=27",30,0.4886546006644045,30,30,0.036429928096594746,1.0,0.004322434173495363,0.8603984887080222,1.6990364949030214,0.10001724991754535,1.0,False
2026-08-30T05:51:01.370294+00:00,seeds,f1,harmonic,k=30,30,0.5250845287609993,quartic_spline,"h=3.342489796049292,k=27",30,0.4934029387460759,30,30,0.03168159001492335,3.0,0.00749660622116921,0.8062229754493837,1.4590314022484565,0.1553039627873587,1.0,False
2026-08-30T05:51:01.394940+00:00,seeds,f1,harmonic,k=30,30,0.5250845287609993,radial,"k=27,z=0.5068077717443549",30,0.4934029387460759,30,30,0.03168159001492335,3.0,0.00749660622116921,0.8062229754493837,1.4590314022484565,0.1553039627873587,1.0,False
2026-08-30T05:51:01.420674+00:00,seeds,f1,harmonic,k=30,30,0.5250845287609993,rational_quadratic,"alpha=0.6921704490133188,k=30,l=0.1087305419535857",30,0.5285050280148319,30,30,-0.0034204992538325856,0.0,0.17971249487899976,0.9486832980505135,-0.6913708512258789,0.49483043458987663,1.0,False
2026-08-30T05:51:01.454953+00:00,seeds,f1,harmonic,k=30,30,0.5250845287609993,rbf_gaussian,"epsilon=5.068077717443547,k=27",30,0.49232608350255397,30,30,0.032758445258445255,17.5,0.008905320560157302,0.6539168987951348,1.399977035828206,0.1721279852264348,1.0,False
2026-08-30T05:51:01.480836+00:00,seeds,f1,harmonic,k=30,30,0.5250845287609993,shepard,"k=27,z=3.342489796049292",30,0.4934029387460759,30,30,0.03168159001492335,3.0,0.00749660622116921,0.8062229754493837,1.4590314022484565,0.1553039627873587,1.0,False
2026-08-30T05:51:01.504706+00:00,seeds,f1,harmonic,k=30,30,0.5250845287609993,sigmoidal,"alpha=0.802076384452658,c=1.1755789068433506,k=30",30,0.5250845287609993,30,30,0.0,,,,,,,False
2026-08-30T05:51:01.530485+00:00,seeds,f1,harmonic,k=30,30,0.5250845287609993,softmax_radial,"beta=5.068077717443547,k=27",30,0.49515304049617775,30,30,0.029931488264821598,3.0,0.00749660622116921,0.8062229754493837,1.4213736923853426,0.16587342848038467,1.0,False
2026-08-30T05:51:01.555573+00:00,seeds,f1,harmonic,k=30,30,0.5250845287609993,student_t,"k=27,nu=0.0336246363764408",30,0.4934029387460759,30,30,0.03168159001492335,3.0,0.00749660622116921,0.8062229754493837,1.4590314022484565,0.1553039627873587,1.0,False
2026-08-30T05:51:01.581108+00:00,seeds,f1,harmonic,k=30,30,0.5250845287609993,wendland_c2,"h=3.342489796049292,k=27",30,0.4934029387460759,30,30,0.03168159001492335,3.0,0.00749660622116921,0.8062229754493837,1.4590314022484565,0.1553039627873587,1.0,False
2026-08-30T05:51:01.606189+00:00,seeds,f1,inverse_multiquadratic,"c=0.284104903560722,k=27",30,0.4934029387460759,laplacian,"epsilon=5.068077717443547,k=27",30,0.49515304049617775,30,30,-0.001750101750101753,0.0,0.31731050786291415,1.0,-0.4803844614152616,0.6345580711906078,1.0,False
2026-08-30T05:51:01.632529+00:00,seeds,f1,inverse_multiquadratic,"c=0.284104903560722,k=27",30,0.4934029387460759,logarithmic,"c=0.18337021671045928,k=27",30,0.49035213152860196,30,30,0.0030508072174738796,0.0,0.17971249487899976,0.9486832980505135,0.6867229052832379,0.4977122616014855,1.0,False
2026-08-30T05:51:01.659468+00:00,seeds,f1,inverse_multiquadratic,"c=0.284104903560722,k=27",30,0.4934029387460759,lorentzian,k=30,30,0.5285050280148319,30,30,-0.03510208926875593,1.0,0.006729477984412969,0.8569592084617104,-1.612534413949263,0.11767687892717738,1.0,False
2026-08-30T05:51:01.685157+00:00,seeds,f1,inverse_multiquadratic,"c=0.284104903560722,k=27",30,0.4934029387460759,multiquadratic,"c=3.195155555698118,k=27",30,0.4886546006644045,30,30,0.004748338081671407,0.0,0.10247043485974937,0.9428090415820637,0.8573240244468373,0.39829563913118204,1.0,False
2026-08-30T05:51:01.709414+00:00,seeds,f1,inverse_multiquadratic,"c=0.284104903560722,k=27",30,0.4934029387460759,quartic_spline,"h=3.342489796049292,k=27",30,0.4934029387460759,30,30,0.0,,,,,,,False
2026-08-30T05:51:01.734076+00:00,seeds,f1,inverse_multiquadratic,"c=0.284104903560722,k=27",30,0.4934029387460759,radial,"k=27,z=0.5068077717443549",30,0.4934029387460759,30,30,0.0,,,,,,,False
2026-08-30T05:51:01.758999+00:00,seeds,f1,inverse_multiquadratic,"c=0.284104903560722,k=27",30,0.4934029387460759,rational_quadratic,"alpha=0.6921704490133188,k=30,l=0.1087305419535857",30,0.5285050280148319,30,30,-0.03510208926875593,1.0,0.006729477984412969,0.8569592084617104,-1.612534413949263,0.11767687892717738,1.0,False
2026-08-30T05:51:01.784055+00:00,seeds,f1,inverse_multiquadratic,"c=0.284104903560722,k=27",30,0.4934029387460759,rbf_gaussian,"epsilon=5.068077717443547,k=27",30,0.49232608350255397,30,30,0.0010768552435219052,13.0,0.8648125041589424,0.06434894520877876,0.10008444031553965,0.9209659938927213,1.0,False
2026-08-30T05:51:01.807498+00:00,seeds,f1,inverse_multiquadratic,"c=0.284104903560722,k=27",30,0.4934029387460759,shepard,"k=27,z=3.342489796049292",30,0.4934029387460759,30,30,0.0,,,,,,,False
2026-08-30T05:51:01.834795+00:00,seeds,f1,inverse_multiquadratic,"c=0.284104903560722,k=27",30,0.4934029387460759,sigmoidal,"alpha=0.802076384452658,c=1.1755789068433506,k=30",30,0.5250845287609993,30,30,-0.03168159001492335,3.0,0.00749660622116921,0.8062229754493837,-1.4590314022484565,0.1553039627873587,1.0,False
2026-08-30T05:51:01.859949+00:00,seeds,f1,inverse_multiquadratic,"c=0.284104903560722,k=27",30,0.4934029387460759,softmax_radial,"beta=5.068077717443547,k=27",30,0.49515304049617775,30,30,-0.001750101750101753,0.0,0.31731050786291415,1.0,-0.4803844614152616,0.6345580711906078,1.0,False
2026-08-30T05:51:01.883457+00:00,seeds,f1,inverse_multiquadratic,"c=0.284104903560722,k=27",30,0.4934029387460759,student_t,"k=27,nu=0.0336246363764408",30,0.4934029387460759,30,30,0.0,,,,,,,False
2026-08-30T05:51:01.910446+00:00,seeds,f1,inverse_multiquadratic,"c=0.284104903560722,k=27",30,0.4934029387460759,wendland_c2,"h=3.342489796049292,k=27",30,0.4934029387460759,30,30,0.0,,,,,,,False
2026-08-30T05:51:01.936274+00:00,seeds,f1,laplacian,"epsilon=5.068077717443547,k=27",30,0.49515304049617775,logarithmic,"c=0.18337021671045928,k=27",30,0.49035213152860196,30,30,0.004800908967575633,0.0,0.10880943004054569,0.9258200997725514,0.8565805584935196,0.39869979363569175,1.0,False
2026-08-30T05:51:01.962105+00:00,seeds,f1,laplacian,"epsilon=5.068077717443547,k=27",30,0.49515304049617775,lorentzian,k=30,30,0.5285050280148319,30,30,-0.03335198751865418,1.0,0.006729477984412969,0.8569592084617104,-1.5764569511369877,0.1257680948008053,1.0,False
2026-08-30T05:51:01.992437+00:00,seeds,f1,laplacian,"epsilon=5.068077717443547,k=27",30,0.49515304049617775,multiquadratic,"c=3.195155555698118,k=27",30,0.4886546006644045,30,30,0.00649843983177316,0.0,0.06559969214707187,0.9205746178983235,1.0091849751047264,0.3212326078800971,1.0,False
2026-08-30T05:51:02.018229+00:00,seeds,f1,laplacian,"epsilon=5.068077717443547,k=27",30,0.49515304049617775,quartic_spline,"h=3.342489796049292,k=27",30,0.4934029387460759,30,30,0.001750101750101753,0.0,0.31731050786291415,1.0,0.4803844614152616,0.6345580711906078,1.0,False
2026-08-30T05:51:02.043590+00:00,seeds,f1,laplacian,"epsilon=5.068077717443547,k=27",30,0.49515304049617775,radial,"k=27,z=0.5068077717443549",30,0.4934029387460759,30,30,0.001750101750101753,0.0,0.31731050786291415,1.0,0.4803844614152616,0.6345580711906078,1.0,False
2026-08-30T05:51:02.071773+00:00,seeds,f1,laplacian,"epsilon=5.068077717443547,k=27",30,0.49515304049617775,rational_quadratic,"alpha=0.6921704490133188,k=30,l=0.1087305419535857",30,0.5285050280148319,30,30,-0.03335198751865418,1.0,0.006729477984412969,0.8569592084617104,-1.5764569511369877,0.1257680948008053,1.0,False
2026-08-30T05:51:02.100886+00:00,seeds,f1,laplacian,"epsilon=5.068077717443547,k=27",30,0.49515304049617775,rbf_gaussian,"epsilon=5.068077717443547,k=27",30,0.49232608350255397,30,30,0.0028269569936236584,10.0,0.9155825203905921,0.04327423224079158,0.2812715648002922,0.780499348122011,1.0,False
2026-08-30T05:51:02.125850+00:00,seeds,f1,laplacian,"epsilon=5.068077717443547,k=27",30,0.49515304049617775,shepard,"k=27,z=3.342489796049292",30,0.4934029387460759,30,30,0.001750101750101753,0.0,0.31731050786291415,1.0,0.4803844614152616,0.6345580711906078,1.0,False
2026-08-30T05:51:02.152303+00:00,seeds,f1,laplacian,"epsilon=5.068077717443547,k=27",30,0.49515304049617775,sigmoidal,"alpha=0.802076384452658,c=1.1755789068433506,k=30",30,0.5250845287609993,30,30,-0.029931488264821598,3.0,0.00749660622116921,0.8062229754493837,-1.4213736923853426,0.16587342848038467,1.0,False
2026-08-30T05:51:02.175885+00:00,seeds,f1,laplacian,"epsilon=5.068077717443547,k=27",30,0.49515304049617775,softmax_radial,"beta=5.068077717443547,k=27",30,0.49515304049617775,30,30,0.0,,,,,,,False
2026-08-30T05:51:02.201136+00:00,seeds,f1,laplacian,"epsilon=5.068077717443547,k=27",30,0.49515304049617775,student_t,"k=27,nu=0.0336246363764408",30,0.4934029387460759,30,30,0.001750101750101753,0.0,0.31731050786291415,1.0,0.4803844614152616,0.6345580711906078,1.0,False
2026-08-30T05:51:02.226624+00:00,seeds,f1,laplacian,"epsilon=5.068077717443547,k=27",30,0.49515304049617775,wendland_c2,"h=3.342489796049292,k=27",30,0.4934029387460759,30,30,0.001750101750101753,0.0,0.31731050786291415,1.0,0.4803844614152616,0.6345580711906078,1.0,False
2026-08-30T05:51:02.253015+00:00,seeds,f1,logarithmic,"c=0.18337021671045928,k=27",30,0.49035213152860196,lorentzian,k=30,30,0.5285050280148319,30,30,-0.038152896486229805,1.0,0.004341753952516261,0.8599711738126741,-1.6880368319488812,0.10213178258304723,1.0,False
2026-08-30T05:51:02.280069+00:00,seeds,f1,logarithmic,"c=0.18337021671045928,k=27",30,0.49035213152860196,multiquadratic,"c=3.195155555698118,k=27",30,0.4886546006644045,30,30,0.0016975308641975274,0.0,0.31731050786291415,1.0,0.4803844614152613,0.6345580711906083,1.0,False
2026-08-30T05:51:02.306306+00:00,seeds,f1,logarithmic,"c=0.18337021671045928,k=27",30,0.49035213152860196,quartic_spline,"h=3.342489796049292,k=27",30,0.4934029387460759,30,30,-0.0030508072174738796,0.0,0.17971249487899976,0.9486832980505135,-0.6867229052832379,0.4977122616014855,1.0,False
2026-08-30T05:51:02.331587+00:00,seeds,f1,logarithmic,"c=0.18337021671045928,k=27",30,0.49035213152860196,radial,"k=27,z=0.5068077717443549",30,0.4934029387460759,30,30,-0.0030508072174738796,0.0,0.17971249487899976,0.9486832980505135,-0.6867229052832379,0.4977122616014855,1.0,False
2026-08-30T05:51:02.357907+00:00,seeds,f1,logarithmic,"c=0.18337021671045928,k=27",30,0.49035213152860196,rational_quadratic,"alpha=0.6921704490133188,k=30,l=0.1087305419535857",30,0.5285050280148319,30,30,-0.038152896486229805,1.0,0.004341753952516261,0.8599711738126741,-1.6880368319488812,0.10213178258304723,1.0,False
2026-08-30T05:51:02.383741+00:00,seeds,f1,logarithmic,"c=0.18337021671045928,k=27",30,0.49035213152860196,rbf_gaussian,"epsilon=5.068077717443547,k=27",30,0.49232608350255397,30,30,-0.0019739519739519745,11.5,0.6698153575994166,0.16116459280507606,-0.18014739576162014,0.8582898093982265,1.0,False
2026-08-30T05:51:02.408862+00:00,seeds,f1,logarithmic,"c=0.18337021671045928,k=27",30,0.49035213152860196,shepard,"k=27,z=3.342489796049292",30,0.4934029387460759,30,30,-0.0030508072174738796,0.0,0.17971249487899976,0.9486832980505135,-0.6867229052832379,0.4977122616014855,1.0,False
2026-08-30T05:51:02.434449+00:00,seeds,f1,logarithmic,"c=0.18337021671045928,k=27",30,0.49035213152860196,sigmoidal,"alpha=0.802076384452658,c=1.1755789068433506,k=30",30,0.5250845287609993,30,30,-0.034732397232397225,1.0,0.006693593411311255,0.8575198622400098,-1.610898252603131,0.11803429617938344,1.0,False
2026-08-30T05:51:02.459413+00:00,seeds,f1,logarithmic,"c=0.18337021671045928,k=27",30,0.49035213152860196,softmax_radial,"beta=5.068077717443547,k=27",30,0.49515304049617775,30,30,-0.004800908967575633,0.0,0.10880943004054569,0.9258200997725514,-0.8565805584935196,0.39869979363569175,1.0,False
2026-08-30T05:51:02.485484+00:00,seeds,f1,logarithmic,"c=0.18337021671045928,k=27",30,0.49035213152860196,student_t,"k=27,nu=0.0336246363764408",30,0.4934029387460759,30,30,-0.0030508072174738796,0.0,0.17971249487899976,0.9486832980505135,-0.6867229052832379,0.4977122616014855,1.0,False
2026-08-30T05:51:02.511069+00:00,seeds,f1,logarithmic,"c=0.18337021671045928,k=27",30,0.49035213152860196,wendland_c2,"h=3.342489796049292,k=27",30,0.4934029387460759,30,30,-0.0030508072174738796,0.0,0.17971249487899976,0.9486832980505135,-0.6867229052832379,0.4977122616014855,1.0,False
2026-08-30T05:51:02.536630+00:00,seeds,f1,lorentzian,k=30,30,0.5285050280148319,multiquadratic,"c=3.195155555698118,k=27",30,0.4886546006644045,30,30,0.03985042735042734,1.0,0.0028093057505008405,0.8625232862778041,1.775115899069742,0.08637663608058199,1.0,False
2026-08-30T05:51:02.565591+00:00,seeds,f1,lorentzian,k=30,30,0.5285050280148319,quartic_spline,"h=3.342489796049292,k=27",30,0.4934029387460759,30,30,0.03510208926875593,1.0,0.006729477984412969,0.8569592084617104,1.612534413949263,0.11767687892717738,1.0,False
2026-08-30T05:51:02.593851+00:00,seeds,f1,lorentzian,k=30,30,0.5285050280148319,radial,"k=27,z=0.5068077717443549",30,0.4934029387460759,30,30,0.03510208926875593,1.0,0.006729477984412969,0.8569592084617104,1.612534413949263,0.11767687892717738,1.0,False
2026-08-30T05:51:02.617547+00:00,seeds,f1,lorentzian,k=30,30,0.5285050280148319,rational_quadratic,"alpha=0.6921704490133188,k=30,l=0.1087305419535857",30,0.5285050280148319,30,30,0.0,,,,,,,False
2026-08-30T05:51:02.643629+00:00,seeds,f1,lorentzian,k=30,30,0.5285050280148319,rbf_gaussian,"epsilon=5.068077717443547,k=27",30,0.49232608350255397,30,30,0.03617894451227784,13.0,0.007489044185233657,0.6904954945970445,1.5157892305948304,0.1403980558372775,1.0,False
2026-08-30T05:51:02.669360+00:00,seeds,f1,lorentzian,k=30,30,0.5285050280148319,shepard,"k=27,z=3.342489796049292",30,0.4934029387460759,30,30,0.03510208926875593,1.0,0.006729477984412969,0.8569592084617104,1.612534413949263,0.11767687892717738,1.0,False
2026-08-30T05:51:02.694311+00:00,seeds,f1,lorentzian,k=30,30,0.5285050280148319,sigmoidal,"alpha=0.802076384452658,c=1.1755789068433506,k=30",30,0.5250845287609993,30,30,0.0034204992538325856,0.0,0.17971249487899976,0.9486832980505135,0.6913708512258789,0.49483043458987663,1.0,False
2026-08-30T05:51:02.720755+00:00,seeds,f1,lorentzian,k=30,30,0.5285050280148319,softmax_radial,"beta=5.068077717443547,k=27",30,0.49515304049617775,30,30,0.03335198751865418,1.0,0.006729477984412969,0.8569592084617104,1.5764569511369877,0.1257680948008053,1.0,False
2026-08-30T05:51:02.745953+00:00,seeds,f1,lorentzian,k=30,30,0.5285050280148319,student_t,"k=27,nu=0.0336246363764408",30,0.4934029387460759,30,30,0.03510208926875593,1.0,0.006729477984412969,0.8569592084617104,1.612534413949263,0.11767687892717738,1.0,False
2026-08-30T05:51:02.770729+00:00,seeds,f1,lorentzian,k=30,30,0.5285050280148319,wendland_c2,"h=3.342489796049292,k=27",30,0.4934029387460759,30,30,0.03510208926875593,1.0,0.006729477984412969,0.8569592084617104,1.612534413949263,0.11767687892717738,1.0,False
2026-08-30T05:51:02.796053+00:00,seeds,f1,multiquadratic,"c=3.195155555698118,k=27",30,0.4886546006644045,quartic_spline,"h=3.342489796049292,k=27",30,0.4934029387460759,30,30,-0.004748338081671407,0.0,0.10247043485974937,0.9428090415820637,-0.8573240244468373,0.39829563913118204,1.0,False
2026-08-30T05:51:02.821017+00:00,seeds,f1,multiquadratic,"c=3.195155555698118,k=27",30,0.4886546006644045,radial,"k=27,z=0.5068077717443549",30,0.4934029387460759,30,30,-0.004748338081671407,0.0,0.10247043485974937,0.9428090415820637,-0.8573240244468373,0.39829563913118204,1.0,False
2026-08-30T05:51:02.846681+00:00,seeds,f1,multiquadratic,"c=3.195155555698118,k=27",30,0.4886546006644045,rational_quadratic,"alpha=0.6921704490133188,k=30,l=0.1087305419535857",30,0.5285050280148319,30,30,-0.03985042735042734,1.0,0.0028093057505008405,0.8625232862778041,-1.775115899069742,0.08637663608058199,1.0,False
2026-08-30T05:51:02.873024+00:00,seeds,f1,multiquadratic,"c=3.195155555698118,k=27",30,0.4886546006644045,rbf_gaussian,"epsilon=5.068077717443547,k=27",30,0.49232608350255397,30,30,-0.003671482838149502,9.0,0.3963327614616553,0.3205852818187508,-0.36701471478178754,0.7162726541692268,1.0,False
2026-08-30T05:51:02.898935+00:00,seeds,f1,multiquadratic,"c=3.195155555698118,k=27",30,0.4886546006644045,shepard,"k=27,z=3.342489796049292",30,0.4934029387460759,30,30,-0.004748338081671407,0.0,0.10247043485974937,0.9428090415820637,-0.8573240244468373,0.39829563913118204,1.0,False
2026-08-30T05:51:02.924515+00:00,seeds,f1,multiquadratic,"c=3.195155555698118,k=27",30,0.4886546006644045,sigmoidal,"alpha=0.802076384452658,c=1.1755789068433506,k=30",30,0.5250845287609993,30,30,-0.036429928096594746,1.0,0.004322434173495363,0.8603984887080222,-1.6990364949030214,0.10001724991754535,1.0,False
2026-08-30T05:51:02.955012+00:00,seeds,f1,multiquadratic,"c=3.195155555698118,k=27",30,0.4886546006644045,softmax_radial,"beta=5.068077717443547,k=27",30,0.49515304049617775,30,30,-0.00649843983177316,0.0,0.06559969214707187,0.9205746178983235,-1.0091849751047264,0.3212326078800971,1.0,False
2026-08-30T05:51:02.980295+00:00,seeds,f1,multiquadratic,"c=3.195155555698118,k=27",30,0.4886546006644045,student_t,"k=27,nu=0.0336246363764408",30,0.4934029387460759,30,30,-0.004748338081671407,0.0,0.10247043485974937,0.9428090415820637,-0.8573240244468373,0.39829563913118204,1.0,False
2026-08-30T05:51:03.006391+00:00,seeds,f1,multiquadratic,"c=3.195155555698118,k=27",30,0.4886546006644045,wendland_c2,"h=3.342489796049292,k=27",30,0.4934029387460759,30,30,-0.004748338081671407,0.0,0.10247043485974937,0.9428090415820637,-0.8573240244468373,0.39829563913118204,1.0,False
2026-08-30T05:51:03.031116+00:00,seeds,f1,quartic_spline,"h=3.342489796049292,k=27",30,0.4934029387460759,radial,"k=27,z=0.5068077717443549",30,0.4934029387460759,30,30,0.0,,,,,,,False
2026-08-30T05:51:03.056121+00:00,seeds,f1,quartic_spline,"h=3.342489796049292,k=27",30,0.4934029387460759,rational_quadratic,"alpha=0.6921704490133188,k=30,l=0.1087305419535857",30,0.5285050280148319,30,30,-0.03510208926875593,1.0,0.006729477984412969,0.8569592084617104,-1.612534413949263,0.11767687892717738,1.0,False
2026-08-30T05:51:03.081137+00:00,seeds,f1,quartic_spline,"h=3.342489796049292,k=27",30,0.4934029387460759,rbf_gaussian,"epsilon=5.068077717443547,k=27",30,0.49232608350255397,30,30,0.0010768552435219052,13.0,0.8648125041589424,0.06434894520877876,0.10008444031553965,0.9209659938927213,1.0,False
2026-08-30T05:51:03.104202+00:00,seeds,f1,quartic_spline,"h=3.342489796049292,k=27",30,0.4934029387460759,shepard,"k=27,z=3.342489796049292",30,0.4934029387460759,30,30,0.0,,,,,,,False
2026-08-30T05:51:03.130376+00:00,seeds,f1,quartic_spline,"h=3.342489796049292,k=27",30,0.4934029387460759,sigmoidal,"alpha=0.802076384452658,c=1.1755789068433506,k=30",30,0.5250845287609993,30,30,-0.03168159001492335,3.0,0.00749660622116921,0.8062229754493837,-1.4590314022484565,0.1553039627873587,1.0,False
2026-08-30T05:51:03.155634+00:00,seeds,f1,quartic_spline,"h=3.342489796049292,k=27",30,0.4934029387460759,softmax_radial,"beta=5.068077717443547,k=27",30,0.49515304049617775,30,30,-0.001750101750101753,0.0,0.31731050786291415,1.0,-0.4803844614152616,0.6345580711906078,1.0,False
2026-08-30T05:51:03.181332+00:00,seeds,f1,quartic_spline,"h=3.342489796049292,k=27",30,0.4934029387460759,student_t,"k=27,nu=0.0336246363764408",30,0.4934029387460759,30,30,0.0,,,,,,,False
2026-08-30T05:51:03.205103+00:00,seeds,f1,quartic_spline,"h=3.342489796049292,k=27",30,0.4934029387460759,wendland_c2,"h=3.342489796049292,k=27",30,0.4934029387460759,30,30,0.0,,,,,,,False
2026-08-30T05:51:03.230190+00:00,seeds,f1,radial,"k=27,z=0.5068077717443549",30,0.4934029387460759,rational_quadratic,"alpha=0.6921704490133188,k=30,l=0.1087305419535857",30,0.5285050280148319,30,30,-0.03510208926875593,1.0,0.006729477984412969,0.8569592084617104,-1.612534413949263,0.11767687892717738,1.0,False
2026-08-30T05:51:03.256269+00:00,seeds,f1,radial,"k=27,z=0.5068077717443549",30,0.4934029387460759,rbf_gaussian,"epsilon=5.068077717443547,k=27",30,0.49232608350255397,30,30,0.0010768552435219052,13.0,0.8648125041589424,0.06434894520877876,0.10008444031553965,0.9209659938927213,1.0,False
2026-08-30T05:51:03.279936+00:00,seeds,f1,radial,"k=27,z=0.5068077717443549",30,0.4934029387460759,shepard,"k=27,z=3.342489796049292",30,0.4934029387460759,30,30,0.0,,,,,,,False
2026-08-30T05:51:03.305704+00:00,seeds,f1,radial,"k=27,z=0.5068077717443549",30,0.4934029387460759,sigmoidal,"alpha=0.802076384452658,c=1.1755789068433506,k=30",30,0.5250845287609993,30,30,-0.03168159001492335,3.0,0.00749660622116921,0.8062229754493837,-1.4590314022484565,0.1553039627873587,1.0,False
2026-08-30T05:51:03.331098+00:00,seeds,f1,radial,"k=27,z=0.5068077717443549",30,0.4934029387460759,softmax_radial,"beta=5.068077717443547,k=27",30,0.49515304049617775,30,30,-0.001750101750101753,0.0,0.31731050786291415,1.0,-0.4803844614152616,0.6345580711906078,1.0,False
2026-08-30T05:51:03.354908+00:00,seeds,f1,radial,"k=27,z=0.5068077717443549",30,0.4934029387460759,student_t,"k=27,nu=0.0336246363764408",30,0.4934029387460759,30,30,0.0,,,,,,,False
2026-08-30T05:51:03.378434+00:00,seeds,f1,radial,"k=27,z=0.5068077717443549",30,0.4934029387460759,wendland_c2,"h=3.342489796049292,k=27",30,0.4934029387460759,30,30,0.0,,,,,,,False
2026-08-30T05:51:03.403787+00:00,seeds,f1,rational_quadratic,"alpha=0.6921704490133188,k=30,l=0.1087305419535857",30,0.5285050280148319,rbf_gaussian,"epsilon=5.068077717443547,k=27",30,0.49232608350255397,30,30,0.03617894451227784,13.0,0.007489044185233657,0.6904954945970445,1.5157892305948304,0.1403980558372775,1.0,False
2026-08-30T05:51:03.429536+00:00,seeds,f1,rational_quadratic,"alpha=0.6921704490133188,k=30,l=0.1087305419535857",30,0.5285050280148319,shepard,"k=27,z=3.342489796049292",30,0.4934029387460759,30,30,0.03510208926875593,1.0,0.006729477984412969,0.8569592084617104,1.612534413949263,0.11767687892717738,1.0,False
2026-08-30T05:51:03.455072+00:00,seeds,f1,rational_quadratic,"alpha=0.6921704490133188,k=30,l=0.1087305419535857",30,0.5285050280148319,sigmoidal,"alpha=0.802076384452658,c=1.1755789068433506,k=30",30,0.5250845287609993,30,30,0.0034204992538325856,0.0,0.17971249487899976,0.9486832980505135,0.6913708512258789,0.49483043458987663,1.0,False
2026-08-30T05:51:03.482016+00:00,seeds,f1,rational_quadratic,"alpha=0.6921704490133188,k=30,l=0.1087305419535857",30,0.5285050280148319,softmax_radial,"beta=5.068077717443547,k=27",30,0.49515304049617775,30,30,0.03335198751865418,1.0,0.006729477984412969,0.8569592084617104,1.5764569511369877,0.1257680948008053,1.0,False
2026-08-30T05:51:03.509966+00:00,seeds,f1,rational_quadratic,"alpha=0.6921704490133188,k=30,l=0.1087305419535857",30,0.5285050280148319,student_t,"k=27,nu=0.0336246363764408",30,0.4934029387460759,30,30,0.03510208926875593,1.0,0.006729477984412969,0.8569592084617104,1.612534413949263,0.11767687892717738,1.0,False
2026-08-30T05:51:03.536371+00:00,seeds,f1,rational_quadratic,"alpha=0.6921704490133188,k=30,l=0.1087305419535857",30,0.5285050280148319,wendland_c2,"h=3.342489796049292,k=27",30,0.4934029387460759,30,30,0.03510208926875593,1.0,0.006729477984412969,0.8569592084617104,1.612534413949263,0.11767687892717738,1.0,False
2026-08-30T05:51:03.561107+00:00,seeds,f1,rbf_gaussian,"epsilon=5.068077717443547,k=27",30,0.49232608350255397,shepard,"k=27,z=3.342489796049292",30,0.4934029387460759,30,30,-0.0010768552435219052,13.0,0.8648125041589424,0.06434894520877876,-0.10008444031553965,0.9209659938927213,1.0,False
2026-08-30T05:51:03.590048+00:00,seeds,f1,rbf_gaussian,"epsilon=5.068077717443547,k=27",30,0.49232608350255397,sigmoidal,"alpha=0.802076384452658,c=1.1755789068433506,k=30",30,0.5250845287609993,30,30,-0.032758445258445255,17.5,0.008905320560157302,0.6539168987951348,-1.399977035828206,0.1721279852264348,1.0,False
2026-08-30T05:51:03.615560+00:00,seeds,f1,rbf_gaussian,"epsilon=5.068077717443547,k=27",30,0.49232608350255397,softmax_radial,"beta=5.068077717443547,k=27",30,0.49515304049617775,30,30,-0.0028269569936236584,10.0,0.9155825203905921,0.04327423224079158,-0.2812715648002922,0.780499348122011,1.0,False
2026-08-30T05:51:03.640995+00:00,seeds,f1,rbf_gaussian,"epsilon=5.068077717443547,k=27",30,0.49232608350255397,student_t,"k=27,nu=0.0336246363764408",30,0.4934029387460759,30,30,-0.0010768552435219052,13.0,0.8648125041589424,0.06434894520877876,-0.10008444031553965,0.9209659938927213,1.0,False
2026-08-30T05:51:03.667114+00:00,seeds,f1,rbf_gaussian,"epsilon=5.068077717443547,k=27",30,0.49232608350255397,wendland_c2,"h=3.342489796049292,k=27",30,0.4934029387460759,30,30,-0.0010768552435219052,13.0,0.8648125041589424,0.06434894520877876,-0.10008444031553965,0.9209659938927213,1.0,False
2026-08-30T05:51:03.692850+00:00,seeds,f1,shepard,"k=27,z=3.342489796049292",30,0.4934029387460759,sigmoidal,"alpha=0.802076384452658,c=1.1755789068433506,k=30",30,0.5250845287609993,30,30,-0.03168159001492335,3.0,0.00749660622116921,0.8062229754493837,-1.4590314022484565,0.1553039627873587,1.0,False
2026-08-30T05:51:03.717768+00:00,seeds,f1,shepard,"k=27,z=3.342489796049292",30,0.4934029387460759,softmax_radial,"beta=5.068077717443547,k=27",30,0.49515304049617775,30,30,-0.001750101750101753,0.0,0.31731050786291415,1.0,-0.4803844614152616,0.6345580711906078,1.0,False
2026-08-30T05:51:03.741936+00:00,seeds,f1,shepard,"k=27,z=3.342489796049292",30,0.4934029387460759,student_t,"k=27,nu=0.0336246363764408",30,0.4934029387460759,30,30,0.0,,,,,,,False
2026-08-30T05:51:03.766527+00:00,seeds,f1,shepard,"k=27,z=3.342489796049292",30,0.4934029387460759,wendland_c2,"h=3.342489796049292,k=27",30,0.4934029387460759,30,30,0.0,,,,,,,False
2026-08-30T05:51:03.793387+00:00,seeds,f1,sigmoidal,"alpha=0.802076384452658,c=1.1755789068433506,k=30",30,0.5250845287609993,softmax_radial,"beta=5.068077717443547,k=27",30,0.49515304049617775,30,30,0.029931488264821598,3.0,0.00749660622116921,0.8062229754493837,1.4213736923853426,0.16587342848038467,1.0,False
2026-08-30T05:51:03.818614+00:00,seeds,f1,sigmoidal,"alpha=0.802076384452658,c=1.1755789068433506,k=30",30,0.5250845287609993,student_t,"k=27,nu=0.0336246363764408",30,0.4934029387460759,30,30,0.03168159001492335,3.0,0.00749660622116921,0.8062229754493837,1.4590314022484565,0.1553039627873587,1.0,False
2026-08-30T05:51:03.844006+00:00,seeds,f1,sigmoidal,"alpha=0.802076384452658,c=1.1755789068433506,k=30",30,0.5250845287609993,wendland_c2,"h=3.342489796049292,k=27",30,0.4934029387460759,30,30,0.03168159001492335,3.0,0.00749660622116921,0.8062229754493837,1.4590314022484565,0.1553039627873587,1.0,False
2026-08-30T05:51:03.871105+00:00,seeds,f1,softmax_radial,"beta=5.068077717443547,k=27",30,0.49515304049617775,student_t,"k=27,nu=0.0336246363764408",30,0.4934029387460759,30,30,0.001750101750101753,0.0,0.31731050786291415,1.0,0.4803844614152616,0.6345580711906078,1.0,False
2026-08-30T05:51:03.904545+00:00,seeds,f1,softmax_radial,"beta=5.068077717443547,k=27",30,0.49515304049617775,wendland_c2,"h=3.342489796049292,k=27",30,0.4934029387460759,30,30,0.001750101750101753,0.0,0.31731050786291415,1.0,0.4803844614152616,0.6345580711906078,1.0,False
2026-08-30T05:51:03.930870+00:00,seeds,f1,student_t,"k=27,nu=0.0336246363764408",30,0.4934029387460759,wendland_c2,"h=3.342489796049292,k=27",30,0.4934029387460759,30,30,0.0,,,,,,,False
2026-08-30T05:51:03.970829+00:00,segment,f1,attention,k=5,30,0.9451184628337088,cauchy,"epsilon=6.974749851257469,k=4",30,0.9502913992585673,30,30,-0.005172936424858577,102.0,0.012507961408460461,0.4637703439649775,-1.2830316986258308,0.20964047098412175,1.0,False
2026-08-30T05:51:03.998526+00:00,segment,f1,attention,k=5,30,0.9451184628337088,cosine,"h=0.9237980654944229,k=5",30,0.9529314326291588,30,30,-0.00781296979544999,78.0,0.0009517744183540344,0.6032994747480515,-1.8535953028003573,0.07399564363652322,1.0,False
2026-08-30T05:51:04.025152+00:00,segment,f1,attention,k=5,30,0.9451184628337088,cubic_spline,"h=0.9237980654944229,k=5",30,0.9548364631250562,30,30,-0.00971800029134733,60.0,0.00016989745199680328,0.6864832142989329,-2.318327141213113,0.02768443963081535,0.38040039502084255,False
2026-08-30T05:51:04.050095+00:00,segment,f1,attention,k=5,30,0.9451184628337088,entropic,"beta=6.974749851257469,k=4",30,0.9556260091088208,30,30,-0.010507546275111876,52.0,0.0003453871103895158,0.6645367266337924,-2.216007000756426,0.034695786731229195,0.7537335716187954,False
2026-08-30T05:51:04.077083+00:00,segment,f1,attention,k=5,30,0.9451184628337088,gen_exponential,"epsilon=40.85824861876189,k=28,p=1.6516507162763039",30,0.9576299861454796,30,30,-0.012511523311770785,53.0,7.910653948783875e-05,0.720636901483001,-2.2748346020696655,0.030490993407004785,0.18075844272971153,False
2026-08-30T05:51:04.102388+00:00,segment,f1,attention,k=5,30,0.9451184628337088,harmonic,k=6,30,0.9432233407813844,30,30,0.0018951220523245383,156.0,0.4278798079182492,0.15257923607235452,0.48406254362848916,0.6319770598138543,1.0,False
2026-08-30T05:51:04.129672+00:00,segment,f1,attention,k=5,30,0.9451184628337088,inverse_multiquadratic,"c=0.016470428664554334,k=5",30,0.9469073787118044,30,30,-0.0017889158780956685,72.0,0.21795726558824124,0.27547867747279503,-0.9769075844119338,0.3366943204664088,1.0,False
2026-08-30T05:51:04.156227+00:00,segment,f1,attention,k=5,30,0.9451184628337088,laplacian,"epsilon=42.97100021154878,k=22",30,0.9576249997644432,30,30,-0.012506536930734276,45.0,3.049522638320923e-05,0.7612862128215373,-2.3808974316204785,0.02405701223163259,0.07099288702011108,False
2026-08-30T05:51:04.181441+00:00,segment,f1,attention,k=5,30,0.9451184628337088,logarithmic,"c=0.07546696410796928,k=5",30,0.9451725613923455,30,30,-5.409855863659126e-05,101.0,0.8812927086539598,0.033391354845187314,-0.028796153658958965,0.9772244286600702,1.0,False
2026-08-30T05:51:04.206815+00:00,segment,f1,attention,k=5,30,0.9451184628337088,lorentzian,k=5,30,0.9479222259915069,30,30,-0.002803763157798019,29.0,0.013859407821455453,0.5800365867492294,-1.0181059623206836,0.3170466270782373,1.0,False
2026-08-30T05:51:04.232780+00:00,segment,f1,attention,k=5,30,0.9451184628337088,multiquadratic,"c=2.2505043547850567,k=5",30,0.9363597805490352,30,30,0.008758682284673395,41.0,0.00037697425547733403,0.6842947557184381,2.0628875890638447,0.0481790685115604,0.8210499284296335,False
2026-08-30T05:51:04.258660+00:00,segment,f1,attention,k=5,30,0.9451184628337088,quartic_spline,"h=0.9237980654944229,k=5",30,0.9536104561923134,30,30,-0.008491993358604625,79.0,0.001038169488310814,0.5988384361419994,-1.9546785752405558,0.06032227985191341,1.0,False
2026-08-30T05:51:04.284614+00:00,segment,f1,attention,k=5,30,0.9451184628337088,radial,"k=5,z=0.15293952761249946",30,0.9578533097612602,30,30,-0.012734846927551276,46.0,3.453157842159271e-05,0.7560977660462316,-2.41088567800568,0.022476945643475688,0.08018232509493828,False
2026-08-30T05:51:04.309970+00:00,segment,f1,attention,k=5,30,0.9451184628337088,rational_quadratic,"alpha=1.951264598651315,k=28,l=0.056199690315221415",30,0.9518560055463623,30,30,-0.00673754271265344,94.0,0.013061605886398396,0.4690700029359771,-1.208832846043096,0.23649122705180892,1.0,False
2026-08-30T05:51:04.336172+00:00,segment,f1,attention,k=5,30,0.9451184628337088,rbf_gaussian,"epsilon=5.068077717443547,k=27",30,0.9578490020604694,30,30,-0.012730539226760729,45.0,3.049522638320923e-05,0.7612862128215373,-2.4245092235791494,0.0217909619203549,0.07099288702011108,False
2026-08-30T05:51:04.361619+00:00,segment,f1,attention,k=5,30,0.9451184628337088,shepard,"k=4,z=3.573720289591046",30,0.9553245816722786,30,30,-0.010206118838569906,28.0,6.748038289408785e-05,0.7530940414109182,-2.5098923008277922,0.017910857157433346,0.15486747874193163,False
2026-08-30T05:51:04.386639+00:00,segment,f1,attention,k=5,30,0.9451184628337088,sigmoidal,"alpha=6.549308121699945,c=0.6412660218314743,k=24",30,0.9493441136191207,30,30,-0.00422565078541192,110.0,0.02009902604880586,0.4316477227379659,-1.0467860647171505,0.30384502258830026,1.0,False
2026-08-30T05:51:04.413492+00:00,segment,f1,attention,k=5,30,0.9451184628337088,softmax_radial,"beta=42.97100021154878,k=22",30,0.9576249997644432,30,30,-0.012506536930734276,45.0,3.049522638320923e-05,0.7612862128215373,-2.3808974316204785,0.02405701223163259,0.07099288702011108,False
2026-08-30T05:51:04.439031+00:00,segment,f1,attention,k=5,30,0.9451184628337088,student_t,"k=5,nu=0.005695262671673525",30,0.9469073787118044,30,30,-0.0017889158780956685,72.0,0.21795726558824124,0.27547867747279503,-0.9769075844119338,0.3366943204664088,1.0,False
2026-08-30T05:51:04.466633+00:00,segment,f1,attention,k=5,30,0.9451184628337088,wendland_c2,"h=0.9237980654944229,k=5",30,0.954208122707947,30,30,-0.009089659874238088,70.0,0.00046010687947273254,0.6395513038774573,-2.1007890964077447,0.044467342942984045,0.9965915009379387,False
2026-08-30T05:51:04.495023+00:00,segment,f1,cauchy,"epsilon=6.974749851257469,k=4",30,0.9502913992585673,cosine,"h=0.9237980654944229,k=5",30,0.9529314326291588,30,30,-0.002640033370591414,200.0,0.705128996462832,0.0702682339340875,-0.5962843992117806,0.5556115569325577,1.0,False
2026-08-30T05:51:04.524415+00:00,segment,f1,cauchy,"epsilon=6.974749851257469,k=4",30,0.9502913992585673,cubic_spline,"h=0.9237980654944229,k=5",30,0.9548364631250562,30,30,-0.0045450638664887525,139.0,0.14501397079599412,0.27541724943029844,-1.0544599832252701,0.3003787514675196,1.0,False
2026-08-30T05:51:04.549251+00:00,segment,f1,cauchy,"epsilon=6.974749851257469,k=4",30,0.9502913992585673,entropic,"beta=6.974749851257469,k=4",30,0.9556260091088208,30,30,-0.005334609850253299,90.0,0.010077145023405218,0.486283581025371,-1.3055110795970262,0.2019816853138685,1.0,False
2026-08-30T05:51:04.576908+00:00,segment,f1,cauchy,"epsilon=6.974749851257469,k=4",30,0.9502913992585673,gen_exponential,"epsilon=40.85824861876189,k=28,p=1.6516507162763039",30,0.9576299861454796,30,30,-0.007338586886912209,86.0,0.0018640067428350449,0.5680039848516769,-1.534169372188495,0.13582674537578932,1.0,False
2026-08-30T05:51:04.603905+00:00,segment,f1,cauchy,"epsilon=6.974749851257469,k=4",30,0.9502913992585673,harmonic,k=6,30,0.9432233407813844,30,30,0.0070680584771831145,114.0,0.013663241639733315,0.4502274243106365,1.3414858971187194,0.19017417666727954,1.0,False
2026-08-30T05:51:04.629948+00:00,segment,f1,cauchy,"epsilon=6.974749851257469,k=4",30,0.9502913992585673,inverse_multiquadratic,"c=0.016470428664554334,k=5",30,0.9469073787118044,30,30,0.0033840205467629077,114.0,0.07156508609119941,0.346770991073533,0.8453198668827968,0.4048529384582349,1.0,False
2026-08-30T05:51:04.656071+00:00,segment,f1,cauchy,"epsilon=6.974749851257469,k=4",30,0.9502913992585673,laplacian,"epsilon=42.97100021154878,k=22",30,0.9576249997644432,30,30,-0.0073336005058757,87.0,0.0020201820880174637,0.5636519966850669,-1.5589069720783635,0.12986600186102648,1.0,False
2026-08-30T05:51:04.682498+00:00,segment,f1,cauchy,"epsilon=6.974749851257469,k=4",30,0.9502913992585673,logarithmic,"c=0.07546696410796928,k=5",30,0.9451725613923455,30,30,0.005118837866221985,113.0,0.023844564338549933,0.41960173977783694,1.0548042420697643,0.3002239040065531,1.0,False
2026-08-30T05:51:04.707907+00:00,segment,f1,cauchy,"epsilon=6.974749851257469,k=4",30,0.9502913992585673,lorentzian,k=5,30,0.9479222259915069,30,30,0.0023691732670605573,154.0,0.16972956854297983,0.2549733059894031,0.659205873229702,0.5149644661133652,1.0,False
2026-08-30T05:51:04.734589+00:00,segment,f1,cauchy,"epsilon=6.974749851257469,k=4",30,0.9502913992585673,multiquadratic,"c=2.2505043547850567,k=5",30,0.9363597805490352,30,30,0.013931618709531971,38.0,1.218356192111969e-05,0.798630054154929,2.350654072978457,0.02575252076094947,0.02874102257192135,True
2026-08-30T05:51:04.760011+00:00,segment,f1,cauchy,"epsilon=6.974749851257469,k=4",30,0.9502913992585673,quartic_spline,"h=0.9237980654944229,k=5",30,0.9536104561923134,30,30,-0.0033190569337460487,150.0,0.22747626562591206,0.22807990968446581,-0.8386728382133931,0.4085129541570858,1.0,False
2026-08-30T05:51:04.786300+00:00,segment,f1,cauchy,"epsilon=6.974749851257469,k=4",30,0.9502913992585673,radial,"k=5,z=0.15293952761249946",30,0.9578533097612602,30,30,-0.0075619105026927,84.0,0.0015832837671041489,0.5767461777887206,-1.5556408870432215,0.13064054239836165,1.0,False
2026-08-30T05:51:04.814477+00:00,segment,f1,cauchy,"epsilon=6.974749851257469,k=4",30,0.9502913992585673,rational_quadratic,"alpha=1.951264598651315,k=28,l=0.056199690315221415",30,0.9518560055463623,30,30,-0.0015646062877948637,169.0,0.6308719173229826,0.09247226428627546,-0.3619819402005314,0.7199899516558461,1.0,False
2026-08-30T05:51:04.841469+00:00,segment,f1,cauchy,"epsilon=6.974749851257469,k=4",30,0.9502913992585673,rbf_gaussian,"epsilon=5.068077717443547,k=27",30,0.9578490020604694,30,30,-0.007557602801902152,81.0,0.0012321043759584427,0.589959627744729,-1.5776722301044066,0.12548829580468612,1.0,False
2026-08-30T05:51:04.866948+00:00,segment,f1,cauchy,"epsilon=6.974749851257469,k=4",30,0.9502913992585673,shepard,"k=4,z=3.573720289591046",30,0.9553245816722786,30,30,-0.005033182413711331,2.0,5.30032340654538e-05,0.8617516359957972,-2.9017900080003822,0.0070153502453207395,0.12211945128680556,False
2026-08-30T05:51:04.892737+00:00,segment,f1,cauchy,"epsilon=6.974749851257469,k=4",30,0.9502913992585673,sigmoidal,"alpha=6.549308121699945,c=0.6412660218314743,k=24",30,0.9493441136191207,30,30,0.0009472856394466563,196.0,0.8733537674341689,0.03012376165643891,0.21460523174806181,0.8315770770501034,1.0,False
2026-08-30T05:51:04.919430+00:00,segment,f1,cauchy,"epsilon=6.974749851257469,k=4",30,0.9502913992585673,softmax_radial,"beta=42.97100021154878,k=22",30,0.9576249997644432,30,30,-0.0073336005058757,87.0,0.0020201820880174637,0.5636519966850669,-1.5589069720783635,0.12986600186102648,1.0,False
2026-08-30T05:51:04.944737+00:00,segment,f1,cauchy,"epsilon=6.974749851257469,k=4",30,0.9502913992585673,student_t,"k=5,nu=0.005695262671673525",30,0.9469073787118044,30,30,0.0033840205467629077,114.0,0.07156508609119941,0.346770991073533,0.8453198668827968,0.4048529384582349,1.0,False
2026-08-30T05:51:04.970187+00:00,segment,f1,cauchy,"epsilon=6.974749851257469,k=4",30,0.9502913992585673,wendland_c2,"h=0.9237980654944229,k=5",30,0.954208122707947,30,30,-0.0039167234493795115,144.0,0.1791056021528724,0.2539002768185564,-0.9452021859999575,0.3523649507661093,1.0,False
2026-08-30T05:51:04.997912+00:00,segment,f1,cosine,"h=0.9237980654944229,k=5",30,0.9529314326291588,cubic_spline,"h=0.9237980654944229,k=5",30,0.9548364631250562,30,30,-0.0019050304958973382,11.0,0.0280561241492436,0.6340751391209735,-1.0664772904772164,0.2950064973707063,1.0,False
2026-08-30T05:51:05.023158+00:00,segment,f1,cosine,"h=0.9237980654944229,k=5",30,0.9529314326291588,entropic,"beta=6.974749851257469,k=4",30,0.9556260091088208,30,30,-0.0026945764796618846,178.5,0.2666890224040941,0.20278874384720666,-0.681844218750769,0.5007472406366591,1.0,False
2026-08-30T05:51:05.048494+00:00,segment,f1,cosine,"h=0.9237980654944229,k=5",30,0.9529314326291588,gen_exponential,"epsilon=40.85824861876189,k=28,p=1.6516507162763039",30,0.9576299861454796,30,30,-0.004698553516320795,123.5,0.024960837722579045,0.40933283480269544,-1.0714020843125984,0.2928245844356354,1.0,False
2026-08-30T05:51:05.074126+00:00,segment,f1,cosine,"h=0.9237980654944229,k=5",30,0.9529314326291588,harmonic,k=6,30,0.9432233407813844,30,30,0.009708091847774528,49.0,0.000268945828826696,0.6765827095939188,2.118032174272705,0.04286435280608902,0.5916808234187312,False
2026-08-30T05:51:05.100483+00:00,segment,f1,cosine,"h=0.9237980654944229,k=5",30,0.9529314326291588,inverse_multiquadratic,"c=0.016470428664554334,k=5",30,0.9469073787118044,30,30,0.0060240539173543215,81.0,0.003161659874246665,0.5480922246858805,1.545909960935898,0.13297057105856802,1.0,False
2026-08-30T05:51:05.126581+00:00,segment,f1,cosine,"h=0.9237980654944229,k=5",30,0.9529314326291588,laplacian,"epsilon=42.97100021154878,k=22",30,0.9576249997644432,30,30,-0.0046935671352842856,116.5,0.017033193186459204,0.43562026456066666,-1.1023155948528411,0.2793889382990318,1.0,False
2026-08-30T05:51:05.152763+00:00,segment,f1,cosine,"h=0.9237980654944229,k=5",30,0.9529314326291588,logarithmic,"c=0.07546696410796928,k=5",30,0.9451725613923455,30,30,0.007758871236813399,91.0,0.0027663204818964005,0.5463674755969707,1.6965978155775314,0.10048285663539258,1.0,False
2026-08-30T05:51:05.179186+00:00,segment,f1,cosine,"h=0.9237980654944229,k=5",30,0.9529314326291588,lorentzian,k=5,30,0.9479222259915069,30,30,0.005009206637651972,129.0,0.03272089920938015,0.3898855874111768,1.1002748004440848,0.2802620915440108,1.0,False
2026-08-30T05:51:05.205524+00:00,segment,f1,cosine,"h=0.9237980654944229,k=5",30,0.9529314326291588,multiquadratic,"c=2.2505043547850567,k=5",30,0.9363597805490352,30,30,0.016571652080123386,3.0,9.313225746154785e-09,1.0484841922836767,3.4623856139524714,0.0016826028481038424,2.3311004042625427e-05,True
2026-08-30T05:51:05.231146+00:00,segment,f1,cosine,"h=0.9237980654944229,k=5",30,0.9529314326291588,quartic_spline,"h=0.9237980654944229,k=5",30,0.9536104561923134,30,30,-0.0006790235631546349,40.0,0.25598851167013814,0.29329423004270644,-0.3106073620528214,0.7583206353596106,1.0,False
2026-08-30T05:51:05.256480+00:00,segment,f1,cosine,"h=0.9237980654944229,k=5",30,0.9529314326291588,radial,"k=5,z=0.15293952761249946",30,0.9578533097612602,30,30,-0.0049218771321012855,110.5,0.01209351669923487,0.45815234721035597,-1.1783015823790495,0.24825498789077693,1.0,False
2026-08-30T05:51:05.282861+00:00,segment,f1,cosine,"h=0.9237980654944229,k=5",30,0.9529314326291588,rational_quadratic,"alpha=1.951264598651315,k=28,l=0.056199690315221415",30,0.9518560055463623,30,30,0.0010754270827965503,197.0,0.8913244160746354,0.025820367134090475,0.25534576002783643,0.800258406192613,1.0,False
2026-08-30T05:51:05.308133+00:00,segment,f1,cosine,"h=0.9237980654944229,k=5",30,0.9529314326291588,rbf_gaussian,"epsilon=5.068077717443547,k=27",30,0.9578490020604694,30,30,-0.004917569431310738,106.5,0.009550876178725375,0.473173735643483,-1.2018918509296739,0.23912852709819443,1.0,False
2026-08-30T05:51:05.334523+00:00,segment,f1,cosine,"h=0.9237980654944229,k=5",30,0.9529314326291588,shepard,"k=4,z=3.573720289591046",30,0.9553245816722786,30,30,-0.0023931490431199167,140.0,0.05768792890012264,0.34653710530625303,-0.6369456776887723,0.5291566864856203,1.0,False
2026-08-30T05:51:05.360812+00:00,segment,f1,cosine,"h=0.9237980654944229,k=5",30,0.9529314326291588,sigmoidal,"alpha=6.549308121699945,c=0.6412660218314743,k=24",30,0.9493441136191207,30,30,0.0035873190100380705,191.0,0.40449450351297855,0.1521977027572311,0.7764262522394138,0.44378426199796417,1.0,False
2026-08-30T05:51:05.385757+00:00,segment,f1,cosine,"h=0.9237980654944229,k=5",30,0.9529314326291588,softmax_radial,"beta=42.97100021154878,k=22",30,0.9576249997644432,30,30,-0.0046935671352842856,116.5,0.017033193186459204,0.43562026456066666,-1.1023155948528411,0.2793889382990318,1.0,False
2026-08-30T05:51:05.412543+00:00,segment,f1,cosine,"h=0.9237980654944229,k=5",30,0.9529314326291588,student_t,"k=5,nu=0.005695262671673525",30,0.9469073787118044,30,30,0.0060240539173543215,81.0,0.003161659874246665,0.5480922246858805,1.545909960935898,0.13297057105856802,1.0,False
2026-08-30T05:51:05.437954+00:00,segment,f1,cosine,"h=0.9237980654944229,k=5",30,0.9529314326291588,wendland_c2,"h=0.9237980654944229,k=5",30,0.954208122707947,30,30,-0.0012766900787880972,31.0,0.1771140408635976,0.36072099198760343,-0.6637409413583473,0.5120987960516756,1.0,False
2026-08-30T05:51:05.463832+00:00,segment,f1,cubic_spline,"h=0.9237980654944229,k=5",30,0.9548364631250562,entropic,"beta=6.974749851257469,k=4",30,0.9556260091088208,30,30,-0.0007895459837645465,204.5,0.5646633552614215,0.10514971903188498,-0.21608180342154423,0.8304367150581933,1.0,False
2026-08-30T05:51:05.489397+00:00,segment,f1,cubic_spline,"h=0.9237980654944229,k=5",30,0.9548364631250562,gen_exponential,"epsilon=40.85824861876189,k=28,p=1.6516507162763039",30,0.9576299861454796,30,30,-0.0027935230204234568,157.5,0.122911776656408,0.2816510331211205,-0.6562841057649793,0.5168153394234318,1.0,False
2026-08-30T05:51:05.515975+00:00,segment,f1,cubic_spline,"h=0.9237980654944229,k=5",30,0.9548364631250562,harmonic,k=6,30,0.9432233407813844,30,30,0.011613122343671867,39.0,0.00011350707558539921,0.7167359861277207,2.5247673484853967,0.017303833666357793,0.2576610615788562,False
2026-08-30T05:51:05.541470+00:00,segment,f1,cubic_spline,"h=0.9237980654944229,k=5",30,0.9548364631250562,inverse_multiquadratic,"c=0.016470428664554334,k=5",30,0.9469073787118044,30,30,0.00792908441325166,42.0,0.00014771976188914803,0.7046900031675788,2.251786986128754,0.032080264223260935,0.33355122234569623,False
2026-08-30T05:51:05.566921+00:00,segment,f1,cubic_spline,"h=0.9237980654944229,k=5",30,0.9548364631250562,laplacian,"epsilon=42.97100021154878,k=22",30,0.9576249997644432,30,30,-0.0027885366393869478,151.5,0.09569757283319624,0.30418311577081003,-0.6757236500382258,0.5045693387306125,1.0,False
2026-08-30T05:51:05.593438+00:00,segment,f1,cubic_spline,"h=0.9237980654944229,k=5",30,0.9548364631250562,logarithmic,"c=0.07546696410796928,k=5",30,0.9451725613923455,30,30,0.009663901732710737,61.0,0.00018860027194023132,0.681698423497821,2.182333830280408,0.03733068070300982,0.4213330075144768,False
2026-08-30T05:51:05.625684+00:00,segment,f1,cubic_spline,"h=0.9237980654944229,k=5",30,0.9548364631250562,lorentzian,k=5,30,0.9479222259915069,30,30,0.00691423713354931,97.0,0.004338232800364494,0.5207854870849135,1.5951823008407875,0.12151325801261259,1.0,False
2026-08-30T05:51:05.653624+00:00,segment,f1,cubic_spline,"h=0.9237980654944229,k=5",30,0.9548364631250562,multiquadratic,"c=2.2505043547850567,k=5",30,0.9363597805490352,30,30,0.018476682576020722,1.0,3.725290298461914e-09,1.076448493119431,4.043882499569926,0.0003550774758838138,9.357929229736328e-06,True
2026-08-30T05:51:05.679430+00:00,segment,f1,cubic_spline,"h=0.9237980654944229,k=5",30,0.9548364631250562,quartic_spline,"h=0.9237980654944229,k=5",30,0.9536104561923134,30,30,0.0012260069327427034,0.0,0.043114446783075355,0.904534033733291,1.0798077047692283,0.2891268911226459,1.0,False
2026-08-30T05:51:05.704556+00:00,segment,f1,cubic_spline,"h=0.9237980654944229,k=5",30,0.9548364631250562,radial,"k=5,z=0.15293952761249946",30,0.9578533097612602,30,30,-0.0030168466362039477,137.5,0.050696024941452554,0.3567579752867526,-0.7442360260170412,0.4627220349976877,1.0,False
2026-08-30T05:51:05.730438+00:00,segment,f1,cubic_spline,"h=0.9237980654944229,k=5",30,0.9548364631250562,rational_quadratic,"alpha=1.951264598651315,k=28,l=0.056199690315221415",30,0.9518560055463623,30,30,0.0029804575786938885,143.0,0.17184940048457142,0.2582036713409048,0.8532391807943944,0.4005194019648186,1.0,False
2026-08-30T05:51:05.757492+00:00,segment,f1,cubic_spline,"h=0.9237980654944229,k=5",30,0.9548364631250562,rbf_gaussian,"epsilon=5.068077717443547,k=27",30,0.9578490020604694,30,30,-0.0030125389354134003,136.5,0.04831210654482741,0.3605133223950344,-0.741878252831326,0.4641275521348156,1.0,False
2026-08-30T05:51:05.783235+00:00,segment,f1,cubic_spline,"h=0.9237980654944229,k=5",30,0.9548364631250562,shepard,"k=4,z=3.573720289591046",30,0.9553245816722786,30,30,-0.0004881185472225787,189.0,0.3817984350025654,0.15967708618984633,-0.13765724486749756,0.8914626586964498,1.0,False
2026-08-30T05:51:05.809424+00:00,segment,f1,cubic_spline,"h=0.9237980654944229,k=5",30,0.9548364631250562,sigmoidal,"alpha=6.549308121699945,c=0.6412660218314743,k=24",30,0.9493441136191207,30,30,0.005492349505935409,140.0,0.05768792890012264,0.34653710530625303,1.2351990468136953,0.2266703534667125,1.0,False
2026-08-30T05:51:05.835710+00:00,segment,f1,cubic_spline,"h=0.9237980654944229,k=5",30,0.9548364631250562,softmax_radial,"beta=42.97100021154878,k=22",30,0.9576249997644432,30,30,-0.0027885366393869478,151.5,0.09569757283319624,0.30418311577081003,-0.6757236500382258,0.5045693387306125,1.0,False
2026-08-30T05:51:05.861376+00:00,segment,f1,cubic_spline,"h=0.9237980654944229,k=5",30,0.9548364631250562,student_t,"k=5,nu=0.005695262671673525",30,0.9469073787118044,30,30,0.00792908441325166,42.0,0.00014771976188914803,0.7046900031675788,2.251786986128754,0.032080264223260935,0.33355122234569623,False
2026-08-30T05:51:05.887022+00:00,segment,f1,cubic_spline,"h=0.9237980654944229,k=5",30,0.9548364631250562,wendland_c2,"h=0.9237980654944229,k=5",30,0.954208122707947,30,30,0.000628340417109241,0.0,0.10880943004054569,0.9258200997725514,0.8608902114614759,0.3963606420468122,1.0,False
2026-08-30T05:51:05.913647+00:00,segment,f1,entropic,"beta=6.974749851257469,k=4",30,0.9556260091088208,gen_exponential,"epsilon=40.85824861876189,k=28,p=1.6516507162763039",30,0.9576299861454796,30,30,-0.0020039770366589104,55.0,0.06195278853716299,0.4173919355648412,-0.8375916816539446,0.4091102202949135,1.0,False
2026-08-30T05:51:05.939712+00:00,segment,f1,entropic,"beta=6.974749851257469,k=4",30,0.9556260091088208,harmonic,k=6,30,0.9432233407813844,30,30,0.012402668327436413,46.0,3.453157842159271e-05,0.7560977660462316,2.084429789161618,0.04603713841445667,0.08018232509493828,False
2026-08-30T05:51:05.965317+00:00,segment,f1,entropic,"beta=6.974749851257469,k=4",30,0.9556260091088208,inverse_multiquadratic,"c=0.016470428664554334,k=5",30,0.9469073787118044,30,30,0.008718630397016206,54.0,0.0004071685035218594,0.6565060713270473,1.952966274688665,0.060534203803189746,0.8843699896494787,False
2026-08-30T05:51:05.990997+00:00,segment,f1,entropic,"beta=6.974749851257469,k=4",30,0.9556260091088208,laplacian,"epsilon=42.97100021154878,k=22",30,0.9576249997644432,30,30,-0.0019989906556224014,50.0,0.07015661401800452,0.41544853546122423,-0.8651915820938436,0.3940346984237557,1.0,False
2026-08-30T05:51:06.018029+00:00,segment,f1,entropic,"beta=6.974749851257469,k=4",30,0.9556260091088208,logarithmic,"c=0.07546696410796928,k=5",30,0.9451725613923455,30,30,0.010453447716475283,58.0,0.00013739429414272308,0.6961211543686531,1.9803472559908566,0.05722210948860895,0.31051110476255417,False
2026-08-30T05:51:06.045522+00:00,segment,f1,entropic,"beta=6.974749851257469,k=4",30,0.9556260091088208,lorentzian,k=5,30,0.9479222259915069,30,30,0.007703783117313856,82.0,0.0033902335845606745,0.5440768970325076,1.6609882776375666,0.10749109482301766,1.0,False
2026-08-30T05:51:06.071766+00:00,segment,f1,entropic,"beta=6.974749851257469,k=4",30,0.9556260091088208,multiquadratic,"c=2.2505043547850567,k=5",30,0.9363597805490352,30,30,0.01926622855978527,10.0,8.009374141693115e-08,0.9798605634035041,3.034846868261466,0.005040266070409194,0.0001967102289199829,True
2026-08-30T05:51:06.097534+00:00,segment,f1,entropic,"beta=6.974749851257469,k=4",30,0.9556260091088208,quartic_spline,"h=0.9237980654944229,k=5",30,0.9536104561923134,30,30,0.0020155529165072497,185.5,0.33367526977713813,0.1765013140892355,0.551572294450096,0.5854668935718061,1.0,False
2026-08-30T05:51:06.123278+00:00,segment,f1,entropic,"beta=6.974749851257469,k=4",30,0.9556260091088208,radial,"k=5,z=0.15293952761249946",30,0.9578533097612602,30,30,-0.0022273006524394013,29.0,0.02454049897109125,0.5453559231182975,-1.0733387607987346,0.29196967741422064,1.0,False
2026-08-30T05:51:06.150153+00:00,segment,f1,entropic,"beta=6.974749851257469,k=4",30,0.9556260091088208,rational_quadratic,"alpha=1.951264598651315,k=28,l=0.056199690315221415",30,0.9518560055463623,30,30,0.003770003562458435,152.0,0.10039735585451126,0.2999566612157426,0.7522905347477314,0.457939463326124,1.0,False
2026-08-30T05:51:06.174978+00:00,segment,f1,entropic,"beta=6.974749851257469,k=4",30,0.9556260091088208,rbf_gaussian,"epsilon=5.068077717443547,k=27",30,0.9578490020604694,30,30,-0.002222992951648854,41.0,0.02977446084184663,0.4985382425534692,-0.9857678494193663,0.33240064678561176,1.0,False
2026-08-30T05:51:06.200943+00:00,segment,f1,entropic,"beta=6.974749851257469,k=4",30,0.9556260091088208,shepard,"k=4,z=3.573720289591046",30,0.9553245816722786,30,30,0.0003014274365419678,195.0,0.8554482269597542,0.03442715617878733,0.08653198357632176,0.931638245009371,1.0,False
2026-08-30T05:51:06.226143+00:00,segment,f1,entropic,"beta=6.974749851257469,k=4",30,0.9556260091088208,sigmoidal,"alpha=6.549308121699945,c=0.6412660218314743,k=24",30,0.9493441136191207,30,30,0.006281895489699955,95.0,0.013920291390102778,0.46476660841362827,1.4152287693007068,0.1676509953694998,1.0,False
2026-08-30T05:51:06.252326+00:00,segment,f1,entropic,"beta=6.974749851257469,k=4",30,0.9556260091088208,softmax_radial,"beta=42.97100021154878,k=22",30,0.9576249997644432,30,30,-0.0019989906556224014,50.0,0.07015661401800452,0.41544853546122423,-0.8651915820938436,0.3940346984237557,1.0,False
2026-08-30T05:51:06.278451+00:00,segment,f1,entropic,"beta=6.974749851257469,k=4",30,0.9556260091088208,student_t,"k=5,nu=0.005695262671673525",30,0.9469073787118044,30,30,0.008718630397016206,54.0,0.0004071685035218594,0.6565060713270473,1.952966274688665,0.060534203803189746,0.8843699896494787,False
2026-08-30T05:51:06.303029+00:00,segment,f1,entropic,"beta=6.974749851257469,k=4",30,0.9556260091088208,wendland_c2,"h=0.9237980654944229,k=5",30,0.954208122707947,30,30,0.0014178864008737877,193.5,0.4224451157000655,0.1464585372229826,0.40984283228506163,0.6849330878040625,1.0,False
2026-08-30T05:51:06.329788+00:00,segment,f1,gen_exponential,"epsilon=40.85824861876189,k=28,p=1.6516507162763039",30,0.9576299861454796,harmonic,k=6,30,0.9432233407813844,30,30,0.014406645364095324,46.0,3.453157842159271e-05,0.7560977660462316,2.255805047549484,0.03179792726297492,0.08018232509493828,False
2026-08-30T05:51:06.358763+00:00,segment,f1,gen_exponential,"epsilon=40.85824861876189,k=28,p=1.6516507162763039",30,0.9576299861454796,inverse_multiquadratic,"c=0.016470428664554334,k=5",30,0.9469073787118044,30,30,0.010722607433675117,59.0,0.0001528710126876831,0.6912913408438132,2.1028301638704536,0.04427485884297977,0.34426552057266235,False
2026-08-30T05:51:06.383607+00:00,segment,f1,gen_exponential,"epsilon=40.85824861876189,k=28,p=1.6516507162763039",30,0.9576299861454796,laplacian,"epsilon=42.97100021154878,k=22",30,0.9576249997644432,30,30,4.986381036509169e-06,7.0,0.892738400944348,0.06030226891555274,0.005724463107194753,0.9954717625566141,1.0,False
2026-08-30T05:51:06.410772+00:00,segment,f1,gen_exponential,"epsilon=40.85824861876189,k=28,p=1.6516507162763039",30,0.9576299861454796,logarithmic,"c=0.07546696410796928,k=5",30,0.9451725613923455,30,30,0.012457424753134194,56.0,0.00011058151721954346,0.7058533191856595,2.083761201023912,0.046102326278361305,0.2513517886400223,False
2026-08-30T05:51:06.436381+00:00,segment,f1,gen_exponential,"epsilon=40.85824861876189,k=28,p=1.6516507162763039",30,0.9576299861454796,lorentzian,k=5,30,0.9479222259915069,30,30,0.009707760153972766,74.0,0.0006665531545877457,0.6212961862261097,1.8640077288334225,0.07247344886284823,1.0,False
2026-08-30T05:51:06.462638+00:00,segment,f1,gen_exponential,"epsilon=40.85824861876189,k=28,p=1.6516507162763039",30,0.9576299861454796,multiquadratic,"c=2.2505043547850567,k=5",30,0.9363597805490352,30,30,0.02127020559644418,14.0,2.0489096641540527e-07,0.9484445152196678,3.1962308984074803,0.003350540110871103,0.0005001388490200043,True
2026-08-30T05:51:06.489107+00:00,segment,f1,gen_exponential,"epsilon=40.85824861876189,k=28,p=1.6516507162763039",30,0.9576299861454796,quartic_spline,"h=0.9237980654944229,k=5",30,0.9536104561923134,30,30,0.004019529953166161,143.5,0.06715569697773145,0.3342258926370631,0.9672370309142883,0.34142332629417016,1.0,False
2026-08-30T05:51:06.515164+00:00,segment,f1,gen_exponential,"epsilon=40.85824861876189,k=28,p=1.6516507162763039",30,0.9576299861454796,radial,"k=5,z=0.15293952761249946",30,0.9578533097612602,30,30,-0.00022332361578049077,10.0,0.49896229860376107,0.25555062599997597,-0.19081191752765897,0.8500025153251878,1.0,False
2026-08-30T05:51:06.542188+00:00,segment,f1,gen_exponential,"epsilon=40.85824861876189,k=28,p=1.6516507162763039",30,0.9576299861454796,rational_quadratic,"alpha=1.951264598651315,k=28,l=0.056199690315221415",30,0.9518560055463623,30,30,0.005773980599117346,132.0,0.03841841779649258,0.3779947341277093,1.0837786911911642,0.28739158554302247,1.0,False
2026-08-30T05:51:06.567516+00:00,segment,f1,gen_exponential,"epsilon=40.85824861876189,k=28,p=1.6516507162763039",30,0.9576299861454796,rbf_gaussian,"epsilon=5.068077717443547,k=27",30,0.9578490020604694,30,30,-0.00021901591498994324,6.0,0.6858304344516057,0.18090680674665813,-0.2215388748681285,0.826225476973621,1.0,False
2026-08-30T05:51:06.593561+00:00,segment,f1,gen_exponential,"epsilon=40.85824861876189,k=28,p=1.6516507162763039",30,0.9576299861454796,shepard,"k=4,z=3.573720289591046",30,0.9553245816722786,30,30,0.0023054044732008783,150.0,0.14440936759864204,0.271034616602909,0.577320489648678,0.568178395189082,1.0,False
2026-08-30T05:51:06.619729+00:00,segment,f1,gen_exponential,"epsilon=40.85824861876189,k=28,p=1.6516507162763039",30,0.9576299861454796,sigmoidal,"alpha=6.549308121699945,c=0.6412660218314743,k=24",30,0.9493441136191207,30,30,0.008285872526358866,107.0,0.008705463260412216,0.47896680843596734,1.6342007839241475,0.11302763361524049,1.0,False
2026-08-30T05:51:06.645522+00:00,segment,f1,gen_exponential,"epsilon=40.85824861876189,k=28,p=1.6516507162763039",30,0.9576299861454796,softmax_radial,"beta=42.97100021154878,k=22",30,0.9576249997644432,30,30,4.986381036509169e-06,7.0,0.892738400944348,0.06030226891555274,0.005724463107194753,0.9954717625566141,1.0,False
2026-08-30T05:51:06.680721+00:00,segment,f1,gen_exponential,"epsilon=40.85824861876189,k=28,p=1.6516507162763039",30,0.9576299861454796,student_t,"k=5,nu=0.005695262671673525",30,0.9469073787118044,30,30,0.010722607433675117,59.0,0.0001528710126876831,0.6912913408438132,2.1028301638704536,0.04427485884297977,0.34426552057266235,False
2026-08-30T05:51:06.706534+00:00,segment,f1,gen_exponential,"epsilon=40.85824861876189,k=28,p=1.6516507162763039",30,0.9576299861454796,wendland_c2,"h=0.9237980654944229,k=5",30,0.954208122707947,30,30,0.003421863437532698,148.5,0.08402656404511685,0.315449157095655,0.8646387312073932,0.39433316186289313,1.0,False
2026-08-30T05:51:06.732570+00:00,segment,f1,harmonic,k=6,30,0.9432233407813844,inverse_multiquadratic,"c=0.016470428664554334,k=5",30,0.9469073787118044,30,30,-0.003684037930420207,154.0,0.16972956854297983,0.2549733059894031,-1.0048245836856566,0.32329239083351125,1.0,False
2026-08-30T05:51:06.759475+00:00,segment,f1,harmonic,k=6,30,0.9432233407813844,laplacian,"epsilon=42.97100021154878,k=22",30,0.9576249997644432,30,30,-0.014401658983058814,38.0,1.218356192111969e-05,0.798630054154929,-2.34505712004401,0.026077973720507908,0.02874102257192135,True
2026-08-30T05:51:06.785487+00:00,segment,f1,harmonic,k=6,30,0.9432233407813844,logarithmic,"c=0.07546696410796928,k=5",30,0.9451725613923455,30,30,-0.0019492206109611296,180.0,0.4174403049093858,0.150574787001616,-0.567331179429057,0.5748551108916842,1.0,False
2026-08-30T05:51:06.810786+00:00,segment,f1,harmonic,k=6,30,0.9432233407813844,lorentzian,k=5,30,0.9479222259915069,30,30,-0.004698885210122557,127.0,0.050359261177925704,0.3633871526305667,-0.9553843047192672,0.34728018371818603,1.0,False
2026-08-30T05:51:06.836114+00:00,segment,f1,harmonic,k=6,30,0.9432233407813844,multiquadratic,"c=2.2505043547850567,k=5",30,0.9363597805490352,30,30,0.006863560232348857,32.0,0.00016199305378074129,0.7259072746472329,1.869809872666199,0.0716369915827959,0.36302643352264125,False
2026-08-30T05:51:06.861650+00:00,segment,f1,harmonic,k=6,30,0.9432233407813844,quartic_spline,"h=0.9237980654944229,k=5",30,0.9536104561923134,30,30,-0.010387115410929163,55.0,0.0004417948521367102,0.6524907436736718,-2.1970728302239637,0.03615605666350641,0.9573694445802511,False
2026-08-30T05:51:06.887573+00:00,segment,f1,harmonic,k=6,30,0.9432233407813844,radial,"k=5,z=0.15293952761249946",30,0.9578533097612602,30,30,-0.014629968979875814,40.0,1.597777009010315e-05,0.7877634628107649,-2.362482904070983,0.02507682197348715,0.03757971525192261,True
2026-08-30T05:51:06.913792+00:00,segment,f1,harmonic,k=6,30,0.9432233407813844,rational_quadratic,"alpha=1.951264598651315,k=28,l=0.056199690315221415",30,0.9518560055463623,30,30,-0.008632664764977978,108.0,0.009301122277975082,0.47483586892073704,-1.4577567917545147,0.15565270420392308,1.0,False
2026-08-30T05:51:06.941067+00:00,segment,f1,harmonic,k=6,30,0.9432233407813844,rbf_gaussian,"epsilon=5.068077717443547,k=27",30,0.9578490020604694,30,30,-0.014625661279085267,43.0,2.366676926612854e-05,0.7717688534949346,-2.359000539109539,0.025274049176560176,0.05526190623641014,False
2026-08-30T05:51:06.968961+00:00,segment,f1,harmonic,k=6,30,0.9432233407813844,shepard,"k=4,z=3.573720289591046",30,0.9553245816722786,30,30,-0.012101240890894446,39.0,1.3966113328933716e-05,0.7931740614553175,-2.3426392535491476,0.0262197217763549,0.0328901968896389,True
2026-08-30T05:51:06.995689+00:00,segment,f1,harmonic,k=6,30,0.9432233407813844,sigmoidal,"alpha=6.549308121699945,c=0.6412660218314743,k=24",30,0.9493441136191207,30,30,-0.006120772837736458,120.0,0.019660815596580505,0.425901512803742,-1.2148399828085819,0.23422627789425876,1.0,False
2026-08-30T05:51:07.023931+00:00,segment,f1,harmonic,k=6,30,0.9432233407813844,softmax_radial,"beta=42.97100021154878,k=22",30,0.9576249997644432,30,30,-0.014401658983058814,38.0,1.218356192111969e-05,0.798630054154929,-2.34505712004401,0.026077973720507908,0.02874102257192135,True
2026-08-30T05:51:07.049565+00:00,segment,f1,harmonic,k=6,30,0.9432233407813844,student_t,"k=5,nu=0.005695262671673525",30,0.9469073787118044,30,30,-0.003684037930420207,154.0,0.16972956854297983,0.2549733059894031,-1.0048245836856566,0.32329239083351125,1.0,False
2026-08-30T05:51:07.075063+00:00,segment,f1,harmonic,k=6,30,0.9432233407813844,wendland_c2,"h=0.9237980654944229,k=5",30,0.954208122707947,30,30,-0.010984781926562626,42.0,0.00014771976188914803,0.7046900031675788,-2.3710732081679904,0.024596281150308652,0.33355122234569623,False
2026-08-30T05:51:07.102008+00:00,segment,f1,inverse_multiquadratic,"c=0.016470428664554334,k=5",30,0.9469073787118044,laplacian,"epsilon=42.97100021154878,k=22",30,0.9576249997644432,30,30,-0.010717621052638607,59.0,0.0001528710126876831,0.6912913408438132,-2.1641643125366254,0.038825654192898185,0.34426552057266235,False
2026-08-30T05:51:07.127060+00:00,segment,f1,inverse_multiquadratic,"c=0.016470428664554334,k=5",30,0.9469073787118044,logarithmic,"c=0.07546696410796928,k=5",30,0.9451725613923455,30,30,0.0017348173194590773,32.0,0.19812291175396723,0.3439432714300407,0.9338900635341851,0.3580718876902802,1.0,False
2026-08-30T05:51:07.153400+00:00,segment,f1,inverse_multiquadratic,"c=0.016470428664554334,k=5",30,0.9469073787118044,lorentzian,k=5,30,0.9479222259915069,30,30,-0.0010148472797023504,114.0,0.6848744008735368,0.08652124859396373,-0.3277119898507035,0.7454836283280832,1.0,False
2026-08-30T05:51:07.179552+00:00,segment,f1,inverse_multiquadratic,"c=0.016470428664554334,k=5",30,0.9469073787118044,multiquadratic,"c=2.2505043547850567,k=5",30,0.9363597805490352,30,30,0.010547598162769064,20.0,1.9496331812351264e-05,0.7930272115419371,2.7132563333856354,0.011092466188158179,0.045777387095400766,True
2026-08-30T05:51:07.205121+00:00,segment,f1,inverse_multiquadratic,"c=0.016470428664554334,k=5",30,0.9469073787118044,quartic_spline,"h=0.9237980654944229,k=5",30,0.9536104561923134,30,30,-0.006703077480508956,72.0,0.001654205591172484,0.5842301735662674,-1.762900375981481,0.08845416509459358,1.0,False
2026-08-30T05:51:07.231332+00:00,segment,f1,inverse_multiquadratic,"c=0.016470428664554334,k=5",30,0.9469073787118044,radial,"k=5,z=0.15293952761249946",30,0.9578533097612602,30,30,-0.010945931049455607,55.0,9.90256667137146e-05,0.71075526275676,-2.226432003336377,0.0339145928182345,0.22538241744041443,False
2026-08-30T05:51:07.258228+00:00,segment,f1,inverse_multiquadratic,"c=0.016470428664554334,k=5",30,0.9469073787118044,rational_quadratic,"alpha=1.951264598651315,k=28,l=0.056199690315221415",30,0.9518560055463623,30,30,-0.004948626834557771,92.0,0.011483595636288289,0.47767679198067436,-1.002653199075574,0.3243214922630868,1.0,False
2026-08-30T05:51:07.294904+00:00,segment,f1,inverse_multiquadratic,"c=0.016470428664554334,k=5",30,0.9469073787118044,rbf_gaussian,"epsilon=5.068077717443547,k=27",30,0.9578490020604694,30,30,-0.01094162334866506,52.0,7.056817412376404e-05,0.7256158999558389,-2.2410302166877156,0.03284726697204299,0.1618833914399147,False
2026-08-30T05:51:07.323959+00:00,segment,f1,inverse_multiquadratic,"c=0.016470428664554334,k=5",30,0.9469073787118044,shepard,"k=4,z=3.573720289591046",30,0.9553245816722786,30,30,-0.008417202960474239,42.0,0.00014771976188914803,0.7046900031675788,-2.1804760699922867,0.03748113489277971,0.33355122234569623,False
2026-08-30T05:51:07.353070+00:00,segment,f1,inverse_multiquadratic,"c=0.016470428664554334,k=5",30,0.9469073787118044,sigmoidal,"alpha=6.549308121699945,c=0.6412660218314743,k=24",30,0.9493441136191207,30,30,-0.0024367349073162515,158.0,0.12935307621955872,0.276902583122567,-0.5930972289611006,0.5577135860938915,1.0,False
2026-08-30T05:51:07.379791+00:00,segment,f1,inverse_multiquadratic,"c=0.016470428664554334,k=5",30,0.9469073787118044,softmax_radial,"beta=42.97100021154878,k=22",30,0.9576249997644432,30,30,-0.010717621052638607,59.0,0.0001528710126876831,0.6912913408438132,-2.1641643125366254,0.038825654192898185,0.34426552057266235,False
2026-08-30T05:51:07.402935+00:00,segment,f1,inverse_multiquadratic,"c=0.016470428664554334,k=5",30,0.9469073787118044,student_t,"k=5,nu=0.005695262671673525",30,0.9469073787118044,30,30,0.0,,,,,,,False
2026-08-30T05:51:07.427904+00:00,segment,f1,inverse_multiquadratic,"c=0.016470428664554334,k=5",30,0.9469073787118044,wendland_c2,"h=0.9237980654944229,k=5",30,0.954208122707947,30,30,-0.007300743996142419,62.0,0.0007726592908711714,0.624383450100031,-1.9505284218283412,0.06083704616427443,1.0,False
2026-08-30T05:51:07.454034+00:00,segment,f1,laplacian,"epsilon=42.97100021154878,k=22",30,0.9576249997644432,logarithmic,"c=0.07546696410796928,k=5",30,0.9451725613923455,30,30,0.012452438372097686,54.0,8.856505155563354e-05,0.7156828175194322,2.13978115229847,0.0409158905993765,0.20192831754684448,False
2026-08-30T05:51:07.480032+00:00,segment,f1,laplacian,"epsilon=42.97100021154878,k=22",30,0.9576249997644432,lorentzian,k=5,30,0.9479222259915069,30,30,0.009702773772936258,70.0,0.00046010687947273254,0.6395513038774573,1.9182320867668672,0.06497535032075441,0.9965915009379387,False
2026-08-30T05:51:07.506024+00:00,segment,f1,laplacian,"epsilon=42.97100021154878,k=22",30,0.9576249997644432,multiquadratic,"c=2.2505043547850567,k=5",30,0.9363597805490352,30,30,0.021265219215407673,13.0,1.6391277313232422e-07,0.9559956831724992,3.25020697480926,0.0029180070408747483,0.00040093064308166504,True
2026-08-30T05:51:07.530900+00:00,segment,f1,laplacian,"epsilon=42.97100021154878,k=22",30,0.9576249997644432,quartic_spline,"h=0.9237980654944229,k=5",30,0.9536104561923134,30,30,0.004014543572129651,137.5,0.050696024941452554,0.3567579752867526,0.9979426712517528,0.3265616996397007,1.0,False
2026-08-30T05:51:07.561839+00:00,segment,f1,laplacian,"epsilon=42.97100021154878,k=22",30,0.9576249997644432,radial,"k=5,z=0.15293952761249946",30,0.9578533097612602,30,30,-0.00022830999681699993,5.0,0.5001842570707944,0.3015113445777636,-0.2287350203809153,0.8206802433532121,1.0,False
2026-08-30T05:51:07.592939+00:00,segment,f1,laplacian,"epsilon=42.97100021154878,k=22",30,0.9576249997644432,rational_quadratic,"alpha=1.951264598651315,k=28,l=0.056199690315221415",30,0.9518560055463623,30,30,0.005768994218080836,129.0,0.03272089920938015,0.3898855874111768,1.0613501310054514,0.2972902198940024,1.0,False
2026-08-30T05:51:07.618130+00:00,segment,f1,laplacian,"epsilon=42.97100021154878,k=22",30,0.9576249997644432,rbf_gaussian,"epsilon=5.068077717443547,k=27",30,0.9578490020604694,30,30,-0.00022400229602645243,10.0,0.49896229860376107,0.25555062599997597,-0.19017761715870088,0.8504949462533085,1.0,False
2026-08-30T05:51:07.643801+00:00,segment,f1,laplacian,"epsilon=42.97100021154878,k=22",30,0.9576249997644432,shepard,"k=4,z=3.573720289591046",30,0.9553245816722786,30,30,0.0023004180921643693,153.0,0.1631073882292975,0.25898863364277963,0.5897660816958917,0.5599149167132818,1.0,False
2026-08-30T05:51:07.670691+00:00,segment,f1,laplacian,"epsilon=42.97100021154878,k=22",30,0.9576249997644432,sigmoidal,"alpha=6.549308121699945,c=0.6412660218314743,k=24",30,0.9493441136191207,30,30,0.008280886145322356,97.0,0.004338232800364494,0.5207854870849135,1.7110730473471534,0.09774560281528344,1.0,False
2026-08-30T05:51:07.694880+00:00,segment,f1,laplacian,"epsilon=42.97100021154878,k=22",30,0.9576249997644432,softmax_radial,"beta=42.97100021154878,k=22",30,0.9576249997644432,30,30,0.0,,,,,,,False
2026-08-30T05:51:07.722470+00:00,segment,f1,laplacian,"epsilon=42.97100021154878,k=22",30,0.9576249997644432,student_t,"k=5,nu=0.005695262671673525",30,0.9469073787118044,30,30,0.010717621052638607,59.0,0.0001528710126876831,0.6912913408438132,2.1641643125366254,0.038825654192898185,0.34426552057266235,False
2026-08-30T05:51:07.749343+00:00,segment,f1,laplacian,"epsilon=42.97100021154878,k=22",30,0.9576249997644432,wendland_c2,"h=0.9237980654944229,k=5",30,0.954208122707947,30,30,0.003416877056496189,142.5,0.06414085908448686,0.3379812397453447,0.8950100919804274,0.378150475864361,1.0,False
2026-08-30T05:51:07.775013+00:00,segment,f1,logarithmic,"c=0.07546696410796928,k=5",30,0.9451725613923455,lorentzian,k=5,30,0.9479222259915069,30,30,-0.0027496645991614277,122.0,0.10746884001658802,0.3097820853590228,-0.7044538446966433,0.4867693104778994,1.0,False
2026-08-30T05:51:07.800322+00:00,segment,f1,logarithmic,"c=0.07546696410796928,k=5",30,0.9451725613923455,multiquadratic,"c=2.2505043547850567,k=5",30,0.9363597805490352,30,30,0.008812780843309987,21.0,8.709526130355564e-05,0.7695572601754225,2.332771470528312,0.026805514146155618,0.19875138629471395,False
2026-08-30T05:51:07.826312+00:00,segment,f1,logarithmic,"c=0.07546696410796928,k=5",30,0.9451725613923455,quartic_spline,"h=0.9237980654944229,k=5",30,0.9536104561923134,30,30,-0.008437894799968034,85.0,0.001718590036034584,0.5723685479910858,-1.7859520094143977,0.08456855608878566,1.0,False
2026-08-30T05:51:07.852587+00:00,segment,f1,logarithmic,"c=0.07546696410796928,k=5",30,0.9451725613923455,radial,"k=5,z=0.15293952761249946",30,0.9578533097612602,30,30,-0.012680748368914686,50.0,5.5925920605659485e-05,0.7356594175127341,-2.1948503768106895,0.03633102637634944,0.1287973951548338,False
2026-08-30T05:51:07.878841+00:00,segment,f1,logarithmic,"c=0.07546696410796928,k=5",30,0.9451725613923455,rational_quadratic,"alpha=1.951264598651315,k=28,l=0.056199690315221415",30,0.9518560055463623,30,30,-0.006683444154016849,105.0,0.007612137123942375,0.48725510872631805,-1.119293961044882,0.2722001698594163,1.0,False
2026-08-30T05:51:07.907236+00:00,segment,f1,logarithmic,"c=0.07546696410796928,k=5",30,0.9451725613923455,rbf_gaussian,"epsilon=5.068077717443547,k=27",30,0.9578490020604694,30,30,-0.012676440668124138,47.0,3.904104232788086e-05,0.7509427276507372,-2.217309226879382,0.034597328937098215,0.09045809507369995,False
2026-08-30T05:51:07.932233+00:00,segment,f1,logarithmic,"c=0.07546696410796928,k=5",30,0.9451725613923455,shepard,"k=4,z=3.573720289591046",30,0.9553245816722786,30,30,-0.010152020279933316,43.0,0.00016113557960971867,0.7006746755142161,-2.135850538304804,0.04126207554401362,0.36126596948498924,False
2026-08-30T05:51:07.959022+00:00,segment,f1,logarithmic,"c=0.07546696410796928,k=5",30,0.9451725613923455,sigmoidal,"alpha=6.549308121699945,c=0.6412660218314743,k=24",30,0.9493441136191207,30,30,-0.004171552226775329,140.0,0.05768792890012264,0.34653710530625303,-0.8959909276214582,0.37763512955952416,1.0,False
2026-08-30T05:51:07.985407+00:00,segment,f1,logarithmic,"c=0.07546696410796928,k=5",30,0.9451725613923455,softmax_radial,"beta=42.97100021154878,k=22",30,0.9576249997644432,30,30,-0.012452438372097686,54.0,8.856505155563354e-05,0.7156828175194322,-2.13978115229847,0.0409158905993765,0.20192831754684448,False
2026-08-30T05:51:08.011209+00:00,segment,f1,logarithmic,"c=0.07546696410796928,k=5",30,0.9451725613923455,student_t,"k=5,nu=0.005695262671673525",30,0.9469073787118044,30,30,-0.0017348173194590773,32.0,0.19812291175396723,0.3439432714300407,-0.9338900635341851,0.3580718876902802,1.0,False
2026-08-30T05:51:08.038125+00:00,segment,f1,logarithmic,"c=0.07546696410796928,k=5",30,0.9451725613923455,wendland_c2,"h=0.9237980654944229,k=5",30,0.954208122707947,30,30,-0.009035561315601496,77.0,0.0008718203753232956,0.6077756784491347,-1.9465925292184258,0.06132876998799763,1.0,False
2026-08-30T05:51:08.063204+00:00,segment,f1,lorentzian,k=5,30,0.9479222259915069,multiquadratic,"c=2.2505043547850567,k=5",30,0.9363597805490352,30,30,0.011562445442471415,28.0,4.174619343439777e-05,0.7609045903148995,2.333172236566801,0.026781493259524947,0.09639196064002445,False
2026-08-30T05:51:08.088864+00:00,segment,f1,lorentzian,k=5,30,0.9479222259915069,quartic_spline,"h=0.9237980654944229,k=5",30,0.9536104561923134,30,30,-0.0056882302008066064,122.0,0.022098854184150696,0.41785105451705995,-1.3295761020420365,0.19402251334470044,1.0,False
2026-08-30T05:51:08.114423+00:00,segment,f1,lorentzian,k=5,30,0.9479222259915069,radial,"k=5,z=0.15293952761249946",30,0.9578533097612602,30,30,-0.009931083769753258,71.0,0.0005054883658885956,0.6349621780182918,-1.9293003142361096,0.06353037849376997,1.0,False
2026-08-30T05:51:08.139184+00:00,segment,f1,lorentzian,k=5,30,0.9479222259915069,rational_quadratic,"alpha=1.951264598651315,k=28,l=0.056199690315221415",30,0.9518560055463623,30,30,-0.003933779554855421,131.0,0.10110033021878644,0.30984440560908566,-0.7680941880307252,0.4486409342895932,1.0,False
2026-08-30T05:51:08.164452+00:00,segment,f1,lorentzian,k=5,30,0.9479222259915069,rbf_gaussian,"epsilon=5.068077717443547,k=27",30,0.9578490020604694,30,30,-0.00992677606896271,67.0,0.0003449581563472748,0.6534265520245589,-1.9547930135780145,0.060308139414657846,0.7537335716187954,False
2026-08-30T05:51:08.189315+00:00,segment,f1,lorentzian,k=5,30,0.9479222259915069,shepard,"k=4,z=3.573720289591046",30,0.9553245816722786,30,30,-0.007402355680771888,56.0,0.0004791544897145572,0.648475416020302,-2.028027377128236,0.05183204212142645,1.0,False
2026-08-30T05:51:08.214632+00:00,segment,f1,lorentzian,k=5,30,0.9479222259915069,sigmoidal,"alpha=6.549308121699945,c=0.6412660218314743,k=24",30,0.9493441136191207,30,30,-0.001421887627613901,146.0,0.19429725443208945,0.24529348777385965,-0.37072775996963436,0.7135346557825288,1.0,False
2026-08-30T05:51:08.242387+00:00,segment,f1,lorentzian,k=5,30,0.9479222259915069,softmax_radial,"beta=42.97100021154878,k=22",30,0.9576249997644432,30,30,-0.009702773772936258,70.0,0.00046010687947273254,0.6395513038774573,-1.9182320867668672,0.06497535032075441,0.9965915009379387,False
2026-08-30T05:51:08.268003+00:00,segment,f1,lorentzian,k=5,30,0.9479222259915069,student_t,"k=5,nu=0.005695262671673525",30,0.9469073787118044,30,30,0.0010148472797023504,114.0,0.6848744008735368,0.08652124859396373,0.3277119898507035,0.7454836283280832,1.0,False
2026-08-30T05:51:08.294550+00:00,segment,f1,lorentzian,k=5,30,0.9479222259915069,wendland_c2,"h=0.9237980654944229,k=5",30,0.954208122707947,30,30,-0.006285896716440069,111.0,0.011303061619400978,0.46249456499707287,-1.4420700446934336,0.15999608442222635,1.0,False
2026-08-30T05:51:08.321702+00:00,segment,f1,multiquadratic,"c=2.2505043547850567,k=5",30,0.9363597805490352,quartic_spline,"h=0.9237980654944229,k=5",30,0.9536104561923134,30,30,-0.01725067564327802,11.0,1.0244548320770264e-07,0.9717203986564013,-3.6139864280462897,0.0011282357602977466,0.00025119632482528687,True
2026-08-30T05:51:08.348028+00:00,segment,f1,multiquadratic,"c=2.2505043547850567,k=5",30,0.9363597805490352,radial,"k=5,z=0.15293952761249946",30,0.9578533097612602,30,30,-0.021493529212224673,12.0,1.30385160446167e-07,0.9636820213077372,-3.328289141662184,0.002385926008176442,0.00031944364309310913,True
2026-08-30T05:51:08.374449+00:00,segment,f1,multiquadratic,"c=2.2505043547850567,k=5",30,0.9363597805490352,rational_quadratic,"alpha=1.951264598651315,k=28,l=0.056199690315221415",30,0.9518560055463623,30,30,-0.015496224997326835,45.0,3.049522638320923e-05,0.7612862128215373,-2.600363574175987,0.014502055796439262,0.07099288702011108,False
2026-08-30T05:51:08.400996+00:00,segment,f1,multiquadratic,"c=2.2505043547850567,k=5",30,0.9363597805490352,rbf_gaussian,"epsilon=5.068077717443547,k=27",30,0.9578490020604694,30,30,-0.021489221511434124,12.0,1.30385160446167e-07,0.9636820213077372,-3.341484144415587,0.002305768814519382,0.00031944364309310913,True
2026-08-30T05:51:08.427863+00:00,segment,f1,multiquadratic,"c=2.2505043547850567,k=5",30,0.9363597805490352,shepard,"k=4,z=3.573720289591046",30,0.9553245816722786,30,30,-0.0189648011232433,13.0,1.6391277313232422e-07,0.9559956831724992,-3.2708644425984463,0.0027670867968419,0.00040093064308166504,True
2026-08-30T05:51:08.453889+00:00,segment,f1,multiquadratic,"c=2.2505043547850567,k=5",30,0.9363597805490352,sigmoidal,"alpha=6.549308121699945,c=0.6412660218314743,k=24",30,0.9493441136191207,30,30,-0.012984333070085315,52.0,7.056817412376404e-05,0.7256158999558389,-2.1642676082984074,0.038817005963241336,0.1618833914399147,False
2026-08-30T05:51:08.480404+00:00,segment,f1,multiquadratic,"c=2.2505043547850567,k=5",30,0.9363597805490352,softmax_radial,"beta=42.97100021154878,k=22",30,0.9576249997644432,30,30,-0.021265219215407673,13.0,1.6391277313232422e-07,0.9559956831724992,-3.25020697480926,0.0029180070408747483,0.00040093064308166504,True
2026-08-30T05:51:08.505851+00:00,segment,f1,multiquadratic,"c=2.2505043547850567,k=5",30,0.9363597805490352,student_t,"k=5,nu=0.005695262671673525",30,0.9469073787118044,30,30,-0.010547598162769064,20.0,1.9496331812351264e-05,0.7930272115419371,-2.7132563333856354,0.011092466188158179,0.045777387095400766,True
2026-08-30T05:51:08.533800+00:00,segment,f1,multiquadratic,"c=2.2505043547850567,k=5",30,0.9363597805490352,wendland_c2,"h=0.9237980654944229,k=5",30,0.954208122707947,30,30,-0.01784834215891148,6.0,2.60770320892334e-08,1.016193623452255,-3.7288710569697807,0.000830865568334449,6.461888551712036e-05,True
2026-08-30T05:51:08.560270+00:00,segment,f1,quartic_spline,"h=0.9237980654944229,k=5",30,0.9536104561923134,radial,"k=5,z=0.15293952761249946",30,0.9578533097612602,30,30,-0.004242853568946651,128.5,0.03242240034723065,0.3905560992612871,-1.0496658335816045,0.3025409804309267,1.0,False
2026-08-30T05:51:08.585934+00:00,segment,f1,quartic_spline,"h=0.9237980654944229,k=5",30,0.9536104561923134,rational_quadratic,"alpha=1.951264598651315,k=28,l=0.056199690315221415",30,0.9518560055463623,30,30,0.0017544506459511852,168.0,0.4254511364591589,0.15061880828219448,0.5963228640707804,0.5555862131487816,1.0,False
2026-08-30T05:51:08.611220+00:00,segment,f1,quartic_spline,"h=0.9237980654944229,k=5",30,0.9536104561923134,rbf_gaussian,"epsilon=5.068077717443547,k=27",30,0.9578490020604694,30,30,-0.004238545868156103,126.5,0.029235110936717545,0.3980667934778504,-1.0467120025186416,0.30387861183617826,1.0,False
2026-08-30T05:51:08.637966+00:00,segment,f1,quartic_spline,"h=0.9237980654944229,k=5",30,0.9536104561923134,shepard,"k=4,z=3.573720289591046",30,0.9553245816722786,30,30,-0.001714125479965282,158.0,0.12935307621955872,0.276902583122567,-0.5478427277855225,0.5879922718713779,1.0,False
2026-08-30T05:51:08.664577+00:00,segment,f1,quartic_spline,"h=0.9237980654944229,k=5",30,0.9536104561923134,sigmoidal,"alpha=6.549308121699945,c=0.6412660218314743,k=24",30,0.9493441136191207,30,30,0.004266342573192705,161.0,0.1459994912147522,0.2654278473004966,0.9840255627283392,0.33324200444322516,1.0,False
2026-08-30T05:51:08.690467+00:00,segment,f1,quartic_spline,"h=0.9237980654944229,k=5",30,0.9536104561923134,softmax_radial,"beta=42.97100021154878,k=22",30,0.9576249997644432,30,30,-0.004014543572129651,137.5,0.050696024941452554,0.3567579752867526,-0.9979426712517528,0.3265616996397007,1.0,False
2026-08-30T05:51:08.716014+00:00,segment,f1,quartic_spline,"h=0.9237980654944229,k=5",30,0.9536104561923134,student_t,"k=5,nu=0.005695262671673525",30,0.9469073787118044,30,30,0.006703077480508956,72.0,0.001654205591172484,0.5842301735662674,1.762900375981481,0.08845416509459358,1.0,False
2026-08-30T05:51:08.741232+00:00,segment,f1,quartic_spline,"h=0.9237980654944229,k=5",30,0.9536104561923134,wendland_c2,"h=0.9237980654944229,k=5",30,0.954208122707947,30,30,-0.0005976665156334622,0.0,0.10880943004054569,0.9258200997725514,-0.8619933233405073,0.3957633098451594,1.0,False
2026-08-30T05:51:08.767468+00:00,segment,f1,radial,"k=5,z=0.15293952761249946",30,0.9578533097612602,rational_quadratic,"alpha=1.951264598651315,k=28,l=0.056199690315221415",30,0.9518560055463623,30,30,0.005997304214897836,124.0,0.024786051362752914,0.4098281024195092,1.0875341877392628,0.2857572652272684,1.0,False
2026-08-30T05:51:08.793102+00:00,segment,f1,radial,"k=5,z=0.15293952761249946",30,0.9578533097612602,rbf_gaussian,"epsilon=5.068077717443547,k=27",30,0.9578490020604694,30,30,4.307700790547505e-06,5.0,1.0,0.0,0.004937454724018424,0.9960943062635899,1.0,False
2026-08-30T05:51:08.818728+00:00,segment,f1,radial,"k=5,z=0.15293952761249946",30,0.9578533097612602,shepard,"k=4,z=3.573720289591046",30,0.9553245816722786,30,30,0.002528728088981369,153.0,0.1631073882292975,0.25898863364277963,0.6198480928181331,0.5401980468147096,1.0,False
2026-08-30T05:51:08.845989+00:00,segment,f1,radial,"k=5,z=0.15293952761249946",30,0.9578533097612602,sigmoidal,"alpha=6.549308121699945,c=0.6412660218314743,k=24",30,0.9493441136191207,30,30,0.008509196142139356,89.0,0.0023674946278333664,0.5549857200333014,1.8136380633863187,0.08009471972793603,1.0,False
2026-08-30T05:51:08.871121+00:00,segment,f1,radial,"k=5,z=0.15293952761249946",30,0.9578533097612602,softmax_radial,"beta=42.97100021154878,k=22",30,0.9576249997644432,30,30,0.00022830999681699993,5.0,0.5001842570707944,0.3015113445777636,0.2287350203809153,0.8206802433532121,1.0,False
2026-08-30T05:51:08.897648+00:00,segment,f1,radial,"k=5,z=0.15293952761249946",30,0.9578533097612602,student_t,"k=5,nu=0.005695262671673525",30,0.9469073787118044,30,30,0.010945931049455607,55.0,9.90256667137146e-05,0.71075526275676,2.226432003336377,0.0339145928182345,0.22538241744041443,False
2026-08-30T05:51:08.922780+00:00,segment,f1,radial,"k=5,z=0.15293952761249946",30,0.9578533097612602,wendland_c2,"h=0.9237980654944229,k=5",30,0.954208122707947,30,30,0.0036451870533131888,132.5,0.039696969514814814,0.3755347108281606,0.9610602461110315,0.34446714945657164,1.0,False
2026-08-30T05:51:08.949239+00:00,segment,f1,rational_quadratic,"alpha=1.951264598651315,k=28,l=0.056199690315221415",30,0.9518560055463623,rbf_gaussian,"epsilon=5.068077717443547,k=27",30,0.9578490020604694,30,30,-0.005992996514107288,125.0,0.026228994131088257,0.4058266985710671,-1.1146888313017425,0.274136725585747,1.0,False
2026-08-30T05:51:08.974381+00:00,segment,f1,rational_quadratic,"alpha=1.951264598651315,k=28,l=0.056199690315221415",30,0.9518560055463623,shepard,"k=4,z=3.573720289591046",30,0.9553245816722786,30,30,-0.003468576125916467,115.0,0.04508235295510379,0.37869871796666016,-0.8938738737296207,0.3787480322132182,1.0,False
2026-08-30T05:51:09.000548+00:00,segment,f1,rational_quadratic,"alpha=1.951264598651315,k=28,l=0.056199690315221415",30,0.9518560055463623,sigmoidal,"alpha=6.549308121699945,c=0.6412660218314743,k=24",30,0.9493441136191207,30,30,0.00251189192724152,175.0,0.3581028690285257,0.17065142526849816,0.44324686351355125,0.6608763573630476,1.0,False
2026-08-30T05:51:09.026534+00:00,segment,f1,rational_quadratic,"alpha=1.951264598651315,k=28,l=0.056199690315221415",30,0.9518560055463623,softmax_radial,"beta=42.97100021154878,k=22",30,0.9576249997644432,30,30,-0.005768994218080836,129.0,0.03272089920938015,0.3898855874111768,-1.0613501310054514,0.2972902198940024,1.0,False
2026-08-30T05:51:09.053438+00:00,segment,f1,rational_quadratic,"alpha=1.951264598651315,k=28,l=0.056199690315221415",30,0.9518560055463623,student_t,"k=5,nu=0.005695262671673525",30,0.9469073787118044,30,30,0.004948626834557771,92.0,0.011483595636288289,0.47767679198067436,1.002653199075574,0.3243214922630868,1.0,False
2026-08-30T05:51:09.078954+00:00,segment,f1,rational_quadratic,"alpha=1.951264598651315,k=28,l=0.056199690315221415",30,0.9518560055463623,wendland_c2,"h=0.9237980654944229,k=5",30,0.954208122707947,30,30,-0.0023521171615846475,159.0,0.3163713020501673,0.18934935898333016,-0.7165123368177796,0.4794060263021831,1.0,False
2026-08-30T05:51:09.104236+00:00,segment,f1,rbf_gaussian,"epsilon=5.068077717443547,k=27",30,0.9578490020604694,shepard,"k=4,z=3.573720289591046",30,0.9553245816722786,30,30,0.0025244203881908214,151.0,0.1504502624314629,0.26701928894953236,0.6252228208083535,0.5367140942667594,1.0,False
2026-08-30T05:51:09.132472+00:00,segment,f1,rbf_gaussian,"epsilon=5.068077717443547,k=27",30,0.9578490020604694,sigmoidal,"alpha=6.549308121699945,c=0.6412660218314743,k=24",30,0.9493441136191207,30,30,0.008504888441348809,96.0,0.004031794145703316,0.5250219025481755,1.7524944274893428,0.09025721626299088,1.0,False
2026-08-30T05:51:09.158276+00:00,segment,f1,rbf_gaussian,"epsilon=5.068077717443547,k=27",30,0.9578490020604694,softmax_radial,"beta=42.97100021154878,k=22",30,0.9576249997644432,30,30,0.00022400229602645243,10.0,0.49896229860376107,0.25555062599997597,0.19017761715870088,0.8504949462533085,1.0,False
2026-08-30T05:51:09.184190+00:00,segment,f1,rbf_gaussian,"epsilon=5.068077717443547,k=27",30,0.9578490020604694,student_t,"k=5,nu=0.005695262671673525",30,0.9469073787118044,30,30,0.01094162334866506,52.0,7.056817412376404e-05,0.7256158999558389,2.2410302166877156,0.03284726697204299,0.1618833914399147,False
2026-08-30T05:51:09.210527+00:00,segment,f1,rbf_gaussian,"epsilon=5.068077717443547,k=27",30,0.9578490020604694,wendland_c2,"h=0.9237980654944229,k=5",30,0.954208122707947,30,30,0.0036408793525226414,130.5,0.03590284081166453,0.3830454050447237,0.9579876891193635,0.345988024546694,1.0,False
2026-08-30T05:51:09.236167+00:00,segment,f1,shepard,"k=4,z=3.573720289591046",30,0.9553245816722786,sigmoidal,"alpha=6.549308121699945,c=0.6412660218314743,k=24",30,0.9493441136191207,30,30,0.005980468053157987,113.0,0.023844564338549933,0.41960173977783694,1.3419406089382282,0.19002842913051654,1.0,False
2026-08-30T05:51:09.261646+00:00,segment,f1,shepard,"k=4,z=3.573720289591046",30,0.9553245816722786,softmax_radial,"beta=42.97100021154878,k=22",30,0.9576249997644432,30,30,-0.0023004180921643693,153.0,0.1631073882292975,0.25898863364277963,-0.5897660816958917,0.5599149167132818,1.0,False
2026-08-30T05:51:09.287961+00:00,segment,f1,shepard,"k=4,z=3.573720289591046",30,0.9553245816722786,student_t,"k=5,nu=0.005695262671673525",30,0.9469073787118044,30,30,0.008417202960474239,42.0,0.00014771976188914803,0.7046900031675788,2.1804760699922867,0.03748113489277971,0.33355122234569623,False
2026-08-30T05:51:09.313829+00:00,segment,f1,shepard,"k=4,z=3.573720289591046",30,0.9553245816722786,wendland_c2,"h=0.9237980654944229,k=5",30,0.954208122707947,30,30,0.0011164589643318198,171.0,0.21293285302817822,0.22740368435560093,0.3370357392601412,0.7385170868513509,1.0,False
2026-08-30T05:51:09.340173+00:00,segment,f1,sigmoidal,"alpha=6.549308121699945,c=0.6412660218314743,k=24",30,0.9493441136191207,softmax_radial,"beta=42.97100021154878,k=22",30,0.9576249997644432,30,30,-0.008280886145322356,97.0,0.004338232800364494,0.5207854870849135,-1.7110730473471534,0.09774560281528344,1.0,False
2026-08-30T05:51:09.366097+00:00,segment,f1,sigmoidal,"alpha=6.549308121699945,c=0.6412660218314743,k=24",30,0.9493441136191207,student_t,"k=5,nu=0.005695262671673525",30,0.9469073787118044,30,30,0.0024367349073162515,158.0,0.12935307621955872,0.276902583122567,0.5930972289611006,0.5577135860938915,1.0,False
2026-08-30T05:51:09.392264+00:00,segment,f1,sigmoidal,"alpha=6.549308121699945,c=0.6412660218314743,k=24",30,0.9493441136191207,wendland_c2,"h=0.9237980654944229,k=5",30,0.954208122707947,30,30,-0.004864009088826168,151.0,0.09610157273709774,0.30381336434845163,-1.1371464482547742,0.2647860212163211,1.0,False
2026-08-30T05:51:09.419249+00:00,segment,f1,softmax_radial,"beta=42.97100021154878,k=22",30,0.9576249997644432,student_t,"k=5,nu=0.005695262671673525",30,0.9469073787118044,30,30,0.010717621052638607,59.0,0.0001528710126876831,0.6912913408438132,2.1641643125366254,0.038825654192898185,0.34426552057266235,False
2026-08-30T05:51:09.445544+00:00,segment,f1,softmax_radial,"beta=42.97100021154878,k=22",30,0.9576249997644432,wendland_c2,"h=0.9237980654944229,k=5",30,0.954208122707947,30,30,0.003416877056496189,142.5,0.06414085908448686,0.3379812397453447,0.8950100919804274,0.378150475864361,1.0,False
2026-08-30T05:51:09.470563+00:00,segment,f1,student_t,"k=5,nu=0.005695262671673525",30,0.9469073787118044,wendland_c2,"h=0.9237980654944229,k=5",30,0.954208122707947,30,30,-0.007300743996142419,62.0,0.0007726592908711714,0.624383450100031,-1.9505284218283412,0.06083704616427443,1.0,False
2026-08-30T05:51:09.512045+00:00,spambase,f1,attention,k=15,30,0.9021196475448449,cauchy,"epsilon=31.71837329014025,k=15",30,0.9067550518928118,30,30,-0.004635404347966865,9.0,8.709697898265946e-05,0.8182069613653212,-2.054753122310627,0.04901050817566199,0.19875138629471395,False
2026-08-30T05:51:09.537940+00:00,spambase,f1,attention,k=15,30,0.9021196475448449,cosine,"h=2.1685911090466155,k=26",30,0.9021491961319795,30,30,-2.9548587134531344e-05,197.0,0.8913244160746354,0.025820367134090475,-0.005959778221910459,0.9952856228435447,1.0,False
2026-08-30T05:51:09.563217+00:00,spambase,f1,attention,k=15,30,0.9021196475448449,cubic_spline,"h=2.49536389472299,k=21",30,0.9052223923042481,30,30,-0.003102744759403168,144.0,0.11199148595825234,0.2951265825231675,-0.6109628564893727,0.5459835490198301,1.0,False
2026-08-30T05:51:09.591169+00:00,spambase,f1,attention,k=15,30,0.9021196475448449,entropic,"beta=0.33521545557804855,k=21",30,0.9004056019672727,30,30,0.0017140455775723651,130.0,0.24782248252602024,0.2266425054044976,0.5340807698601582,0.597356393866511,1.0,False
2026-08-30T05:51:09.616356+00:00,spambase,f1,attention,k=15,30,0.9021196475448449,gen_exponential,"epsilon=1.8183018870845464,k=24,p=1.0876075315744576",30,0.9068569015228524,30,30,-0.004737253978007409,116.0,0.028181182907209446,0.4075557568177075,-1.1855558051272352,0.2454215944762388,1.0,False
2026-08-30T05:51:09.641585+00:00,spambase,f1,attention,k=15,30,0.9021196475448449,harmonic,k=15,30,0.8924969366901845,30,30,0.009622710854660413,4.0,8.804538063577628e-06,0.8553684446483586,3.376656339279556,0.0021045748701107314,0.02082273252036109,True
2026-08-30T05:51:09.667251+00:00,spambase,f1,attention,k=15,30,0.9021196475448449,inverse_multiquadratic,"c=0.022647733671998026,k=16",30,0.9029348880099844,30,30,-0.0008152404651394922,137.0,0.7103183482536846,0.07581753965757458,-0.2325441097795528,0.8177488144491831,1.0,False
2026-08-30T05:51:09.693870+00:00,spambase,f1,attention,k=15,30,0.9021196475448449,laplacian,"epsilon=3.139118461178404,k=15",30,0.9083374168621958,30,30,-0.006217769317350963,100.0,0.005382779985666275,0.5081380695649509,-1.4682733294825148,0.1527939526474822,1.0,False
2026-08-30T05:51:09.718977+00:00,spambase,f1,attention,k=15,30,0.9021196475448449,logarithmic,"c=0.020350682753671467,k=16",30,0.9001448035894613,30,30,0.0019748439553836207,141.0,0.2488283231255456,0.22193343428706122,0.6164524073139875,0.5424052867447258,1.0,False
2026-08-30T05:51:09.744514+00:00,spambase,f1,attention,k=15,30,0.9021196475448449,lorentzian,k=17,30,0.9073648163985927,30,30,-0.005245168853747876,48.0,0.0007052632543947224,0.6519294632182449,-1.8843574492254622,0.06957627396706179,1.0,False
2026-08-30T05:51:09.772382+00:00,spambase,f1,attention,k=15,30,0.9021196475448449,multiquadratic,"c=2.2505043547850567,k=5",30,0.8730544867388068,30,30,0.029065160806038166,1.0,3.725290298461914e-09,1.076448493119431,5.461389147651035,7.041597378742992e-06,9.357929229736328e-06,True
2026-08-30T05:51:09.798174+00:00,spambase,f1,attention,k=15,30,0.9021196475448449,quartic_spline,"h=2.49536389472299,k=21",30,0.9062222348676241,30,30,-0.004102587322779235,133.0,0.06767564114400142,0.3392951867103082,-0.7689362030154495,0.44814869456024287,1.0,False
2026-08-30T05:51:09.823840+00:00,spambase,f1,attention,k=15,30,0.9021196475448449,radial,"k=26,z=1.1118752706560786",30,0.8985448760515271,30,30,0.0035747714933178337,78.0,0.02298799880759602,0.4547268087415072,1.1469870640543778,0.2607623508749872,1.0,False
2026-08-30T05:51:09.849028+00:00,spambase,f1,attention,k=15,30,0.9021196475448449,rational_quadratic,"alpha=1.8901474832729028,k=17,l=0.3030769823592373",30,0.9084477359327346,30,30,-0.006328088387889704,42.0,0.0004127378561453174,0.6796956629919767,-1.9322879572021283,0.06314515682133437,0.8952284099791934,False
2026-08-30T05:51:09.873827+00:00,spambase,f1,attention,k=15,30,0.9021196475448449,rbf_gaussian,"epsilon=1.0017808951943048,k=26",30,0.9006051180595341,30,30,0.00151452948531083,191.0,0.5666346521781178,0.10640618281447532,0.32689807707163254,0.7460928203997836,1.0,False
2026-08-30T05:51:09.898976+00:00,spambase,f1,attention,k=15,30,0.9021196475448449,shepard,"k=23,z=4.037289373746292",30,0.90727487248819,30,30,-0.00515522494334526,112.5,0.013576939229941094,0.4506416529937924,-1.267617334789998,0.2150187701404913,1.0,False
2026-08-30T05:51:09.924006+00:00,spambase,f1,attention,k=15,30,0.9021196475448449,sigmoidal,"alpha=2.7969522463101444,c=0.5657056486808432,k=24",30,0.9078100499732417,30,30,-0.00569040242839689,88.0,0.008826199156108225,0.4948903700700673,-1.3639403018641671,0.18307988798467245,1.0,False
2026-08-30T05:51:09.950498+00:00,spambase,f1,attention,k=15,30,0.9021196475448449,softmax_radial,"beta=3.139118461178404,k=15",30,0.9083374168621958,30,30,-0.006217769317350963,100.0,0.005382779985666275,0.5081380695649509,-1.4682733294825148,0.1527939526474822,1.0,False
2026-08-30T05:51:09.975406+00:00,spambase,f1,attention,k=15,30,0.9021196475448449,student_t,"k=15,nu=0.016532523475753853",30,0.9031508253089382,30,30,-0.0010311777640932903,119.0,0.37577150825113037,0.18079567149113931,-0.383726722440933,0.7039799915486482,1.0,False
2026-08-30T05:51:10.000853+00:00,spambase,f1,attention,k=15,30,0.9021196475448449,wendland_c2,"h=2.49536389472299,k=21",30,0.9058998521137837,30,30,-0.0037802045689386498,135.0,0.07443762498218096,0.33126453140355533,-0.7245601071134161,0.4745276057994292,1.0,False
2026-08-30T05:51:10.026381+00:00,spambase,f1,cauchy,"epsilon=31.71837329014025,k=15",30,0.9067550518928118,cosine,"h=2.1685911090466155,k=26",30,0.9021491961319795,30,30,0.004605855760832334,110.0,0.057699385734060415,0.3652654439307879,1.0184593155065345,0.3168816022324421,1.0,False
2026-08-30T05:51:10.051294+00:00,spambase,f1,cauchy,"epsilon=31.71837329014025,k=15",30,0.9067550518928118,cubic_spline,"h=2.49536389472299,k=21",30,0.9052223923042481,30,30,0.001532659588563697,201.0,0.7212543991592764,0.06625290628071105,0.33221920996141363,0.7421131351261288,1.0,False
2026-08-30T05:51:10.079020+00:00,spambase,f1,cauchy,"epsilon=31.71837329014025,k=15",30,0.9067550518928118,entropic,"beta=0.33521545557804855,k=21",30,0.9004056019672727,30,30,0.00634944992553923,74.0,0.0019161536661946872,0.5761995182595174,1.7151703064807278,0.0969822932409039,1.0,False
2026-08-30T05:51:10.105356+00:00,spambase,f1,cauchy,"epsilon=31.71837329014025,k=15",30,0.9067550518928118,gen_exponential,"epsilon=1.8183018870845464,k=24,p=1.0876075315744576",30,0.9068569015228524,30,30,-0.00010184963004054397,192.0,0.8022055175961754,0.04733887395769007,-0.025558945742672687,0.9797842011332141,1.0,False
2026-08-30T05:51:10.131145+00:00,spambase,f1,cauchy,"epsilon=31.71837329014025,k=15",30,0.9067550518928118,harmonic,k=15,30,0.8924969366901845,30,30,0.01425811520262728,6.0,2.60770320892334e-08,1.016193623452255,3.7720265146868672,0.0007402032844248119,6.461888551712036e-05,True
2026-08-30T05:51:10.156289+00:00,spambase,f1,cauchy,"epsilon=31.71837329014025,k=15",30,0.9067550518928118,inverse_multiquadratic,"c=0.022647733671998026,k=16",30,0.9029348880099844,30,30,0.003820163882827373,79.0,0.01424976334167987,0.48066197803833877,1.2179283751999248,0.23306813403438498,1.0,False
2026-08-30T05:51:10.181353+00:00,spambase,f1,cauchy,"epsilon=31.71837329014025,k=15",30,0.9067550518928118,laplacian,"epsilon=3.139118461178404,k=15",30,0.9083374168621958,30,30,-0.001582364969384098,181.0,0.4299677487600704,0.1465594593482396,-0.40498531965781986,0.688460290647003,1.0,False
2026-08-30T05:51:10.206680+00:00,spambase,f1,cauchy,"epsilon=31.71837329014025,k=15",30,0.9067550518928118,logarithmic,"c=0.020350682753671467,k=16",30,0.9001448035894613,30,30,0.006610248303350485,54.0,0.0004071685035218594,0.6565060713270473,2.0301989035433867,0.05159756075322708,0.8843699896494787,False
2026-08-30T05:51:10.231453+00:00,spambase,f1,cauchy,"epsilon=31.71837329014025,k=15",30,0.9067550518928118,lorentzian,k=17,30,0.9073648163985927,30,30,-0.0006097645057810112,166.0,0.5805408265510619,0.10634694046813349,-0.2318664235662337,0.818270158725654,1.0,False
2026-08-30T05:51:10.258351+00:00,spambase,f1,cauchy,"epsilon=31.71837329014025,k=15",30,0.9067550518928118,multiquadratic,"c=2.2505043547850567,k=5",30,0.8730544867388068,30,30,0.03370056515400503,0.0,1.862645149230957e-09,1.0971528346217627,6.175276287766777,9.85847169010512e-07,4.794448614120483e-06,True
2026-08-30T05:51:10.283931+00:00,spambase,f1,cauchy,"epsilon=31.71837329014025,k=15",30,0.9067550518928118,quartic_spline,"h=2.49536389472299,k=21",30,0.9062222348676241,30,30,0.00053281702518763,208.0,0.8372436745517969,0.03814561270707604,0.1144939178916155,0.9096353124450913,1.0,False
2026-08-30T05:51:10.309886+00:00,spambase,f1,cauchy,"epsilon=31.71837329014025,k=15",30,0.9067550518928118,radial,"k=26,z=1.1118752706560786",30,0.8985448760515271,30,30,0.008210175841284698,53.0,0.00037509047363186817,0.6605213989804138,2.263684054299996,0.03125079140824649,0.8173221420438408,False
2026-08-30T05:51:10.335832+00:00,spambase,f1,cauchy,"epsilon=31.71837329014025,k=15",30,0.9067550518928118,rational_quadratic,"alpha=1.8901474832729028,k=17,l=0.3030769823592373",30,0.9084477359327346,30,30,-0.001692684039922839,124.0,0.19085683742387016,0.2565294291941018,-0.6854564098148423,0.49849914340434975,1.0,False
2026-08-30T05:51:10.362935+00:00,spambase,f1,cauchy,"epsilon=31.71837329014025,k=15",30,0.9067550518928118,rbf_gaussian,"epsilon=1.0017808951943048,k=26",30,0.9006051180595341,30,30,0.006149933833277695,110.0,0.010598260909318924,0.46659994971628815,1.4019847865652915,0.17153330383375898,1.0,False
2026-08-30T05:51:10.388565+00:00,spambase,f1,cauchy,"epsilon=31.71837329014025,k=15",30,0.9067550518928118,shepard,"k=23,z=4.037289373746292",30,0.90727487248819,30,30,-0.0005198205953783952,188.0,0.5235367753132003,0.11845562741569933,-0.15510211722696557,0.8778153303185587,1.0,False
2026-08-30T05:51:10.416069+00:00,spambase,f1,cauchy,"epsilon=31.71837329014025,k=15",30,0.9067550518928118,sigmoidal,"alpha=2.7969522463101444,c=0.5657056486808432,k=24",30,0.9078100499732417,30,30,-0.0010549980804300252,185.0,0.48220904503166206,0.13049814873473392,-0.26433224633564995,0.7933934700479364,1.0,False
2026-08-30T05:51:10.441659+00:00,spambase,f1,cauchy,"epsilon=31.71837329014025,k=15",30,0.9067550518928118,softmax_radial,"beta=3.139118461178404,k=15",30,0.9083374168621958,30,30,-0.001582364969384098,181.0,0.4299677487600704,0.1465594593482396,-0.40498531965781986,0.688460290647003,1.0,False
2026-08-30T05:51:10.467047+00:00,spambase,f1,cauchy,"epsilon=31.71837329014025,k=15",30,0.9067550518928118,student_t,"k=15,nu=0.016532523475753853",30,0.9031508253089382,30,30,0.003604226583873575,48.0,0.0035650346308531587,0.5948760803902013,1.4201117267656191,0.16623726011233897,1.0,False
2026-08-30T05:51:10.492620+00:00,spambase,f1,cauchy,"epsilon=31.71837329014025,k=15",30,0.9067550518928118,wendland_c2,"h=2.49536389472299,k=21",30,0.9058998521137837,30,30,0.000855199779028215,214.0,0.9396727300650676,0.014053646786817512,0.18169540689686423,0.8570858213148811,1.0,False
2026-08-30T05:51:10.518200+00:00,spambase,f1,cosine,"h=2.1685911090466155,k=26",30,0.9021491961319795,cubic_spline,"h=2.49536389472299,k=21",30,0.9052223923042481,30,30,-0.0030731961722686367,129.0,0.055664469392160826,0.35535649732381386,-1.0365569536851253,0.3085087974549423,1.0,False
2026-08-30T05:51:10.544327+00:00,spambase,f1,cosine,"h=2.1685911090466155,k=26",30,0.9021491961319795,entropic,"beta=0.33521545557804855,k=21",30,0.9004056019672727,30,30,0.0017435941647068963,184.0,0.3284698575735092,0.1784116015293691,0.36221068606121093,0.7198208438078817,1.0,False
2026-08-30T05:51:10.570623+00:00,spambase,f1,cosine,"h=2.1685911090466155,k=26",30,0.9021491961319795,gen_exponential,"epsilon=1.8183018870845464,k=24,p=1.0876075315744576",30,0.9068569015228524,30,30,-0.004707705390872878,144.0,0.06989291124045849,0.33093471041396355,-0.9417724694165011,0.3540888015162946,1.0,False
2026-08-30T05:51:10.598367+00:00,spambase,f1,cosine,"h=2.1685911090466155,k=26",30,0.9021491961319795,harmonic,k=15,30,0.8924969366901845,30,30,0.009652259441794946,80.0,0.0011314544826745987,0.5943919985323474,1.7353714917833079,0.09329182591689023,1.0,False
2026-08-30T05:51:10.624871+00:00,spambase,f1,cosine,"h=2.1685911090466155,k=26",30,0.9021491961319795,inverse_multiquadratic,"c=0.022647733671998026,k=16",30,0.9029348880099844,30,30,-0.0007856918780049608,211.0,0.8882248121928067,0.02609962974694679,-0.15434328466800093,0.878408211252343,1.0,False
2026-08-30T05:51:10.650435+00:00,spambase,f1,cosine,"h=2.1685911090466155,k=26",30,0.9021491961319795,laplacian,"epsilon=3.139118461178404,k=15",30,0.9083374168621958,30,30,-0.006188220730216432,116.0,0.04757850903792885,0.3743953234443121,-1.1541029366077424,0.25788063641634995,1.0,False
2026-08-30T05:51:10.675752+00:00,spambase,f1,cosine,"h=2.1685911090466155,k=26",30,0.9021491961319795,logarithmic,"c=0.020350682753671467,k=16",30,0.9001448035894613,30,30,0.0020043925425181517,171.0,0.3146663265696793,0.1867127358820039,0.38686497815603244,0.7016805498809116,1.0,False
2026-08-30T05:51:10.701910+00:00,spambase,f1,cosine,"h=2.1685911090466155,k=26",30,0.9021491961319795,lorentzian,k=17,30,0.9073648163985927,30,30,-0.005215620266613345,124.0,0.04320018979244315,0.3754331355906959,-1.098596817664336,0.28098147604765566,1.0,False
2026-08-30T05:51:10.728776+00:00,spambase,f1,cosine,"h=2.1685911090466155,k=26",30,0.9021491961319795,multiquadratic,"c=2.2505043547850567,k=5",30,0.8730544867388068,30,30,0.0290947093931727,2.0,5.587935447692871e-09,1.0641600484437712,4.392603824612685,0.00013656596202271665,1.4008954167366028e-05,True
2026-08-30T05:51:10.754031+00:00,spambase,f1,cosine,"h=2.1685911090466155,k=26",30,0.9021491961319795,quartic_spline,"h=2.49536389472299,k=21",30,0.9062222348676241,30,30,-0.004073038735644703,102.5,0.0074962550020793856,0.48819512407660876,-1.4126320656069307,0.16840666548183103,1.0,False
2026-08-30T05:51:10.780800+00:00,spambase,f1,cosine,"h=2.1685911090466155,k=26",30,0.9021491961319795,radial,"k=26,z=1.1118752706560786",30,0.8985448760515271,30,30,0.003604320080452365,157.0,0.12413446232676506,0.280735012340597,0.677639882615023,0.5033709749346262,1.0,False
2026-08-30T05:51:10.806146+00:00,spambase,f1,cosine,"h=2.1685911090466155,k=26",30,0.9021491961319795,rational_quadratic,"alpha=1.8901474832729028,k=17,l=0.3030769823592373",30,0.9084477359327346,30,30,-0.006298539800755173,89.5,0.005641330671809802,0.5139919809531686,-1.4129193380303204,0.16832293383525876,1.0,False
2026-08-30T05:51:10.832017+00:00,spambase,f1,cosine,"h=2.1685911090466155,k=26",30,0.9021491961319795,rbf_gaussian,"epsilon=1.0017808951943048,k=26",30,0.9006051180595341,30,30,0.0015440780724453615,197.0,0.4771064817905426,0.1298036919553834,0.29043780937998076,0.7735481906707113,1.0,False
2026-08-30T05:51:10.860139+00:00,spambase,f1,cosine,"h=2.1685911090466155,k=26",30,0.9021491961319795,shepard,"k=23,z=4.037289373746292",30,0.90727487248819,30,30,-0.0051256763562107285,109.0,0.00993151031434536,0.4707136509340726,-1.3491181160188364,0.18773929724036087,1.0,False
2026-08-30T05:51:10.886810+00:00,spambase,f1,cosine,"h=2.1685911090466155,k=26",30,0.9021491961319795,sigmoidal,"alpha=2.7969522463101444,c=0.5657056486808432,k=24",30,0.9078100499732417,30,30,-0.005660853841262359,119.5,0.02010699652999897,0.42436544463979375,-1.1972217568039787,0.24091522267065657,1.0,False
2026-08-30T05:51:10.912085+00:00,spambase,f1,cosine,"h=2.1685911090466155,k=26",30,0.9021491961319795,softmax_radial,"beta=3.139118461178404,k=15",30,0.9083374168621958,30,30,-0.006188220730216432,116.0,0.04757850903792885,0.3743953234443121,-1.1541029366077424,0.25788063641634995,1.0,False
2026-08-30T05:51:10.938183+00:00,spambase,f1,cosine,"h=2.1685911090466155,k=26",30,0.9021491961319795,student_t,"k=15,nu=0.016532523475753853",30,0.9031508253089382,30,30,-0.001001629176958759,189.0,0.7498782331919757,0.060247523312877756,-0.2239786332540561,0.8243444007100513,1.0,False
2026-08-30T05:51:10.962985+00:00,spambase,f1,cosine,"h=2.1685911090466155,k=26",30,0.9021491961319795,wendland_c2,"h=2.49536389472299,k=21",30,0.9058998521137837,30,30,-0.0037506559818041183,100.5,0.006625724418861497,0.49570581829317256,-1.3699009100382151,0.18123176426879417,1.0,False
2026-08-30T05:51:10.989135+00:00,spambase,f1,cubic_spline,"h=2.49536389472299,k=21",30,0.9052223923042481,entropic,"beta=0.33521545557804855,k=21",30,0.9004056019672727,30,30,0.004816790336975533,139.0,0.054921628907322884,0.3504503661637817,1.0076292913530494,0.32196645207566754,1.0,False
2026-08-30T05:51:11.015527+00:00,spambase,f1,cubic_spline,"h=2.49536389472299,k=21",30,0.9052223923042481,gen_exponential,"epsilon=1.8183018870845464,k=24,p=1.0876075315744576",30,0.9068569015228524,30,30,-0.001634509218604241,191.5,0.3990471451293842,0.15396923143954594,-0.41443384403747835,0.6816060310321048,1.0,False
2026-08-30T05:51:11.042347+00:00,spambase,f1,cubic_spline,"h=2.49536389472299,k=21",30,0.9052223923042481,harmonic,k=15,30,0.8924969366901845,30,30,0.012725455614063581,56.0,0.00011058151721954346,0.7058533191856595,2.192524260083158,0.036514970063687535,0.2513517886400223,False
2026-08-30T05:51:11.067538+00:00,spambase,f1,cubic_spline,"h=2.49536389472299,k=21",30,0.9052223923042481,inverse_multiquadratic,"c=0.022647733671998026,k=16",30,0.9029348880099844,30,30,0.002287504294263676,167.0,0.2748455584207301,0.20277404649550956,0.45913209778990344,0.6495623301024371,1.0,False
2026-08-30T05:51:11.093676+00:00,spambase,f1,cubic_spline,"h=2.49536389472299,k=21",30,0.9052223923042481,laplacian,"epsilon=3.139118461178404,k=15",30,0.9083374168621958,30,30,-0.003115024557947795,155.5,0.18001240706239563,0.24896486577419064,-0.6684493010325735,0.5091329108522018,1.0,False
2026-08-30T05:51:11.119939+00:00,spambase,f1,cubic_spline,"h=2.49536389472299,k=21",30,0.9052223923042481,logarithmic,"c=0.020350682753671467,k=16",30,0.9001448035894613,30,30,0.005077588714786789,121.0,0.02084985189139843,0.42187278179927845,1.0233104069565042,0.31462201513153865,1.0,False
2026-08-30T05:51:11.146468+00:00,spambase,f1,cubic_spline,"h=2.49536389472299,k=21",30,0.9052223923042481,lorentzian,k=17,30,0.9073648163985927,30,30,-0.0021424240943447082,192.0,0.4161298982799053,0.14846088842726607,-0.49296211548605595,0.6257515287825772,1.0,False
2026-08-30T05:51:11.172957+00:00,spambase,f1,cubic_spline,"h=2.49536389472299,k=21",30,0.9052223923042481,multiquadratic,"c=2.2505043547850567,k=5",30,0.8730544867388068,30,30,0.032167905565441336,4.0,1.30385160446167e-08,1.0380363770198873,4.420611208168612,0.000126417149419078,3.251805901527405e-05,True
2026-08-30T05:51:11.198653+00:00,spambase,f1,cubic_spline,"h=2.49536389472299,k=21",30,0.9052223923042481,quartic_spline,"h=2.49536389472299,k=21",30,0.9062222348676241,30,30,-0.0009998425633760669,7.0,0.03665792867221451,0.6607748305008114,-0.8482790804844109,0.403230181557257,1.0,False
2026-08-30T05:51:11.225148+00:00,spambase,f1,cubic_spline,"h=2.49536389472299,k=21",30,0.9052223923042481,radial,"k=26,z=1.1118752706560786",30,0.8985448760515271,30,30,0.006677516252721002,112.0,0.012047622352838516,0.4583974732685134,1.3302757142184223,0.19379480109676273,1.0,False
2026-08-30T05:51:11.251115+00:00,spambase,f1,cubic_spline,"h=2.49536389472299,k=21",30,0.9052223923042481,rational_quadratic,"alpha=1.8901474832729028,k=17,l=0.3030769823592373",30,0.9084477359327346,30,30,-0.003225343628486536,161.0,0.1459994912147522,0.2654278473004966,-0.7797339978553707,0.44186500568659826,1.0,False
2026-08-30T05:51:11.277587+00:00,spambase,f1,cubic_spline,"h=2.49536389472299,k=21",30,0.9052223923042481,rbf_gaussian,"epsilon=1.0017808951943048,k=26",30,0.9006051180595341,30,30,0.004617274244713998,141.0,0.06056523136794567,0.3426289751671189,1.025371556507146,0.31366533553334297,1.0,False
2026-08-30T05:51:11.303538+00:00,spambase,f1,cubic_spline,"h=2.49536389472299,k=21",30,0.9052223923042481,shepard,"k=23,z=4.037289373746292",30,0.90727487248819,30,30,-0.002052480183942092,184.5,0.32347966181784216,0.18026142781159374,-0.5423435321594826,0.5917255491324047,1.0,False
2026-08-30T05:51:11.329679+00:00,spambase,f1,cubic_spline,"h=2.49536389472299,k=21",30,0.9052223923042481,sigmoidal,"alpha=2.7969522463101444,c=0.5657056486808432,k=24",30,0.9078100499732417,30,30,-0.002587657668993722,170.0,0.20540969260036945,0.2311916531613018,-0.6704329760400314,0.5078861970425899,1.0,False
2026-08-30T05:51:11.355045+00:00,spambase,f1,cubic_spline,"h=2.49536389472299,k=21",30,0.9052223923042481,softmax_radial,"beta=3.139118461178404,k=15",30,0.9083374168621958,30,30,-0.003115024557947795,155.5,0.18001240706239563,0.24896486577419064,-0.6684493010325735,0.5091329108522018,1.0,False
2026-08-30T05:51:11.380802+00:00,spambase,f1,cubic_spline,"h=2.49536389472299,k=21",30,0.9052223923042481,student_t,"k=15,nu=0.016532523475753853",30,0.9031508253089382,30,30,0.002071566995309878,159.0,0.13473508320748806,0.2730739457852732,0.4802573312491746,0.6346473658349843,1.0,False
2026-08-30T05:51:11.405884+00:00,spambase,f1,cubic_spline,"h=2.49536389472299,k=21",30,0.9052223923042481,wendland_c2,"h=2.49536389472299,k=21",30,0.9058998521137837,30,30,-0.0006774598095354819,5.0,0.03798263464326016,0.691680694516878,-0.8316658093711349,0.412393568273564,1.0,False
2026-08-30T05:51:11.431494+00:00,spambase,f1,entropic,"beta=0.33521545557804855,k=21",30,0.9004056019672727,gen_exponential,"epsilon=1.8183018870845464,k=24,p=1.0876075315744576",30,0.9068569015228524,30,30,-0.006451299555579774,49.5,0.0002803580208633987,0.6745947595199049,-2.246459301074927,0.03245810936028448,0.6156662138160236,False
2026-08-30T05:51:11.459479+00:00,spambase,f1,entropic,"beta=0.33521545557804855,k=21",30,0.9004056019672727,harmonic,k=15,30,0.8924969366901845,30,30,0.00790866527708805,59.0,0.0001528710126876831,0.6912913408438132,2.163607543100688,0.03887229825598015,0.34426552057266235,False
2026-08-30T05:51:11.485096+00:00,spambase,f1,entropic,"beta=0.33521545557804855,k=21",30,0.9004056019672727,inverse_multiquadratic,"c=0.022647733671998026,k=16",30,0.9029348880099844,30,30,-0.0025292860427118574,116.0,0.21083064726017464,0.25025692807730193,-0.6203397301824013,0.5398788684066738,1.0,False
2026-08-30T05:51:11.509855+00:00,spambase,f1,entropic,"beta=0.33521545557804855,k=21",30,0.9004056019672727,laplacian,"epsilon=3.139118461178404,k=15",30,0.9083374168621958,30,30,-0.007931814894923329,15.0,1.8603228206427745e-05,0.8090381702016805,-2.6864873994355993,0.011825587409672877,0.0437175862851052,True
2026-08-30T05:51:11.534287+00:00,spambase,f1,entropic,"beta=0.33521545557804855,k=21",30,0.9004056019672727,logarithmic,"c=0.020350682753671467,k=16",30,0.9001448035894613,30,30,0.0002607983778112555,198.0,0.9093510601128354,0.021516972611742062,0.06498124446750655,0.948634817426528,1.0,False
2026-08-30T05:51:11.559238+00:00,spambase,f1,entropic,"beta=0.33521545557804855,k=21",30,0.9004056019672727,lorentzian,k=17,30,0.9073648163985927,30,30,-0.006959214431320241,51.0,0.00018902307587696237,0.6815955001531069,-2.2912199675777027,0.029404763200276518,0.42208852843325695,False
2026-08-30T05:51:11.583824+00:00,spambase,f1,entropic,"beta=0.33521545557804855,k=21",30,0.9004056019672727,multiquadratic,"c=2.2505043547850567,k=5",30,0.8730544867388068,30,30,0.0273511152284658,1.0,2.848903312076321e-06,0.869318436955052,5.128448460133086,1.774953617439401e-05,0.006803181109238255,True
2026-08-30T05:51:11.610023+00:00,spambase,f1,entropic,"beta=0.33521545557804855,k=21",30,0.9004056019672727,quartic_spline,"h=2.49536389472299,k=21",30,0.9062222348676241,30,30,-0.0058166329003516,121.0,0.02084985189139843,0.42187278179927845,-1.1760955164085642,0.24912140302588215,1.0,False
2026-08-30T05:51:11.636587+00:00,spambase,f1,entropic,"beta=0.33521545557804855,k=21",30,0.9004056019672727,radial,"k=26,z=1.1118752706560786",30,0.8985448760515271,30,30,0.0018607259157454685,58.0,0.07932167969676177,0.39234841943095067,0.8680967002153124,0.3924687000048257,1.0,False
2026-08-30T05:51:11.663293+00:00,spambase,f1,entropic,"beta=0.33521545557804855,k=21",30,0.9004056019672727,rational_quadratic,"alpha=1.8901474832729028,k=17,l=0.3030769823592373",30,0.9084477359327346,30,30,-0.00804213396546207,47.0,3.904104232788086e-05,0.7509427276507372,-2.4090896237899457,0.022568840855401007,0.09045809507369995,False
2026-08-30T05:51:11.689021+00:00,spambase,f1,entropic,"beta=0.33521545557804855,k=21",30,0.9004056019672727,rbf_gaussian,"epsilon=1.0017808951943048,k=26",30,0.9006051180595341,30,30,-0.00019951609226153503,209.0,0.854172545006435,0.03413028505369962,-0.04809062839086331,0.961973688951328,1.0,False
2026-08-30T05:51:11.716915+00:00,spambase,f1,entropic,"beta=0.33521545557804855,k=21",30,0.9004056019672727,shepard,"k=23,z=4.037289373746292",30,0.90727487248819,30,30,-0.006869270520917625,68.0,0.0003800932317972183,0.6487834290574149,-1.924438514137203,0.06416161786827024,0.8274629656225443,False
2026-08-30T05:51:11.743953+00:00,spambase,f1,entropic,"beta=0.33521545557804855,k=21",30,0.9004056019672727,sigmoidal,"alpha=2.7969522463101444,c=0.5657056486808432,k=24",30,0.9078100499732417,30,30,-0.007404448005969256,46.0,3.453157842159271e-05,0.7560977660462316,-2.2584911673811514,0.03161043376551098,0.08018232509493828,False
2026-08-30T05:51:11.769791+00:00,spambase,f1,entropic,"beta=0.33521545557804855,k=21",30,0.9004056019672727,softmax_radial,"beta=3.139118461178404,k=15",30,0.9083374168621958,30,30,-0.007931814894923329,15.0,1.8603228206427745e-05,0.8090381702016805,-2.6864873994355993,0.011825587409672877,0.0437175862851052,True
2026-08-30T05:51:11.794968+00:00,spambase,f1,entropic,"beta=0.33521545557804855,k=21",30,0.9004056019672727,student_t,"k=15,nu=0.016532523475753853",30,0.9031508253089382,30,30,-0.002745223341665655,110.0,0.09618547644470221,0.32626558470317807,-0.7232939873026453,0.4752931991761269,1.0,False
2026-08-30T05:51:11.820968+00:00,spambase,f1,entropic,"beta=0.33521545557804855,k=21",30,0.9004056019672727,wendland_c2,"h=2.49536389472299,k=21",30,0.9058998521137837,30,30,-0.005494250146511015,124.0,0.024786051362752914,0.4098281024195092,-1.136434380449675,0.26507891226086944,1.0,False
2026-08-30T05:51:11.846924+00:00,spambase,f1,gen_exponential,"epsilon=1.8183018870845464,k=24,p=1.0876075315744576",30,0.9068569015228524,harmonic,k=15,30,0.8924969366901845,30,30,0.014359964832667823,31.0,4.421919584274292e-06,0.8381062398724777,2.950598850660507,0.006218191224313108,0.010541856288909912,True
2026-08-30T05:51:11.871787+00:00,spambase,f1,gen_exponential,"epsilon=1.8183018870845464,k=24,p=1.0876075315744576",30,0.9068569015228524,inverse_multiquadratic,"c=0.022647733671998026,k=16",30,0.9029348880099844,30,30,0.003922013512867917,126.0,0.07953343933418376,0.3313613782208278,0.8855369179307874,0.3831512691372687,1.0,False
2026-08-30T05:51:11.897315+00:00,spambase,f1,gen_exponential,"epsilon=1.8183018870845464,k=24,p=1.0876075315744576",30,0.9068569015228524,laplacian,"epsilon=3.139118461178404,k=15",30,0.9083374168621958,30,30,-0.001480515339343554,161.0,0.22169540966650858,0.22692570265437986,-0.6135689525018778,0.5442832786226746,1.0,False
2026-08-30T05:51:11.923612+00:00,spambase,f1,gen_exponential,"epsilon=1.8183018870845464,k=24,p=1.0876075315744576",30,0.9068569015228524,logarithmic,"c=0.020350682753671467,k=16",30,0.9001448035894613,30,30,0.00671209793339103,89.5,0.0032670269726070497,0.5370288370220416,1.57665451256437,0.12572257458581415,1.0,False
2026-08-30T05:51:11.949404+00:00,spambase,f1,gen_exponential,"epsilon=1.8183018870845464,k=24,p=1.0876075315744576",30,0.9068569015228524,lorentzian,k=17,30,0.9073648163985927,30,30,-0.0005079148757404673,184.5,0.6735469921117139,0.07961537892884239,-0.169083905827196,0.8669045291073936,1.0,False
2026-08-30T05:51:11.974478+00:00,spambase,f1,gen_exponential,"epsilon=1.8183018870845464,k=24,p=1.0876075315744576",30,0.9068569015228524,multiquadratic,"c=2.2505043547850567,k=5",30,0.8730544867388068,30,30,0.033802414784045574,0.0,1.733306644199106e-06,0.8731182026751628,5.631168499359115,4.400377041191561e-06,0.00414953610621266,True
2026-08-30T05:51:11.999652+00:00,spambase,f1,gen_exponential,"epsilon=1.8183018870845464,k=24,p=1.0876075315744576",30,0.9068569015228524,quartic_spline,"h=2.49536389472299,k=21",30,0.9062222348676241,30,30,0.000634666655228174,218.0,0.7765688337385654,0.05181332011883864,0.1491005226480245,0.8825063587385227,1.0,False
2026-08-30T05:51:12.024688+00:00,spambase,f1,gen_exponential,"epsilon=1.8183018870845464,k=24,p=1.0876075315744576",30,0.9068569015228524,radial,"k=26,z=1.1118752706560786",30,0.8985448760515271,30,30,0.008312025471325242,21.0,2.1476619002203304e-05,0.7890118838882535,2.872927531636738,0.007531185919981587,0.05023381184615353,False
2026-08-30T05:51:12.049822+00:00,spambase,f1,gen_exponential,"epsilon=1.8183018870845464,k=24,p=1.0876075315744576",30,0.9068569015228524,rational_quadratic,"alpha=1.8901474832729028,k=17,l=0.3030769823592373",30,0.9084477359327346,30,30,-0.001590834409882295,144.0,0.1791056021528724,0.2539002768185564,-0.5068561195022715,0.6160882646052852,1.0,False
2026-08-30T05:51:12.075990+00:00,spambase,f1,gen_exponential,"epsilon=1.8183018870845464,k=24,p=1.0876075315744576",30,0.9068569015228524,rbf_gaussian,"epsilon=1.0017808951943048,k=26",30,0.9006051180595341,30,30,0.006251783463318239,62.0,0.0013237952027345067,0.6067786276511262,1.8014033394155553,0.08204618743369241,1.0,False
2026-08-30T05:51:12.101974+00:00,spambase,f1,gen_exponential,"epsilon=1.8183018870845464,k=24,p=1.0876075315744576",30,0.9068569015228524,shepard,"k=23,z=4.037289373746292",30,0.90727487248819,30,30,-0.00041797096533785125,177.0,0.7731171162909528,0.05548335857176525,-0.13718779990317628,0.8918303985711522,1.0,False
2026-08-30T05:51:12.126773+00:00,spambase,f1,gen_exponential,"epsilon=1.8183018870845464,k=24,p=1.0876075315744576",30,0.9068569015228524,sigmoidal,"alpha=2.7969522463101444,c=0.5657056486808432,k=24",30,0.9078100499732417,30,30,-0.0009531484503894813,55.0,0.1840316934035593,0.31311709550179667,-0.59692974407421,0.5551864297888063,1.0,False
2026-08-30T05:51:12.152715+00:00,spambase,f1,gen_exponential,"epsilon=1.8183018870845464,k=24,p=1.0876075315744576",30,0.9068569015228524,softmax_radial,"beta=3.139118461178404,k=15",30,0.9083374168621958,30,30,-0.001480515339343554,161.0,0.22169540966650858,0.22692570265437986,-0.6135689525018778,0.5442832786226746,1.0,False
2026-08-30T05:51:12.178532+00:00,spambase,f1,gen_exponential,"epsilon=1.8183018870845464,k=24,p=1.0876075315744576",30,0.9068569015228524,student_t,"k=15,nu=0.016532523475753853",30,0.9031508253089382,30,30,0.0037060762139141186,120.0,0.058754196392100354,0.35718174535491837,0.953864652500618,0.3480359369459538,1.0,False
2026-08-30T05:51:12.204500+00:00,spambase,f1,gen_exponential,"epsilon=1.8183018870845464,k=24,p=1.0876075315744576",30,0.9068569015228524,wendland_c2,"h=2.49536389472299,k=21",30,0.9058998521137837,30,30,0.0009570494090687591,190.0,0.5520854520027925,0.11042151046785176,0.22628247641233495,0.8225690903547735,1.0,False
2026-08-30T05:51:12.230929+00:00,spambase,f1,harmonic,k=15,30,0.8924969366901845,inverse_multiquadratic,"c=0.022647733671998026,k=16",30,0.9029348880099844,30,30,-0.010437951319799906,14.0,1.0809064248240008e-05,0.8171191774617702,-3.5757000199825937,0.0012486312722521653,0.02552020069009466,True
2026-08-30T05:51:12.257547+00:00,spambase,f1,harmonic,k=15,30,0.8924969366901845,laplacian,"epsilon=3.139118461178404,k=15",30,0.9083374168621958,30,30,-0.015840480172011378,14.0,2.0489096641540527e-07,0.9484445152196678,-3.3885612623379995,0.0020403929684256195,0.0005001388490200043,True
2026-08-30T05:51:12.282504+00:00,spambase,f1,harmonic,k=15,30,0.8924969366901845,logarithmic,"c=0.020350682753671467,k=16",30,0.9001448035894613,30,30,-0.007647866899276793,30.0,8.166649308920539e-05,0.7444872523663001,-2.7528680393275815,0.01008518680015924,0.1864446037226559,False
2026-08-30T05:51:12.309825+00:00,spambase,f1,harmonic,k=15,30,0.8924969366901845,lorentzian,k=17,30,0.9073648163985927,30,30,-0.01486787970840829,11.0,1.0244548320770264e-07,0.9717203986564013,-4.046072064595675,0.000352968045511437,0.00025119632482528687,True
2026-08-30T05:51:12.335800+00:00,spambase,f1,harmonic,k=15,30,0.8924969366901845,multiquadratic,"c=2.2505043547850567,k=5",30,0.8730544867388068,30,30,0.01944244995137775,32.0,5.144625902175903e-06,0.8323195533020076,3.2416412713407885,0.002982876861023165,0.012239065021276474,True
2026-08-30T05:51:12.360654+00:00,spambase,f1,harmonic,k=15,30,0.8924969366901845,quartic_spline,"h=2.49536389472299,k=21",30,0.9062222348676241,30,30,-0.013725298177439648,46.0,0.0002085902932042624,0.6886286925540485,-2.2704667167364234,0.03078661020948026,0.46515635384550513,False
2026-08-30T05:51:12.387320+00:00,spambase,f1,harmonic,k=15,30,0.8924969366901845,radial,"k=26,z=1.1118752706560786",30,0.8985448760515271,30,30,-0.00604793936134258,92.0,0.0029870010912418365,0.5420759951116539,-1.5896272417872759,0.12276296528463049,1.0,False
2026-08-30T05:51:12.413137+00:00,spambase,f1,harmonic,k=15,30,0.8924969366901845,rational_quadratic,"alpha=1.8901474832729028,k=17,l=0.3030769823592373",30,0.9084477359327346,30,30,-0.015950799242550117,12.0,1.30385160446167e-07,0.9636820213077372,-3.8723229746745793,0.000565208988495769,0.00031944364309310913,True
2026-08-30T05:51:12.443269+00:00,spambase,f1,harmonic,k=15,30,0.8924969366901845,rbf_gaussian,"epsilon=1.0017808951943048,k=26",30,0.9006051180595341,30,30,-0.008108181369349583,93.0,0.007100609066184297,0.4999082928453656,-1.5001018324951325,0.14439743747044642,1.0,False
2026-08-30T05:51:12.471777+00:00,spambase,f1,harmonic,k=15,30,0.8924969366901845,shepard,"k=23,z=4.037289373746292",30,0.90727487248819,30,30,-0.014777935798005674,27.0,2.348795533180237e-06,0.8619024272989942,-3.0968190455794433,0.004312688151789423,0.005611272528767586,True
2026-08-30T05:51:12.497442+00:00,spambase,f1,harmonic,k=15,30,0.8924969366901845,sigmoidal,"alpha=2.7969522463101444,c=0.5657056486808432,k=24",30,0.9078100499732417,30,30,-0.015313113283057305,25.0,1.6838312149047852e-06,0.8741801137449403,-3.0620730970217225,0.004707287607207844,0.00403614342212677,True
2026-08-30T05:51:12.523037+00:00,spambase,f1,harmonic,k=15,30,0.8924969366901845,softmax_radial,"beta=3.139118461178404,k=15",30,0.9083374168621958,30,30,-0.015840480172011378,14.0,2.0489096641540527e-07,0.9484445152196678,-3.3885612623379995,0.0020403929684256195,0.0005001388490200043,True
2026-08-30T05:51:12.549711+00:00,spambase,f1,harmonic,k=15,30,0.8924969366901845,student_t,"k=15,nu=0.016532523475753853",30,0.9031508253089382,30,30,-0.010653888618753705,7.0,1.227150510297099e-05,0.8415279637043724,-3.7830327296385997,0.0007186726624235362,0.02891166602259965,True
2026-08-30T05:51:12.575496+00:00,spambase,f1,harmonic,k=15,30,0.8924969366901845,wendland_c2,"h=2.49536389472299,k=21",30,0.9058998521137837,30,30,-0.013402915423599063,49.0,0.000268945828826696,0.6765827095939188,-2.261545021212529,0.03139848415417612,0.5916808234187312,False
2026-08-30T05:51:12.602164+00:00,spambase,f1,inverse_multiquadratic,"c=0.022647733671998026,k=16",30,0.9029348880099844,laplacian,"epsilon=3.139118461178404,k=15",30,0.9083374168621958,30,30,-0.005402528852211471,124.0,0.024786051362752914,0.4098281024195092,-1.185306788153496,0.24551845965638464,1.0,False
2026-08-30T05:51:12.627377+00:00,spambase,f1,inverse_multiquadratic,"c=0.022647733671998026,k=16",30,0.9029348880099844,logarithmic,"c=0.020350682753671467,k=16",30,0.9001448035894613,30,30,0.002790084420523113,13.0,0.0005934167947217434,0.768001161439313,2.218998957040688,0.03446994729108965,1.0,False
2026-08-30T05:51:12.652741+00:00,spambase,f1,inverse_multiquadratic,"c=0.022647733671998026,k=16",30,0.9029348880099844,lorentzian,k=17,30,0.9073648163985927,30,30,-0.004429928388608384,65.5,0.00905187892933492,0.5220177093863994,-1.3964186266836844,0.1731859466892145,1.0,False
2026-08-30T05:51:12.678540+00:00,spambase,f1,inverse_multiquadratic,"c=0.022647733671998026,k=16",30,0.9029348880099844,multiquadratic,"c=2.2505043547850567,k=5",30,0.8730544867388068,30,30,0.029880401271177658,7.0,3.5390257835388184e-08,1.0064283621132848,4.506780563329335,9.964989813981973e-05,8.727237582206726e-05,True
2026-08-30T05:51:12.704274+00:00,spambase,f1,inverse_multiquadratic,"c=0.022647733671998026,k=16",30,0.9029348880099844,quartic_spline,"h=2.49536389472299,k=21",30,0.9062222348676241,30,30,-0.0032873468576397427,144.0,0.11199148595825234,0.2951265825231675,-0.628199081952964,0.5347899802671794,1.0,False
2026-08-30T05:51:12.729357+00:00,spambase,f1,inverse_multiquadratic,"c=0.022647733671998026,k=16",30,0.9029348880099844,radial,"k=26,z=1.1118752706560786",30,0.8985448760515271,30,30,0.004390011958457326,95.0,0.023923853164438725,0.4346196421454944,1.0430589494770746,0.30553859420104734,1.0,False
2026-08-30T05:51:12.756143+00:00,spambase,f1,inverse_multiquadratic,"c=0.022647733671998026,k=16",30,0.9029348880099844,rational_quadratic,"alpha=1.8901474832729028,k=17,l=0.3030769823592373",30,0.9084477359327346,30,30,-0.005512847922750212,43.0,0.002234577508303177,0.6240366725661887,-1.7218062081608916,0.09575668263984616,1.0,False
2026-08-30T05:51:12.781111+00:00,spambase,f1,inverse_multiquadratic,"c=0.022647733671998026,k=16",30,0.9029348880099844,rbf_gaussian,"epsilon=1.0017808951943048,k=26",30,0.9006051180595341,30,30,0.0023297699504503224,163.0,0.362355202130101,0.1721413598461457,0.43917347161746395,0.663790897543312,1.0,False
2026-08-30T05:51:12.806328+00:00,spambase,f1,inverse_multiquadratic,"c=0.022647733671998026,k=16",30,0.9029348880099844,shepard,"k=23,z=4.037289373746292",30,0.90727487248819,30,30,-0.004339984478205768,115.5,0.027409848487010918,0.40957538970851975,-1.1362700678635576,0.2651465314222867,1.0,False
2026-08-30T05:51:12.833171+00:00,spambase,f1,inverse_multiquadratic,"c=0.022647733671998026,k=16",30,0.9029348880099844,sigmoidal,"alpha=2.7969522463101444,c=0.5657056486808432,k=24",30,0.9078100499732417,30,30,-0.004875161963257398,124.0,0.024786051362752914,0.4098281024195092,-1.0794492145438463,0.28928391480902693,1.0,False
2026-08-30T05:51:12.859216+00:00,spambase,f1,inverse_multiquadratic,"c=0.022647733671998026,k=16",30,0.9029348880099844,softmax_radial,"beta=3.139118461178404,k=15",30,0.9083374168621958,30,30,-0.005402528852211471,124.0,0.024786051362752914,0.4098281024195092,-1.185306788153496,0.24551845965638464,1.0,False
2026-08-30T05:51:12.884101+00:00,spambase,f1,inverse_multiquadratic,"c=0.022647733671998026,k=16",30,0.9029348880099844,student_t,"k=15,nu=0.016532523475753853",30,0.9031508253089382,30,30,-0.00021593729895379813,120.0,0.584034711473647,0.11416181140306038,-0.10565744238834801,0.9165816080862377,1.0,False
2026-08-30T05:51:12.909083+00:00,spambase,f1,inverse_multiquadratic,"c=0.022647733671998026,k=16",30,0.9029348880099844,wendland_c2,"h=2.49536389472299,k=21",30,0.9058998521137837,30,30,-0.0029649641037991577,151.0,0.1504502624314629,0.26701928894953236,-0.5685953582138105,0.5740079963661218,1.0,False
2026-08-30T05:51:12.933939+00:00,spambase,f1,laplacian,"epsilon=3.139118461178404,k=15",30,0.9083374168621958,logarithmic,"c=0.020350682753671467,k=16",30,0.9001448035894613,30,30,0.008192613272734583,69.0,0.0013225305101141763,0.5962761565264024,1.8176802376818972,0.07945876415196884,1.0,False
2026-08-30T05:51:12.959479+00:00,spambase,f1,laplacian,"epsilon=3.139118461178404,k=15",30,0.9083374168621958,lorentzian,k=17,30,0.9073648163985927,30,30,0.0009726004636030868,208.0,0.8372389846976191,0.038146727472852325,0.27824474559151574,0.7827988083928874,1.0,False
2026-08-30T05:51:12.985662+00:00,spambase,f1,laplacian,"epsilon=3.139118461178404,k=15",30,0.9083374168621958,multiquadratic,"c=2.2505043547850567,k=5",30,0.8730544867388068,30,30,0.03528293012338913,0.0,1.733306644199106e-06,0.8731182026751628,6.529754683996605,3.765345497619421e-07,0.00414953610621266,True
2026-08-30T05:51:13.010709+00:00,spambase,f1,laplacian,"epsilon=3.139118461178404,k=15",30,0.9083374168621958,quartic_spline,"h=2.49536389472299,k=21",30,0.9062222348676241,30,30,0.002115181994571728,172.0,0.32517235217929885,0.18270274736997696,0.46158868216406906,0.6478201449583754,1.0,False
2026-08-30T05:51:13.035711+00:00,spambase,f1,laplacian,"epsilon=3.139118461178404,k=15",30,0.9083374168621958,radial,"k=26,z=1.1118752706560786",30,0.8985448760515271,30,30,0.009792540810668797,3.0,5.256413325850834e-06,0.8606789044690232,3.1944296087329036,0.0033659846732443377,0.012499750888873283,True
2026-08-30T05:51:13.061147+00:00,spambase,f1,laplacian,"epsilon=3.139118461178404,k=15",30,0.9083374168621958,rational_quadratic,"alpha=1.8901474832729028,k=17,l=0.3030769823592373",30,0.9084477359327346,30,30,-0.00011031907053874098,211.0,0.8882248121928067,0.02609962974694679,-0.032566753117710324,0.9742431981149542,1.0,False
2026-08-30T05:51:13.087869+00:00,spambase,f1,laplacian,"epsilon=3.139118461178404,k=15",30,0.9083374168621958,rbf_gaussian,"epsilon=1.0017808951943048,k=26",30,0.9006051180595341,30,30,0.007732298802661793,34.0,7.252170003228448e-05,0.7368126243945302,2.265186172307658,0.03114745052896395,0.1658571279738346,False
2026-08-30T05:51:13.113768+00:00,spambase,f1,laplacian,"epsilon=3.139118461178404,k=15",30,0.9083374168621958,shepard,"k=23,z=4.037289373746292",30,0.90727487248819,30,30,0.0010625443740057028,186.0,0.3492113798856735,0.17091135635029506,0.2993230928775661,0.7668282871088827,1.0,False
2026-08-30T05:51:13.139637+00:00,spambase,f1,laplacian,"epsilon=3.139118461178404,k=15",30,0.9083374168621958,sigmoidal,"alpha=2.7969522463101444,c=0.5657056486808432,k=24",30,0.9078100499732417,30,30,0.0005273668889540728,141.0,0.5628391753742974,0.11572590586148113,0.21392756997689877,0.8321005629649088,1.0,False
2026-08-30T05:51:13.163399+00:00,spambase,f1,laplacian,"epsilon=3.139118461178404,k=15",30,0.9083374168621958,softmax_radial,"beta=3.139118461178404,k=15",30,0.9083374168621958,30,30,0.0,,,,,,,False
2026-08-30T05:51:13.189101+00:00,spambase,f1,laplacian,"epsilon=3.139118461178404,k=15",30,0.9083374168621958,student_t,"k=15,nu=0.016532523475753853",30,0.9031508253089382,30,30,0.005186591553257672,99.0,0.017873515819031526,0.44755303032423494,1.2253364153660724,0.23030755831207284,1.0,False
2026-08-30T05:51:13.214484+00:00,spambase,f1,laplacian,"epsilon=3.139118461178404,k=15",30,0.9083374168621958,wendland_c2,"h=2.49536389472299,k=21",30,0.9058998521137837,30,30,0.002437564748412313,167.0,0.2748315317027048,0.20277997235568873,0.5173026048693772,0.6088684612552699,1.0,False
2026-08-30T05:51:13.239315+00:00,spambase,f1,logarithmic,"c=0.020350682753671467,k=16",30,0.9001448035894613,lorentzian,k=17,30,0.9073648163985927,30,30,-0.007220012809131497,26.0,9.000232001487763e-05,0.7536489539332004,-2.3608905745398916,0.02516683057471303,0.20502528499389125,False
2026-08-30T05:51:13.265639+00:00,spambase,f1,logarithmic,"c=0.020350682753671467,k=16",30,0.9001448035894613,multiquadratic,"c=2.2505043547850567,k=5",30,0.8730544867388068,30,30,0.027090316850654547,9.0,6.5306818420991045e-06,0.837195815728386,4.001105183668701,0.0003988650709996211,0.015510369374985374,True
2026-08-30T05:51:13.292396+00:00,spambase,f1,logarithmic,"c=0.020350682753671467,k=16",30,0.9001448035894613,quartic_spline,"h=2.49536389472299,k=21",30,0.9062222348676241,30,30,-0.006077431278162856,117.0,0.016431212425231934,0.4380308681883341,-1.163146831531537,0.25425176537988614,1.0,False
2026-08-30T05:51:13.319021+00:00,spambase,f1,logarithmic,"c=0.020350682753671467,k=16",30,0.9001448035894613,radial,"k=26,z=1.1118752706560786",30,0.8985448760515271,30,30,0.001599927537934213,171.0,0.3146521845178628,0.18671819236711926,0.3874799090536242,0.7012303176677568,1.0,False
2026-08-30T05:51:13.343897+00:00,spambase,f1,logarithmic,"c=0.020350682753671467,k=16",30,0.9001448035894613,rational_quadratic,"alpha=1.8901474832729028,k=17,l=0.3030769823592373",30,0.9084477359327346,30,30,-0.008302932343273324,41.0,0.00013536081360538934,0.7087053308209245,-2.5512259246654163,0.016270794048388826,0.3063215211889961,False
2026-08-30T05:51:13.368933+00:00,spambase,f1,logarithmic,"c=0.020350682753671467,k=16",30,0.9001448035894613,rbf_gaussian,"epsilon=1.0017808951943048,k=26",30,0.9006051180595341,30,30,-0.0004603144700727905,201.0,0.9636746235039864,0.008606789044696833,-0.09195387368944108,0.9273669631136185,1.0,False
2026-08-30T05:51:13.394032+00:00,spambase,f1,logarithmic,"c=0.020350682753671467,k=16",30,0.9001448035894613,shepard,"k=23,z=4.037289373746292",30,0.90727487248819,30,30,-0.007130068898728881,71.0,0.0005054883658885956,0.6349621780182918,-1.7945640346864402,0.08315465015851142,1.0,False
2026-08-30T05:51:13.419964+00:00,spambase,f1,logarithmic,"c=0.020350682753671467,k=16",30,0.9001448035894613,sigmoidal,"alpha=2.7969522463101444,c=0.5657056486808432,k=24",30,0.9078100499732417,30,30,-0.0076652463837805105,85.5,0.002497651343088305,0.5520360249173957,-1.6906187709222749,0.10163210658133437,1.0,False
2026-08-30T05:51:13.446234+00:00,spambase,f1,logarithmic,"c=0.020350682753671467,k=16",30,0.9001448035894613,softmax_radial,"beta=3.139118461178404,k=15",30,0.9083374168621958,30,30,-0.008192613272734583,69.0,0.0013225305101141763,0.5962761565264024,-1.8176802376818972,0.07945876415196884,1.0,False
2026-08-30T05:51:13.471253+00:00,spambase,f1,logarithmic,"c=0.020350682753671467,k=16",30,0.9001448035894613,student_t,"k=15,nu=0.016532523475753853",30,0.9031508253089382,30,30,-0.003006021719476911,71.0,0.004583287516424454,0.5455863592890252,-1.389996478131928,0.1751082725014046,1.0,False
2026-08-30T05:51:13.505640+00:00,spambase,f1,logarithmic,"c=0.020350682753671467,k=16",30,0.9001448035894613,wendland_c2,"h=2.49536389472299,k=21",30,0.9058998521137837,30,30,-0.00575504852432227,119.0,0.018529480323195457,0.4299373980733752,-1.1163266020474905,0.2734468757890576,1.0,False
2026-08-30T05:51:13.531437+00:00,spambase,f1,lorentzian,k=17,30,0.9073648163985927,multiquadratic,"c=2.2505043547850567,k=5",30,0.8730544867388068,30,30,0.034310329659786046,0.0,1.862645149230957e-09,1.0971528346217627,5.91483323033543,2.0125333892728747e-06,4.794448614120483e-06,True
2026-08-30T05:51:13.557076+00:00,spambase,f1,lorentzian,k=17,30,0.9073648163985927,quartic_spline,"h=2.49536389472299,k=21",30,0.9062222348676241,30,30,0.0011425815309686412,220.0,0.8078304156661034,0.0444067678936461,0.24517100900727337,0.8080506999442765,1.0,False
2026-08-30T05:51:13.582032+00:00,spambase,f1,lorentzian,k=17,30,0.9073648163985927,radial,"k=26,z=1.1118752706560786",30,0.8985448760515271,30,30,0.00881994034706571,21.0,2.1476619002203304e-05,0.7890118838882535,3.073114839452513,0.004578305600898114,0.05023381184615353,False
2026-08-30T05:51:13.607559+00:00,spambase,f1,lorentzian,k=17,30,0.9073648163985927,rational_quadratic,"alpha=1.8901474832729028,k=17,l=0.3030769823592373",30,0.9084477359327346,30,30,-0.0010829195341418277,24.0,0.13295729296233563,0.41673005998453244,-0.711277947939995,0.48259442450647705,1.0,False
2026-08-30T05:51:13.632290+00:00,spambase,f1,lorentzian,k=17,30,0.9073648163985927,rbf_gaussian,"epsilon=1.0017808951943048,k=26",30,0.9006051180595341,30,30,0.006759698339058706,73.0,0.005321491660996076,0.5363391328603979,1.664598819013753,0.10676242496871824,1.0,False
2026-08-30T05:51:13.657151+00:00,spambase,f1,lorentzian,k=17,30,0.9073648163985927,shepard,"k=23,z=4.037289373746292",30,0.90727487248819,30,30,8.9943910402616e-05,138.0,0.7317059346728588,0.06998542122237648,0.034797682072294694,0.9724794860335275,1.0,False
2026-08-30T05:51:13.682804+00:00,spambase,f1,lorentzian,k=17,30,0.9073648163985927,sigmoidal,"alpha=2.7969522463101444,c=0.5657056486808432,k=24",30,0.9078100499732417,30,30,-0.000445233574649014,189.0,0.7498782331919757,0.060247523312877756,-0.1411899111131247,0.8886961371238269,1.0,False
2026-08-30T05:51:13.707752+00:00,spambase,f1,lorentzian,k=17,30,0.9073648163985927,softmax_radial,"beta=3.139118461178404,k=15",30,0.9083374168621958,30,30,-0.0009726004636030868,208.0,0.8372389846976191,0.038146727472852325,-0.27824474559151574,0.7827988083928874,1.0,False
2026-08-30T05:51:13.732938+00:00,spambase,f1,lorentzian,k=17,30,0.9073648163985927,student_t,"k=15,nu=0.016532523475753853",30,0.9031508253089382,30,30,0.004213991089654586,89.0,0.005459684044325266,0.5159696034588708,1.4844116012015456,0.14848894333613782,1.0,False
2026-08-30T05:51:13.759712+00:00,spambase,f1,lorentzian,k=17,30,0.9073648163985927,wendland_c2,"h=2.49536389472299,k=21",30,0.9058998521137837,30,30,0.0014649642848092264,214.0,0.7151329666376114,0.06663430452217423,0.32370476130195214,0.7484845426058837,1.0,False
2026-08-30T05:51:13.786155+00:00,spambase,f1,multiquadratic,"c=2.2505043547850567,k=5",30,0.8730544867388068,quartic_spline,"h=2.49536389472299,k=21",30,0.9062222348676241,30,30,-0.033167748128817405,5.0,1.862645149230957e-08,1.0268515187575566,-4.4668691924877555,0.0001112660792150777,4.637986421585083e-05,True
2026-08-30T05:51:13.812791+00:00,spambase,f1,multiquadratic,"c=2.2505043547850567,k=5",30,0.8730544867388068,radial,"k=26,z=1.1118752706560786",30,0.8985448760515271,30,30,-0.025490389312720334,3.0,9.313225746154785e-09,1.0484841922836767,-4.653250956886791,6.64362951012798e-05,2.3311004042625427e-05,True
2026-08-30T05:51:13.838814+00:00,spambase,f1,multiquadratic,"c=2.2505043547850567,k=5",30,0.8730544867388068,rational_quadratic,"alpha=1.8901474832729028,k=17,l=0.3030769823592373",30,0.9084477359327346,30,30,-0.03539324919392787,1.0,3.725290298461914e-09,1.076448493119431,-5.679026180227341,3.855102163052848e-06,9.357929229736328e-06,True
2026-08-30T05:51:13.863984+00:00,spambase,f1,multiquadratic,"c=2.2505043547850567,k=5",30,0.8730544867388068,rbf_gaussian,"epsilon=1.0017808951943048,k=26",30,0.9006051180595341,30,30,-0.027550631320727336,3.0,3.5149630812742274e-06,0.8612877816493594,-4.1102197312163575,0.0002963531562505395,0.00839021687500158,True
2026-08-30T05:51:13.889907+00:00,spambase,f1,multiquadratic,"c=2.2505043547850567,k=5",30,0.8730544867388068,shepard,"k=23,z=4.037289373746292",30,0.90727487248819,30,30,-0.03422038574938343,0.0,1.862645149230957e-09,1.0971528346217627,-5.424321141598983,7.803944356066239e-06,4.794448614120483e-06,True
2026-08-30T05:51:13.915558+00:00,spambase,f1,multiquadratic,"c=2.2505043547850567,k=5",30,0.8730544867388068,sigmoidal,"alpha=2.7969522463101444,c=0.5657056486808432,k=24",30,0.9078100499732417,30,30,-0.03475556323443505,0.0,1.862645149230957e-09,1.0971528346217627,-5.921686815761403,1.974969904061652e-06,4.794448614120483e-06,True
2026-08-30T05:51:13.941182+00:00,spambase,f1,multiquadratic,"c=2.2505043547850567,k=5",30,0.8730544867388068,softmax_radial,"beta=3.139118461178404,k=15",30,0.9083374168621958,30,30,-0.03528293012338913,0.0,1.733306644199106e-06,0.8731182026751628,-6.529754683996605,3.765345497619421e-07,0.00414953610621266,True
2026-08-30T05:51:13.966237+00:00,spambase,f1,multiquadratic,"c=2.2505043547850567,k=5",30,0.8730544867388068,student_t,"k=15,nu=0.016532523475753853",30,0.9031508253089382,30,30,-0.030096338570131456,3.0,9.313225746154785e-09,1.0484841922836767,-4.96765230855126,2.7752798363867015e-05,2.3311004042625427e-05,True
2026-08-30T05:51:13.991939+00:00,spambase,f1,multiquadratic,"c=2.2505043547850567,k=5",30,0.8730544867388068,wendland_c2,"h=2.49536389472299,k=21",30,0.9058998521137837,30,30,-0.032845365374976815,5.0,1.862645149230957e-08,1.0268515187575566,-4.4349033809627585,0.00012152979966839617,4.637986421585083e-05,True
2026-08-30T05:51:14.019625+00:00,spambase,f1,quartic_spline,"h=2.49536389472299,k=21",30,0.9062222348676241,radial,"k=26,z=1.1118752706560786",30,0.8985448760515271,30,30,0.007677358816097069,104.0,0.007111456245183945,0.49141292242214607,1.4762514151298196,0.15065340166644492,1.0,False
2026-08-30T05:51:14.045118+00:00,spambase,f1,quartic_spline,"h=2.49536389472299,k=21",30,0.9062222348676241,rational_quadratic,"alpha=1.8901474832729028,k=17,l=0.3030769823592373",30,0.9084477359327346,30,30,-0.002225501065110469,178.0,0.3930404723199349,0.15860544230836895,-0.5300333588206314,0.6001239191401218,1.0,False
2026-08-30T05:51:14.070343+00:00,spambase,f1,quartic_spline,"h=2.49536389472299,k=21",30,0.9062222348676241,rbf_gaussian,"epsilon=1.0017808951943048,k=26",30,0.9006051180595341,30,30,0.005617116808090065,127.0,0.030005544473084983,0.3961891199237097,1.2247506758387845,0.23052493727925127,1.0,False
2026-08-30T05:51:14.096185+00:00,spambase,f1,quartic_spline,"h=2.49536389472299,k=21",30,0.9062222348676241,shepard,"k=23,z=4.037289373746292",30,0.90727487248819,30,30,-0.0010526376205660251,215.5,0.7265856088858341,0.06384090084078728,-0.267948988901228,0.790635290286517,1.0,False
2026-08-30T05:51:14.121747+00:00,spambase,f1,quartic_spline,"h=2.49536389472299,k=21",30,0.9062222348676241,sigmoidal,"alpha=2.7969522463101444,c=0.5657056486808432,k=24",30,0.9078100499732417,30,30,-0.0015878151056176553,198.0,0.4898460879921913,0.1260772691740384,-0.38532895954587865,0.7028056535784561,1.0,False
2026-08-30T05:51:14.146856+00:00,spambase,f1,quartic_spline,"h=2.49536389472299,k=21",30,0.9062222348676241,softmax_radial,"beta=3.139118461178404,k=15",30,0.9083374168621958,30,30,-0.002115181994571728,172.0,0.32517235217929885,0.18270274736997696,-0.46158868216406906,0.6478201449583754,1.0,False
2026-08-30T05:51:14.172352+00:00,spambase,f1,quartic_spline,"h=2.49536389472299,k=21",30,0.9062222348676241,student_t,"k=15,nu=0.016532523475753853",30,0.9031508253089382,30,30,0.0030714095586859445,136.0,0.0780201614093598,0.32724920375017874,0.6696734108638648,0.5083633745509339,1.0,False
2026-08-30T05:51:14.197837+00:00,spambase,f1,quartic_spline,"h=2.49536389472299,k=21",30,0.9062222348676241,wendland_c2,"h=2.49536389472299,k=21",30,0.9058998521137837,30,30,0.0003223827538405851,1.0,0.28504940740261275,0.6172133998483675,0.4354931195176179,0.6664288278357797,1.0,False
2026-08-30T05:51:14.223268+00:00,spambase,f1,radial,"k=26,z=1.1118752706560786",30,0.8985448760515271,rational_quadratic,"alpha=1.8901474832729028,k=17,l=0.3030769823592373",30,0.9084477359327346,30,30,-0.009902859881207537,22.0,2.364745945098838e-05,0.7849965562349857,-3.0583621227172535,0.004751408030097437,0.05524046527750885,False
2026-08-30T05:51:14.248926+00:00,spambase,f1,radial,"k=26,z=1.1118752706560786",30,0.8985448760515271,rbf_gaussian,"epsilon=1.0017808951943048,k=26",30,0.9006051180595341,30,30,-0.0020602420080070034,172.0,0.22064675763249397,0.22361871698342045,-0.48484728512614966,0.6314269940622053,1.0,False
2026-08-30T05:51:14.275505+00:00,spambase,f1,radial,"k=26,z=1.1118752706560786",30,0.8985448760515271,shepard,"k=23,z=4.037289373746292",30,0.90727487248819,30,30,-0.008729996436663093,25.0,3.146609947780487e-05,0.772973161949916,-2.6409474369612607,0.013177499156407313,0.07309574908694072,False
2026-08-30T05:51:14.300629+00:00,spambase,f1,radial,"k=26,z=1.1118752706560786",30,0.8985448760515271,sigmoidal,"alpha=2.7969522463101444,c=0.5657056486808432,k=24",30,0.9078100499732417,30,30,-0.009265173921714723,1.0,4.228408847246096e-06,0.8692856935140232,-3.0682121896291994,0.0046351539869244895,0.010084755100681938,True
2026-08-30T05:51:14.326018+00:00,spambase,f1,radial,"k=26,z=1.1118752706560786",30,0.8985448760515271,softmax_radial,"beta=3.139118461178404,k=15",30,0.9083374168621958,30,30,-0.009792540810668797,3.0,5.256413325850834e-06,0.8606789044690232,-3.1944296087329036,0.0033659846732443377,0.012499750888873283,True
2026-08-30T05:51:14.351550+00:00,spambase,f1,radial,"k=26,z=1.1118752706560786",30,0.8985448760515271,student_t,"k=15,nu=0.016532523475753853",30,0.9031508253089382,30,30,-0.0046059492574111235,76.0,0.011500916397185085,0.49560483745921946,-1.2269829003186647,0.22969733824852967,1.0,False
2026-08-30T05:51:14.376927+00:00,spambase,f1,radial,"k=26,z=1.1118752706560786",30,0.8985448760515271,wendland_c2,"h=2.49536389472299,k=21",30,0.9058998521137837,30,30,-0.007354976062256483,106.0,0.008142979815602303,0.483106476390611,-1.440518236931812,0.1604309445412384,1.0,False
2026-08-30T05:51:14.402830+00:00,spambase,f1,rational_quadratic,"alpha=1.8901474832729028,k=17,l=0.3030769823592373",30,0.9084477359327346,rbf_gaussian,"epsilon=1.0017808951943048,k=26",30,0.9006051180595341,30,30,0.007842617873200534,61.0,0.0012226530433656197,0.611082022173473,1.8823265360111103,0.06986085013174792,1.0,False
2026-08-30T05:51:14.428162+00:00,spambase,f1,rational_quadratic,"alpha=1.8901474832729028,k=17,l=0.3030769823592373",30,0.9084477359327346,shepard,"k=23,z=4.037289373746292",30,0.90727487248819,30,30,0.0011728634445444437,145.5,0.44607788674329574,0.14943461894802043,0.5188955301622408,0.6077710445383082,1.0,False
2026-08-30T05:51:14.453726+00:00,spambase,f1,rational_quadratic,"alpha=1.8901474832729028,k=17,l=0.3030769823592373",30,0.9084477359327346,sigmoidal,"alpha=2.7969522463101444,c=0.5657056486808432,k=24",30,0.9078100499732417,30,30,0.0006376859594928138,194.0,0.6113514993496755,0.09436019985434609,0.19660079970721117,0.8455112609765307,1.0,False
2026-08-30T05:51:14.479056+00:00,spambase,f1,rational_quadratic,"alpha=1.8901474832729028,k=17,l=0.3030769823592373",30,0.9084477359327346,softmax_radial,"beta=3.139118461178404,k=15",30,0.9083374168621958,30,30,0.00011031907053874098,211.0,0.8882248121928067,0.02609962974694679,0.032566753117710324,0.9742431981149542,1.0,False
2026-08-30T05:51:14.503930+00:00,spambase,f1,rational_quadratic,"alpha=1.8901474832729028,k=17,l=0.3030769823592373",30,0.9084477359327346,student_t,"k=15,nu=0.016532523475753853",30,0.9031508253089382,30,30,0.005296910623796414,53.5,0.0011319097923779117,0.6265221927579189,1.8726777233917544,0.07122663447085498,1.0,False
2026-08-30T05:51:14.534721+00:00,spambase,f1,rational_quadratic,"alpha=1.8901474832729028,k=17,l=0.3030769823592373",30,0.9084477359327346,wendland_c2,"h=2.49536389472299,k=21",30,0.9058998521137837,30,30,0.002547883818951054,168.0,0.2844624901630102,0.19875871884213311,0.6055718508092978,0.5495095264270811,1.0,False
2026-08-30T05:51:14.561100+00:00,spambase,f1,rbf_gaussian,"epsilon=1.0017808951943048,k=26",30,0.9006051180595341,shepard,"k=23,z=4.037289373746292",30,0.90727487248819,30,30,-0.006669754428656091,92.0,0.00665340320299728,0.5039236204987422,-1.5701720649561792,0.12722326332741707,1.0,False
2026-08-30T05:51:14.586359+00:00,spambase,f1,rbf_gaussian,"epsilon=1.0017808951943048,k=26",30,0.9006051180595341,sigmoidal,"alpha=2.7969522463101444,c=0.5657056486808432,k=24",30,0.9078100499732417,30,30,-0.00720493191370772,34.0,0.0001961882109451873,0.7166600482186474,-2.2098597483797295,0.035163971082929235,0.437892086829658,False
2026-08-30T05:51:14.611118+00:00,spambase,f1,rbf_gaussian,"epsilon=1.0017808951943048,k=26",30,0.9006051180595341,softmax_radial,"beta=3.139118461178404,k=15",30,0.9083374168621958,30,30,-0.007732298802661793,34.0,7.252170003228448e-05,0.7368126243945302,-2.265186172307658,0.03114745052896395,0.1658571279738346,False
2026-08-30T05:51:14.638466+00:00,spambase,f1,rbf_gaussian,"epsilon=1.0017808951943048,k=26",30,0.9006051180595341,student_t,"k=15,nu=0.016532523475753853",30,0.9031508253089382,30,30,-0.0025457072494041205,184.0,0.3284698575735092,0.1784116015293691,-0.5491190867135651,0.5871274224042433,1.0,False
2026-08-30T05:51:14.663305+00:00,spambase,f1,rbf_gaussian,"epsilon=1.0017808951943048,k=26",30,0.9006051180595341,wendland_c2,"h=2.49536389472299,k=21",30,0.9058998521137837,30,30,-0.00529473405424948,129.0,0.03326423839289795,0.3886784257071461,-1.1819883442968826,0.24681199637097717,1.0,False
2026-08-30T05:51:14.688303+00:00,spambase,f1,shepard,"k=23,z=4.037289373746292",30,0.90727487248819,sigmoidal,"alpha=2.7969522463101444,c=0.5657056486808432,k=24",30,0.9078100499732417,30,30,-0.00053517748505163,219.5,0.7891646777424939,0.04881951240766089,-0.19344762863966522,0.8479569766510038,1.0,False
2026-08-30T05:51:14.715928+00:00,spambase,f1,shepard,"k=23,z=4.037289373746292",30,0.90727487248819,softmax_radial,"beta=3.139118461178404,k=15",30,0.9083374168621958,30,30,-0.0010625443740057028,186.0,0.3492113798856735,0.17091135635029506,-0.2993230928775661,0.7668282871088827,1.0,False
2026-08-30T05:51:14.740350+00:00,spambase,f1,shepard,"k=23,z=4.037289373746292",30,0.90727487248819,student_t,"k=15,nu=0.016532523475753853",30,0.9031508253089382,30,30,0.00412404717925197,109.5,0.019523892856619037,0.43366805969137395,1.1614315157707256,0.25493714925966726,1.0,False
2026-08-30T05:51:14.765115+00:00,spambase,f1,shepard,"k=23,z=4.037289373746292",30,0.90727487248819,wendland_c2,"h=2.49536389472299,k=21",30,0.9058998521137837,30,30,0.0013750203744066103,206.5,0.5927846322229917,0.09764160673127993,0.3519797426620014,0.727398395245813,1.0,False
2026-08-30T05:51:14.790066+00:00,spambase,f1,sigmoidal,"alpha=2.7969522463101444,c=0.5657056486808432,k=24",30,0.9078100499732417,softmax_radial,"beta=3.139118461178404,k=15",30,0.9083374168621958,30,30,-0.0005273668889540728,141.0,0.5628391753742974,0.11572590586148113,-0.21392756997689877,0.8321005629649088,1.0,False
2026-08-30T05:51:14.814752+00:00,spambase,f1,sigmoidal,"alpha=2.7969522463101444,c=0.5657056486808432,k=24",30,0.9078100499732417,student_t,"k=15,nu=0.016532523475753853",30,0.9031508253089382,30,30,0.0046592246643036,114.0,0.025220968988406898,0.4155864121244604,1.2020325165203813,0.23907486391350452,1.0,False
2026-08-30T05:51:14.841574+00:00,spambase,f1,sigmoidal,"alpha=2.7969522463101444,c=0.5657056486808432,k=24",30,0.9078100499732417,wendland_c2,"h=2.49536389472299,k=21",30,0.9058998521137837,30,30,0.0019101978594582402,188.0,0.370740607380867,0.16341977185361498,0.4650178054195889,0.6453916372346238,1.0,False
2026-08-30T05:51:14.866308+00:00,spambase,f1,softmax_radial,"beta=3.139118461178404,k=15",30,0.9083374168621958,student_t,"k=15,nu=0.016532523475753853",30,0.9031508253089382,30,30,0.005186591553257672,99.0,0.017873515819031526,0.44755303032423494,1.2253364153660724,0.23030755831207284,1.0,False
2026-08-30T05:51:14.891362+00:00,spambase,f1,softmax_radial,"beta=3.139118461178404,k=15",30,0.9083374168621958,wendland_c2,"h=2.49536389472299,k=21",30,0.9058998521137837,30,30,0.002437564748412313,167.0,0.2748315317027048,0.20277997235568873,0.5173026048693772,0.6088684612552699,1.0,False
2026-08-30T05:51:14.916364+00:00,spambase,f1,student_t,"k=15,nu=0.016532523475753853",30,0.9031508253089382,wendland_c2,"h=2.49536389472299,k=21",30,0.9058998521137837,30,30,-0.0027490268048453595,139.0,0.08961703998973654,0.31520322079004975,-0.6053638203641678,0.5496458247976912,1.0,False
2026-08-30T05:51:14.956174+00:00,vertebra_column,f1,attention,k=5,30,0.3406475446065229,cauchy,"epsilon=0.17954852306126248,k=5",30,0.3406475446065229,30,30,0.0,,,,,,,False
2026-08-30T05:51:14.980825+00:00,vertebra_column,f1,attention,k=5,30,0.3406475446065229,cosine,"h=2.4749529788842355,k=5",30,0.3419636821726605,30,30,-0.001316137566137567,0.0,0.10880943004054569,0.9258200997725514,-0.8353086264634602,0.4103732498686037,1.0,False
2026-08-30T05:51:15.006893+00:00,vertebra_column,f1,attention,k=5,30,0.3406475446065229,cubic_spline,"h=2.4749529788842355,k=5",30,0.3392903321308894,30,30,0.0013572124756335263,3.0,1.0,0.0,0.25942293869979094,0.7971417278838373,1.0,False
2026-08-30T05:51:15.030555+00:00,vertebra_column,f1,attention,k=5,30,0.3406475446065229,entropic,"beta=0.17954852306126248,k=5",30,0.3406475446065229,30,30,0.0,,,,,,,False
2026-08-30T05:51:15.061871+00:00,vertebra_column,f1,attention,k=5,30,0.3406475446065229,gen_exponential,"epsilon=1.5293952761249943,k=5,p=2.717195839822765",30,0.337419580906423,30,30,0.0032279637000999237,4.0,0.7150006546880893,0.18257418583505527,0.39121530638766977,0.6984977597001403,1.0,False
2026-08-30T05:51:15.086379+00:00,vertebra_column,f1,attention,k=5,30,0.3406475446065229,harmonic,k=5,30,0.3406475446065229,30,30,0.0,,,,,,,False
2026-08-30T05:51:15.111694+00:00,vertebra_column,f1,attention,k=5,30,0.3406475446065229,inverse_multiquadratic,"c=0.016470428664554334,k=5",30,0.3396805437711011,30,30,0.0009670008354218903,0.0,0.31731050786291415,1.0,0.4803844614152614,0.6345580711906083,1.0,False
2026-08-30T05:51:15.135361+00:00,vertebra_column,f1,attention,k=5,30,0.3406475446065229,laplacian,"epsilon=0.17954852306126248,k=5",30,0.3406475446065229,30,30,0.0,,,,,,,False
2026-08-30T05:51:15.158913+00:00,vertebra_column,f1,attention,k=5,30,0.3406475446065229,logarithmic,"c=0.07546696410796928,k=5",30,0.3406475446065229,30,30,0.0,,,,,,,False
2026-08-30T05:51:15.183886+00:00,vertebra_column,f1,attention,k=5,30,0.3406475446065229,lorentzian,k=5,30,0.33827181361237085,30,30,0.0023757309941520467,0.0,0.31731050786291415,1.0,0.4803844614152615,0.6345580711906083,1.0,False
2026-08-30T05:51:15.208596+00:00,vertebra_column,f1,attention,k=5,30,0.3406475446065229,multiquadratic,"c=3.446939870888028,k=4",30,0.3294064026358919,30,30,0.011241141970631145,99.0,0.23552288967685775,0.24735059137329743,0.640442535676729,0.5269134356012088,1.0,False
2026-08-30T05:51:15.233539+00:00,vertebra_column,f1,attention,k=5,30,0.3406475446065229,quartic_spline,"h=2.4749529788842355,k=5",30,0.33816460113673735,30,30,0.002482943469785577,1.0,0.28504940740261275,0.6172133998483675,0.4796395966613288,0.6350813345430408,1.0,False
2026-08-30T05:51:15.258639+00:00,vertebra_column,f1,attention,k=5,30,0.3406475446065229,radial,"k=5,z=0.01795485230612625",30,0.3522638791233993,30,30,-0.011616334516876308,144.0,0.11199148595825234,0.2951265825231675,-0.6777530430681818,0.5033002567234917,1.0,False
2026-08-30T05:51:15.282018+00:00,vertebra_column,f1,attention,k=5,30,0.3406475446065229,rational_quadratic,"alpha=1.1583176596280784,k=5,l=0.9454957214747121",30,0.3406475446065229,30,30,0.0,,,,,,,False
2026-08-30T05:51:15.306174+00:00,vertebra_column,f1,attention,k=5,30,0.3406475446065229,rbf_gaussian,"epsilon=0.17954852306126248,k=5",30,0.3406475446065229,30,30,0.0,,,,,,,False
2026-08-30T05:51:15.330950+00:00,vertebra_column,f1,attention,k=5,30,0.3406475446065229,shepard,"k=5,z=0.9237980654944229",30,0.3396805437711011,30,30,0.0009670008354218903,0.0,0.31731050786291415,1.0,0.4803844614152614,0.6345580711906083,1.0,False
2026-08-30T05:51:15.355871+00:00,vertebra_column,f1,attention,k=5,30,0.3406475446065229,sigmoidal,"alpha=2.5239432964933735,c=1.7878968798670738,k=5",30,0.3406475446065229,30,30,0.0,,,,,,,False
2026-08-30T05:51:15.378817+00:00,vertebra_column,f1,attention,k=5,30,0.3406475446065229,softmax_radial,"beta=0.17954852306126248,k=5",30,0.3406475446065229,30,30,0.0,,,,,,,False
2026-08-30T05:51:15.403280+00:00,vertebra_column,f1,attention,k=5,30,0.3406475446065229,student_t,"k=5,nu=0.005695262671673525",30,0.3396805437711011,30,30,0.0009670008354218903,0.0,0.31731050786291415,1.0,0.4803844614152614,0.6345580711906083,1.0,False
2026-08-30T05:51:15.428450+00:00,vertebra_column,f1,attention,k=5,30,0.3406475446065229,wendland_c2,"h=2.4749529788842355,k=5",30,0.3392903321308894,30,30,0.0013572124756335263,3.0,1.0,0.0,0.25942293869979094,0.7971417278838373,1.0,False
2026-08-30T05:51:15.454723+00:00,vertebra_column,f1,cauchy,"epsilon=0.17954852306126248,k=5",30,0.3406475446065229,cosine,"h=2.4749529788842355,k=5",30,0.3419636821726605,30,30,-0.001316137566137567,0.0,0.10880943004054569,0.9258200997725514,-0.8353086264634602,0.4103732498686037,1.0,False
2026-08-30T05:51:15.480004+00:00,vertebra_column,f1,cauchy,"epsilon=0.17954852306126248,k=5",30,0.3406475446065229,cubic_spline,"h=2.4749529788842355,k=5",30,0.3392903321308894,30,30,0.0013572124756335263,3.0,1.0,0.0,0.25942293869979094,0.7971417278838373,1.0,False
2026-08-30T05:51:15.503944+00:00,vertebra_column,f1,cauchy,"epsilon=0.17954852306126248,k=5",30,0.3406475446065229,entropic,"beta=0.17954852306126248,k=5",30,0.3406475446065229,30,30,0.0,,,,,,,False
2026-08-30T05:51:15.529058+00:00,vertebra_column,f1,cauchy,"epsilon=0.17954852306126248,k=5",30,0.3406475446065229,gen_exponential,"epsilon=1.5293952761249943,k=5,p=2.717195839822765",30,0.337419580906423,30,30,0.0032279637000999237,4.0,0.7150006546880893,0.18257418583505527,0.39121530638766977,0.6984977597001403,1.0,False
2026-08-30T05:51:15.553111+00:00,vertebra_column,f1,cauchy,"epsilon=0.17954852306126248,k=5",30,0.3406475446065229,harmonic,k=5,30,0.3406475446065229,30,30,0.0,,,,,,,False
2026-08-30T05:51:15.579397+00:00,vertebra_column,f1,cauchy,"epsilon=0.17954852306126248,k=5",30,0.3406475446065229,inverse_multiquadratic,"c=0.016470428664554334,k=5",30,0.3396805437711011,30,30,0.0009670008354218903,0.0,0.31731050786291415,1.0,0.4803844614152614,0.6345580711906083,1.0,False
2026-08-30T05:51:15.605951+00:00,vertebra_column,f1,cauchy,"epsilon=0.17954852306126248,k=5",30,0.3406475446065229,laplacian,"epsilon=0.17954852306126248,k=5",30,0.3406475446065229,30,30,0.0,,,,,,,False
2026-08-30T05:51:15.629077+00:00,vertebra_column,f1,cauchy,"epsilon=0.17954852306126248,k=5",30,0.3406475446065229,logarithmic,"c=0.07546696410796928,k=5",30,0.3406475446065229,30,30,0.0,,,,,,,False
2026-08-30T05:51:15.654512+00:00,vertebra_column,f1,cauchy,"epsilon=0.17954852306126248,k=5",30,0.3406475446065229,lorentzian,k=5,30,0.33827181361237085,30,30,0.0023757309941520467,0.0,0.31731050786291415,1.0,0.4803844614152615,0.6345580711906083,1.0,False
2026-08-30T05:51:15.680596+00:00,vertebra_column,f1,cauchy,"epsilon=0.17954852306126248,k=5",30,0.3406475446065229,multiquadratic,"c=3.446939870888028,k=4",30,0.3294064026358919,30,30,0.011241141970631145,99.0,0.23552288967685775,0.24735059137329743,0.640442535676729,0.5269134356012088,1.0,False
2026-08-30T05:51:15.706315+00:00,vertebra_column,f1,cauchy,"epsilon=0.17954852306126248,k=5",30,0.3406475446065229,quartic_spline,"h=2.4749529788842355,k=5",30,0.33816460113673735,30,30,0.002482943469785577,1.0,0.28504940740261275,0.6172133998483675,0.4796395966613288,0.6350813345430408,1.0,False
2026-08-30T05:51:15.733042+00:00,vertebra_column,f1,cauchy,"epsilon=0.17954852306126248,k=5",30,0.3406475446065229,radial,"k=5,z=0.01795485230612625",30,0.3522638791233993,30,30,-0.011616334516876308,144.0,0.11199148595825234,0.2951265825231675,-0.6777530430681818,0.5033002567234917,1.0,False
2026-08-30T05:51:15.756430+00:00,vertebra_column,f1,cauchy,"epsilon=0.17954852306126248,k=5",30,0.3406475446065229,rational_quadratic,"alpha=1.1583176596280784,k=5,l=0.9454957214747121",30,0.3406475446065229,30,30,0.0,,,,,,,False
2026-08-30T05:51:15.781097+00:00,vertebra_column,f1,cauchy,"epsilon=0.17954852306126248,k=5",30,0.3406475446065229,rbf_gaussian,"epsilon=0.17954852306126248,k=5",30,0.3406475446065229,30,30,0.0,,,,,,,False
2026-08-30T05:51:15.809399+00:00,vertebra_column,f1,cauchy,"epsilon=0.17954852306126248,k=5",30,0.3406475446065229,shepard,"k=5,z=0.9237980654944229",30,0.3396805437711011,30,30,0.0009670008354218903,0.0,0.31731050786291415,1.0,0.4803844614152614,0.6345580711906083,1.0,False
2026-08-30T05:51:15.834179+00:00,vertebra_column,f1,cauchy,"epsilon=0.17954852306126248,k=5",30,0.3406475446065229,sigmoidal,"alpha=2.5239432964933735,c=1.7878968798670738,k=5",30,0.3406475446065229,30,30,0.0,,,,,,,False
2026-08-30T05:51:15.858598+00:00,vertebra_column,f1,cauchy,"epsilon=0.17954852306126248,k=5",30,0.3406475446065229,softmax_radial,"beta=0.17954852306126248,k=5",30,0.3406475446065229,30,30,0.0,,,,,,,False
2026-08-30T05:51:15.884721+00:00,vertebra_column,f1,cauchy,"epsilon=0.17954852306126248,k=5",30,0.3406475446065229,student_t,"k=5,nu=0.005695262671673525",30,0.3396805437711011,30,30,0.0009670008354218903,0.0,0.31731050786291415,1.0,0.4803844614152614,0.6345580711906083,1.0,False
2026-08-30T05:51:15.909725+00:00,vertebra_column,f1,cauchy,"epsilon=0.17954852306126248,k=5",30,0.3406475446065229,wendland_c2,"h=2.4749529788842355,k=5",30,0.3392903321308894,30,30,0.0013572124756335263,3.0,1.0,0.0,0.25942293869979094,0.7971417278838373,1.0,False
2026-08-30T05:51:15.934880+00:00,vertebra_column,f1,cosine,"h=2.4749529788842355,k=5",30,0.3419636821726605,cubic_spline,"h=2.4749529788842355,k=5",30,0.3392903321308894,30,30,0.002673350041771093,0.0,0.31731050786291415,1.0,0.4803844614152613,0.6345580711906083,1.0,False
2026-08-30T05:51:15.959373+00:00,vertebra_column,f1,cosine,"h=2.4749529788842355,k=5",30,0.3419636821726605,entropic,"beta=0.17954852306126248,k=5",30,0.3406475446065229,30,30,0.001316137566137567,0.0,0.10880943004054569,0.9258200997725514,0.8353086264634602,0.4103732498686037,1.0,False
2026-08-30T05:51:15.984367+00:00,vertebra_column,f1,cosine,"h=2.4749529788842355,k=5",30,0.3419636821726605,gen_exponential,"epsilon=1.5293952761249943,k=5,p=2.717195839822765",30,0.337419580906423,30,30,0.00454410126623749,2.0,0.27332167829229814,0.5477225575051663,0.538610444989335,0.5942663683602452,1.0,False
2026-08-30T05:51:16.009038+00:00,vertebra_column,f1,cosine,"h=2.4749529788842355,k=5",30,0.3419636821726605,harmonic,k=5,30,0.3406475446065229,30,30,0.001316137566137567,0.0,0.10880943004054569,0.9258200997725514,0.8353086264634602,0.4103732498686037,1.0,False
2026-08-30T05:51:16.034120+00:00,vertebra_column,f1,cosine,"h=2.4749529788842355,k=5",30,0.3419636821726605,inverse_multiquadratic,"c=0.016470428664554334,k=5",30,0.3396805437711011,30,30,0.0022831384015594572,0.0,0.10880943004054569,0.9258200997725514,0.6893076233748274,0.4961085209494871,1.0,False
2026-08-30T05:51:16.058871+00:00,vertebra_column,f1,cosine,"h=2.4749529788842355,k=5",30,0.3419636821726605,laplacian,"epsilon=0.17954852306126248,k=5",30,0.3406475446065229,30,30,0.001316137566137567,0.0,0.10880943004054569,0.9258200997725514,0.8353086264634602,0.4103732498686037,1.0,False
2026-08-30T05:51:16.084248+00:00,vertebra_column,f1,cosine,"h=2.4749529788842355,k=5",30,0.3419636821726605,logarithmic,"c=0.07546696410796928,k=5",30,0.3406475446065229,30,30,0.001316137566137567,0.0,0.10880943004054569,0.9258200997725514,0.8353086264634602,0.4103732498686037,1.0,False
2026-08-30T05:51:16.110471+00:00,vertebra_column,f1,cosine,"h=2.4749529788842355,k=5",30,0.3419636821726605,lorentzian,k=5,30,0.33827181361237085,30,30,0.003691868560289614,0.0,0.10880943004054569,0.9258200997725514,0.6491453083528275,0.52135282093364,1.0,False
2026-08-30T05:51:16.135872+00:00,vertebra_column,f1,cosine,"h=2.4749529788842355,k=5",30,0.3419636821726605,multiquadratic,"c=3.446939870888028,k=4",30,0.3294064026358919,30,30,0.012557279536768714,94.0,0.18078715212835572,0.27906220565192535,0.7248134502107133,0.47437450071245024,1.0,False
2026-08-30T05:51:16.161013+00:00,vertebra_column,f1,cosine,"h=2.4749529788842355,k=5",30,0.3419636821726605,quartic_spline,"h=2.4749529788842355,k=5",30,0.33816460113673735,30,30,0.0037990810359231435,0.0,0.17971249487899976,0.9486832980505135,0.6370711961293308,0.5290760774199175,1.0,False
2026-08-30T05:51:16.186338+00:00,vertebra_column,f1,cosine,"h=2.4749529788842355,k=5",30,0.3419636821726605,radial,"k=5,z=0.01795485230612625",30,0.3522638791233993,30,30,-0.010300196950738742,152.0,0.15668192940348688,0.2630039612961561,-0.6014228391077191,0.552231204240528,1.0,False
2026-08-30T05:51:16.212566+00:00,vertebra_column,f1,cosine,"h=2.4749529788842355,k=5",30,0.3419636821726605,rational_quadratic,"alpha=1.1583176596280784,k=5,l=0.9454957214747121",30,0.3406475446065229,30,30,0.001316137566137567,0.0,0.10880943004054569,0.9258200997725514,0.8353086264634602,0.4103732498686037,1.0,False
2026-08-30T05:51:16.237700+00:00,vertebra_column,f1,cosine,"h=2.4749529788842355,k=5",30,0.3419636821726605,rbf_gaussian,"epsilon=0.17954852306126248,k=5",30,0.3406475446065229,30,30,0.001316137566137567,0.0,0.10880943004054569,0.9258200997725514,0.8353086264634602,0.4103732498686037,1.0,False
2026-08-30T05:51:16.262696+00:00,vertebra_column,f1,cosine,"h=2.4749529788842355,k=5",30,0.3419636821726605,shepard,"k=5,z=0.9237980654944229",30,0.3396805437711011,30,30,0.0022831384015594572,0.0,0.10880943004054569,0.9258200997725514,0.6893076233748274,0.4961085209494871,1.0,False
2026-08-30T05:51:16.288102+00:00,vertebra_column,f1,cosine,"h=2.4749529788842355,k=5",30,0.3419636821726605,sigmoidal,"alpha=2.5239432964933735,c=1.7878968798670738,k=5",30,0.3406475446065229,30,30,0.001316137566137567,0.0,0.10880943004054569,0.9258200997725514,0.8353086264634602,0.4103732498686037,1.0,False
2026-08-30T05:51:16.312978+00:00,vertebra_column,f1,cosine,"h=2.4749529788842355,k=5",30,0.3419636821726605,softmax_radial,"beta=0.17954852306126248,k=5",30,0.3406475446065229,30,30,0.001316137566137567,0.0,0.10880943004054569,0.9258200997725514,0.8353086264634602,0.4103732498686037,1.0,False
2026-08-30T05:51:16.337915+00:00,vertebra_column,f1,cosine,"h=2.4749529788842355,k=5",30,0.3419636821726605,student_t,"k=5,nu=0.005695262671673525",30,0.3396805437711011,30,30,0.0022831384015594572,0.0,0.10880943004054569,0.9258200997725514,0.6893076233748274,0.4961085209494871,1.0,False
2026-08-30T05:51:16.363699+00:00,vertebra_column,f1,cosine,"h=2.4749529788842355,k=5",30,0.3419636821726605,wendland_c2,"h=2.4749529788842355,k=5",30,0.3392903321308894,30,30,0.002673350041771093,0.0,0.31731050786291415,1.0,0.4803844614152613,0.6345580711906083,1.0,False
2026-08-30T05:51:16.388663+00:00,vertebra_column,f1,cubic_spline,"h=2.4749529788842355,k=5",30,0.3392903321308894,entropic,"beta=0.17954852306126248,k=5",30,0.3406475446065229,30,30,-0.0013572124756335263,3.0,1.0,0.0,-0.25942293869979094,0.7971417278838373,1.0,False
2026-08-30T05:51:16.414000+00:00,vertebra_column,f1,cubic_spline,"h=2.4749529788842355,k=5",30,0.3392903321308894,gen_exponential,"epsilon=1.5293952761249943,k=5,p=2.717195839822765",30,0.337419580906423,30,30,0.0018707512244663974,4.0,0.7150006546880893,0.18257418583505527,0.26804062916180554,0.7905654397767079,1.0,False
2026-08-30T05:51:16.438649+00:00,vertebra_column,f1,cubic_spline,"h=2.4749529788842355,k=5",30,0.3392903321308894,harmonic,k=5,30,0.3406475446065229,30,30,-0.0013572124756335263,3.0,1.0,0.0,-0.25942293869979094,0.7971417278838373,1.0,False
2026-08-30T05:51:16.463911+00:00,vertebra_column,f1,cubic_spline,"h=2.4749529788842355,k=5",30,0.3392903321308894,inverse_multiquadratic,"c=0.016470428664554334,k=5",30,0.3396805437711011,30,30,-0.00039021164021163605,3.0,1.0,0.0,-0.06447267991534267,0.9490362401072632,1.0,False
2026-08-30T05:51:16.489368+00:00,vertebra_column,f1,cubic_spline,"h=2.4749529788842355,k=5",30,0.3392903321308894,laplacian,"epsilon=0.17954852306126248,k=5",30,0.3406475446065229,30,30,-0.0013572124756335263,3.0,1.0,0.0,-0.25942293869979094,0.7971417278838373,1.0,False
2026-08-30T05:51:16.515281+00:00,vertebra_column,f1,cubic_spline,"h=2.4749529788842355,k=5",30,0.3392903321308894,logarithmic,"c=0.07546696410796928,k=5",30,0.3406475446065229,30,30,-0.0013572124756335263,3.0,1.0,0.0,-0.25942293869979094,0.7971417278838373,1.0,False
2026-08-30T05:51:16.540095+00:00,vertebra_column,f1,cubic_spline,"h=2.4749529788842355,k=5",30,0.3392903321308894,lorentzian,k=5,30,0.33827181361237085,30,30,0.0010185185185185204,0.0,0.17971249487899976,0.9486832980505135,0.688350455213084,0.49670207682421363,1.0,False
2026-08-30T05:51:16.565211+00:00,vertebra_column,f1,cubic_spline,"h=2.4749529788842355,k=5",30,0.3392903321308894,multiquadratic,"c=3.446939870888028,k=4",30,0.3294064026358919,30,30,0.009883929494997619,98.0,0.22373037803399798,0.25369291422902296,0.499350981562161,0.621299532549739,1.0,False
2026-08-30T05:51:16.590174+00:00,vertebra_column,f1,cubic_spline,"h=2.4749529788842355,k=5",30,0.3392903321308894,quartic_spline,"h=2.4749529788842355,k=5",30,0.33816460113673735,30,30,0.0011257309941520503,0.0,0.31731050786291415,1.0,0.48038446141526137,0.6345580711906083,1.0,False
2026-08-30T05:51:16.615054+00:00,vertebra_column,f1,cubic_spline,"h=2.4749529788842355,k=5",30,0.3392903321308894,radial,"k=5,z=0.01795485230612625",30,0.3522638791233993,30,30,-0.012973546992509835,148.0,0.13288740647153138,0.2790652719096619,-0.6879933133638967,0.49692364843616255,1.0,False
2026-08-30T05:51:16.645064+00:00,vertebra_column,f1,cubic_spline,"h=2.4749529788842355,k=5",30,0.3392903321308894,rational_quadratic,"alpha=1.1583176596280784,k=5,l=0.9454957214747121",30,0.3406475446065229,30,30,-0.0013572124756335263,3.0,1.0,0.0,-0.25942293869979094,0.7971417278838373,1.0,False
2026-08-30T05:51:16.673279+00:00,vertebra_column,f1,cubic_spline,"h=2.4749529788842355,k=5",30,0.3392903321308894,rbf_gaussian,"epsilon=0.17954852306126248,k=5",30,0.3406475446065229,30,30,-0.0013572124756335263,3.0,1.0,0.0,-0.25942293869979094,0.7971417278838373,1.0,False
2026-08-30T05:51:16.698291+00:00,vertebra_column,f1,cubic_spline,"h=2.4749529788842355,k=5",30,0.3392903321308894,shepard,"k=5,z=0.9237980654944229",30,0.3396805437711011,30,30,-0.00039021164021163605,3.0,1.0,0.0,-0.06447267991534267,0.9490362401072632,1.0,False
2026-08-30T05:51:16.722926+00:00,vertebra_column,f1,cubic_spline,"h=2.4749529788842355,k=5",30,0.3392903321308894,sigmoidal,"alpha=2.5239432964933735,c=1.7878968798670738,k=5",30,0.3406475446065229,30,30,-0.0013572124756335263,3.0,1.0,0.0,-0.25942293869979094,0.7971417278838373,1.0,False
2026-08-30T05:51:16.747855+00:00,vertebra_column,f1,cubic_spline,"h=2.4749529788842355,k=5",30,0.3392903321308894,softmax_radial,"beta=0.17954852306126248,k=5",30,0.3406475446065229,30,30,-0.0013572124756335263,3.0,1.0,0.0,-0.25942293869979094,0.7971417278838373,1.0,False
2026-08-30T05:51:16.773312+00:00,vertebra_column,f1,cubic_spline,"h=2.4749529788842355,k=5",30,0.3392903321308894,student_t,"k=5,nu=0.005695262671673525",30,0.3396805437711011,30,30,-0.00039021164021163605,3.0,1.0,0.0,-0.06447267991534267,0.9490362401072632,1.0,False
2026-08-30T05:51:16.798367+00:00,vertebra_column,f1,cubic_spline,"h=2.4749529788842355,k=5",30,0.3392903321308894,wendland_c2,"h=2.4749529788842355,k=5",30,0.3392903321308894,30,30,0.0,,,,,,,False
2026-08-30T05:51:16.823355+00:00,vertebra_column,f1,entropic,"beta=0.17954852306126248,k=5",30,0.3406475446065229,gen_exponential,"epsilon=1.5293952761249943,k=5,p=2.717195839822765",30,0.337419580906423,30,30,0.0032279637000999237,4.0,0.7150006546880893,0.18257418583505527,0.39121530638766977,0.6984977597001403,1.0,False
2026-08-30T05:51:16.846243+00:00,vertebra_column,f1,entropic,"beta=0.17954852306126248,k=5",30,0.3406475446065229,harmonic,k=5,30,0.3406475446065229,30,30,0.0,,,,,,,False
2026-08-30T05:51:16.871350+00:00,vertebra_column,f1,entropic,"beta=0.17954852306126248,k=5",30,0.3406475446065229,inverse_multiquadratic,"c=0.016470428664554334,k=5",30,0.3396805437711011,30,30,0.0009670008354218903,0.0,0.31731050786291415,1.0,0.4803844614152614,0.6345580711906083,1.0,False
2026-08-30T05:51:16.895062+00:00,vertebra_column,f1,entropic,"beta=0.17954852306126248,k=5",30,0.3406475446065229,laplacian,"epsilon=0.17954852306126248,k=5",30,0.3406475446065229,30,30,0.0,,,,,,,False
2026-08-30T05:51:16.919823+00:00,vertebra_column,f1,entropic,"beta=0.17954852306126248,k=5",30,0.3406475446065229,logarithmic,"c=0.07546696410796928,k=5",30,0.3406475446065229,30,30,0.0,,,,,,,False
2026-08-30T05:51:16.944748+00:00,vertebra_column,f1,entropic,"beta=0.17954852306126248,k=5",30,0.3406475446065229,lorentzian,k=5,30,0.33827181361237085,30,30,0.0023757309941520467,0.0,0.31731050786291415,1.0,0.4803844614152615,0.6345580711906083,1.0,False
2026-08-30T05:51:16.971500+00:00,vertebra_column,f1,entropic,"beta=0.17954852306126248,k=5",30,0.3406475446065229,multiquadratic,"c=3.446939870888028,k=4",30,0.3294064026358919,30,30,0.011241141970631145,99.0,0.23552288967685775,0.24735059137329743,0.640442535676729,0.5269134356012088,1.0,False
2026-08-30T05:51:16.996021+00:00,vertebra_column,f1,entropic,"beta=0.17954852306126248,k=5",30,0.3406475446065229,quartic_spline,"h=2.4749529788842355,k=5",30,0.33816460113673735,30,30,0.002482943469785577,1.0,0.28504940740261275,0.6172133998483675,0.4796395966613288,0.6350813345430408,1.0,False
2026-08-30T05:51:17.021744+00:00,vertebra_column,f1,entropic,"beta=0.17954852306126248,k=5",30,0.3406475446065229,radial,"k=5,z=0.01795485230612625",30,0.3522638791233993,30,30,-0.011616334516876308,144.0,0.11199148595825234,0.2951265825231675,-0.6777530430681818,0.5033002567234917,1.0,False
2026-08-30T05:51:17.045626+00:00,vertebra_column,f1,entropic,"beta=0.17954852306126248,k=5",30,0.3406475446065229,rational_quadratic,"alpha=1.1583176596280784,k=5,l=0.9454957214747121",30,0.3406475446065229,30,30,0.0,,,,,,,False
2026-08-30T05:51:17.069605+00:00,vertebra_column,f1,entropic,"beta=0.17954852306126248,k=5",30,0.3406475446065229,rbf_gaussian,"epsilon=0.17954852306126248,k=5",30,0.3406475446065229,30,30,0.0,,,,,,,False
2026-08-30T05:51:17.095243+00:00,vertebra_column,f1,entropic,"beta=0.17954852306126248,k=5",30,0.3406475446065229,shepard,"k=5,z=0.9237980654944229",30,0.3396805437711011,30,30,0.0009670008354218903,0.0,0.31731050786291415,1.0,0.4803844614152614,0.6345580711906083,1.0,False
2026-08-30T05:51:17.120022+00:00,vertebra_column,f1,entropic,"beta=0.17954852306126248,k=5",30,0.3406475446065229,sigmoidal,"alpha=2.5239432964933735,c=1.7878968798670738,k=5",30,0.3406475446065229,30,30,0.0,,,,,,,False
2026-08-30T05:51:17.144058+00:00,vertebra_column,f1,entropic,"beta=0.17954852306126248,k=5",30,0.3406475446065229,softmax_radial,"beta=0.17954852306126248,k=5",30,0.3406475446065229,30,30,0.0,,,,,,,False
2026-08-30T05:51:17.169134+00:00,vertebra_column,f1,entropic,"beta=0.17954852306126248,k=5",30,0.3406475446065229,student_t,"k=5,nu=0.005695262671673525",30,0.3396805437711011,30,30,0.0009670008354218903,0.0,0.31731050786291415,1.0,0.4803844614152614,0.6345580711906083,1.0,False
2026-08-30T05:51:17.195804+00:00,vertebra_column,f1,entropic,"beta=0.17954852306126248,k=5",30,0.3406475446065229,wendland_c2,"h=2.4749529788842355,k=5",30,0.3392903321308894,30,30,0.0013572124756335263,3.0,1.0,0.0,0.25942293869979094,0.7971417278838373,1.0,False
2026-08-30T05:51:17.221138+00:00,vertebra_column,f1,gen_exponential,"epsilon=1.5293952761249943,k=5,p=2.717195839822765",30,0.337419580906423,harmonic,k=5,30,0.3406475446065229,30,30,-0.0032279637000999237,4.0,0.7150006546880893,0.18257418583505527,-0.39121530638766977,0.6984977597001403,1.0,False
2026-08-30T05:51:17.245897+00:00,vertebra_column,f1,gen_exponential,"epsilon=1.5293952761249943,k=5,p=2.717195839822765",30,0.337419580906423,inverse_multiquadratic,"c=0.016470428664554334,k=5",30,0.3396805437711011,30,30,-0.0022609628646780336,4.0,0.7150006546880893,0.18257418583505527,-0.23454008876265225,0.8162138007383359,1.0,False
2026-08-30T05:51:17.271247+00:00,vertebra_column,f1,gen_exponential,"epsilon=1.5293952761249943,k=5,p=2.717195839822765",30,0.337419580906423,laplacian,"epsilon=0.17954852306126248,k=5",30,0.3406475446065229,30,30,-0.0032279637000999237,4.0,0.7150006546880893,0.18257418583505527,-0.39121530638766977,0.6984977597001403,1.0,False
2026-08-30T05:51:17.295954+00:00,vertebra_column,f1,gen_exponential,"epsilon=1.5293952761249943,k=5,p=2.717195839822765",30,0.337419580906423,logarithmic,"c=0.07546696410796928,k=5",30,0.3406475446065229,30,30,-0.0032279637000999237,4.0,0.7150006546880893,0.18257418583505527,-0.39121530638766977,0.6984977597001403,1.0,False
2026-08-30T05:51:17.321440+00:00,vertebra_column,f1,gen_exponential,"epsilon=1.5293952761249943,k=5,p=2.717195839822765",30,0.337419580906423,lorentzian,k=5,30,0.33827181361237085,30,30,-0.000852232705947877,5.0,1.0,0.0,-0.11997776330055855,0.9053281145479906,1.0,False
2026-08-30T05:51:17.346962+00:00,vertebra_column,f1,gen_exponential,"epsilon=1.5293952761249943,k=5,p=2.717195839822765",30,0.337419580906423,multiquadratic,"c=3.446939870888028,k=4",30,0.3294064026358919,30,30,0.008013178270531222,103.0,0.28706380879099946,0.22198129995039514,0.44379504614918813,0.660484540436761,1.0,False
2026-08-30T05:51:17.373666+00:00,vertebra_column,f1,gen_exponential,"epsilon=1.5293952761249943,k=5,p=2.717195839822765",30,0.337419580906423,quartic_spline,"h=2.4749529788842355,k=5",30,0.33816460113673735,30,30,-0.0007450202303143471,5.0,1.0,0.0,-0.08758934108431093,0.9308051082344495,1.0,False
2026-08-30T05:51:17.399169+00:00,vertebra_column,f1,gen_exponential,"epsilon=1.5293952761249943,k=5,p=2.717195839822765",30,0.337419580906423,radial,"k=5,z=0.01795485230612625",30,0.3522638791233993,30,30,-0.014844298216976233,139.0,0.08961703998973654,0.31520322079004975,-0.7334061987541606,0.4691985102258711,1.0,False
2026-08-30T05:51:17.424261+00:00,vertebra_column,f1,gen_exponential,"epsilon=1.5293952761249943,k=5,p=2.717195839822765",30,0.337419580906423,rational_quadratic,"alpha=1.1583176596280784,k=5,l=0.9454957214747121",30,0.3406475446065229,30,30,-0.0032279637000999237,4.0,0.7150006546880893,0.18257418583505527,-0.39121530638766977,0.6984977597001403,1.0,False
2026-08-30T05:51:17.449666+00:00,vertebra_column,f1,gen_exponential,"epsilon=1.5293952761249943,k=5,p=2.717195839822765",30,0.337419580906423,rbf_gaussian,"epsilon=0.17954852306126248,k=5",30,0.3406475446065229,30,30,-0.0032279637000999237,4.0,0.7150006546880893,0.18257418583505527,-0.39121530638766977,0.6984977597001403,1.0,False
2026-08-30T05:51:17.474662+00:00,vertebra_column,f1,gen_exponential,"epsilon=1.5293952761249943,k=5,p=2.717195839822765",30,0.337419580906423,shepard,"k=5,z=0.9237980654944229",30,0.3396805437711011,30,30,-0.0022609628646780336,4.0,0.7150006546880893,0.18257418583505527,-0.23454008876265225,0.8162138007383359,1.0,False
2026-08-30T05:51:17.499668+00:00,vertebra_column,f1,gen_exponential,"epsilon=1.5293952761249943,k=5,p=2.717195839822765",30,0.337419580906423,sigmoidal,"alpha=2.5239432964933735,c=1.7878968798670738,k=5",30,0.3406475446065229,30,30,-0.0032279637000999237,4.0,0.7150006546880893,0.18257418583505527,-0.39121530638766977,0.6984977597001403,1.0,False
2026-08-30T05:51:17.524911+00:00,vertebra_column,f1,gen_exponential,"epsilon=1.5293952761249943,k=5,p=2.717195839822765",30,0.337419580906423,softmax_radial,"beta=0.17954852306126248,k=5",30,0.3406475446065229,30,30,-0.0032279637000999237,4.0,0.7150006546880893,0.18257418583505527,-0.39121530638766977,0.6984977597001403,1.0,False
2026-08-30T05:51:17.550141+00:00,vertebra_column,f1,gen_exponential,"epsilon=1.5293952761249943,k=5,p=2.717195839822765",30,0.337419580906423,student_t,"k=5,nu=0.005695262671673525",30,0.3396805437711011,30,30,-0.0022609628646780336,4.0,0.7150006546880893,0.18257418583505527,-0.23454008876265225,0.8162138007383359,1.0,False
2026-08-30T05:51:17.575085+00:00,vertebra_column,f1,gen_exponential,"epsilon=1.5293952761249943,k=5,p=2.717195839822765",30,0.337419580906423,wendland_c2,"h=2.4749529788842355,k=5",30,0.3392903321308894,30,30,-0.0018707512244663974,4.0,0.7150006546880893,0.18257418583505527,-0.26804062916180554,0.7905654397767079,1.0,False
2026-08-30T05:51:17.600047+00:00,vertebra_column,f1,harmonic,k=5,30,0.3406475446065229,inverse_multiquadratic,"c=0.016470428664554334,k=5",30,0.3396805437711011,30,30,0.0009670008354218903,0.0,0.31731050786291415,1.0,0.4803844614152614,0.6345580711906083,1.0,False
2026-08-30T05:51:17.623030+00:00,vertebra_column,f1,harmonic,k=5,30,0.3406475446065229,laplacian,"epsilon=0.17954852306126248,k=5",30,0.3406475446065229,30,30,0.0,,,,,,,False
2026-08-30T05:51:17.648393+00:00,vertebra_column,f1,harmonic,k=5,30,0.3406475446065229,logarithmic,"c=0.07546696410796928,k=5",30,0.3406475446065229,30,30,0.0,,,,,,,False
2026-08-30T05:51:17.673988+00:00,vertebra_column,f1,harmonic,k=5,30,0.3406475446065229,lorentzian,k=5,30,0.33827181361237085,30,30,0.0023757309941520467,0.0,0.31731050786291415,1.0,0.4803844614152615,0.6345580711906083,1.0,False
2026-08-30T05:51:17.708088+00:00,vertebra_column,f1,harmonic,k=5,30,0.3406475446065229,multiquadratic,"c=3.446939870888028,k=4",30,0.3294064026358919,30,30,0.011241141970631145,99.0,0.23552288967685775,0.24735059137329743,0.640442535676729,0.5269134356012088,1.0,False
2026-08-30T05:51:17.733240+00:00,vertebra_column,f1,harmonic,k=5,30,0.3406475446065229,quartic_spline,"h=2.4749529788842355,k=5",30,0.33816460113673735,30,30,0.002482943469785577,1.0,0.28504940740261275,0.6172133998483675,0.4796395966613288,0.6350813345430408,1.0,False
2026-08-30T05:51:17.759551+00:00,vertebra_column,f1,harmonic,k=5,30,0.3406475446065229,radial,"k=5,z=0.01795485230612625",30,0.3522638791233993,30,30,-0.011616334516876308,144.0,0.11199148595825234,0.2951265825231675,-0.6777530430681818,0.5033002567234917,1.0,False
2026-08-30T05:51:17.783178+00:00,vertebra_column,f1,harmonic,k=5,30,0.3406475446065229,rational_quadratic,"alpha=1.1583176596280784,k=5,l=0.9454957214747121",30,0.3406475446065229,30,30,0.0,,,,,,,False
2026-08-30T05:51:17.807250+00:00,vertebra_column,f1,harmonic,k=5,30,0.3406475446065229,rbf_gaussian,"epsilon=0.17954852306126248,k=5",30,0.3406475446065229,30,30,0.0,,,,,,,False
2026-08-30T05:51:17.832042+00:00,vertebra_column,f1,harmonic,k=5,30,0.3406475446065229,shepard,"k=5,z=0.9237980654944229",30,0.3396805437711011,30,30,0.0009670008354218903,0.0,0.31731050786291415,1.0,0.4803844614152614,0.6345580711906083,1.0,False
2026-08-30T05:51:17.855759+00:00,vertebra_column,f1,harmonic,k=5,30,0.3406475446065229,sigmoidal,"alpha=2.5239432964933735,c=1.7878968798670738,k=5",30,0.3406475446065229,30,30,0.0,,,,,,,False
2026-08-30T05:51:17.878655+00:00,vertebra_column,f1,harmonic,k=5,30,0.3406475446065229,softmax_radial,"beta=0.17954852306126248,k=5",30,0.3406475446065229,30,30,0.0,,,,,,,False
2026-08-30T05:51:17.904033+00:00,vertebra_column,f1,harmonic,k=5,30,0.3406475446065229,student_t,"k=5,nu=0.005695262671673525",30,0.3396805437711011,30,30,0.0009670008354218903,0.0,0.31731050786291415,1.0,0.4803844614152614,0.6345580711906083,1.0,False
2026-08-30T05:51:17.929107+00:00,vertebra_column,f1,harmonic,k=5,30,0.3406475446065229,wendland_c2,"h=2.4749529788842355,k=5",30,0.3392903321308894,30,30,0.0013572124756335263,3.0,1.0,0.0,0.25942293869979094,0.7971417278838373,1.0,False
2026-08-30T05:51:17.954708+00:00,vertebra_column,f1,inverse_multiquadratic,"c=0.016470428664554334,k=5",30,0.3396805437711011,laplacian,"epsilon=0.17954852306126248,k=5",30,0.3406475446065229,30,30,-0.0009670008354218903,0.0,0.31731050786291415,1.0,-0.4803844614152614,0.6345580711906083,1.0,False
2026-08-30T05:51:17.981025+00:00,vertebra_column,f1,inverse_multiquadratic,"c=0.016470428664554334,k=5",30,0.3396805437711011,logarithmic,"c=0.07546696410796928,k=5",30,0.3406475446065229,30,30,-0.0009670008354218903,0.0,0.31731050786291415,1.0,-0.4803844614152614,0.6345580711906083,1.0,False
2026-08-30T05:51:18.005881+00:00,vertebra_column,f1,inverse_multiquadratic,"c=0.016470428664554334,k=5",30,0.3396805437711011,lorentzian,k=5,30,0.33827181361237085,30,30,0.0014087301587301566,1.0,0.6547208460185769,0.316227766016838,0.26071339173256786,0.7961559854473035,1.0,False
2026-08-30T05:51:18.031472+00:00,vertebra_column,f1,inverse_multiquadratic,"c=0.016470428664554334,k=5",30,0.3396805437711011,multiquadratic,"c=3.446939870888028,k=4",30,0.3294064026358919,30,30,0.010274141135209254,102.0,0.27351592335313,0.2283236228061207,0.5630150646705396,0.5777519798064512,1.0,False
2026-08-30T05:51:18.056692+00:00,vertebra_column,f1,inverse_multiquadratic,"c=0.016470428664554334,k=5",30,0.3396805437711011,quartic_spline,"h=2.4749529788842355,k=5",30,0.33816460113673735,30,30,0.0015159426343636863,3.0,1.0,0.0,0.29379368351351537,0.7710080250658733,1.0,False
2026-08-30T05:51:18.082063+00:00,vertebra_column,f1,inverse_multiquadratic,"c=0.016470428664554334,k=5",30,0.3396805437711011,radial,"k=5,z=0.01795485230612625",30,0.3522638791233993,30,30,-0.012583335352298199,127.0,0.08351810256109068,0.32705798369847944,-0.7439729350084656,0.46287874504061155,1.0,False
2026-08-30T05:51:18.107843+00:00,vertebra_column,f1,inverse_multiquadratic,"c=0.016470428664554334,k=5",30,0.3396805437711011,rational_quadratic,"alpha=1.1583176596280784,k=5,l=0.9454957214747121",30,0.3406475446065229,30,30,-0.0009670008354218903,0.0,0.31731050786291415,1.0,-0.4803844614152614,0.6345580711906083,1.0,False
2026-08-30T05:51:18.134020+00:00,vertebra_column,f1,inverse_multiquadratic,"c=0.016470428664554334,k=5",30,0.3396805437711011,rbf_gaussian,"epsilon=0.17954852306126248,k=5",30,0.3406475446065229,30,30,-0.0009670008354218903,0.0,0.31731050786291415,1.0,-0.4803844614152614,0.6345580711906083,1.0,False
2026-08-30T05:51:18.157899+00:00,vertebra_column,f1,inverse_multiquadratic,"c=0.016470428664554334,k=5",30,0.3396805437711011,shepard,"k=5,z=0.9237980654944229",30,0.3396805437711011,30,30,0.0,,,,,,,False
2026-08-30T05:51:18.183509+00:00,vertebra_column,f1,inverse_multiquadratic,"c=0.016470428664554334,k=5",30,0.3396805437711011,sigmoidal,"alpha=2.5239432964933735,c=1.7878968798670738,k=5",30,0.3406475446065229,30,30,-0.0009670008354218903,0.0,0.31731050786291415,1.0,-0.4803844614152614,0.6345580711906083,1.0,False
2026-08-30T05:51:18.208722+00:00,vertebra_column,f1,inverse_multiquadratic,"c=0.016470428664554334,k=5",30,0.3396805437711011,softmax_radial,"beta=0.17954852306126248,k=5",30,0.3406475446065229,30,30,-0.0009670008354218903,0.0,0.31731050786291415,1.0,-0.4803844614152614,0.6345580711906083,1.0,False
2026-08-30T05:51:18.232696+00:00,vertebra_column,f1,inverse_multiquadratic,"c=0.016470428664554334,k=5",30,0.3396805437711011,student_t,"k=5,nu=0.005695262671673525",30,0.3396805437711011,30,30,0.0,,,,,,,False
2026-08-30T05:51:18.257708+00:00,vertebra_column,f1,inverse_multiquadratic,"c=0.016470428664554334,k=5",30,0.3396805437711011,wendland_c2,"h=2.4749529788842355,k=5",30,0.3392903321308894,30,30,0.00039021164021163605,3.0,1.0,0.0,0.06447267991534267,0.9490362401072632,1.0,False
2026-08-30T05:51:18.281551+00:00,vertebra_column,f1,laplacian,"epsilon=0.17954852306126248,k=5",30,0.3406475446065229,logarithmic,"c=0.07546696410796928,k=5",30,0.3406475446065229,30,30,0.0,,,,,,,False
2026-08-30T05:51:18.306499+00:00,vertebra_column,f1,laplacian,"epsilon=0.17954852306126248,k=5",30,0.3406475446065229,lorentzian,k=5,30,0.33827181361237085,30,30,0.0023757309941520467,0.0,0.31731050786291415,1.0,0.4803844614152615,0.6345580711906083,1.0,False
2026-08-30T05:51:18.332704+00:00,vertebra_column,f1,laplacian,"epsilon=0.17954852306126248,k=5",30,0.3406475446065229,multiquadratic,"c=3.446939870888028,k=4",30,0.3294064026358919,30,30,0.011241141970631145,99.0,0.23552288967685775,0.24735059137329743,0.640442535676729,0.5269134356012088,1.0,False
2026-08-30T05:51:18.358879+00:00,vertebra_column,f1,laplacian,"epsilon=0.17954852306126248,k=5",30,0.3406475446065229,quartic_spline,"h=2.4749529788842355,k=5",30,0.33816460113673735,30,30,0.002482943469785577,1.0,0.28504940740261275,0.6172133998483675,0.4796395966613288,0.6350813345430408,1.0,False
2026-08-30T05:51:18.384834+00:00,vertebra_column,f1,laplacian,"epsilon=0.17954852306126248,k=5",30,0.3406475446065229,radial,"k=5,z=0.01795485230612625",30,0.3522638791233993,30,30,-0.011616334516876308,144.0,0.11199148595825234,0.2951265825231675,-0.6777530430681818,0.5033002567234917,1.0,False
2026-08-30T05:51:18.409218+00:00,vertebra_column,f1,laplacian,"epsilon=0.17954852306126248,k=5",30,0.3406475446065229,rational_quadratic,"alpha=1.1583176596280784,k=5,l=0.9454957214747121",30,0.3406475446065229,30,30,0.0,,,,,,,False
2026-08-30T05:51:18.433131+00:00,vertebra_column,f1,laplacian,"epsilon=0.17954852306126248,k=5",30,0.3406475446065229,rbf_gaussian,"epsilon=0.17954852306126248,k=5",30,0.3406475446065229,30,30,0.0,,,,,,,False
2026-08-30T05:51:18.464579+00:00,vertebra_column,f1,laplacian,"epsilon=0.17954852306126248,k=5",30,0.3406475446065229,shepard,"k=5,z=0.9237980654944229",30,0.3396805437711011,30,30,0.0009670008354218903,0.0,0.31731050786291415,1.0,0.4803844614152614,0.6345580711906083,1.0,False
2026-08-30T05:51:18.488257+00:00,vertebra_column,f1,laplacian,"epsilon=0.17954852306126248,k=5",30,0.3406475446065229,sigmoidal,"alpha=2.5239432964933735,c=1.7878968798670738,k=5",30,0.3406475446065229,30,30,0.0,,,,,,,False
2026-08-30T05:51:18.511704+00:00,vertebra_column,f1,laplacian,"epsilon=0.17954852306126248,k=5",30,0.3406475446065229,softmax_radial,"beta=0.17954852306126248,k=5",30,0.3406475446065229,30,30,0.0,,,,,,,False
2026-08-30T05:51:18.537363+00:00,vertebra_column,f1,laplacian,"epsilon=0.17954852306126248,k=5",30,0.3406475446065229,student_t,"k=5,nu=0.005695262671673525",30,0.3396805437711011,30,30,0.0009670008354218903,0.0,0.31731050786291415,1.0,0.4803844614152614,0.6345580711906083,1.0,False
2026-08-30T05:51:18.563534+00:00,vertebra_column,f1,laplacian,"epsilon=0.17954852306126248,k=5",30,0.3406475446065229,wendland_c2,"h=2.4749529788842355,k=5",30,0.3392903321308894,30,30,0.0013572124756335263,3.0,1.0,0.0,0.25942293869979094,0.7971417278838373,1.0,False
2026-08-30T05:51:18.588437+00:00,vertebra_column,f1,logarithmic,"c=0.07546696410796928,k=5",30,0.3406475446065229,lorentzian,k=5,30,0.33827181361237085,30,30,0.0023757309941520467,0.0,0.31731050786291415,1.0,0.4803844614152615,0.6345580711906083,1.0,False
2026-08-30T05:51:18.614138+00:00,vertebra_column,f1,logarithmic,"c=0.07546696410796928,k=5",30,0.3406475446065229,multiquadratic,"c=3.446939870888028,k=4",30,0.3294064026358919,30,30,0.011241141970631145,99.0,0.23552288967685775,0.24735059137329743,0.640442535676729,0.5269134356012088,1.0,False
2026-08-30T05:51:18.639675+00:00,vertebra_column,f1,logarithmic,"c=0.07546696410796928,k=5",30,0.3406475446065229,quartic_spline,"h=2.4749529788842355,k=5",30,0.33816460113673735,30,30,0.002482943469785577,1.0,0.28504940740261275,0.6172133998483675,0.4796395966613288,0.6350813345430408,1.0,False
2026-08-30T05:51:18.665752+00:00,vertebra_column,f1,logarithmic,"c=0.07546696410796928,k=5",30,0.3406475446065229,radial,"k=5,z=0.01795485230612625",30,0.3522638791233993,30,30,-0.011616334516876308,144.0,0.11199148595825234,0.2951265825231675,-0.6777530430681818,0.5033002567234917,1.0,False
2026-08-30T05:51:18.689291+00:00,vertebra_column,f1,logarithmic,"c=0.07546696410796928,k=5",30,0.3406475446065229,rational_quadratic,"alpha=1.1583176596280784,k=5,l=0.9454957214747121",30,0.3406475446065229,30,30,0.0,,,,,,,False
2026-08-30T05:51:18.713173+00:00,vertebra_column,f1,logarithmic,"c=0.07546696410796928,k=5",30,0.3406475446065229,rbf_gaussian,"epsilon=0.17954852306126248,k=5",30,0.3406475446065229,30,30,0.0,,,,,,,False
2026-08-30T05:51:18.744899+00:00,vertebra_column,f1,logarithmic,"c=0.07546696410796928,k=5",30,0.3406475446065229,shepard,"k=5,z=0.9237980654944229",30,0.3396805437711011,30,30,0.0009670008354218903,0.0,0.31731050786291415,1.0,0.4803844614152614,0.6345580711906083,1.0,False
2026-08-30T05:51:18.769087+00:00,vertebra_column,f1,logarithmic,"c=0.07546696410796928,k=5",30,0.3406475446065229,sigmoidal,"alpha=2.5239432964933735,c=1.7878968798670738,k=5",30,0.3406475446065229,30,30,0.0,,,,,,,False
2026-08-30T05:51:18.792278+00:00,vertebra_column,f1,logarithmic,"c=0.07546696410796928,k=5",30,0.3406475446065229,softmax_radial,"beta=0.17954852306126248,k=5",30,0.3406475446065229,30,30,0.0,,,,,,,False
2026-08-30T05:51:18.817495+00:00,vertebra_column,f1,logarithmic,"c=0.07546696410796928,k=5",30,0.3406475446065229,student_t,"k=5,nu=0.005695262671673525",30,0.3396805437711011,30,30,0.0009670008354218903,0.0,0.31731050786291415,1.0,0.4803844614152614,0.6345580711906083,1.0,False
2026-08-30T05:51:18.843201+00:00,vertebra_column,f1,logarithmic,"c=0.07546696410796928,k=5",30,0.3406475446065229,wendland_c2,"h=2.4749529788842355,k=5",30,0.3392903321308894,30,30,0.0013572124756335263,3.0,1.0,0.0,0.25942293869979094,0.7971417278838373,1.0,False
2026-08-30T05:51:18.869353+00:00,vertebra_column,f1,lorentzian,k=5,30,0.33827181361237085,multiquadratic,"c=3.446939870888028,k=4",30,0.3294064026358919,30,30,0.0088654109764791,103.0,0.28706380879099946,0.22198129995039514,0.4478556045022582,0.657585286912977,1.0,False
2026-08-30T05:51:18.894200+00:00,vertebra_column,f1,lorentzian,k=5,30,0.33827181361237085,quartic_spline,"h=2.4749529788842355,k=5",30,0.33816460113673735,30,30,0.00010721247563352984,1.0,0.6547208460185769,0.316227766016838,0.06896956444597191,0.9454872212182284,1.0,False
2026-08-30T05:51:18.919320+00:00,vertebra_column,f1,lorentzian,k=5,30,0.33827181361237085,radial,"k=5,z=0.01795485230612625",30,0.3522638791233993,30,30,-0.013992065511028356,143.0,0.10719531018553868,0.29914191017654385,-0.7463671031511514,0.461453808088222,1.0,False
2026-08-30T05:51:18.944715+00:00,vertebra_column,f1,lorentzian,k=5,30,0.33827181361237085,rational_quadratic,"alpha=1.1583176596280784,k=5,l=0.9454957214747121",30,0.3406475446065229,30,30,-0.0023757309941520467,0.0,0.31731050786291415,1.0,-0.4803844614152615,0.6345580711906083,1.0,False
2026-08-30T05:51:18.970850+00:00,vertebra_column,f1,lorentzian,k=5,30,0.33827181361237085,rbf_gaussian,"epsilon=0.17954852306126248,k=5",30,0.3406475446065229,30,30,-0.0023757309941520467,0.0,0.31731050786291415,1.0,-0.4803844614152615,0.6345580711906083,1.0,False
2026-08-30T05:51:18.996271+00:00,vertebra_column,f1,lorentzian,k=5,30,0.33827181361237085,shepard,"k=5,z=0.9237980654944229",30,0.3396805437711011,30,30,-0.0014087301587301566,1.0,0.6547208460185769,0.316227766016838,-0.26071339173256786,0.7961559854473035,1.0,False
2026-08-30T05:51:19.021712+00:00,vertebra_column,f1,lorentzian,k=5,30,0.33827181361237085,sigmoidal,"alpha=2.5239432964933735,c=1.7878968798670738,k=5",30,0.3406475446065229,30,30,-0.0023757309941520467,0.0,0.31731050786291415,1.0,-0.4803844614152615,0.6345580711906083,1.0,False
2026-08-30T05:51:19.046607+00:00,vertebra_column,f1,lorentzian,k=5,30,0.33827181361237085,softmax_radial,"beta=0.17954852306126248,k=5",30,0.3406475446065229,30,30,-0.0023757309941520467,0.0,0.31731050786291415,1.0,-0.4803844614152615,0.6345580711906083,1.0,False
2026-08-30T05:51:19.072727+00:00,vertebra_column,f1,lorentzian,k=5,30,0.33827181361237085,student_t,"k=5,nu=0.005695262671673525",30,0.3396805437711011,30,30,-0.0014087301587301566,1.0,0.6547208460185769,0.316227766016838,-0.26071339173256786,0.7961559854473035,1.0,False
2026-08-30T05:51:19.097835+00:00,vertebra_column,f1,lorentzian,k=5,30,0.33827181361237085,wendland_c2,"h=2.4749529788842355,k=5",30,0.3392903321308894,30,30,-0.0010185185185185204,0.0,0.17971249487899976,0.9486832980505135,-0.688350455213084,0.49670207682421363,1.0,False
2026-08-30T05:51:19.123267+00:00,vertebra_column,f1,multiquadratic,"c=3.446939870888028,k=4",30,0.3294064026358919,quartic_spline,"h=2.4749529788842355,k=5",30,0.33816460113673735,30,30,-0.00875819850084557,104.0,0.30105753575442284,0.21563897709466967,-0.42965686849409007,0.6706209256370088,1.0,False
2026-08-30T05:51:19.150457+00:00,vertebra_column,f1,multiquadratic,"c=3.446939870888028,k=4",30,0.3294064026358919,radial,"k=5,z=0.01795485230612625",30,0.3522638791233993,30,30,-0.02285747648750746,128.0,0.052942501822026526,0.3593928304320979,-0.9893287714687163,0.33068555740139427,1.0,False
2026-08-30T05:51:19.175850+00:00,vertebra_column,f1,multiquadratic,"c=3.446939870888028,k=4",30,0.3294064026358919,rational_quadratic,"alpha=1.1583176596280784,k=5,l=0.9454957214747121",30,0.3406475446065229,30,30,-0.011241141970631145,99.0,0.23552288967685775,0.24735059137329743,-0.640442535676729,0.5269134356012088,1.0,False
2026-08-30T05:51:19.201982+00:00,vertebra_column,f1,multiquadratic,"c=3.446939870888028,k=4",30,0.3294064026358919,rbf_gaussian,"epsilon=0.17954852306126248,k=5",30,0.3406475446065229,30,30,-0.011241141970631145,99.0,0.23552288967685775,0.24735059137329743,-0.640442535676729,0.5269134356012088,1.0,False
2026-08-30T05:51:19.227779+00:00,vertebra_column,f1,multiquadratic,"c=3.446939870888028,k=4",30,0.3294064026358919,shepard,"k=5,z=0.9237980654944229",30,0.3396805437711011,30,30,-0.010274141135209254,102.0,0.27351592335313,0.2283236228061207,-0.5630150646705396,0.5777519798064512,1.0,False
2026-08-30T05:51:19.253287+00:00,vertebra_column,f1,multiquadratic,"c=3.446939870888028,k=4",30,0.3294064026358919,sigmoidal,"alpha=2.5239432964933735,c=1.7878968798670738,k=5",30,0.3406475446065229,30,30,-0.011241141970631145,99.0,0.23552288967685775,0.24735059137329743,-0.640442535676729,0.5269134356012088,1.0,False
2026-08-30T05:51:19.279231+00:00,vertebra_column,f1,multiquadratic,"c=3.446939870888028,k=4",30,0.3294064026358919,softmax_radial,"beta=0.17954852306126248,k=5",30,0.3406475446065229,30,30,-0.011241141970631145,99.0,0.23552288967685775,0.24735059137329743,-0.640442535676729,0.5269134356012088,1.0,False
2026-08-30T05:51:19.304810+00:00,vertebra_column,f1,multiquadratic,"c=3.446939870888028,k=4",30,0.3294064026358919,student_t,"k=5,nu=0.005695262671673525",30,0.3396805437711011,30,30,-0.010274141135209254,102.0,0.27351592335313,0.2283236228061207,-0.5630150646705396,0.5777519798064512,1.0,False
2026-08-30T05:51:19.330464+00:00,vertebra_column,f1,multiquadratic,"c=3.446939870888028,k=4",30,0.3294064026358919,wendland_c2,"h=2.4749529788842355,k=5",30,0.3392903321308894,30,30,-0.009883929494997619,98.0,0.22373037803399798,0.25369291422902296,-0.499350981562161,0.621299532549739,1.0,False
2026-08-30T05:51:19.355610+00:00,vertebra_column,f1,quartic_spline,"h=2.4749529788842355,k=5",30,0.33816460113673735,radial,"k=5,z=0.01795485230612625",30,0.3522638791233993,30,30,-0.014099277986661886,139.0,0.08961703998973654,0.31520322079004975,-0.7631275615058181,0.45155097567219094,1.0,False
2026-08-30T05:51:19.380465+00:00,vertebra_column,f1,quartic_spline,"h=2.4749529788842355,k=5",30,0.33816460113673735,rational_quadratic,"alpha=1.1583176596280784,k=5,l=0.9454957214747121",30,0.3406475446065229,30,30,-0.002482943469785577,1.0,0.28504940740261275,0.6172133998483675,-0.4796395966613288,0.6350813345430408,1.0,False
2026-08-30T05:51:19.406521+00:00,vertebra_column,f1,quartic_spline,"h=2.4749529788842355,k=5",30,0.33816460113673735,rbf_gaussian,"epsilon=0.17954852306126248,k=5",30,0.3406475446065229,30,30,-0.002482943469785577,1.0,0.28504940740261275,0.6172133998483675,-0.4796395966613288,0.6350813345430408,1.0,False
2026-08-30T05:51:19.431692+00:00,vertebra_column,f1,quartic_spline,"h=2.4749529788842355,k=5",30,0.33816460113673735,shepard,"k=5,z=0.9237980654944229",30,0.3396805437711011,30,30,-0.0015159426343636863,3.0,1.0,0.0,-0.29379368351351537,0.7710080250658733,1.0,False
2026-08-30T05:51:19.456845+00:00,vertebra_column,f1,quartic_spline,"h=2.4749529788842355,k=5",30,0.33816460113673735,sigmoidal,"alpha=2.5239432964933735,c=1.7878968798670738,k=5",30,0.3406475446065229,30,30,-0.002482943469785577,1.0,0.28504940740261275,0.6172133998483675,-0.4796395966613288,0.6350813345430408,1.0,False
2026-08-30T05:51:19.481914+00:00,vertebra_column,f1,quartic_spline,"h=2.4749529788842355,k=5",30,0.33816460113673735,softmax_radial,"beta=0.17954852306126248,k=5",30,0.3406475446065229,30,30,-0.002482943469785577,1.0,0.28504940740261275,0.6172133998483675,-0.4796395966613288,0.6350813345430408,1.0,False
2026-08-30T05:51:19.506799+00:00,vertebra_column,f1,quartic_spline,"h=2.4749529788842355,k=5",30,0.33816460113673735,student_t,"k=5,nu=0.005695262671673525",30,0.3396805437711011,30,30,-0.0015159426343636863,3.0,1.0,0.0,-0.29379368351351537,0.7710080250658733,1.0,False
2026-08-30T05:51:19.533171+00:00,vertebra_column,f1,quartic_spline,"h=2.4749529788842355,k=5",30,0.33816460113673735,wendland_c2,"h=2.4749529788842355,k=5",30,0.3392903321308894,30,30,-0.0011257309941520503,0.0,0.31731050786291415,1.0,-0.48038446141526137,0.6345580711906083,1.0,False
2026-08-30T05:51:19.558416+00:00,vertebra_column,f1,radial,"k=5,z=0.01795485230612625",30,0.3522638791233993,rational_quadratic,"alpha=1.1583176596280784,k=5,l=0.9454957214747121",30,0.3406475446065229,30,30,0.011616334516876308,144.0,0.11199148595825234,0.2951265825231675,0.6777530430681818,0.5033002567234917,1.0,False
2026-08-30T05:51:19.583854+00:00,vertebra_column,f1,radial,"k=5,z=0.01795485230612625",30,0.3522638791233993,rbf_gaussian,"epsilon=0.17954852306126248,k=5",30,0.3406475446065229,30,30,0.011616334516876308,144.0,0.11199148595825234,0.2951265825231675,0.6777530430681818,0.5033002567234917,1.0,False
2026-08-30T05:51:19.609285+00:00,vertebra_column,f1,radial,"k=5,z=0.01795485230612625",30,0.3522638791233993,shepard,"k=5,z=0.9237980654944229",30,0.3396805437711011,30,30,0.012583335352298199,127.0,0.08351810256109068,0.32705798369847944,0.7439729350084656,0.46287874504061155,1.0,False
2026-08-30T05:51:19.635110+00:00,vertebra_column,f1,radial,"k=5,z=0.01795485230612625",30,0.3522638791233993,sigmoidal,"alpha=2.5239432964933735,c=1.7878968798670738,k=5",30,0.3406475446065229,30,30,0.011616334516876308,144.0,0.11199148595825234,0.2951265825231675,0.6777530430681818,0.5033002567234917,1.0,False
2026-08-30T05:51:19.659939+00:00,vertebra_column,f1,radial,"k=5,z=0.01795485230612625",30,0.3522638791233993,softmax_radial,"beta=0.17954852306126248,k=5",30,0.3406475446065229,30,30,0.011616334516876308,144.0,0.11199148595825234,0.2951265825231675,0.6777530430681818,0.5033002567234917,1.0,False
2026-08-30T05:51:19.686716+00:00,vertebra_column,f1,radial,"k=5,z=0.01795485230612625",30,0.3522638791233993,student_t,"k=5,nu=0.005695262671673525",30,0.3396805437711011,30,30,0.012583335352298199,127.0,0.08351810256109068,0.32705798369847944,0.7439729350084656,0.46287874504061155,1.0,False
2026-08-30T05:51:19.713168+00:00,vertebra_column,f1,radial,"k=5,z=0.01795485230612625",30,0.3522638791233993,wendland_c2,"h=2.4749529788842355,k=5",30,0.3392903321308894,30,30,0.012973546992509835,148.0,0.13288740647153138,0.2790652719096619,0.6879933133638967,0.49692364843616255,1.0,False
2026-08-30T05:51:19.738279+00:00,vertebra_column,f1,rational_quadratic,"alpha=1.1583176596280784,k=5,l=0.9454957214747121",30,0.3406475446065229,rbf_gaussian,"epsilon=0.17954852306126248,k=5",30,0.3406475446065229,30,30,0.0,,,,,,,False
2026-08-30T05:51:19.764501+00:00,vertebra_column,f1,rational_quadratic,"alpha=1.1583176596280784,k=5,l=0.9454957214747121",30,0.3406475446065229,shepard,"k=5,z=0.9237980654944229",30,0.3396805437711011,30,30,0.0009670008354218903,0.0,0.31731050786291415,1.0,0.4803844614152614,0.6345580711906083,1.0,False
2026-08-30T05:51:19.797233+00:00,vertebra_column,f1,rational_quadratic,"alpha=1.1583176596280784,k=5,l=0.9454957214747121",30,0.3406475446065229,sigmoidal,"alpha=2.5239432964933735,c=1.7878968798670738,k=5",30,0.3406475446065229,30,30,0.0,,,,,,,False
2026-08-30T05:51:19.821394+00:00,vertebra_column,f1,rational_quadratic,"alpha=1.1583176596280784,k=5,l=0.9454957214747121",30,0.3406475446065229,softmax_radial,"beta=0.17954852306126248,k=5",30,0.3406475446065229,30,30,0.0,,,,,,,False
2026-08-30T05:51:19.846668+00:00,vertebra_column,f1,rational_quadratic,"alpha=1.1583176596280784,k=5,l=0.9454957214747121",30,0.3406475446065229,student_t,"k=5,nu=0.005695262671673525",30,0.3396805437711011,30,30,0.0009670008354218903,0.0,0.31731050786291415,1.0,0.4803844614152614,0.6345580711906083,1.0,False
2026-08-30T05:51:19.871580+00:00,vertebra_column,f1,rational_quadratic,"alpha=1.1583176596280784,k=5,l=0.9454957214747121",30,0.3406475446065229,wendland_c2,"h=2.4749529788842355,k=5",30,0.3392903321308894,30,30,0.0013572124756335263,3.0,1.0,0.0,0.25942293869979094,0.7971417278838373,1.0,False
2026-08-30T05:51:19.897925+00:00,vertebra_column,f1,rbf_gaussian,"epsilon=0.17954852306126248,k=5",30,0.3406475446065229,shepard,"k=5,z=0.9237980654944229",30,0.3396805437711011,30,30,0.0009670008354218903,0.0,0.31731050786291415,1.0,0.4803844614152614,0.6345580711906083,1.0,False
2026-08-30T05:51:19.921846+00:00,vertebra_column,f1,rbf_gaussian,"epsilon=0.17954852306126248,k=5",30,0.3406475446065229,sigmoidal,"alpha=2.5239432964933735,c=1.7878968798670738,k=5",30,0.3406475446065229,30,30,0.0,,,,,,,False
2026-08-30T05:51:19.945595+00:00,vertebra_column,f1,rbf_gaussian,"epsilon=0.17954852306126248,k=5",30,0.3406475446065229,softmax_radial,"beta=0.17954852306126248,k=5",30,0.3406475446065229,30,30,0.0,,,,,,,False
2026-08-30T05:51:19.970265+00:00,vertebra_column,f1,rbf_gaussian,"epsilon=0.17954852306126248,k=5",30,0.3406475446065229,student_t,"k=5,nu=0.005695262671673525",30,0.3396805437711011,30,30,0.0009670008354218903,0.0,0.31731050786291415,1.0,0.4803844614152614,0.6345580711906083,1.0,False
2026-08-30T05:51:19.997327+00:00,vertebra_column,f1,rbf_gaussian,"epsilon=0.17954852306126248,k=5",30,0.3406475446065229,wendland_c2,"h=2.4749529788842355,k=5",30,0.3392903321308894,30,30,0.0013572124756335263,3.0,1.0,0.0,0.25942293869979094,0.7971417278838373,1.0,False
2026-08-30T05:51:20.023480+00:00,vertebra_column,f1,shepard,"k=5,z=0.9237980654944229",30,0.3396805437711011,sigmoidal,"alpha=2.5239432964933735,c=1.7878968798670738,k=5",30,0.3406475446065229,30,30,-0.0009670008354218903,0.0,0.31731050786291415,1.0,-0.4803844614152614,0.6345580711906083,1.0,False
2026-08-30T05:51:20.049215+00:00,vertebra_column,f1,shepard,"k=5,z=0.9237980654944229",30,0.3396805437711011,softmax_radial,"beta=0.17954852306126248,k=5",30,0.3406475446065229,30,30,-0.0009670008354218903,0.0,0.31731050786291415,1.0,-0.4803844614152614,0.6345580711906083,1.0,False
2026-08-30T05:51:20.072970+00:00,vertebra_column,f1,shepard,"k=5,z=0.9237980654944229",30,0.3396805437711011,student_t,"k=5,nu=0.005695262671673525",30,0.3396805437711011,30,30,0.0,,,,,,,False
2026-08-30T05:51:20.098296+00:00,vertebra_column,f1,shepard,"k=5,z=0.9237980654944229",30,0.3396805437711011,wendland_c2,"h=2.4749529788842355,k=5",30,0.3392903321308894,30,30,0.00039021164021163605,3.0,1.0,0.0,0.06447267991534267,0.9490362401072632,1.0,False
2026-08-30T05:51:20.123563+00:00,vertebra_column,f1,sigmoidal,"alpha=2.5239432964933735,c=1.7878968798670738,k=5",30,0.3406475446065229,softmax_radial,"beta=0.17954852306126248,k=5",30,0.3406475446065229,30,30,0.0,,,,,,,False
2026-08-30T05:51:20.150267+00:00,vertebra_column,f1,sigmoidal,"alpha=2.5239432964933735,c=1.7878968798670738,k=5",30,0.3406475446065229,student_t,"k=5,nu=0.005695262671673525",30,0.3396805437711011,30,30,0.0009670008354218903,0.0,0.31731050786291415,1.0,0.4803844614152614,0.6345580711906083,1.0,False
2026-08-30T05:51:20.175069+00:00,vertebra_column,f1,sigmoidal,"alpha=2.5239432964933735,c=1.7878968798670738,k=5",30,0.3406475446065229,wendland_c2,"h=2.4749529788842355,k=5",30,0.3392903321308894,30,30,0.0013572124756335263,3.0,1.0,0.0,0.25942293869979094,0.7971417278838373,1.0,False
2026-08-30T05:51:20.200773+00:00,vertebra_column,f1,softmax_radial,"beta=0.17954852306126248,k=5",30,0.3406475446065229,student_t,"k=5,nu=0.005695262671673525",30,0.3396805437711011,30,30,0.0009670008354218903,0.0,0.31731050786291415,1.0,0.4803844614152614,0.6345580711906083,1.0,False
2026-08-30T05:51:20.225838+00:00,vertebra_column,f1,softmax_radial,"beta=0.17954852306126248,k=5",30,0.3406475446065229,wendland_c2,"h=2.4749529788842355,k=5",30,0.3392903321308894,30,30,0.0013572124756335263,3.0,1.0,0.0,0.25942293869979094,0.7971417278838373,1.0,False
2026-08-30T05:51:20.250993+00:00,vertebra_column,f1,student_t,"k=5,nu=0.005695262671673525",30,0.3396805437711011,wendland_c2,"h=2.4749529788842355,k=5",30,0.3392903321308894,30,30,0.00039021164021163605,3.0,1.0,0.0,0.06447267991534267,0.9490362401072632,1.0,False
2026-08-30T05:51:20.304084+00:00,wine,f1,attention,k=20,30,0.9481746031746032,cauchy,"epsilon=0.1,k=20",30,0.9538183421516756,30,30,-0.005643738977072318,0.0,0.15729920705028502,1.0000000000000002,-0.6913913349341152,0.49481775505013803,1.0,False
2026-08-30T05:51:20.332141+00:00,wine,f1,attention,k=20,30,0.9481746031746032,cosine,"h=5.0,k=20",30,0.9558906525573191,30,30,-0.007716049382716046,4.5,0.4142161782425252,0.36514837167011055,-0.6263815595001536,0.5359645494091909,1.0,False
2026-08-30T05:51:20.360995+00:00,wine,f1,attention,k=20,30,0.9481746031746032,cubic_spline,"h=2.0,k=20",30,0.9493827160493828,30,30,-0.0012081128747795582,6.0,0.338724147759658,0.39056673294247185,-0.08701769271257516,0.9312555243565095,1.0,False
2026-08-30T05:51:20.389747+00:00,wine,f1,attention,k=20,30,0.9481746031746032,entropic,"beta=0.1,k=20",30,0.9537742504409171,30,30,-0.0055996472663139415,0.0,0.17971249487899976,0.9486832980505135,-0.6913683719628921,0.49483196928111317,1.0,False
2026-08-30T05:51:20.418392+00:00,wine,f1,attention,k=20,30,0.9481746031746032,gen_exponential,"epsilon=1.0,k=20,p=1.0",30,0.9558906525573191,30,30,-0.007716049382716046,0.0,0.10247043485974937,0.9428090415820637,-0.8607875673379977,0.3964162526863928,1.0,False
2026-08-30T05:51:20.444909+00:00,wine,f1,attention,k=20,30,0.9481746031746032,harmonic,"k=20,nu=0.001",30,0.9481746031746032,30,30,0.0,,,,,,,False
2026-08-30T05:51:20.472862+00:00,wine,f1,attention,k=20,30,0.9481746031746032,inverse_multiquadratic,"c=1.0,k=20",30,0.9509964726631392,30,30,-0.002821869488536159,0.0,0.31731050786291415,1.0,-0.48038446141526153,0.6345580711906078,1.0,False
2026-08-30T05:51:20.501332+00:00,wine,f1,attention,k=20,30,0.9481746031746032,laplacian,"epsilon=1.0,k=20",30,0.9558906525573191,30,30,-0.007716049382716046,0.0,0.10247043485974937,0.9428090415820637,-0.8607875673379977,0.3964162526863928,1.0,False
2026-08-30T05:51:20.528390+00:00,wine,f1,attention,k=20,30,0.9481746031746032,logarithmic,"c=0.5,k=20",30,0.9509964726631392,30,30,-0.002821869488536159,0.0,0.31731050786291415,1.0,-0.48038446141526153,0.6345580711906078,1.0,False
2026-08-30T05:51:20.554923+00:00,wine,f1,attention,k=20,30,0.9481746031746032,lorentzian,k=20,30,0.95668430335097,30,30,-0.008509700176366842,6.0,0.1731945874792824,0.5147915616702294,-0.5875659645435495,0.5613712533251385,1.0,False
2026-08-30T05:51:20.582962+00:00,wine,f1,attention,k=20,30,0.9481746031746032,multiquadratic,"c=0.1,k=20",30,0.9436331569664904,30,30,0.0045414462081128535,10.0,0.9153452831107657,0.04339630366027458,0.33399447019903744,0.7407870210742791,1.0,False
2026-08-30T05:51:20.611682+00:00,wine,f1,attention,k=20,30,0.9481746031746032,quartic_spline,"h=2.0,k=20",30,0.9493827160493828,30,30,-0.0012081128747795582,6.0,0.338724147759658,0.39056673294247185,-0.08701769271257516,0.9312555243565095,1.0,False
2026-08-30T05:51:20.639706+00:00,wine,f1,attention,k=20,30,0.9481746031746032,radial,"k=20,z=2.0",30,0.9587125220458553,30,30,-0.010537918871252206,0.0,0.06559969214707187,0.9205746178983235,-1.0123666713808173,0.3197353266819376,1.0,False
2026-08-30T05:51:20.668195+00:00,wine,f1,attention,k=20,30,0.9481746031746032,rational_quadratic,"alpha=2.0,k=20,l=0.01",30,0.95668430335097,30,30,-0.008509700176366842,6.0,0.1731945874792824,0.5147915616702294,-0.5875659645435495,0.5613712533251385,1.0,False
2026-08-30T05:51:20.708039+00:00,wine,f1,attention,k=20,30,0.9481746031746032,rbf_gaussian,"epsilon=0.1,k=20",30,0.9538183421516756,30,30,-0.005643738977072318,0.0,0.15729920705028502,1.0000000000000002,-0.6913913349341152,0.49481775505013803,1.0,False
2026-08-30T05:51:20.749144+00:00,wine,f1,attention,k=20,30,0.9481746031746032,shepard,"k=20,z=4.0",30,0.95668430335097,30,30,-0.008509700176366842,6.0,0.1731945874792824,0.5147915616702294,-0.5875659645435495,0.5613712533251385,1.0,False
2026-08-30T05:51:20.791073+00:00,wine,f1,attention,k=20,30,0.9481746031746032,sigmoidal,"alpha=1.0,c=2.0,k=20",30,0.9587125220458553,30,30,-0.010537918871252206,0.0,0.06559969214707187,0.9205746178983235,-1.0123666713808173,0.3197353266819376,1.0,False
2026-08-30T05:51:20.832351+00:00,wine,f1,attention,k=20,30,0.9481746031746032,softmax_radial,"beta=1.0,k=20",30,0.9558906525573191,30,30,-0.007716049382716046,0.0,0.10247043485974937,0.9428090415820637,-0.8607875673379977,0.3964162526863928,1.0,False
2026-08-30T05:51:20.871273+00:00,wine,f1,attention,k=20,30,0.9481746031746032,student_t,"k=20,nu=0.01",30,0.9481746031746032,30,30,0.0,,,,,,,False
2026-08-30T05:51:20.913098+00:00,wine,f1,attention,k=20,30,0.9481746031746032,wendland_c2,"h=2.0,k=20",30,0.9493827160493828,30,30,-0.0012081128747795582,6.0,0.338724147759658,0.39056673294247185,-0.08701769271257516,0.9312555243565095,1.0,False
2026-08-30T05:51:20.945980+00:00,wine,f1,cauchy,"epsilon=0.1,k=20",30,0.9538183421516756,cosine,"h=5.0,k=20",30,0.9558906525573191,30,30,-0.002072310405643729,6.0,0.6830913983096087,0.18257418583505536,-0.16383109462978937,0.8710005950137782,1.0,False
2026-08-30T05:51:20.976016+00:00,wine,f1,cauchy,"epsilon=0.1,k=20",30,0.9538183421516756,cubic_spline,"h=2.0,k=20",30,0.9493827160493828,30,30,0.004435626102292759,4.0,0.7054569861112734,0.18898223650461363,0.4072318777242067,0.6868280971429459,1.0,False
2026-08-30T05:51:21.007201+00:00,wine,f1,cauchy,"epsilon=0.1,k=20",30,0.9538183421516756,entropic,"beta=0.1,k=20",30,0.9537742504409171,30,30,4.409171075837603e-05,1.0,0.6547208460185769,0.316227766016838,0.0052592768694866305,0.9958397364120553,1.0,False
2026-08-30T05:51:21.039603+00:00,wine,f1,cauchy,"epsilon=0.1,k=20",30,0.9538183421516756,gen_exponential,"epsilon=1.0,k=20,p=1.0",30,0.9558906525573191,30,30,-0.002072310405643729,6.0,0.6830913983096087,0.18257418583505536,-0.16383109462978937,0.8710005950137782,1.0,False
2026-08-30T05:51:21.068181+00:00,wine,f1,cauchy,"epsilon=0.1,k=20",30,0.9538183421516756,harmonic,"k=20,nu=0.001",30,0.9481746031746032,30,30,0.005643738977072318,0.0,0.15729920705028502,1.0000000000000002,0.6913913349341152,0.49481775505013803,1.0,False
2026-08-30T05:51:21.097426+00:00,wine,f1,cauchy,"epsilon=0.1,k=20",30,0.9538183421516756,inverse_multiquadratic,"c=1.0,k=20",30,0.9509964726631392,30,30,0.002821869488536159,0.0,0.31731050786291415,1.0,0.48038446141526153,0.6345580711906078,1.0,False
2026-08-30T05:51:21.126067+00:00,wine,f1,cauchy,"epsilon=0.1,k=20",30,0.9538183421516756,laplacian,"epsilon=1.0,k=20",30,0.9558906525573191,30,30,-0.002072310405643729,6.0,0.6830913983096087,0.18257418583505536,-0.16383109462978937,0.8710005950137782,1.0,False
2026-08-30T05:51:21.157254+00:00,wine,f1,cauchy,"epsilon=0.1,k=20",30,0.9538183421516756,logarithmic,"c=0.5,k=20",30,0.9509964726631392,30,30,0.002821869488536159,0.0,0.31731050786291415,1.0,0.48038446141526153,0.6345580711906078,1.0,False
2026-08-30T05:51:21.185961+00:00,wine,f1,cauchy,"epsilon=0.1,k=20",30,0.9538183421516756,lorentzian,k=20,30,0.95668430335097,30,30,-0.002865961199294524,20.0,0.7654932886899393,0.09942499771198231,-0.16808024787330483,0.8676868800549227,1.0,False
2026-08-30T05:51:21.214989+00:00,wine,f1,cauchy,"epsilon=0.1,k=20",30,0.9538183421516756,multiquadratic,"c=0.1,k=20",30,0.9436331569664904,30,30,0.01018518518518517,5.5,0.2877873901541501,0.43396303660274627,0.7755559138798874,0.44429009070469827,1.0,False
2026-08-30T05:51:21.243781+00:00,wine,f1,cauchy,"epsilon=0.1,k=20",30,0.9538183421516756,quartic_spline,"h=2.0,k=20",30,0.9493827160493828,30,30,0.004435626102292759,4.0,0.7054569861112734,0.18898223650461363,0.4072318777242067,0.6868280971429459,1.0,False
2026-08-30T05:51:21.273071+00:00,wine,f1,cauchy,"epsilon=0.1,k=20",30,0.9538183421516756,radial,"k=20,z=2.0",30,0.9587125220458553,30,30,-0.0048941798941798875,4.0,0.7127018566581784,0.1841149235796647,-0.44425510631464615,0.6601557851688644,1.0,False
2026-08-30T05:51:21.302707+00:00,wine,f1,cauchy,"epsilon=0.1,k=20",30,0.9538183421516756,rational_quadratic,"alpha=2.0,k=20,l=0.01",30,0.95668430335097,30,30,-0.002865961199294524,20.0,0.7654932886899393,0.09942499771198231,-0.16808024787330483,0.8676868800549227,1.0,False
2026-08-30T05:51:21.329833+00:00,wine,f1,cauchy,"epsilon=0.1,k=20",30,0.9538183421516756,rbf_gaussian,"epsilon=0.1,k=20",30,0.9538183421516756,30,30,0.0,,,,,,,False
2026-08-30T05:51:21.358367+00:00,wine,f1,cauchy,"epsilon=0.1,k=20",30,0.9538183421516756,shepard,"k=20,z=4.0",30,0.95668430335097,30,30,-0.002865961199294524,20.0,0.7654932886899393,0.09942499771198231,-0.16808024787330483,0.8676868800549227,1.0,False
2026-08-30T05:51:21.387272+00:00,wine,f1,cauchy,"epsilon=0.1,k=20",30,0.9538183421516756,sigmoidal,"alpha=1.0,c=2.0,k=20",30,0.9587125220458553,30,30,-0.0048941798941798875,4.0,0.7127018566581784,0.1841149235796647,-0.44425510631464615,0.6601557851688644,1.0,False
2026-08-30T05:51:21.415441+00:00,wine,f1,cauchy,"epsilon=0.1,k=20",30,0.9538183421516756,softmax_radial,"beta=1.0,k=20",30,0.9558906525573191,30,30,-0.002072310405643729,6.0,0.6830913983096087,0.18257418583505536,-0.16383109462978937,0.8710005950137782,1.0,False
2026-08-30T05:51:21.443733+00:00,wine,f1,cauchy,"epsilon=0.1,k=20",30,0.9538183421516756,student_t,"k=20,nu=0.01",30,0.9481746031746032,30,30,0.005643738977072318,0.0,0.15729920705028502,1.0000000000000002,0.6913913349341152,0.49481775505013803,1.0,False
2026-08-30T05:51:21.471447+00:00,wine,f1,cauchy,"epsilon=0.1,k=20",30,0.9538183421516756,wendland_c2,"h=2.0,k=20",30,0.9493827160493828,30,30,0.004435626102292759,4.0,0.7054569861112734,0.18898223650461363,0.4072318777242067,0.6868280971429459,1.0,False
2026-08-30T05:51:21.499427+00:00,wine,f1,cosine,"h=5.0,k=20",30,0.9558906525573191,cubic_spline,"h=2.0,k=20",30,0.9493827160493828,30,30,0.006507936507936489,16.0,0.7767533567940004,0.10025094142341712,0.4454747760738775,0.6592845532852976,1.0,False
2026-08-30T05:51:21.527162+00:00,wine,f1,cosine,"h=5.0,k=20",30,0.9558906525573191,entropic,"beta=0.1,k=20",30,0.9537742504409171,30,30,0.0021164021164021053,3.0,1.0,0.0,0.22347839877427442,0.8247299999868418,1.0,False
2026-08-30T05:51:21.554892+00:00,wine,f1,cosine,"h=5.0,k=20",30,0.9558906525573191,gen_exponential,"epsilon=1.0,k=20,p=1.0",30,0.9558906525573191,30,30,0.0,1.5,1.0,0.0,0.0,1.0,1.0,False
2026-08-30T05:51:21.582499+00:00,wine,f1,cosine,"h=5.0,k=20",30,0.9558906525573191,harmonic,"k=20,nu=0.001",30,0.9481746031746032,30,30,0.007716049382716046,4.5,0.4142161782425252,0.36514837167011055,0.6263815595001536,0.5359645494091909,1.0,False
2026-08-30T05:51:21.610993+00:00,wine,f1,cosine,"h=5.0,k=20",30,0.9558906525573191,inverse_multiquadratic,"c=1.0,k=20",30,0.9509964726631392,30,30,0.0048941798941798875,4.0,0.7127018566581784,0.1841149235796647,0.44425510631464615,0.6601557851688644,1.0,False
2026-08-30T05:51:21.638629+00:00,wine,f1,cosine,"h=5.0,k=20",30,0.9558906525573191,laplacian,"epsilon=1.0,k=20",30,0.9558906525573191,30,30,0.0,1.5,1.0,0.0,0.0,1.0,1.0,False
2026-08-30T05:51:21.666493+00:00,wine,f1,cosine,"h=5.0,k=20",30,0.9558906525573191,logarithmic,"c=0.5,k=20",30,0.9509964726631392,30,30,0.0048941798941798875,4.0,0.7127018566581784,0.1841149235796647,0.44425510631464615,0.6601557851688644,1.0,False
2026-08-30T05:51:21.693927+00:00,wine,f1,cosine,"h=5.0,k=20",30,0.9558906525573191,lorentzian,k=20,30,0.95668430335097,30,30,-0.0007936507936507945,7.0,0.45808823471581006,0.30291962568554087,-0.05575471816406307,0.9559195722052514,1.0,False
2026-08-30T05:51:21.722965+00:00,wine,f1,cosine,"h=5.0,k=20",30,0.9558906525573191,multiquadratic,"c=0.1,k=20",30,0.9436331569664904,30,30,0.0122574955908289,19.0,0.38190826963907143,0.27650502066875104,0.7548366287440281,0.4564337466287196,1.0,False
2026-08-30T05:51:21.751762+00:00,wine,f1,cosine,"h=5.0,k=20",30,0.9558906525573191,quartic_spline,"h=2.0,k=20",30,0.9493827160493828,30,30,0.006507936507936489,16.0,0.7767533567940004,0.10025094142341712,0.4454747760738775,0.6592845532852976,1.0,False
2026-08-30T05:51:21.779460+00:00,wine,f1,cosine,"h=5.0,k=20",30,0.9558906525573191,radial,"k=20,z=2.0",30,0.9587125220458553,30,30,-0.002821869488536159,0.0,0.31731050786291415,1.0,-0.48038446141526153,0.6345580711906078,1.0,False
2026-08-30T05:51:21.807426+00:00,wine,f1,cosine,"h=5.0,k=20",30,0.9558906525573191,rational_quadratic,"alpha=2.0,k=20,l=0.01",30,0.95668430335097,30,30,-0.0007936507936507945,7.0,0.45808823471581006,0.30291962568554087,-0.05575471816406307,0.9559195722052514,1.0,False
2026-08-30T05:51:21.837248+00:00,wine,f1,cosine,"h=5.0,k=20",30,0.9558906525573191,rbf_gaussian,"epsilon=0.1,k=20",30,0.9538183421516756,30,30,0.002072310405643729,6.0,0.6830913983096087,0.18257418583505536,0.16383109462978937,0.8710005950137782,1.0,False
2026-08-30T05:51:21.864671+00:00,wine,f1,cosine,"h=5.0,k=20",30,0.9558906525573191,shepard,"k=20,z=4.0",30,0.95668430335097,30,30,-0.0007936507936507945,7.0,0.45808823471581006,0.30291962568554087,-0.05575471816406307,0.9559195722052514,1.0,False
2026-08-30T05:51:21.893860+00:00,wine,f1,cosine,"h=5.0,k=20",30,0.9558906525573191,sigmoidal,"alpha=1.0,c=2.0,k=20",30,0.9587125220458553,30,30,-0.002821869488536159,0.0,0.31731050786291415,1.0,-0.48038446141526153,0.6345580711906078,1.0,False
2026-08-30T05:51:21.924389+00:00,wine,f1,cosine,"h=5.0,k=20",30,0.9558906525573191,softmax_radial,"beta=1.0,k=20",30,0.9558906525573191,30,30,0.0,1.5,1.0,0.0,0.0,1.0,1.0,False
2026-08-30T05:51:21.953168+00:00,wine,f1,cosine,"h=5.0,k=20",30,0.9558906525573191,student_t,"k=20,nu=0.01",30,0.9481746031746032,30,30,0.007716049382716046,4.5,0.4142161782425252,0.36514837167011055,0.6263815595001536,0.5359645494091909,1.0,False
2026-08-30T05:51:21.981755+00:00,wine,f1,cosine,"h=5.0,k=20",30,0.9558906525573191,wendland_c2,"h=2.0,k=20",30,0.9493827160493828,30,30,0.006507936507936489,16.0,0.7767533567940004,0.10025094142341712,0.4454747760738775,0.6592845532852976,1.0,False
2026-08-30T05:51:22.010410+00:00,wine,f1,cubic_spline,"h=2.0,k=20",30,0.9493827160493828,entropic,"beta=0.1,k=20",30,0.9537742504409171,30,30,-0.004391534391534383,10.0,0.9155825203905921,0.04327423224079158,-0.3194523349027082,0.751673469607629,1.0,False
2026-08-30T05:51:22.038685+00:00,wine,f1,cubic_spline,"h=2.0,k=20",30,0.9493827160493828,gen_exponential,"epsilon=1.0,k=20,p=1.0",30,0.9558906525573191,30,30,-0.006507936507936489,21.0,0.8563114607187767,0.060357164028345685,-0.39180944964319897,0.6980635032996361,1.0,False
2026-08-30T05:51:22.067520+00:00,wine,f1,cubic_spline,"h=2.0,k=20",30,0.9493827160493828,harmonic,"k=20,nu=0.001",30,0.9481746031746032,30,30,0.0012081128747795582,6.0,0.338724147759658,0.39056673294247185,0.08701769271257516,0.9312555243565095,1.0,False
2026-08-30T05:51:22.096170+00:00,wine,f1,cubic_spline,"h=2.0,k=20",30,0.9493827160493828,inverse_multiquadratic,"c=1.0,k=20",30,0.9509964726631392,30,30,-0.0016137566137566007,6.0,0.6802795473344503,0.18428853505018536,-0.12883881649738796,0.8983745908396221,1.0,False
2026-08-30T05:51:22.124068+00:00,wine,f1,cubic_spline,"h=2.0,k=20",30,0.9493827160493828,laplacian,"epsilon=1.0,k=20",30,0.9558906525573191,30,30,-0.006507936507936489,21.0,0.8563114607187767,0.060357164028345685,-0.39180944964319897,0.6980635032996361,1.0,False
2026-08-30T05:51:22.151921+00:00,wine,f1,cubic_spline,"h=2.0,k=20",30,0.9493827160493828,logarithmic,"c=0.5,k=20",30,0.9509964726631392,30,30,-0.0016137566137566007,6.0,0.6802795473344503,0.18428853505018536,-0.12883881649738796,0.8983745908396221,1.0,False
2026-08-30T05:51:22.180574+00:00,wine,f1,cubic_spline,"h=2.0,k=20",30,0.9493827160493828,lorentzian,k=20,30,0.95668430335097,30,30,-0.007301587301587283,30.5,0.8206663380633711,0.06834901173682285,-0.40414814797809867,0.6890689128514027,1.0,False
2026-08-30T05:51:22.208655+00:00,wine,f1,cubic_spline,"h=2.0,k=20",30,0.9493827160493828,multiquadratic,"c=0.1,k=20",30,0.9436331569664904,30,30,0.005749559082892412,2.5,0.3572725590318747,0.4602873089491618,0.48483517965186534,0.6314354777829447,1.0,False
2026-08-30T05:51:22.235305+00:00,wine,f1,cubic_spline,"h=2.0,k=20",30,0.9493827160493828,quartic_spline,"h=2.0,k=20",30,0.9493827160493828,30,30,0.0,,,,,,,False
2026-08-30T05:51:22.263083+00:00,wine,f1,cubic_spline,"h=2.0,k=20",30,0.9493827160493828,radial,"k=20,z=2.0",30,0.9587125220458553,30,30,-0.009329805996472647,15.0,0.666632055322476,0.15230192477004284,-0.6105396587016765,0.5462599132732899,1.0,False
2026-08-30T05:51:22.291860+00:00,wine,f1,cubic_spline,"h=2.0,k=20",30,0.9493827160493828,rational_quadratic,"alpha=2.0,k=20,l=0.01",30,0.95668430335097,30,30,-0.007301587301587283,30.5,0.8206663380633711,0.06834901173682285,-0.40414814797809867,0.6890689128514027,1.0,False
2026-08-30T05:51:22.320585+00:00,wine,f1,cubic_spline,"h=2.0,k=20",30,0.9493827160493828,rbf_gaussian,"epsilon=0.1,k=20",30,0.9538183421516756,30,30,-0.004435626102292759,4.0,0.7054569861112734,0.18898223650461363,-0.4072318777242067,0.6868280971429459,1.0,False
2026-08-30T05:51:22.349005+00:00,wine,f1,cubic_spline,"h=2.0,k=20",30,0.9493827160493828,shepard,"k=20,z=4.0",30,0.95668430335097,30,30,-0.007301587301587283,30.5,0.8206663380633711,0.06834901173682285,-0.40414814797809867,0.6890689128514027,1.0,False
2026-08-30T05:51:22.377529+00:00,wine,f1,cubic_spline,"h=2.0,k=20",30,0.9493827160493828,sigmoidal,"alpha=1.0,c=2.0,k=20",30,0.9587125220458553,30,30,-0.009329805996472647,15.0,0.666632055322476,0.15230192477004284,-0.6105396587016765,0.5462599132732899,1.0,False
2026-08-30T05:51:22.405693+00:00,wine,f1,cubic_spline,"h=2.0,k=20",30,0.9493827160493828,softmax_radial,"beta=1.0,k=20",30,0.9558906525573191,30,30,-0.006507936507936489,21.0,0.8563114607187767,0.060357164028345685,-0.39180944964319897,0.6980635032996361,1.0,False
2026-08-30T05:51:22.434846+00:00,wine,f1,cubic_spline,"h=2.0,k=20",30,0.9493827160493828,student_t,"k=20,nu=0.01",30,0.9481746031746032,30,30,0.0012081128747795582,6.0,0.338724147759658,0.39056673294247185,0.08701769271257516,0.9312555243565095,1.0,False
2026-08-30T05:51:22.461339+00:00,wine,f1,cubic_spline,"h=2.0,k=20",30,0.9493827160493828,wendland_c2,"h=2.0,k=20",30,0.9493827160493828,30,30,0.0,,,,,,,False
2026-08-30T05:51:22.489457+00:00,wine,f1,entropic,"beta=0.1,k=20",30,0.9537742504409171,gen_exponential,"epsilon=1.0,k=20,p=1.0",30,0.9558906525573191,30,30,-0.0021164021164021053,3.0,1.0,0.0,-0.22347839877427442,0.8247299999868418,1.0,False
2026-08-30T05:51:22.517072+00:00,wine,f1,entropic,"beta=0.1,k=20",30,0.9537742504409171,harmonic,"k=20,nu=0.001",30,0.9481746031746032,30,30,0.0055996472663139415,0.0,0.17971249487899976,0.9486832980505135,0.6913683719628921,0.49483196928111317,1.0,False
2026-08-30T05:51:22.546102+00:00,wine,f1,entropic,"beta=0.1,k=20",30,0.9537742504409171,inverse_multiquadratic,"c=1.0,k=20",30,0.9509964726631392,30,30,0.0027777777777777827,0.0,0.31731050786291415,1.0,0.4803844614152613,0.6345580711906083,1.0,False
2026-08-30T05:51:22.574407+00:00,wine,f1,entropic,"beta=0.1,k=20",30,0.9537742504409171,laplacian,"epsilon=1.0,k=20",30,0.9558906525573191,30,30,-0.0021164021164021053,3.0,1.0,0.0,-0.22347839877427442,0.8247299999868418,1.0,False
2026-08-30T05:51:22.602260+00:00,wine,f1,entropic,"beta=0.1,k=20",30,0.9537742504409171,logarithmic,"c=0.5,k=20",30,0.9509964726631392,30,30,0.0027777777777777827,0.0,0.31731050786291415,1.0,0.4803844614152613,0.6345580711906083,1.0,False
2026-08-30T05:51:22.629311+00:00,wine,f1,entropic,"beta=0.1,k=20",30,0.9537742504409171,lorentzian,k=20,30,0.95668430335097,30,30,-0.0029100529100528996,11.5,0.6698153575994166,0.16116459280507606,-0.19600941133905853,0.8459698450145201,1.0,False
2026-08-30T05:51:22.657945+00:00,wine,f1,entropic,"beta=0.1,k=20",30,0.9537742504409171,multiquadratic,"c=0.1,k=20",30,0.9436331569664904,30,30,0.010141093474426795,14.0,0.5716076449533316,0.19999999999999996,0.6507010090953173,0.5203621682255601,1.0,False
2026-08-30T05:51:22.687188+00:00,wine,f1,entropic,"beta=0.1,k=20",30,0.9537742504409171,quartic_spline,"h=2.0,k=20",30,0.9493827160493828,30,30,0.004391534391534383,10.0,0.9155825203905921,0.04327423224079158,0.3194523349027082,0.751673469607629,1.0,False
2026-08-30T05:51:22.715840+00:00,wine,f1,entropic,"beta=0.1,k=20",30,0.9537742504409171,radial,"k=20,z=2.0",30,0.9587125220458553,30,30,-0.004938271604938264,0.0,0.15729920705028502,1.0000000000000002,-0.6913913349341152,0.49481775505013803,1.0,False
2026-08-30T05:51:22.744714+00:00,wine,f1,entropic,"beta=0.1,k=20",30,0.9537742504409171,rational_quadratic,"alpha=2.0,k=20,l=0.01",30,0.95668430335097,30,30,-0.0029100529100528996,11.5,0.6698153575994166,0.16116459280507606,-0.19600941133905853,0.8459698450145201,1.0,False
2026-08-30T05:51:22.772515+00:00,wine,f1,entropic,"beta=0.1,k=20",30,0.9537742504409171,rbf_gaussian,"epsilon=0.1,k=20",30,0.9538183421516756,30,30,-4.409171075837603e-05,1.0,0.6547208460185769,0.316227766016838,-0.0052592768694866305,0.9958397364120553,1.0,False
2026-08-30T05:51:22.800372+00:00,wine,f1,entropic,"beta=0.1,k=20",30,0.9537742504409171,shepard,"k=20,z=4.0",30,0.95668430335097,30,30,-0.0029100529100528996,11.5,0.6698153575994166,0.16116459280507606,-0.19600941133905853,0.8459698450145201,1.0,False
2026-08-30T05:51:22.828405+00:00,wine,f1,entropic,"beta=0.1,k=20",30,0.9537742504409171,sigmoidal,"alpha=1.0,c=2.0,k=20",30,0.9587125220458553,30,30,-0.004938271604938264,0.0,0.15729920705028502,1.0000000000000002,-0.6913913349341152,0.49481775505013803,1.0,False
2026-08-30T05:51:22.855866+00:00,wine,f1,entropic,"beta=0.1,k=20",30,0.9537742504409171,softmax_radial,"beta=1.0,k=20",30,0.9558906525573191,30,30,-0.0021164021164021053,3.0,1.0,0.0,-0.22347839877427442,0.8247299999868418,1.0,False
2026-08-30T05:51:22.883262+00:00,wine,f1,entropic,"beta=0.1,k=20",30,0.9537742504409171,student_t,"k=20,nu=0.01",30,0.9481746031746032,30,30,0.0055996472663139415,0.0,0.17971249487899976,0.9486832980505135,0.6913683719628921,0.49483196928111317,1.0,False
2026-08-30T05:51:22.913035+00:00,wine,f1,entropic,"beta=0.1,k=20",30,0.9537742504409171,wendland_c2,"h=2.0,k=20",30,0.9493827160493828,30,30,0.004391534391534383,10.0,0.9155825203905921,0.04327423224079158,0.3194523349027082,0.751673469607629,1.0,False
2026-08-30T05:51:22.942171+00:00,wine,f1,gen_exponential,"epsilon=1.0,k=20,p=1.0",30,0.9558906525573191,harmonic,"k=20,nu=0.001",30,0.9481746031746032,30,30,0.007716049382716046,0.0,0.10247043485974937,0.9428090415820637,0.8607875673379977,0.3964162526863928,1.0,False
2026-08-30T05:51:22.970574+00:00,wine,f1,gen_exponential,"epsilon=1.0,k=20,p=1.0",30,0.9558906525573191,inverse_multiquadratic,"c=1.0,k=20",30,0.9509964726631392,30,30,0.0048941798941798875,4.0,0.7127018566581784,0.1841149235796647,0.44425510631464615,0.6601557851688644,1.0,False
2026-08-30T05:51:22.997145+00:00,wine,f1,gen_exponential,"epsilon=1.0,k=20,p=1.0",30,0.9558906525573191,laplacian,"epsilon=1.0,k=20",30,0.9558906525573191,30,30,0.0,,,,,,,False
2026-08-30T05:51:23.024969+00:00,wine,f1,gen_exponential,"epsilon=1.0,k=20,p=1.0",30,0.9558906525573191,logarithmic,"c=0.5,k=20",30,0.9509964726631392,30,30,0.0048941798941798875,4.0,0.7127018566581784,0.1841149235796647,0.44425510631464615,0.6601557851688644,1.0,False
2026-08-30T05:51:23.052822+00:00,wine,f1,gen_exponential,"epsilon=1.0,k=20,p=1.0",30,0.9558906525573191,lorentzian,k=20,30,0.95668430335097,30,30,-0.0007936507936507945,3.0,0.4652088184521418,0.36514837167011077,-0.06927966816335672,0.9452425231226784,1.0,False
2026-08-30T05:51:23.082536+00:00,wine,f1,gen_exponential,"epsilon=1.0,k=20,p=1.0",30,0.9558906525573191,multiquadratic,"c=0.1,k=20",30,0.9436331569664904,30,30,0.0122574955908289,17.0,0.5067358795793454,0.2213096014372676,0.7679430030911085,0.4487293507989909,1.0,False
2026-08-30T05:51:23.111883+00:00,wine,f1,gen_exponential,"epsilon=1.0,k=20,p=1.0",30,0.9558906525573191,quartic_spline,"h=2.0,k=20",30,0.9493827160493828,30,30,0.006507936507936489,21.0,0.8563114607187767,0.060357164028345685,0.39180944964319897,0.6980635032996361,1.0,False
2026-08-30T05:51:23.140394+00:00,wine,f1,gen_exponential,"epsilon=1.0,k=20,p=1.0",30,0.9558906525573191,radial,"k=20,z=2.0",30,0.9587125220458553,30,30,-0.002821869488536159,0.0,0.31731050786291415,1.0,-0.48038446141526153,0.6345580711906078,1.0,False
2026-08-30T05:51:23.168790+00:00,wine,f1,gen_exponential,"epsilon=1.0,k=20,p=1.0",30,0.9558906525573191,rational_quadratic,"alpha=2.0,k=20,l=0.01",30,0.95668430335097,30,30,-0.0007936507936507945,3.0,0.4652088184521418,0.36514837167011077,-0.06927966816335672,0.9452425231226784,1.0,False
2026-08-30T05:51:23.197975+00:00,wine,f1,gen_exponential,"epsilon=1.0,k=20,p=1.0",30,0.9558906525573191,rbf_gaussian,"epsilon=0.1,k=20",30,0.9538183421516756,30,30,0.002072310405643729,6.0,0.6830913983096087,0.18257418583505536,0.16383109462978937,0.8710005950137782,1.0,False
2026-08-30T05:51:23.226513+00:00,wine,f1,gen_exponential,"epsilon=1.0,k=20,p=1.0",30,0.9558906525573191,shepard,"k=20,z=4.0",30,0.95668430335097,30,30,-0.0007936507936507945,3.0,0.4652088184521418,0.36514837167011077,-0.06927966816335672,0.9452425231226784,1.0,False
2026-08-30T05:51:23.254849+00:00,wine,f1,gen_exponential,"epsilon=1.0,k=20,p=1.0",30,0.9558906525573191,sigmoidal,"alpha=1.0,c=2.0,k=20",30,0.9587125220458553,30,30,-0.002821869488536159,0.0,0.31731050786291415,1.0,-0.48038446141526153,0.6345580711906078,1.0,False
2026-08-30T05:51:23.281981+00:00,wine,f1,gen_exponential,"epsilon=1.0,k=20,p=1.0",30,0.9558906525573191,softmax_radial,"beta=1.0,k=20",30,0.9558906525573191,30,30,0.0,,,,,,,False
2026-08-30T05:51:23.310626+00:00,wine,f1,gen_exponential,"epsilon=1.0,k=20,p=1.0",30,0.9558906525573191,student_t,"k=20,nu=0.01",30,0.9481746031746032,30,30,0.007716049382716046,0.0,0.10247043485974937,0.9428090415820637,0.8607875673379977,0.3964162526863928,1.0,False
2026-08-30T05:51:23.338998+00:00,wine,f1,gen_exponential,"epsilon=1.0,k=20,p=1.0",30,0.9558906525573191,wendland_c2,"h=2.0,k=20",30,0.9493827160493828,30,30,0.006507936507936489,21.0,0.8563114607187767,0.060357164028345685,0.39180944964319897,0.6980635032996361,1.0,False
2026-08-30T05:51:23.367156+00:00,wine,f1,harmonic,"k=20,nu=0.001",30,0.9481746031746032,inverse_multiquadratic,"c=1.0,k=20",30,0.9509964726631392,30,30,-0.002821869488536159,0.0,0.31731050786291415,1.0,-0.48038446141526153,0.6345580711906078,1.0,False
2026-08-30T05:51:23.395976+00:00,wine,f1,harmonic,"k=20,nu=0.001",30,0.9481746031746032,laplacian,"epsilon=1.0,k=20",30,0.9558906525573191,30,30,-0.007716049382716046,0.0,0.10247043485974937,0.9428090415820637,-0.8607875673379977,0.3964162526863928,1.0,False
2026-08-30T05:51:23.423666+00:00,wine,f1,harmonic,"k=20,nu=0.001",30,0.9481746031746032,logarithmic,"c=0.5,k=20",30,0.9509964726631392,30,30,-0.002821869488536159,0.0,0.31731050786291415,1.0,-0.48038446141526153,0.6345580711906078,1.0,False
2026-08-30T05:51:23.453610+00:00,wine,f1,harmonic,"k=20,nu=0.001",30,0.9481746031746032,lorentzian,k=20,30,0.95668430335097,30,30,-0.008509700176366842,6.0,0.1731945874792824,0.5147915616702294,-0.5875659645435495,0.5613712533251385,1.0,False
2026-08-30T05:51:23.481138+00:00,wine,f1,harmonic,"k=20,nu=0.001",30,0.9481746031746032,multiquadratic,"c=0.1,k=20",30,0.9436331569664904,30,30,0.0045414462081128535,10.0,0.9153452831107657,0.04339630366027458,0.33399447019903744,0.7407870210742791,1.0,False
2026-08-30T05:51:23.509016+00:00,wine,f1,harmonic,"k=20,nu=0.001",30,0.9481746031746032,quartic_spline,"h=2.0,k=20",30,0.9493827160493828,30,30,-0.0012081128747795582,6.0,0.338724147759658,0.39056673294247185,-0.08701769271257516,0.9312555243565095,1.0,False
2026-08-30T05:51:23.536839+00:00,wine,f1,harmonic,"k=20,nu=0.001",30,0.9481746031746032,radial,"k=20,z=2.0",30,0.9587125220458553,30,30,-0.010537918871252206,0.0,0.06559969214707187,0.9205746178983235,-1.0123666713808173,0.3197353266819376,1.0,False
2026-08-30T05:51:23.565027+00:00,wine,f1,harmonic,"k=20,nu=0.001",30,0.9481746031746032,rational_quadratic,"alpha=2.0,k=20,l=0.01",30,0.95668430335097,30,30,-0.008509700176366842,6.0,0.1731945874792824,0.5147915616702294,-0.5875659645435495,0.5613712533251385,1.0,False
2026-08-30T05:51:23.592906+00:00,wine,f1,harmonic,"k=20,nu=0.001",30,0.9481746031746032,rbf_gaussian,"epsilon=0.1,k=20",30,0.9538183421516756,30,30,-0.005643738977072318,0.0,0.15729920705028502,1.0000000000000002,-0.6913913349341152,0.49481775505013803,1.0,False
2026-08-30T05:51:23.620531+00:00,wine,f1,harmonic,"k=20,nu=0.001",30,0.9481746031746032,shepard,"k=20,z=4.0",30,0.95668430335097,30,30,-0.008509700176366842,6.0,0.1731945874792824,0.5147915616702294,-0.5875659645435495,0.5613712533251385,1.0,False
2026-08-30T05:51:23.648592+00:00,wine,f1,harmonic,"k=20,nu=0.001",30,0.9481746031746032,sigmoidal,"alpha=1.0,c=2.0,k=20",30,0.9587125220458553,30,30,-0.010537918871252206,0.0,0.06559969214707187,0.9205746178983235,-1.0123666713808173,0.3197353266819376,1.0,False
2026-08-30T05:51:23.676277+00:00,wine,f1,harmonic,"k=20,nu=0.001",30,0.9481746031746032,softmax_radial,"beta=1.0,k=20",30,0.9558906525573191,30,30,-0.007716049382716046,0.0,0.10247043485974937,0.9428090415820637,-0.8607875673379977,0.3964162526863928,1.0,False
2026-08-30T05:51:23.701775+00:00,wine,f1,harmonic,"k=20,nu=0.001",30,0.9481746031746032,student_t,"k=20,nu=0.01",30,0.9481746031746032,30,30,0.0,,,,,,,False
2026-08-30T05:51:23.730175+00:00,wine,f1,harmonic,"k=20,nu=0.001",30,0.9481746031746032,wendland_c2,"h=2.0,k=20",30,0.9493827160493828,30,30,-0.0012081128747795582,6.0,0.338724147759658,0.39056673294247185,-0.08701769271257516,0.9312555243565095,1.0,False
2026-08-30T05:51:23.759110+00:00,wine,f1,inverse_multiquadratic,"c=1.0,k=20",30,0.9509964726631392,laplacian,"epsilon=1.0,k=20",30,0.9558906525573191,30,30,-0.0048941798941798875,4.0,0.7127018566581784,0.1841149235796647,-0.44425510631464615,0.6601557851688644,1.0,False
2026-08-30T05:51:23.785216+00:00,wine,f1,inverse_multiquadratic,"c=1.0,k=20",30,0.9509964726631392,logarithmic,"c=0.5,k=20",30,0.9509964726631392,30,30,0.0,,,,,,,False
2026-08-30T05:51:23.813602+00:00,wine,f1,inverse_multiquadratic,"c=1.0,k=20",30,0.9509964726631392,lorentzian,k=20,30,0.95668430335097,30,30,-0.005687830687830683,12.5,0.4383887362031065,0.27397451476269485,-0.35869921485562006,0.7224183982023673,1.0,False
2026-08-30T05:51:23.842176+00:00,wine,f1,inverse_multiquadratic,"c=1.0,k=20",30,0.9509964726631392,multiquadratic,"c=0.1,k=20",30,0.9436331569664904,30,30,0.007363315696649012,12.0,0.7316005889599013,0.1296407447104329,0.5015157975423954,0.619794301545739,1.0,False
2026-08-30T05:51:23.869740+00:00,wine,f1,inverse_multiquadratic,"c=1.0,k=20",30,0.9509964726631392,quartic_spline,"h=2.0,k=20",30,0.9493827160493828,30,30,0.0016137566137566007,6.0,0.6802795473344503,0.18428853505018536,0.12883881649738796,0.8983745908396221,1.0,False
2026-08-30T05:51:23.897646+00:00,wine,f1,inverse_multiquadratic,"c=1.0,k=20",30,0.9509964726631392,radial,"k=20,z=2.0",30,0.9587125220458553,30,30,-0.007716049382716046,0.0,0.10247043485974937,0.9428090415820637,-0.8607875673379977,0.3964162526863928,1.0,False
2026-08-30T05:51:23.925785+00:00,wine,f1,inverse_multiquadratic,"c=1.0,k=20",30,0.9509964726631392,rational_quadratic,"alpha=2.0,k=20,l=0.01",30,0.95668430335097,30,30,-0.005687830687830683,12.5,0.4383887362031065,0.27397451476269485,-0.35869921485562006,0.7224183982023673,1.0,False
2026-08-30T05:51:23.962051+00:00,wine,f1,inverse_multiquadratic,"c=1.0,k=20",30,0.9509964726631392,rbf_gaussian,"epsilon=0.1,k=20",30,0.9538183421516756,30,30,-0.002821869488536159,0.0,0.31731050786291415,1.0,-0.48038446141526153,0.6345580711906078,1.0,False
2026-08-30T05:51:23.989822+00:00,wine,f1,inverse_multiquadratic,"c=1.0,k=20",30,0.9509964726631392,shepard,"k=20,z=4.0",30,0.95668430335097,30,30,-0.005687830687830683,12.5,0.4383887362031065,0.27397451476269485,-0.35869921485562006,0.7224183982023673,1.0,False
2026-08-30T05:51:24.018021+00:00,wine,f1,inverse_multiquadratic,"c=1.0,k=20",30,0.9509964726631392,sigmoidal,"alpha=1.0,c=2.0,k=20",30,0.9587125220458553,30,30,-0.007716049382716046,0.0,0.10247043485974937,0.9428090415820637,-0.8607875673379977,0.3964162526863928,1.0,False
2026-08-30T05:51:24.046327+00:00,wine,f1,inverse_multiquadratic,"c=1.0,k=20",30,0.9509964726631392,softmax_radial,"beta=1.0,k=20",30,0.9558906525573191,30,30,-0.0048941798941798875,4.0,0.7127018566581784,0.1841149235796647,-0.44425510631464615,0.6601557851688644,1.0,False
2026-08-30T05:51:24.074557+00:00,wine,f1,inverse_multiquadratic,"c=1.0,k=20",30,0.9509964726631392,student_t,"k=20,nu=0.01",30,0.9481746031746032,30,30,0.002821869488536159,0.0,0.31731050786291415,1.0,0.48038446141526153,0.6345580711906078,1.0,False
2026-08-30T05:51:24.102735+00:00,wine,f1,inverse_multiquadratic,"c=1.0,k=20",30,0.9509964726631392,wendland_c2,"h=2.0,k=20",30,0.9493827160493828,30,30,0.0016137566137566007,6.0,0.6802795473344503,0.18428853505018536,0.12883881649738796,0.8983745908396221,1.0,False
2026-08-30T05:51:24.131415+00:00,wine,f1,laplacian,"epsilon=1.0,k=20",30,0.9558906525573191,logarithmic,"c=0.5,k=20",30,0.9509964726631392,30,30,0.0048941798941798875,4.0,0.7127018566581784,0.1841149235796647,0.44425510631464615,0.6601557851688644,1.0,False
2026-08-30T05:51:24.160309+00:00,wine,f1,laplacian,"epsilon=1.0,k=20",30,0.9558906525573191,lorentzian,k=20,30,0.95668430335097,30,30,-0.0007936507936507945,3.0,0.4652088184521418,0.36514837167011077,-0.06927966816335672,0.9452425231226784,1.0,False
2026-08-30T05:51:24.189056+00:00,wine,f1,laplacian,"epsilon=1.0,k=20",30,0.9558906525573191,multiquadratic,"c=0.1,k=20",30,0.9436331569664904,30,30,0.0122574955908289,17.0,0.5067358795793454,0.2213096014372676,0.7679430030911085,0.4487293507989909,1.0,False
2026-08-30T05:51:24.217880+00:00,wine,f1,laplacian,"epsilon=1.0,k=20",30,0.9558906525573191,quartic_spline,"h=2.0,k=20",30,0.9493827160493828,30,30,0.006507936507936489,21.0,0.8563114607187767,0.060357164028345685,0.39180944964319897,0.6980635032996361,1.0,False
2026-08-30T05:51:24.245633+00:00,wine,f1,laplacian,"epsilon=1.0,k=20",30,0.9558906525573191,radial,"k=20,z=2.0",30,0.9587125220458553,30,30,-0.002821869488536159,0.0,0.31731050786291415,1.0,-0.48038446141526153,0.6345580711906078,1.0,False
2026-08-30T05:51:24.273700+00:00,wine,f1,laplacian,"epsilon=1.0,k=20",30,0.9558906525573191,rational_quadratic,"alpha=2.0,k=20,l=0.01",30,0.95668430335097,30,30,-0.0007936507936507945,3.0,0.4652088184521418,0.36514837167011077,-0.06927966816335672,0.9452425231226784,1.0,False
2026-08-30T05:51:24.300760+00:00,wine,f1,laplacian,"epsilon=1.0,k=20",30,0.9558906525573191,rbf_gaussian,"epsilon=0.1,k=20",30,0.9538183421516756,30,30,0.002072310405643729,6.0,0.6830913983096087,0.18257418583505536,0.16383109462978937,0.8710005950137782,1.0,False
2026-08-30T05:51:24.330274+00:00,wine,f1,laplacian,"epsilon=1.0,k=20",30,0.9558906525573191,shepard,"k=20,z=4.0",30,0.95668430335097,30,30,-0.0007936507936507945,3.0,0.4652088184521418,0.36514837167011077,-0.06927966816335672,0.9452425231226784,1.0,False
2026-08-30T05:51:24.358679+00:00,wine,f1,laplacian,"epsilon=1.0,k=20",30,0.9558906525573191,sigmoidal,"alpha=1.0,c=2.0,k=20",30,0.9587125220458553,30,30,-0.002821869488536159,0.0,0.31731050786291415,1.0,-0.48038446141526153,0.6345580711906078,1.0,False
2026-08-30T05:51:24.385268+00:00,wine,f1,laplacian,"epsilon=1.0,k=20",30,0.9558906525573191,softmax_radial,"beta=1.0,k=20",30,0.9558906525573191,30,30,0.0,,,,,,,False
2026-08-30T05:51:24.413069+00:00,wine,f1,laplacian,"epsilon=1.0,k=20",30,0.9558906525573191,student_t,"k=20,nu=0.01",30,0.9481746031746032,30,30,0.007716049382716046,0.0,0.10247043485974937,0.9428090415820637,0.8607875673379977,0.3964162526863928,1.0,False
2026-08-30T05:51:24.441629+00:00,wine,f1,laplacian,"epsilon=1.0,k=20",30,0.9558906525573191,wendland_c2,"h=2.0,k=20",30,0.9493827160493828,30,30,0.006507936507936489,21.0,0.8563114607187767,0.060357164028345685,0.39180944964319897,0.6980635032996361,1.0,False
2026-08-30T05:51:24.473440+00:00,wine,f1,logarithmic,"c=0.5,k=20",30,0.9509964726631392,lorentzian,k=20,30,0.95668430335097,30,30,-0.005687830687830683,12.5,0.4383887362031065,0.27397451476269485,-0.35869921485562006,0.7224183982023673,1.0,False
2026-08-30T05:51:24.506383+00:00,wine,f1,logarithmic,"c=0.5,k=20",30,0.9509964726631392,multiquadratic,"c=0.1,k=20",30,0.9436331569664904,30,30,0.007363315696649012,12.0,0.7316005889599013,0.1296407447104329,0.5015157975423954,0.619794301545739,1.0,False
2026-08-30T05:51:24.535409+00:00,wine,f1,logarithmic,"c=0.5,k=20",30,0.9509964726631392,quartic_spline,"h=2.0,k=20",30,0.9493827160493828,30,30,0.0016137566137566007,6.0,0.6802795473344503,0.18428853505018536,0.12883881649738796,0.8983745908396221,1.0,False
2026-08-30T05:51:24.563031+00:00,wine,f1,logarithmic,"c=0.5,k=20",30,0.9509964726631392,radial,"k=20,z=2.0",30,0.9587125220458553,30,30,-0.007716049382716046,0.0,0.10247043485974937,0.9428090415820637,-0.8607875673379977,0.3964162526863928,1.0,False
2026-08-30T05:51:24.591566+00:00,wine,f1,logarithmic,"c=0.5,k=20",30,0.9509964726631392,rational_quadratic,"alpha=2.0,k=20,l=0.01",30,0.95668430335097,30,30,-0.005687830687830683,12.5,0.4383887362031065,0.27397451476269485,-0.35869921485562006,0.7224183982023673,1.0,False
2026-08-30T05:51:24.619165+00:00,wine,f1,logarithmic,"c=0.5,k=20",30,0.9509964726631392,rbf_gaussian,"epsilon=0.1,k=20",30,0.9538183421516756,30,30,-0.002821869488536159,0.0,0.31731050786291415,1.0,-0.48038446141526153,0.6345580711906078,1.0,False
2026-08-30T05:51:24.647032+00:00,wine,f1,logarithmic,"c=0.5,k=20",30,0.9509964726631392,shepard,"k=20,z=4.0",30,0.95668430335097,30,30,-0.005687830687830683,12.5,0.4383887362031065,0.27397451476269485,-0.35869921485562006,0.7224183982023673,1.0,False
2026-08-30T05:51:24.675484+00:00,wine,f1,logarithmic,"c=0.5,k=20",30,0.9509964726631392,sigmoidal,"alpha=1.0,c=2.0,k=20",30,0.9587125220458553,30,30,-0.007716049382716046,0.0,0.10247043485974937,0.9428090415820637,-0.8607875673379977,0.3964162526863928,1.0,False
2026-08-30T05:51:24.703712+00:00,wine,f1,logarithmic,"c=0.5,k=20",30,0.9509964726631392,softmax_radial,"beta=1.0,k=20",30,0.9558906525573191,30,30,-0.0048941798941798875,4.0,0.7127018566581784,0.1841149235796647,-0.44425510631464615,0.6601557851688644,1.0,False
2026-08-30T05:51:24.731264+00:00,wine,f1,logarithmic,"c=0.5,k=20",30,0.9509964726631392,student_t,"k=20,nu=0.01",30,0.9481746031746032,30,30,0.002821869488536159,0.0,0.31731050786291415,1.0,0.48038446141526153,0.6345580711906078,1.0,False
2026-08-30T05:51:24.759892+00:00,wine,f1,logarithmic,"c=0.5,k=20",30,0.9509964726631392,wendland_c2,"h=2.0,k=20",30,0.9493827160493828,30,30,0.0016137566137566007,6.0,0.6802795473344503,0.18428853505018536,0.12883881649738796,0.8983745908396221,1.0,False
2026-08-30T05:51:24.787501+00:00,wine,f1,lorentzian,k=20,30,0.95668430335097,multiquadratic,"c=0.1,k=20",30,0.9436331569664904,30,30,0.013051146384479694,20.5,0.25800563620910244,0.34104476069679557,0.7392270621267937,0.4657109651327853,1.0,False
2026-08-30T05:51:24.815287+00:00,wine,f1,lorentzian,k=20,30,0.95668430335097,quartic_spline,"h=2.0,k=20",30,0.9493827160493828,30,30,0.007301587301587283,30.5,0.8206663380633711,0.06834901173682285,0.40414814797809867,0.6890689128514027,1.0,False
2026-08-30T05:51:24.842719+00:00,wine,f1,lorentzian,k=20,30,0.95668430335097,radial,"k=20,z=2.0",30,0.9587125220458553,30,30,-0.002028218694885364,6.5,0.7864570351373764,0.12115650656307647,-0.15722640152702805,0.8761559974869588,1.0,False
2026-08-30T05:51:24.869256+00:00,wine,f1,lorentzian,k=20,30,0.95668430335097,rational_quadratic,"alpha=2.0,k=20,l=0.01",30,0.95668430335097,30,30,0.0,,,,,,,False
2026-08-30T05:51:24.897411+00:00,wine,f1,lorentzian,k=20,30,0.95668430335097,rbf_gaussian,"epsilon=0.1,k=20",30,0.9538183421516756,30,30,0.002865961199294524,20.0,0.7654932886899393,0.09942499771198231,0.16808024787330483,0.8676868800549227,1.0,False
2026-08-30T05:51:24.925056+00:00,wine,f1,lorentzian,k=20,30,0.95668430335097,shepard,"k=20,z=4.0",30,0.95668430335097,30,30,0.0,,,,,,,False
2026-08-30T05:51:24.952548+00:00,wine,f1,lorentzian,k=20,30,0.95668430335097,sigmoidal,"alpha=1.0,c=2.0,k=20",30,0.9587125220458553,30,30,-0.002028218694885364,6.5,0.7864570351373764,0.12115650656307647,-0.15722640152702805,0.8761559974869588,1.0,False
2026-08-30T05:51:24.980481+00:00,wine,f1,lorentzian,k=20,30,0.95668430335097,softmax_radial,"beta=1.0,k=20",30,0.9558906525573191,30,30,0.0007936507936507945,3.0,0.4652088184521418,0.36514837167011077,0.06927966816335672,0.9452425231226784,1.0,False
2026-08-30T05:51:25.009072+00:00,wine,f1,lorentzian,k=20,30,0.95668430335097,student_t,"k=20,nu=0.01",30,0.9481746031746032,30,30,0.008509700176366842,6.0,0.1731945874792824,0.5147915616702294,0.5875659645435495,0.5613712533251385,1.0,False
2026-08-30T05:51:25.037449+00:00,wine,f1,lorentzian,k=20,30,0.95668430335097,wendland_c2,"h=2.0,k=20",30,0.9493827160493828,30,30,0.007301587301587283,30.5,0.8206663380633711,0.06834901173682285,0.40414814797809867,0.6890689128514027,1.0,False
2026-08-30T05:51:25.065414+00:00,wine,f1,multiquadratic,"c=0.1,k=20",30,0.9436331569664904,quartic_spline,"h=2.0,k=20",30,0.9493827160493828,30,30,-0.005749559082892412,2.5,0.3572725590318747,0.4602873089491618,-0.48483517965186534,0.6314354777829447,1.0,False
2026-08-30T05:51:25.092969+00:00,wine,f1,multiquadratic,"c=0.1,k=20",30,0.9436331569664904,radial,"k=20,z=2.0",30,0.9587125220458553,30,30,-0.015079365079365059,18.0,0.32522236287281314,0.3110994082653585,-0.9028790730612308,0.37402883175553714,1.0,False
2026-08-30T05:51:25.121333+00:00,wine,f1,multiquadratic,"c=0.1,k=20",30,0.9436331569664904,rational_quadratic,"alpha=2.0,k=20,l=0.01",30,0.95668430335097,30,30,-0.013051146384479694,20.5,0.25800563620910244,0.34104476069679557,-0.7392270621267937,0.4657109651327853,1.0,False
2026-08-30T05:51:25.149162+00:00,wine,f1,multiquadratic,"c=0.1,k=20",30,0.9436331569664904,rbf_gaussian,"epsilon=0.1,k=20",30,0.9538183421516756,30,30,-0.01018518518518517,5.5,0.2877873901541501,0.43396303660274627,-0.7755559138798874,0.44429009070469827,1.0,False
2026-08-30T05:51:25.177237+00:00,wine,f1,multiquadratic,"c=0.1,k=20",30,0.9436331569664904,shepard,"k=20,z=4.0",30,0.95668430335097,30,30,-0.013051146384479694,20.5,0.25800563620910244,0.34104476069679557,-0.7392270621267937,0.4657109651327853,1.0,False
2026-08-30T05:51:25.205148+00:00,wine,f1,multiquadratic,"c=0.1,k=20",30,0.9436331569664904,sigmoidal,"alpha=1.0,c=2.0,k=20",30,0.9587125220458553,30,30,-0.015079365079365059,18.0,0.32522236287281314,0.3110994082653585,-0.9028790730612308,0.37402883175553714,1.0,False
2026-08-30T05:51:25.233790+00:00,wine,f1,multiquadratic,"c=0.1,k=20",30,0.9436331569664904,softmax_radial,"beta=1.0,k=20",30,0.9558906525573191,30,30,-0.0122574955908289,17.0,0.5067358795793454,0.2213096014372676,-0.7679430030911085,0.4487293507989909,1.0,False
2026-08-30T05:51:25.261858+00:00,wine,f1,multiquadratic,"c=0.1,k=20",30,0.9436331569664904,student_t,"k=20,nu=0.01",30,0.9481746031746032,30,30,-0.0045414462081128535,10.0,0.9153452831107657,0.04339630366027458,-0.33399447019903744,0.7407870210742791,1.0,False
2026-08-30T05:51:25.291054+00:00,wine,f1,multiquadratic,"c=0.1,k=20",30,0.9436331569664904,wendland_c2,"h=2.0,k=20",30,0.9493827160493828,30,30,-0.005749559082892412,2.5,0.3572725590318747,0.4602873089491618,-0.48483517965186534,0.6314354777829447,1.0,False
2026-08-30T05:51:25.318911+00:00,wine,f1,quartic_spline,"h=2.0,k=20",30,0.9493827160493828,radial,"k=20,z=2.0",30,0.9587125220458553,30,30,-0.009329805996472647,15.0,0.666632055322476,0.15230192477004284,-0.6105396587016765,0.5462599132732899,1.0,False
2026-08-30T05:51:25.347632+00:00,wine,f1,quartic_spline,"h=2.0,k=20",30,0.9493827160493828,rational_quadratic,"alpha=2.0,k=20,l=0.01",30,0.95668430335097,30,30,-0.007301587301587283,30.5,0.8206663380633711,0.06834901173682285,-0.40414814797809867,0.6890689128514027,1.0,False
2026-08-30T05:51:25.375616+00:00,wine,f1,quartic_spline,"h=2.0,k=20",30,0.9493827160493828,rbf_gaussian,"epsilon=0.1,k=20",30,0.9538183421516756,30,30,-0.004435626102292759,4.0,0.7054569861112734,0.18898223650461363,-0.4072318777242067,0.6868280971429459,1.0,False
2026-08-30T05:51:25.403628+00:00,wine,f1,quartic_spline,"h=2.0,k=20",30,0.9493827160493828,shepard,"k=20,z=4.0",30,0.95668430335097,30,30,-0.007301587301587283,30.5,0.8206663380633711,0.06834901173682285,-0.40414814797809867,0.6890689128514027,1.0,False
2026-08-30T05:51:25.432715+00:00,wine,f1,quartic_spline,"h=2.0,k=20",30,0.9493827160493828,sigmoidal,"alpha=1.0,c=2.0,k=20",30,0.9587125220458553,30,30,-0.009329805996472647,15.0,0.666632055322476,0.15230192477004284,-0.6105396587016765,0.5462599132732899,1.0,False
2026-08-30T05:51:25.461527+00:00,wine,f1,quartic_spline,"h=2.0,k=20",30,0.9493827160493828,softmax_radial,"beta=1.0,k=20",30,0.9558906525573191,30,30,-0.006507936507936489,21.0,0.8563114607187767,0.060357164028345685,-0.39180944964319897,0.6980635032996361,1.0,False
2026-08-30T05:51:25.489301+00:00,wine,f1,quartic_spline,"h=2.0,k=20",30,0.9493827160493828,student_t,"k=20,nu=0.01",30,0.9481746031746032,30,30,0.0012081128747795582,6.0,0.338724147759658,0.39056673294247185,0.08701769271257516,0.9312555243565095,1.0,False
2026-08-30T05:51:25.515399+00:00,wine,f1,quartic_spline,"h=2.0,k=20",30,0.9493827160493828,wendland_c2,"h=2.0,k=20",30,0.9493827160493828,30,30,0.0,,,,,,,False
2026-08-30T05:51:25.553086+00:00,wine,f1,radial,"k=20,z=2.0",30,0.9587125220458553,rational_quadratic,"alpha=2.0,k=20,l=0.01",30,0.95668430335097,30,30,0.002028218694885364,6.5,0.7864570351373764,0.12115650656307647,0.15722640152702805,0.8761559974869588,1.0,False
2026-08-30T05:51:25.581187+00:00,wine,f1,radial,"k=20,z=2.0",30,0.9587125220458553,rbf_gaussian,"epsilon=0.1,k=20",30,0.9538183421516756,30,30,0.0048941798941798875,4.0,0.7127018566581784,0.1841149235796647,0.44425510631464615,0.6601557851688644,1.0,False
2026-08-30T05:51:25.608763+00:00,wine,f1,radial,"k=20,z=2.0",30,0.9587125220458553,shepard,"k=20,z=4.0",30,0.95668430335097,30,30,0.002028218694885364,6.5,0.7864570351373764,0.12115650656307647,0.15722640152702805,0.8761559974869588,1.0,False
2026-08-30T05:51:25.635404+00:00,wine,f1,radial,"k=20,z=2.0",30,0.9587125220458553,sigmoidal,"alpha=1.0,c=2.0,k=20",30,0.9587125220458553,30,30,0.0,,,,,,,False
2026-08-30T05:51:25.663672+00:00,wine,f1,radial,"k=20,z=2.0",30,0.9587125220458553,softmax_radial,"beta=1.0,k=20",30,0.9558906525573191,30,30,0.002821869488536159,0.0,0.31731050786291415,1.0,0.48038446141526153,0.6345580711906078,1.0,False
2026-08-30T05:51:25.691732+00:00,wine,f1,radial,"k=20,z=2.0",30,0.9587125220458553,student_t,"k=20,nu=0.01",30,0.9481746031746032,30,30,0.010537918871252206,0.0,0.06559969214707187,0.9205746178983235,1.0123666713808173,0.3197353266819376,1.0,False
2026-08-30T05:51:25.719299+00:00,wine,f1,radial,"k=20,z=2.0",30,0.9587125220458553,wendland_c2,"h=2.0,k=20",30,0.9493827160493828,30,30,0.009329805996472647,15.0,0.666632055322476,0.15230192477004284,0.6105396587016765,0.5462599132732899,1.0,False
2026-08-30T05:51:25.748927+00:00,wine,f1,rational_quadratic,"alpha=2.0,k=20,l=0.01",30,0.95668430335097,rbf_gaussian,"epsilon=0.1,k=20",30,0.9538183421516756,30,30,0.002865961199294524,20.0,0.7654932886899393,0.09942499771198231,0.16808024787330483,0.8676868800549227,1.0,False
2026-08-30T05:51:25.776110+00:00,wine,f1,rational_quadratic,"alpha=2.0,k=20,l=0.01",30,0.95668430335097,shepard,"k=20,z=4.0",30,0.95668430335097,30,30,0.0,,,,,,,False
2026-08-30T05:51:25.804114+00:00,wine,f1,rational_quadratic,"alpha=2.0,k=20,l=0.01",30,0.95668430335097,sigmoidal,"alpha=1.0,c=2.0,k=20",30,0.9587125220458553,30,30,-0.002028218694885364,6.5,0.7864570351373764,0.12115650656307647,-0.15722640152702805,0.8761559974869588,1.0,False
2026-08-30T05:51:25.832509+00:00,wine,f1,rational_quadratic,"alpha=2.0,k=20,l=0.01",30,0.95668430335097,softmax_radial,"beta=1.0,k=20",30,0.9558906525573191,30,30,0.0007936507936507945,3.0,0.4652088184521418,0.36514837167011077,0.06927966816335672,0.9452425231226784,1.0,False
2026-08-30T05:51:25.861262+00:00,wine,f1,rational_quadratic,"alpha=2.0,k=20,l=0.01",30,0.95668430335097,student_t,"k=20,nu=0.01",30,0.9481746031746032,30,30,0.008509700176366842,6.0,0.1731945874792824,0.5147915616702294,0.5875659645435495,0.5613712533251385,1.0,False
2026-08-30T05:51:25.889001+00:00,wine,f1,rational_quadratic,"alpha=2.0,k=20,l=0.01",30,0.95668430335097,wendland_c2,"h=2.0,k=20",30,0.9493827160493828,30,30,0.007301587301587283,30.5,0.8206663380633711,0.06834901173682285,0.40414814797809867,0.6890689128514027,1.0,False
2026-08-30T05:51:25.916955+00:00,wine,f1,rbf_gaussian,"epsilon=0.1,k=20",30,0.9538183421516756,shepard,"k=20,z=4.0",30,0.95668430335097,30,30,-0.002865961199294524,20.0,0.7654932886899393,0.09942499771198231,-0.16808024787330483,0.8676868800549227,1.0,False
2026-08-30T05:51:25.945348+00:00,wine,f1,rbf_gaussian,"epsilon=0.1,k=20",30,0.9538183421516756,sigmoidal,"alpha=1.0,c=2.0,k=20",30,0.9587125220458553,30,30,-0.0048941798941798875,4.0,0.7127018566581784,0.1841149235796647,-0.44425510631464615,0.6601557851688644,1.0,False
2026-08-30T05:51:25.973665+00:00,wine,f1,rbf_gaussian,"epsilon=0.1,k=20",30,0.9538183421516756,softmax_radial,"beta=1.0,k=20",30,0.9558906525573191,30,30,-0.002072310405643729,6.0,0.6830913983096087,0.18257418583505536,-0.16383109462978937,0.8710005950137782,1.0,False
2026-08-30T05:51:26.001877+00:00,wine,f1,rbf_gaussian,"epsilon=0.1,k=20",30,0.9538183421516756,student_t,"k=20,nu=0.01",30,0.9481746031746032,30,30,0.005643738977072318,0.0,0.15729920705028502,1.0000000000000002,0.6913913349341152,0.49481775505013803,1.0,False
2026-08-30T05:51:26.031890+00:00,wine,f1,rbf_gaussian,"epsilon=0.1,k=20",30,0.9538183421516756,wendland_c2,"h=2.0,k=20",30,0.9493827160493828,30,30,0.004435626102292759,4.0,0.7054569861112734,0.18898223650461363,0.4072318777242067,0.6868280971429459,1.0,False
2026-08-30T05:51:26.060269+00:00,wine,f1,shepard,"k=20,z=4.0",30,0.95668430335097,sigmoidal,"alpha=1.0,c=2.0,k=20",30,0.9587125220458553,30,30,-0.002028218694885364,6.5,0.7864570351373764,0.12115650656307647,-0.15722640152702805,0.8761559974869588,1.0,False
2026-08-30T05:51:26.088178+00:00,wine,f1,shepard,"k=20,z=4.0",30,0.95668430335097,softmax_radial,"beta=1.0,k=20",30,0.9558906525573191,30,30,0.0007936507936507945,3.0,0.4652088184521418,0.36514837167011077,0.06927966816335672,0.9452425231226784,1.0,False
2026-08-30T05:51:26.116098+00:00,wine,f1,shepard,"k=20,z=4.0",30,0.95668430335097,student_t,"k=20,nu=0.01",30,0.9481746031746032,30,30,0.008509700176366842,6.0,0.1731945874792824,0.5147915616702294,0.5875659645435495,0.5613712533251385,1.0,False
2026-08-30T05:51:26.143798+00:00,wine,f1,shepard,"k=20,z=4.0",30,0.95668430335097,wendland_c2,"h=2.0,k=20",30,0.9493827160493828,30,30,0.007301587301587283,30.5,0.8206663380633711,0.06834901173682285,0.40414814797809867,0.6890689128514027,1.0,False
2026-08-30T05:51:26.172256+00:00,wine,f1,sigmoidal,"alpha=1.0,c=2.0,k=20",30,0.9587125220458553,softmax_radial,"beta=1.0,k=20",30,0.9558906525573191,30,30,0.002821869488536159,0.0,0.31731050786291415,1.0,0.48038446141526153,0.6345580711906078,1.0,False
2026-08-30T05:51:26.200918+00:00,wine,f1,sigmoidal,"alpha=1.0,c=2.0,k=20",30,0.9587125220458553,student_t,"k=20,nu=0.01",30,0.9481746031746032,30,30,0.010537918871252206,0.0,0.06559969214707187,0.9205746178983235,1.0123666713808173,0.3197353266819376,1.0,False
2026-08-30T05:51:26.230369+00:00,wine,f1,sigmoidal,"alpha=1.0,c=2.0,k=20",30,0.9587125220458553,wendland_c2,"h=2.0,k=20",30,0.9493827160493828,30,30,0.009329805996472647,15.0,0.666632055322476,0.15230192477004284,0.6105396587016765,0.5462599132732899,1.0,False
2026-08-30T05:51:26.258368+00:00,wine,f1,softmax_radial,"beta=1.0,k=20",30,0.9558906525573191,student_t,"k=20,nu=0.01",30,0.9481746031746032,30,30,0.007716049382716046,0.0,0.10247043485974937,0.9428090415820637,0.8607875673379977,0.3964162526863928,1.0,False
2026-08-30T05:51:26.286166+00:00,wine,f1,softmax_radial,"beta=1.0,k=20",30,0.9558906525573191,wendland_c2,"h=2.0,k=20",30,0.9493827160493828,30,30,0.006507936507936489,21.0,0.8563114607187767,0.060357164028345685,0.39180944964319897,0.6980635032996361,1.0,False
2026-08-30T05:51:26.314215+00:00,wine,f1,student_t,"k=20,nu=0.01",30,0.9481746031746032,wendland_c2,"h=2.0,k=20",30,0.9493827160493828,30,30,-0.0012081128747795582,6.0,0.338724147759658,0.39056673294247185,-0.08701769271257516,0.9312555243565095,1.0,False
