dataset,metric,basis_1,basis_2,p_value,p_value_holm,significant_after_holm,effect_size_rank_biserial_r,mean_diff_1_minus_2
fetal_health,f1,attention,cauchy,0.36056673509747184,1.0,False,-0.21333333333333335,0.004070663568641775
fetal_health,f1,attention,cosine,8.326023817062378e-07,0.00017484650015830994,True,0.9096774193548387,0.07108332750999397
fetal_health,f1,attention,cubic_spline,8.326023817062378e-07,0.00017484650015830994,True,0.9096774193548387,0.07265580527510745
fetal_health,f1,attention,entropic,0.06056523136794567,1.0,False,-0.3935483870967742,0.000801225565640995
fetal_health,f1,attention,gen_exponential,0.058573296793890506,1.0,False,0.49473684210526314,0.003015839739198667
fetal_health,f1,attention,harmonic,0.002852521233431342,0.28810464457656554,False,0.8011695906432749,0.005598388690966016
fetal_health,f1,attention,inverse_multiquadratic,0.8076239898901056,1.0,False,0.05928853754940711,0.008225118637430417
fetal_health,f1,attention,laplacian,0.023410143330693245,1.0,False,-0.47096774193548385,-0.009625692433959554
fetal_health,f1,attention,logarithmic,0.23116721286114483,1.0,False,0.27384615384615385,0.010791380827600228
fetal_health,f1,attention,lorentzian,0.00016229894900734112,0.02142346126896903,True,-0.8985507246376812,-0.009899024795093359
fetal_health,f1,attention,multiquadratic,0.0011812268496292772,0.12898581102490425,False,0.7142857142857143,0.019356059129925662
fetal_health,f1,attention,quartic_spline,9.98377799987793e-07,0.00020267069339752197,True,0.9053763440860215,0.07393462106092091
fetal_health,f1,attention,radial,0.013663241639733315,1.0,False,-0.5096774193548387,-0.010871089725326188
fetal_health,f1,attention,rational_quadratic,0.004939931735104196,0.43471399268916927,False,-0.6190476190476191,-0.008999162144038564
fetal_health,f1,attention,rbf_gaussian,0.06056523136794567,1.0,False,-0.3935483870967742,0.000801225565640995
fetal_health,f1,attention,shepard,0.028811461269779036,1.0,False,-0.4729064039408867,-0.00311566100067856
fetal_health,f1,attention,sigmoidal,0.009301122277975082,0.7626920267939568,False,-0.535483870967742,-0.015188626760516744
fetal_health,f1,attention,softmax_radial,0.023410143330693245,1.0,False,-0.47096774193548385,-0.009625692433959554
fetal_health,f1,attention,student_t,0.9584199496651095,1.0,False,0.012987012987012988,0.007788602488659424
fetal_health,f1,attention,wendland_c2,8.326023817062378e-07,0.00017484650015830994,True,0.9096774193548387,0.07165188966561781
fetal_health,f1,cauchy,cosine,9.220093488693237e-06,0.0016042962670326233,True,0.8451612903225807,0.06701266394135219
fetal_health,f1,cauchy,cubic_spline,9.220093488693237e-06,0.0016042962670326233,True,0.8451612903225807,0.06858514170646568
fetal_health,f1,cauchy,entropic,0.026228994131088257,1.0,False,-0.46236559139784944,-0.0032694380030007797
fetal_health,f1,cauchy,gen_exponential,0.08766292505133104,1.0,False,0.3694581280788177,-0.0010548238294431078
fetal_health,f1,cauchy,harmonic,0.03419689190108084,1.0,False,0.458128078817734,0.0015277251223242416
fetal_health,f1,cauchy,inverse_multiquadratic,0.029898791101543674,1.0,False,0.5066666666666667,0.004154455068788643
fetal_health,f1,cauchy,laplacian,0.0038532995577025826,0.3699167575394479,False,-0.6043010752688172,-0.013696356002601329
fetal_health,f1,cauchy,logarithmic,0.006328006310230821,0.5389643032103777,False,0.6125356125356125,0.006720717258958453
fetal_health,f1,cauchy,lorentzian,0.0006067668456360627,0.07402555516759965,False,-0.8,-0.013969688363735133
fetal_health,f1,cauchy,multiquadratic,0.00045353124193926877,0.056237874000469326,False,0.7586206896551724,0.015285395561283888
fetal_health,f1,cauchy,quartic_spline,9.220093488693237e-06,0.0016042962670326233,True,0.8451612903225807,0.06986395749227914
fetal_health,f1,cauchy,radial,0.003475155681371689,0.3440404124557972,False,-0.5956989247311828,-0.014941753293967963
fetal_health,f1,cauchy,rational_quadratic,0.0010999079687827968,0.12648941641002165,False,-0.7321937321937322,-0.013069825712680339
fetal_health,f1,cauchy,rbf_gaussian,0.026228994131088257,1.0,False,-0.46236559139784944,-0.0032694380030007797
fetal_health,f1,cauchy,shepard,0.004675345803288133,0.41610577649264385,False,-0.6739130434782609,-0.007186324569320335
fetal_health,f1,cauchy,sigmoidal,0.004338232800364494,0.40779388323426247,False,-0.5827956989247312,-0.019259290329158518
fetal_health,f1,cauchy,softmax_radial,0.0038532995577025826,0.3699167575394479,False,-0.6043010752688172,-0.013696356002601329
fetal_health,f1,cauchy,student_t,0.04804479976978151,1.0,False,0.47101449275362317,0.0037179389200176494
fetal_health,f1,cauchy,wendland_c2,9.220093488693237e-06,0.0016042962670326233,True,0.8451612903225807,0.06758122609697603
fetal_health,f1,cosine,cubic_spline,0.11176874513967607,1.0,False,0.4666666666666667,0.0015724777651134891
fetal_health,f1,cosine,entropic,9.90256667137146e-05,0.014259696006774902,True,-0.7634408602150538,-0.07028210194435297
fetal_health,f1,cosine,gen_exponential,1.991167664527893e-06,0.00039425119757652283,True,-0.8881720430107527,-0.0680674877707953
fetal_health,f1,cosine,harmonic,1.991167664527893e-06,0.00039425119757652283,True,-0.8881720430107527,-0.06548493881902795
fetal_health,f1,cosine,inverse_multiquadratic,9.220093488693237e-06,0.0016042962670326233,True,-0.8451612903225807,-0.06285820887256355
fetal_health,f1,cosine,laplacian,5.973502993583679e-06,0.0011050980538129807,True,-0.8580645161290322,-0.08070901994395352
fetal_health,f1,cosine,logarithmic,9.220093488693237e-06,0.0016042962670326233,True,-0.8451612903225807,-0.06029194668239374
fetal_health,f1,cosine,lorentzian,8.326023817062378e-07,0.00017484650015830994,True,-0.9096774193548387,-0.08098235230508732
fetal_health,f1,cosine,multiquadratic,0.00011058151721954346,0.015149667859077454,True,-0.7591397849462366,-0.0517272683800683
fetal_health,f1,cosine,quartic_spline,0.04004379807224231,1.0,False,0.5238095238095238,0.0028512935509269477
fetal_health,f1,cosine,radial,5.973502993583679e-06,0.0011050980538129807,True,-0.8580645161290322,-0.08195441723532015
fetal_health,f1,cosine,rational_quadratic,2.7623027563095093e-06,0.0005248375236988068,True,-0.8795698924731182,-0.08008248965403253
fetal_health,f1,cosine,rbf_gaussian,9.90256667137146e-05,0.014259696006774902,True,-0.7634408602150538,-0.07028210194435297
fetal_health,f1,cosine,shepard,9.220093488693237e-06,0.0016042962670326233,True,-0.8451612903225807,-0.07419898851067253
fetal_health,f1,cosine,sigmoidal,2.348795533180237e-06,0.0004603639245033264,True,-0.8838709677419355,-0.08627195427051071
fetal_health,f1,cosine,softmax_radial,5.973502993583679e-06,0.0011050980538129807,True,-0.8580645161290322,-0.08070901994395352
fetal_health,f1,cosine,student_t,9.220093488693237e-06,0.0016042962670326233,True,-0.8451612903225807,-0.06329472502133454
fetal_health,f1,cosine,wendland_c2,0.550923682773407,1.0,False,0.18095238095238095,0.0005685621556238418
fetal_health,f1,cubic_spline,entropic,9.90256667137146e-05,0.014259696006774902,True,-0.7634408602150538,-0.07185457970946646
fetal_health,f1,cubic_spline,gen_exponential,1.6838312149047852e-06,0.0003384500741958618,True,-0.8924731182795699,-0.06963996553590879
fetal_health,f1,cubic_spline,harmonic,2.348795533180237e-06,0.0004603639245033264,True,-0.8838709677419355,-0.06705741658414144
fetal_health,f1,cubic_spline,inverse_multiquadratic,9.220093488693237e-06,0.0016042962670326233,True,-0.8451612903225807,-0.06443068663767704
fetal_health,f1,cubic_spline,laplacian,5.973502993583679e-06,0.0011050980538129807,True,-0.8580645161290322,-0.08228149770906701
fetal_health,f1,cubic_spline,logarithmic,9.220093488693237e-06,0.0016042962670326233,True,-0.8451612903225807,-0.06186442444750723
fetal_health,f1,cubic_spline,lorentzian,8.326023817062378e-07,0.00017484650015830994,True,-0.9096774193548387,-0.08255483007020081
fetal_health,f1,cubic_spline,multiquadratic,9.90256667137146e-05,0.014259696006774902,True,-0.7634408602150538,-0.05329974614518179
fetal_health,f1,cubic_spline,quartic_spline,0.21352435403618242,1.0,False,0.4666666666666667,0.0012788157858134586
fetal_health,f1,cubic_spline,radial,5.973502993583679e-06,0.0011050980538129807,True,-0.8580645161290322,-0.08352689500043364
fetal_health,f1,cubic_spline,rational_quadratic,2.7623027563095093e-06,0.0005248375236988068,True,-0.8795698924731182,-0.08165496741914602
fetal_health,f1,cubic_spline,rbf_gaussian,9.90256667137146e-05,0.014259696006774902,True,-0.7634408602150538,-0.07185457970946646
fetal_health,f1,cubic_spline,shepard,9.220093488693237e-06,0.0016042962670326233,True,-0.8451612903225807,-0.07577146627578601
fetal_health,f1,cubic_spline,sigmoidal,2.348795533180237e-06,0.0004603639245033264,True,-0.8838709677419355,-0.0878444320356242
fetal_health,f1,cubic_spline,softmax_radial,5.973502993583679e-06,0.0011050980538129807,True,-0.8580645161290322,-0.08228149770906701
fetal_health,f1,cubic_spline,student_t,9.220093488693237e-06,0.0016042962670326233,True,-0.8451612903225807,-0.06486720278644803
fetal_health,f1,cubic_spline,wendland_c2,0.07961580146011343,1.0,False,-0.8666666666666667,-0.0010039156094896473
fetal_health,f1,entropic,gen_exponential,0.10110033021878644,1.0,False,0.35467980295566504,0.002214614173557672
fetal_health,f1,entropic,harmonic,0.03841841779649258,1.0,False,0.432258064516129,0.004797163125325021
fetal_health,f1,entropic,inverse_multiquadratic,0.004338232800364494,0.40779388323426247,False,0.5827956989247312,0.0074238930717894225
fetal_health,f1,entropic,laplacian,0.1887500729032935,1.0,False,-0.30666666666666664,-0.010426917999600549
fetal_health,f1,entropic,logarithmic,0.0061949919909238815,0.5389643032103777,False,0.5612903225806452,0.009990155261959233
fetal_health,f1,entropic,lorentzian,0.4399667661637068,1.0,False,0.16559139784946236,-0.010700250360734354
fetal_health,f1,entropic,multiquadratic,0.0011314544826745987,0.12898581102490425,False,0.6559139784946236,0.018554833564284667
fetal_health,f1,entropic,quartic_spline,8.856505155563354e-05,0.013019062578678131,True,0.7677419354838709,0.07313339549527992
fetal_health,f1,entropic,radial,0.18081236677854295,1.0,False,-0.3188405797101449,-0.011672315290967183
fetal_health,f1,entropic,rational_quadratic,1.0,1.0,False,0.002150537634408602,-0.009800387709679559
fetal_health,f1,entropic,rbf_gaussian,1.0,1.0,False,0.0,0.0
fetal_health,f1,entropic,shepard,0.20588664640290355,1.0,False,0.2689655172413793,-0.003916886566319555
fetal_health,f1,entropic,sigmoidal,0.18357532003674315,1.0,False,-0.2827586206896552,-0.01598985232615774
fetal_health,f1,entropic,softmax_radial,0.1887500729032935,1.0,False,-0.30666666666666664,-0.010426917999600549
fetal_health,f1,entropic,student_t,0.004338232800364494,0.40779388323426247,False,0.5827956989247312,0.006987376923018429
fetal_health,f1,entropic,wendland_c2,9.90256667137146e-05,0.014259696006774902,True,0.7634408602150538,0.07085066409997681
fetal_health,f1,gen_exponential,harmonic,0.11192770811902444,1.0,False,0.4269005847953216,0.0025825489517673494
fetal_health,f1,gen_exponential,inverse_multiquadratic,0.3313349065031326,1.0,False,-0.22666666666666666,0.005209278898231751
fetal_health,f1,gen_exponential,laplacian,0.016877583744026235,1.0,False,-0.5080459770114942,-0.01264153217315822
fetal_health,f1,gen_exponential,logarithmic,0.8400716444402775,1.0,False,-0.046153846153846156,0.007775541088401561
fetal_health,f1,gen_exponential,lorentzian,0.00011890609974290849,0.016171229565035555,True,-0.8325123152709359,-0.012914864534292025
fetal_health,f1,gen_exponential,multiquadratic,0.01012799054939065,0.8001112534018613,False,0.6,0.016340219390726995
fetal_health,f1,gen_exponential,quartic_spline,1.1920928955078125e-06,0.00024080276489257812,True,0.9010752688172043,0.07091878132172225
fetal_health,f1,gen_exponential,radial,0.008705463260412216,0.7225534506142139,False,-0.5397849462365591,-0.013886929464524855
fetal_health,f1,gen_exponential,rational_quadratic,0.0036337564975753973,0.35610813676238895,False,-0.6183908045977011,-0.01201500188323723
fetal_health,f1,gen_exponential,rbf_gaussian,0.10110033021878644,1.0,False,-0.35467980295566504,-0.002214614173557672
fetal_health,f1,gen_exponential,shepard,0.013920291390102778,1.0,False,-0.5320197044334976,-0.006131500739877227
fetal_health,f1,gen_exponential,sigmoidal,0.0037444327026605606,0.3632099721580744,False,-0.5913978494623656,-0.01820446649971541
fetal_health,f1,gen_exponential,softmax_radial,0.016877583744026235,1.0,False,-0.5080459770114942,-0.01264153217315822
fetal_health,f1,gen_exponential,student_t,0.2641496340638618,1.0,False,-0.2553846153846154,0.004772762749460757
fetal_health,f1,gen_exponential,wendland_c2,1.6838312149047852e-06,0.0003384500741958618,True,0.8924731182795699,0.06863604992641914
fetal_health,f1,harmonic,inverse_multiquadratic,0.1353498838175801,1.0,False,-0.3415384615384615,0.002626729946464401
fetal_health,f1,harmonic,laplacian,0.009301122277975082,0.7626920267939568,False,-0.535483870967742,-0.01522408112492557
fetal_health,f1,harmonic,logarithmic,0.5097549306564958,1.0,False,-0.15076923076923077,0.005192992136634211
fetal_health,f1,harmonic,lorentzian,4.902548445975014e-05,0.007353822668962521,True,-0.8941798941798942,-0.015497413486059375
fetal_health,f1,harmonic,multiquadratic,0.06556979415629481,1.0,False,0.4131054131054131,0.013757670438959646
fetal_health,f1,harmonic,quartic_spline,2.348795533180237e-06,0.0004603639245033264,True,0.8838709677419355,0.0683362323699549
fetal_health,f1,harmonic,radial,0.00665340320299728,0.5588858690517715,False,-0.5770114942528736,-0.016469478416292205
fetal_health,f1,harmonic,rational_quadratic,0.003125931741250991,0.31259317412509907,False,-0.6507936507936508,-0.01459755083500458
fetal_health,f1,harmonic,rbf_gaussian,0.03841841779649258,1.0,False,-0.432258064516129,-0.004797163125325021
fetal_health,f1,harmonic,shepard,0.012250105740979877,0.9555082477964304,False,-0.541871921182266,-0.008714049691644576
fetal_health,f1,harmonic,sigmoidal,0.0021877754479646683,0.22534087114036083,False,-0.621505376344086,-0.02078701545148276
fetal_health,f1,harmonic,softmax_radial,0.009301122277975082,0.7626920267939568,False,-0.535483870967742,-0.01522408112492557
fetal_health,f1,harmonic,student_t,0.10138633324386155,1.0,False,-0.36752136752136755,0.0021902137976934077
fetal_health,f1,harmonic,wendland_c2,2.348795533180237e-06,0.0004603639245033264,True,0.8838709677419355,0.06605350097465179
fetal_health,f1,inverse_multiquadratic,laplacian,0.0011314544826745987,0.12898581102490425,False,-0.6559139784946236,-0.01785081107138997
fetal_health,f1,inverse_multiquadratic,logarithmic,0.10894087157711466,1.0,False,0.45588235294117646,0.00256626219016981
fetal_health,f1,inverse_multiquadratic,lorentzian,0.0002037784595615102,0.026287421283434816,True,-0.8666666666666667,-0.018124143432523776
fetal_health,f1,inverse_multiquadratic,multiquadratic,0.00017437265613726082,0.022842817953981166,True,0.8584615384615385,0.011130940492495245
fetal_health,f1,inverse_multiquadratic,quartic_spline,9.220093488693237e-06,0.0016042962670326233,True,0.8451612903225807,0.0657095024234905
fetal_health,f1,inverse_multiquadratic,radial,0.0007296018302440643,0.08682261779904366,False,-0.6774193548387096,-0.019096208362756606
fetal_health,f1,inverse_multiquadratic,rational_quadratic,0.000283263623714447,0.03597448021173477,True,-0.7204301075268817,-0.01722428078146898
fetal_health,f1,inverse_multiquadratic,rbf_gaussian,0.004338232800364494,0.40779388323426247,False,-0.5827956989247312,-0.0074238930717894225
fetal_health,f1,inverse_multiquadratic,shepard,0.0005054883658885956,0.062175069004297256,False,-0.6946236559139785,-0.011340779638108978
fetal_health,f1,inverse_multiquadratic,sigmoidal,0.0020201820880174637,0.21009893715381622,False,-0.6258064516129033,-0.02341374539794716
fetal_health,f1,inverse_multiquadratic,softmax_radial,0.0011314544826745987,0.12898581102490425,False,-0.6559139784946236,-0.01785081107138997
fetal_health,f1,inverse_multiquadratic,student_t,0.31731050786291415,1.0,False,-1.0,-0.00043651614877099343
fetal_health,f1,inverse_multiquadratic,wendland_c2,9.220093488693237e-06,0.0016042962670326233,True,0.8451612903225807,0.06342677102818739
fetal_health,f1,laplacian,logarithmic,0.0006665531545877457,0.08065293170511723,False,0.6817204301075269,0.02041707326155978
fetal_health,f1,laplacian,lorentzian,0.15794767439365387,1.0,False,0.2989247311827957,-0.00027333236113380455
fetal_health,f1,laplacian,multiquadratic,3.049522638320923e-05,0.004635274410247803,True,0.8064516129032258,0.028981751563885216
fetal_health,f1,laplacian,quartic_spline,5.973502993583679e-06,0.0011050980538129807,True,0.8580645161290322,0.08356031349488047
fetal_health,f1,laplacian,radial,0.28597919066405664,1.0,False,-0.28654970760233917,-0.0012453972913666345
fetal_health,f1,laplacian,rational_quadratic,0.2548820588548997,1.0,False,0.24630541871921183,0.0006265302899209901
fetal_health,f1,laplacian,rbf_gaussian,0.1887500729032935,1.0,False,0.30666666666666664,0.010426917999600549
fetal_health,f1,laplacian,shepard,0.03692078702122782,1.0,False,0.4436781609195402,0.006510031433280994
fetal_health,f1,laplacian,sigmoidal,0.36126885882009796,1.0,False,-0.20105820105820105,-0.0055629343265571896
fetal_health,f1,laplacian,softmax_radial,1.0,1.0,False,0.0,0.0
fetal_health,f1,laplacian,student_t,0.001832067946719694,0.19419920235228755,False,0.6516129032258065,0.017414294922618978
fetal_health,f1,laplacian,wendland_c2,6.917864084243774e-06,0.001224461942911148,True,0.853763440860215,0.08127758209957736
fetal_health,f1,logarithmic,lorentzian,0.00015679291057707078,0.020853457106750413,True,-0.8177339901477833,-0.020690405622693586
fetal_health,f1,logarithmic,multiquadratic,0.0007353193273928831,0.08682261779904366,False,0.8043478260869565,0.008564678302325435
fetal_health,f1,logarithmic,quartic_spline,9.220093488693237e-06,0.0016042962670326233,True,0.8451612903225807,0.06314324023332069
fetal_health,f1,logarithmic,radial,0.0003800932317972183,0.04789174720644951,True,-0.7075268817204301,-0.021662470552926416
fetal_health,f1,logarithmic,rational_quadratic,0.0003800932317972183,0.04789174720644951,True,-0.7075268817204301,-0.01979054297163879
fetal_health,f1,logarithmic,rbf_gaussian,0.0061949919909238815,0.5389643032103777,False,-0.5612903225806452,-0.009990155261959233
fetal_health,f1,logarithmic,shepard,0.0012226530433656197,0.13204652868348693,False,-0.6995073891625616,-0.013907041828278788
fetal_health,f1,logarithmic,sigmoidal,0.0011314544826745987,0.12898581102490425,False,-0.6559139784946236,-0.02598000758811697
fetal_health,f1,logarithmic,softmax_radial,0.0006665531545877457,0.08065293170511723,False,-0.6817204301075269,-0.02041707326155978
fetal_health,f1,logarithmic,student_t,0.07586833499439012,1.0,False,-0.49019607843137253,-0.0030027783389408036
fetal_health,f1,logarithmic,wendland_c2,9.220093488693237e-06,0.0016042962670326233,True,0.8451612903225807,0.06086050883801758
fetal_health,f1,lorentzian,multiquadratic,1.108315564837729e-05,0.0017068059698501026,True,0.9507389162561576,0.02925508392501902
fetal_health,f1,lorentzian,quartic_spline,8.326023817062378e-07,0.00017484650015830994,True,0.9096774193548387,0.08383364585601427
fetal_health,f1,lorentzian,radial,0.10943205840885639,1.0,False,-0.33763440860215055,-0.0009720649302328299
fetal_health,f1,lorentzian,rational_quadratic,0.3672544095081207,1.0,False,-0.2022792022792023,0.0008998626510547947
fetal_health,f1,lorentzian,rbf_gaussian,0.4399667661637068,1.0,False,-0.16559139784946236,0.010700250360734354
fetal_health,f1,lorentzian,shepard,0.9425422239547909,1.0,False,0.015873015873015872,0.006783363794414798
fetal_health,f1,lorentzian,sigmoidal,0.12413446232676506,1.0,False,-0.3247311827956989,-0.005289601965423385
fetal_health,f1,lorentzian,softmax_radial,0.15794767439365387,1.0,False,-0.2989247311827957,0.00027333236113380455
fetal_health,f1,lorentzian,student_t,0.00022806209587862398,0.02919194827246387,True,0.86,0.017687627283752783
fetal_health,f1,lorentzian,wendland_c2,8.326023817062378e-07,0.00017484650015830994,True,0.9096774193548387,0.08155091446071117
fetal_health,f1,multiquadratic,quartic_spline,0.00012333691120147705,0.016650483012199402,True,0.7548387096774194,0.05457856193099525
fetal_health,f1,multiquadratic,radial,1.218356192111969e-05,0.0018640849739313126,True,-0.8365591397849462,-0.03022714885525185
fetal_health,f1,multiquadratic,rational_quadratic,5.0497288412004736e-05,0.007524095973388705,True,-0.8768472906403941,-0.028355221273964226
fetal_health,f1,multiquadratic,rbf_gaussian,0.0011314544826745987,0.12898581102490425,False,-0.6559139784946236,-0.018554833564284667
fetal_health,f1,multiquadratic,shepard,8.9774993822564e-05,0.013019062578678131,True,-0.8472906403940886,-0.022471720130604222
fetal_health,f1,multiquadratic,sigmoidal,7.910653948783875e-05,0.011707767844200134,True,-0.7720430107526882,-0.034544685890442406
fetal_health,f1,multiquadratic,softmax_radial,3.049522638320923e-05,0.004635274410247803,True,-0.8064516129032258,-0.028981751563885216
fetal_health,f1,multiquadratic,student_t,0.00017437265613726082,0.022842817953981166,True,-0.8584615384615385,-0.011567456641266238
fetal_health,f1,multiquadratic,wendland_c2,0.0001528710126876831,0.020484715700149536,True,0.7462365591397849,0.052295830535692145
fetal_health,f1,quartic_spline,radial,5.144625902175903e-06,0.000956900417804718,True,-0.8623655913978494,-0.0848057107862471
fetal_health,f1,quartic_spline,rational_quadratic,2.7623027563095093e-06,0.0005248375236988068,True,-0.8795698924731182,-0.08293378320495948
fetal_health,f1,quartic_spline,rbf_gaussian,8.856505155563354e-05,0.013019062578678131,True,-0.7677419354838709,-0.07313339549527992
fetal_health,f1,quartic_spline,shepard,9.220093488693237e-06,0.0016042962670326233,True,-0.8451612903225807,-0.07705028206159947
fetal_health,f1,quartic_spline,sigmoidal,1.6838312149047852e-06,0.0003384500741958618,True,-0.8924731182795699,-0.08912324782143766
fetal_health,f1,quartic_spline,softmax_radial,5.973502993583679e-06,0.0011050980538129807,True,-0.8580645161290322,-0.08356031349488047
fetal_health,f1,quartic_spline,student_t,9.220093488693237e-06,0.0016042962670326233,True,-0.8451612903225807,-0.06614601857226149
fetal_health,f1,quartic_spline,wendland_c2,0.0328542199286437,1.0,False,-0.7272727272727273,-0.002282731395303106
fetal_health,f1,radial,rational_quadratic,0.16972956854297983,1.0,False,0.29195402298850576,0.0018719275812876246
fetal_health,f1,radial,rbf_gaussian,0.18081236677854295,1.0,False,0.3188405797101449,0.011672315290967183
fetal_health,f1,radial,shepard,0.026665616912217905,1.0,False,0.47126436781609193,0.007755428724647628
fetal_health,f1,radial,sigmoidal,0.8376168070245121,1.0,False,-0.04433497536945813,-0.004317537035190555
fetal_health,f1,radial,softmax_radial,0.28597919066405664,1.0,False,0.28654970760233917,0.0012453972913666345
fetal_health,f1,radial,student_t,0.0008718203753232956,0.10113116353750229,False,0.6688172043010753,0.018659692213985613
fetal_health,f1,radial,wendland_c2,6.917864084243774e-06,0.001224461942911148,True,0.853763440860215,0.082522979390944
fetal_health,f1,rational_quadratic,rbf_gaussian,1.0,1.0,False,-0.002150537634408602,0.009800387709679559
fetal_health,f1,rational_quadratic,shepard,0.11176874513967607,1.0,False,0.4666666666666667,0.005883501143360004
fetal_health,f1,rational_quadratic,sigmoidal,0.11417667381465435,1.0,False,-0.3333333333333333,-0.00618946461647818
fetal_health,f1,rational_quadratic,softmax_radial,0.2548820588548997,1.0,False,-0.24630541871921183,-0.0006265302899209901
fetal_health,f1,rational_quadratic,student_t,0.0008354201527308503,0.09774415786950949,False,0.7103448275862069,0.016787764632697988
fetal_health,f1,rational_quadratic,wendland_c2,2.7623027563095093e-06,0.0005248375236988068,True,0.8795698924731182,0.08065105180965637
fetal_health,f1,rbf_gaussian,shepard,0.20588664640290355,1.0,False,0.2689655172413793,-0.003916886566319555
fetal_health,f1,rbf_gaussian,sigmoidal,0.18357532003674315,1.0,False,-0.2827586206896552,-0.01598985232615774
fetal_health,f1,rbf_gaussian,softmax_radial,0.1887500729032935,1.0,False,-0.30666666666666664,-0.010426917999600549
fetal_health,f1,rbf_gaussian,student_t,0.004338232800364494,0.40779388323426247,False,0.5827956989247312,0.006987376923018429
fetal_health,f1,rbf_gaussian,wendland_c2,9.90256667137146e-05,0.014259696006774902,True,0.7634408602150538,0.07085066409997681
fetal_health,f1,shepard,sigmoidal,0.044907208532094955,1.0,False,-0.41935483870967744,-0.012072965759838183
fetal_health,f1,shepard,softmax_radial,0.03692078702122782,1.0,False,-0.4436781609195402,-0.006510031433280994
fetal_health,f1,shepard,student_t,0.0013225305101141763,0.14151076458221687,False,0.6827586206896552,0.010904263489337984
fetal_health,f1,shepard,wendland_c2,9.220093488693237e-06,0.0016042962670326233,True,0.8451612903225807,0.07476755066629637
fetal_health,f1,sigmoidal,softmax_radial,0.36126885882009796,1.0,False,0.20105820105820105,0.0055629343265571896
fetal_health,f1,sigmoidal,student_t,0.0021877754479646683,0.22534087114036083,False,0.621505376344086,0.022977229249176168
fetal_health,f1,sigmoidal,wendland_c2,2.348795533180237e-06,0.0004603639245033264,True,0.8838709677419355,0.08684051642613455
fetal_health,f1,softmax_radial,student_t,0.001832067946719694,0.19419920235228755,False,0.6516129032258065,0.017414294922618978
fetal_health,f1,softmax_radial,wendland_c2,6.917864084243774e-06,0.001224461942911148,True,0.853763440860215,0.08127758209957736
fetal_health,f1,student_t,wendland_c2,9.220093488693237e-06,0.0016042962670326233,True,0.8451612903225807,0.06386328717695838
letter,f1,attention,cauchy,2.6885420083999634e-05,0.004032813012599945,True,-0.810752688172043,-0.0029609962886950614
letter,f1,attention,cosine,0.023410143330693245,1.0,False,-0.47096774193548385,-0.0016311484063825654
letter,f1,attention,cubic_spline,8.009374141693115e-08,1.3776123523712158e-05,True,-0.956989247311828,-0.0047619434747535605
letter,f1,attention,entropic,2.0489096641540527e-07,3.4421682357788086e-05,True,-0.9397849462365592,-0.005553435914921523
letter,f1,attention,gen_exponential,6.146728992462158e-08,1.0633841156959534e-05,True,-0.9612903225806452,-0.005454166589872966
letter,f1,attention,harmonic,9.338596171049022e-06,0.0014474824065125983,True,0.9943019943019943,0.001370919739020926
letter,f1,attention,inverse_multiquadratic,0.026228994131088257,1.0,False,-0.46236559139784944,-0.0016558500733588888
letter,f1,attention,laplacian,5.718320608139038e-07,9.320862591266632e-05,True,-0.9182795698924732,-0.005279850523868257
letter,f1,attention,logarithmic,0.034536734223365784,1.0,False,-0.44086021505376344,-0.0016018123001600992
letter,f1,attention,lorentzian,3.725290298461914e-09,6.92903995513916e-07,True,-0.9956989247311828,-0.003656477928875579
letter,f1,attention,multiquadratic,1.862645149230957e-09,3.91155481338501e-07,True,1.0,0.013528681794011344
letter,f1,attention,quartic_spline,1.862645149230957e-08,3.3527612686157227e-06,True,-0.978494623655914,-0.004939424707182449
letter,f1,attention,radial,3.855675458908081e-07,6.323307752609253e-05,True,-0.9268817204301075,-0.005351415190097075
letter,f1,attention,rational_quadratic,0.00020912662148475647,0.02844122052192688,True,-0.7333333333333333,-0.003093509463330757
letter,f1,attention,rbf_gaussian,2.0489096641540527e-07,3.4421682357788086e-05,True,-0.9397849462365592,-0.005861232240119141
letter,f1,attention,shepard,8.009374141693115e-08,1.3776123523712158e-05,True,-0.956989247311828,-0.004998665055524154
letter,f1,attention,sigmoidal,9.98377799987793e-07,0.00016073882579803467,True,-0.9053763440860215,-0.005528455501762286
letter,f1,attention,softmax_radial,5.718320608139038e-07,9.320862591266632e-05,True,-0.9182795698924732,-0.005279850523868257
letter,f1,attention,student_t,0.007612137123942375,0.669868066906929,False,-0.5483870967741935,-0.0018666222943869437
letter,f1,attention,wendland_c2,2.60770320892334e-08,4.667788743972778e-06,True,-0.9741935483870968,-0.00464224965622162
letter,f1,cauchy,cosine,2.0798295736312866e-05,0.003140542656183243,True,0.8193548387096774,0.001329847882312496
letter,f1,cauchy,cubic_spline,0.044907208532094955,1.0,False,-0.41935483870967744,-0.0018009471860584991
letter,f1,cauchy,entropic,0.0021877754479646683,0.2144019939005375,False,-0.621505376344086,-0.0025924396262264615
letter,f1,cauchy,gen_exponential,0.0003800932317972183,0.046371374279260635,True,-0.7075268817204301,-0.002493170301177905
letter,f1,cauchy,harmonic,3.1478703022003174e-07,5.225464701652527e-05,True,0.9311827956989247,0.004331916027715987
letter,f1,cauchy,inverse_multiquadratic,6.917864084243774e-06,0.0010861046612262726,True,0.853763440860215,0.0013051462153361726
letter,f1,cauchy,laplacian,0.00993151031434536,0.8342468664050102,False,-0.5311827956989247,-0.0023188542351731956
letter,f1,cauchy,logarithmic,1.4193356037139893e-06,0.00022709369659423828,True,0.896774193548387,0.0013591839885349621
letter,f1,cauchy,lorentzian,0.46454504504799843,1.0,False,-0.15698924731182795,-0.0006954816401805175
letter,f1,cauchy,multiquadratic,1.862645149230957e-09,3.91155481338501e-07,True,1.0,0.016489678082706405
letter,f1,cauchy,quartic_spline,0.016431212425231934,1.0,False,-0.4967741935483871,-0.001978428418487388
letter,f1,cauchy,radial,0.00577649287879467,0.5198843590915203,False,-0.5655913978494623,-0.002390418901402014
letter,f1,cauchy,rational_quadratic,0.3598779272288084,1.0,False,-0.1956989247311828,-0.00013251317463569556
letter,f1,cauchy,rbf_gaussian,0.0006084088236093521,0.07057542353868484,False,-0.6860215053763441,-0.0029002359514240794
letter,f1,cauchy,shepard,3.1478703022003174e-07,5.225464701652527e-05,True,-0.9311827956989247,-0.0020376687668290927
letter,f1,cauchy,sigmoidal,0.0029870010912418365,0.2867521047592163,False,-0.6043010752688172,-0.0025674592130672247
letter,f1,cauchy,softmax_radial,0.00993151031434536,0.8342468664050102,False,-0.5311827956989247,-0.0023188542351731956
letter,f1,cauchy,student_t,0.00013536081360538934,0.018815153091149117,True,0.8114942528735632,0.0010943739943081177
letter,f1,cauchy,wendland_c2,0.054921628907322884,1.0,False,-0.4021505376344086,-0.0016812533675265584
letter,f1,cosine,cubic_spline,0.0015832837671041489,0.16624479554593563,False,-0.6387096774193548,-0.003130795068370995
letter,f1,cosine,entropic,0.00012333691120147705,0.017637178301811218,True,-0.7548387096774194,-0.0039222875085389575
letter,f1,cosine,gen_exponential,1.3966113328933716e-05,0.0021368153393268585,True,-0.832258064516129,-0.003823018183490401
letter,f1,cosine,harmonic,0.0007296018302440643,0.08098580315709114,False,0.6774193548387096,0.0030020681454034914
letter,f1,cosine,inverse_multiquadratic,0.970219757029658,1.0,False,0.009523809523809525,-2.4701666976323366e-05
letter,f1,cosine,laplacian,0.00046010687947273254,0.05567293241620064,False,-0.6989247311827957,-0.0036487021174856915
letter,f1,cosine,logarithmic,0.5754862281364963,1.0,False,0.14285714285714285,2.9336106222466185e-05
letter,f1,cosine,lorentzian,0.06989291124045849,1.0,False,-0.38064516129032255,-0.0020253295224930135
letter,f1,cosine,multiquadratic,1.862645149230957e-09,3.91155481338501e-07,True,1.0,0.015159830200393909
letter,f1,cosine,quartic_spline,0.0007296018302440643,0.08098580315709114,False,-0.6774193548387096,-0.003308276300799884
letter,f1,cosine,radial,0.0003449581563472748,0.0424298532307148,True,-0.7118279569892473,-0.00372026678371451
letter,f1,cosine,rational_quadratic,0.008705463260412216,0.7573753036558628,False,-0.5397849462365591,-0.0014623610569481915
letter,f1,cosine,rbf_gaussian,6.286613643169403e-05,0.009115589782595634,True,-0.7806451612903226,-0.004230083833736575
letter,f1,cosine,shepard,8.009374141693115e-08,1.3776123523712158e-05,True,-0.956989247311828,-0.0033675166491415887
letter,f1,cosine,sigmoidal,0.0002562887966632843,0.03229238837957382,True,-0.7247311827956989,-0.0038973070953797206
letter,f1,cosine,softmax_radial,0.00046010687947273254,0.05567293241620064,False,-0.6989247311827957,-0.0036487021174856915
letter,f1,cosine,student_t,0.30365917904060846,1.0,False,-0.23076923076923078,-0.0002354738880043783
letter,f1,cosine,wendland_c2,0.001718590036034584,0.17701477371156216,False,-0.6344086021505376,-0.0030111012498390544
letter,f1,cubic_spline,entropic,0.1459994912147522,1.0,False,-0.30752688172043013,-0.0007914924401679624
letter,f1,cubic_spline,gen_exponential,0.10943205840885639,1.0,False,-0.33763440860215055,-0.0006922231151194058
letter,f1,cubic_spline,harmonic,3.725290298461914e-09,6.92903995513916e-07,True,0.9956989247311828,0.0061328632137744865
letter,f1,cubic_spline,inverse_multiquadratic,0.0014574769884347916,0.1559500377625227,False,0.6430107526881721,0.0031060934013946717
letter,f1,cubic_spline,laplacian,0.4399667661637068,1.0,False,-0.16559139784946236,-0.0005179070491146964
letter,f1,cubic_spline,logarithmic,0.0011314544826745987,0.12332853861153126,False,0.6559139784946236,0.0031601311745934613
letter,f1,cubic_spline,lorentzian,0.0020201820880174637,0.1999980267137289,False,0.6258064516129033,0.0011054655458779816
letter,f1,cubic_spline,multiquadratic,1.862645149230957e-09,3.91155481338501e-07,True,1.0,0.018290625268764904
letter,f1,cubic_spline,quartic_spline,0.4161298982799053,1.0,False,-0.17419354838709677,-0.0001774812324288888
letter,f1,cubic_spline,radial,0.4161298982799053,1.0,False,-0.17419354838709677,-0.0005894717153435147
letter,f1,cubic_spline,rational_quadratic,0.026228994131088257,1.0,False,0.46236559139784944,0.0016684340114228036
letter,f1,cubic_spline,rbf_gaussian,0.10483990423381329,1.0,False,-0.3419354838709677,-0.0010992887653655803
letter,f1,cubic_spline,shepard,0.685047073289752,1.0,False,-0.08817204301075268,-0.00023672158077059358
letter,f1,cubic_spline,sigmoidal,0.28936620615422726,1.0,False,-0.22580645161290322,-0.0007665120270087256
letter,f1,cubic_spline,softmax_radial,0.4399667661637068,1.0,False,-0.16559139784946236,-0.0005179070491146964
letter,f1,cubic_spline,student_t,0.001340603455901146,0.14478517323732376,False,0.6473118279569893,0.002895321180366617
letter,f1,cubic_spline,wendland_c2,0.6488010185768092,1.0,False,0.09852216748768473,0.00011969381853194072
letter,f1,entropic,gen_exponential,0.6701805889606476,1.0,False,-0.09247311827956989,9.926932504855657e-05
letter,f1,entropic,harmonic,3.5390257835388184e-08,6.22868537902832e-06,True,0.9698924731182795,0.006924355653942449
letter,f1,entropic,inverse_multiquadratic,5.5925920605659485e-05,0.008221110329031944,True,0.7849462365591398,0.003897585841562634
letter,f1,entropic,laplacian,0.6120056137442589,1.0,False,0.10967741935483871,0.00027358539105326596
letter,f1,entropic,logarithmic,5.5925920605659485e-05,0.008221110329031944,True,0.7849462365591398,0.003951623614761424
letter,f1,entropic,lorentzian,0.0006084088236093521,0.07057542353868484,False,0.6860215053763441,0.001896957986045944
letter,f1,entropic,multiquadratic,1.862645149230957e-09,3.91155481338501e-07,True,1.0,0.019082117708932866
letter,f1,entropic,quartic_spline,0.2710056286305189,1.0,False,0.23440860215053763,0.0006140112077390736
letter,f1,entropic,radial,0.5962724972882395,1.0,False,0.11264367816091954,0.00020202072482444766
letter,f1,entropic,rational_quadratic,0.0005548261106014252,0.06491465494036674,False,0.6903225806451613,0.002459926451590766
letter,f1,entropic,rbf_gaussian,0.6701805889606476,1.0,False,-0.09247311827956989,-0.0003077963251976179
letter,f1,entropic,shepard,0.583757072687149,1.0,False,0.11827956989247312,0.0005547708593973688
letter,f1,entropic,sigmoidal,0.9676735773682594,1.0,False,0.010752688172043012,2.4980413159236825e-05
letter,f1,entropic,softmax_radial,0.6120056137442589,1.0,False,0.10967741935483871,0.00027358539105326596
letter,f1,entropic,student_t,7.056817412376404e-05,0.010161817073822021,True,0.7763440860215054,0.003686813620534579
letter,f1,entropic,wendland_c2,0.06666470877826214,1.0,False,0.3849462365591398,0.0009111862586999031
letter,f1,gen_exponential,harmonic,9.313225746154785e-09,1.7043203115463257e-06,True,0.9870967741935484,0.006825086328893892
letter,f1,gen_exponential,inverse_multiquadratic,7.994472980499268e-06,0.0012471377849578857,True,0.8494623655913979,0.0037983165165140775
letter,f1,gen_exponential,laplacian,0.6120056137442589,1.0,False,0.10967741935483871,0.0001743160660047094
letter,f1,gen_exponential,logarithmic,4.421919584274292e-06,0.0006986632943153381,True,0.8666666666666667,0.003852354289712867
letter,f1,gen_exponential,lorentzian,0.0032229889184236526,0.30296095833182335,False,0.6,0.0017976886609973874
letter,f1,gen_exponential,multiquadratic,1.862645149230957e-09,3.91155481338501e-07,True,1.0,0.01898284838388431
letter,f1,gen_exponential,quartic_spline,0.18396909348666668,1.0,False,0.2817204301075269,0.000514741882690517
letter,f1,gen_exponential,radial,0.3598779272288084,1.0,False,0.1956989247311828,0.0001027513997758911
letter,f1,gen_exponential,rational_quadratic,0.0018640067428350449,0.18640067428350449,False,0.6301075268817204,0.0023606571265422094
letter,f1,gen_exponential,rbf_gaussian,0.5291051845997572,1.0,False,-0.13548387096774195,-0.00040706565024617447
letter,f1,gen_exponential,shepard,0.5027610473334789,1.0,False,0.14408602150537633,0.00045550153434881224
letter,f1,gen_exponential,sigmoidal,0.871207794174552,1.0,False,-0.03655913978494624,-7.428891188931974e-05
letter,f1,gen_exponential,softmax_radial,0.6120056137442589,1.0,False,0.10967741935483871,0.0001743160660047094
letter,f1,gen_exponential,student_t,1.0609626770019531e-05,0.0016338825225830078,True,0.8408602150537634,0.0035875442954860226
letter,f1,gen_exponential,wendland_c2,0.1641840822994709,1.0,False,0.2946236559139785,0.0008119169336513465
letter,f1,harmonic,inverse_multiquadratic,0.00046010687947273254,0.05567293241620064,False,-0.6989247311827957,-0.003026769812379815
letter,f1,harmonic,laplacian,4.6566128730773926e-08,8.149072527885437e-06,True,-0.9655913978494624,-0.006650770262889183
letter,f1,harmonic,logarithmic,0.0006084088236093521,0.07057542353868484,False,-0.6860215053763441,-0.0029727320391810252
letter,f1,harmonic,lorentzian,1.862645149230957e-09,3.91155481338501e-07,True,-1.0,-0.005027397667896505
letter,f1,harmonic,multiquadratic,1.862645149230957e-09,3.91155481338501e-07,True,1.0,0.012157762054990418
letter,f1,harmonic,quartic_spline,1.862645149230957e-09,3.91155481338501e-07,True,-1.0,-0.006310344446203375
letter,f1,harmonic,radial,1.30385160446167e-08,2.3730099201202393e-06,True,-0.9827956989247312,-0.006722334929118001
letter,f1,harmonic,rational_quadratic,1.6838312149047852e-06,0.00026772916316986084,True,-0.8924731182795699,-0.004464429202351683
letter,f1,harmonic,rbf_gaussian,1.862645149230957e-09,3.91155481338501e-07,True,-1.0,-0.007232151979140067
letter,f1,harmonic,shepard,5.587935447692871e-09,1.0281801223754883e-06,True,-0.9913978494623656,-0.00636958479454508
letter,f1,harmonic,sigmoidal,1.30385160446167e-07,2.203509211540222e-05,True,-0.9483870967741935,-0.006899375240783212
letter,f1,harmonic,softmax_radial,4.6566128730773926e-08,8.149072527885437e-06,True,-0.9655913978494624,-0.006650770262889183
letter,f1,harmonic,student_t,0.00016989745199680328,0.02327595092356205,True,-0.7419354838709677,-0.0032375420334078697
letter,f1,harmonic,wendland_c2,1.862645149230957e-09,3.91155481338501e-07,True,-1.0,-0.006013169395242546
letter,f1,inverse_multiquadratic,laplacian,0.00020912662148475647,0.02844122052192688,True,-0.7333333333333333,-0.003624000450509368
letter,f1,inverse_multiquadratic,logarithmic,0.26039294361048326,1.0,False,0.4222222222222222,5.403777319878955e-05
letter,f1,inverse_multiquadratic,lorentzian,0.047259049490094185,1.0,False,-0.4150537634408602,-0.00200062785551669
letter,f1,inverse_multiquadratic,multiquadratic,1.862645149230957e-09,3.91155481338501e-07,True,1.0,0.015184531867370232
letter,f1,inverse_multiquadratic,quartic_spline,0.00023163668811321259,0.03034440614283085,True,-0.7290322580645161,-0.0032835746338235605
letter,f1,inverse_multiquadratic,radial,0.00023163668811321259,0.03034440614283085,True,-0.7290322580645161,-0.0036955651167381864
letter,f1,inverse_multiquadratic,rational_quadratic,0.0061949919909238815,0.5513542871922255,False,-0.5612903225806452,-0.0014376593899718682
letter,f1,inverse_multiquadratic,rbf_gaussian,2.6885420083999634e-05,0.004032813012599945,True,-0.810752688172043,-0.004205382166760252
letter,f1,inverse_multiquadratic,shepard,2.60770320892334e-08,4.667788743972778e-06,True,-0.9741935483870968,-0.0033428149821652653
letter,f1,inverse_multiquadratic,sigmoidal,0.0001528710126876831,0.02109619975090027,True,-0.7462365591397849,-0.0038726054284033973
letter,f1,inverse_multiquadratic,softmax_radial,0.00020912662148475647,0.02844122052192688,True,-0.7333333333333333,-0.003624000450509368
letter,f1,inverse_multiquadratic,student_t,0.04085984371280629,1.0,False,-0.696969696969697,-0.00021077222102805493
letter,f1,inverse_multiquadratic,wendland_c2,0.0015832837671041489,0.16624479554593563,False,-0.6387096774193548,-0.002986399582862731
letter,f1,laplacian,logarithmic,0.00012333691120147705,0.017637178301811218,True,0.7548387096774194,0.0036780382237081577
letter,f1,laplacian,lorentzian,0.010598260909318924,0.8690573945641518,False,0.5268817204301075,0.001623372594992678
letter,f1,laplacian,multiquadratic,1.862645149230957e-09,3.91155481338501e-07,True,1.0,0.0188085323178796
letter,f1,laplacian,quartic_spline,0.7456546742469072,1.0,False,0.07096774193548387,0.0003404258166858076
letter,f1,laplacian,radial,1.0,1.0,False,-0.002150537634408602,-7.15646662288183e-05
letter,f1,laplacian,rational_quadratic,0.001718590036034584,0.17701477371156216,False,0.6344086021505376,0.0021863410605375
letter,f1,laplacian,rbf_gaussian,0.19807579927146435,1.0,False,-0.2731182795698925,-0.0005813817162508839
letter,f1,laplacian,shepard,0.761065473780036,1.0,False,0.06666666666666667,0.00028118546834410285
letter,f1,laplacian,sigmoidal,0.871207794174552,1.0,False,-0.03655913978494624,-0.00024860497789402913
letter,f1,laplacian,softmax_radial,1.0,1.0,False,0.0,0.0
letter,f1,laplacian,student_t,0.00023163668811321259,0.03034440614283085,True,0.7290322580645161,0.003413228229481313
letter,f1,laplacian,wendland_c2,0.24494642950594425,1.0,False,0.24731182795698925,0.0006376008676466371
letter,f1,logarithmic,lorentzian,0.044907208532094955,1.0,False,-0.41935483870967744,-0.0020546656287154796
letter,f1,logarithmic,multiquadratic,1.862645149230957e-09,3.91155481338501e-07,True,1.0,0.015130494094171443
letter,f1,logarithmic,quartic_spline,0.000283263623714447,0.03512468934059143,True,-0.7204301075268817,-0.00333761240702235
letter,f1,logarithmic,radial,0.00023163668811321259,0.03034440614283085,True,-0.7290322580645161,-0.003749602889936976
letter,f1,logarithmic,rational_quadratic,0.004338232800364494,0.394779184833169,False,-0.5827956989247312,-0.0014916971631706577
letter,f1,logarithmic,rbf_gaussian,1.597777009010315e-05,0.0024286210536956787,True,-0.8279569892473119,-0.0042594199399590416
letter,f1,logarithmic,shepard,1.30385160446167e-08,2.3730099201202393e-06,True,-0.9827956989247312,-0.003396852755364055
letter,f1,logarithmic,sigmoidal,0.00012333691120147705,0.017637178301811218,True,-0.7548387096774194,-0.003926643201602187
letter,f1,logarithmic,softmax_radial,0.00012333691120147705,0.017637178301811218,True,-0.7548387096774194,-0.0036780382237081577
letter,f1,logarithmic,student_t,0.013103614110038467,1.0,False,-0.7802197802197802,-0.0002648099942268445
letter,f1,logarithmic,wendland_c2,0.0014574769884347916,0.1559500377625227,False,-0.6430107526881721,-0.0030404373560615205
letter,f1,lorentzian,multiquadratic,1.862645149230957e-09,3.91155481338501e-07,True,1.0,0.017185159722886922
letter,f1,lorentzian,quartic_spline,0.0037444327026605606,0.3444878086447716,False,-0.5913978494623656,-0.0012829467783068704
letter,f1,lorentzian,radial,0.009301122277975082,0.790595393627882,False,-0.535483870967742,-0.0016949372612214963
letter,f1,lorentzian,rational_quadratic,0.5158484429121017,1.0,False,0.13978494623655913,0.0005629684655448219
letter,f1,lorentzian,rbf_gaussian,0.0032229889184236526,0.30296095833182335,False,-0.6,-0.002204754311243562
letter,f1,lorentzian,shepard,0.019660815596580505,1.0,False,-0.4838709677419355,-0.0013421871266485752
letter,f1,lorentzian,sigmoidal,0.017453668639063835,1.0,False,-0.4924731182795699,-0.0018719775728867072
letter,f1,lorentzian,softmax_radial,0.010598260909318924,0.8690573945641518,False,-0.5268817204301075,-0.001623372594992678
letter,f1,lorentzian,student_t,0.09194962680339813,1.0,False,0.3548387096774194,0.0017898556344886352
letter,f1,lorentzian,wendland_c2,0.008705463260412216,0.7573753036558628,False,-0.5397849462365591,-0.000985771727346041
letter,f1,multiquadratic,quartic_spline,1.862645149230957e-09,3.91155481338501e-07,True,-1.0,-0.018468106501193793
letter,f1,multiquadratic,radial,1.862645149230957e-09,3.91155481338501e-07,True,-1.0,-0.01888009698410842
letter,f1,multiquadratic,rational_quadratic,1.862645149230957e-09,3.91155481338501e-07,True,-1.0,-0.0166221912573421
letter,f1,multiquadratic,rbf_gaussian,1.862645149230957e-09,3.91155481338501e-07,True,-1.0,-0.019389914034130484
letter,f1,multiquadratic,shepard,1.862645149230957e-09,3.91155481338501e-07,True,-1.0,-0.018527346849535498
letter,f1,multiquadratic,sigmoidal,1.862645149230957e-09,3.91155481338501e-07,True,-1.0,-0.01905713729577363
letter,f1,multiquadratic,softmax_radial,1.862645149230957e-09,3.91155481338501e-07,True,-1.0,-0.0188085323178796
letter,f1,multiquadratic,student_t,1.862645149230957e-09,3.91155481338501e-07,True,-1.0,-0.015395304088398287
letter,f1,multiquadratic,wendland_c2,1.862645149230957e-09,3.91155481338501e-07,True,-1.0,-0.018170931450232963
letter,f1,quartic_spline,radial,0.7151329666376114,1.0,False,-0.07956989247311828,-0.0004119904829146259
letter,f1,quartic_spline,rational_quadratic,0.013663241639733315,1.0,False,0.5096774193548387,0.0018459152438516924
letter,f1,quartic_spline,rbf_gaussian,0.10039735585451126,1.0,False,-0.34623655913978496,-0.0009218075329366915
letter,f1,quartic_spline,shepard,0.7765688337385654,1.0,False,-0.06236559139784946,-5.9240348341704774e-05
letter,f1,quartic_spline,sigmoidal,0.46454504504799843,1.0,False,-0.15698924731182795,-0.0005890307945798368
letter,f1,quartic_spline,softmax_radial,0.7456546742469072,1.0,False,-0.07096774193548387,-0.0003404258166858076
letter,f1,quartic_spline,student_t,0.0005054883658885956,0.05964762717485428,False,0.6946236559139785,0.0030728024127955056
letter,f1,quartic_spline,wendland_c2,0.30437241089978706,1.0,False,0.21839080459770116,0.0002971750509608295
letter,f1,radial,rational_quadratic,0.0021877754479646683,0.2144019939005375,False,0.621505376344086,0.0022579057267663183
letter,f1,radial,rbf_gaussian,0.28936620615422726,1.0,False,-0.22580645161290322,-0.0005098170500220656
letter,f1,radial,shepard,0.5698575973510742,1.0,False,0.12258064516129032,0.00035275013457292115
letter,f1,radial,sigmoidal,0.7151329666376114,1.0,False,-0.07956989247311828,-0.00017704031166521084
letter,f1,radial,softmax_radial,1.0,1.0,False,0.002150537634408602,7.15646662288183e-05
letter,f1,radial,student_t,0.0002562887966632843,0.03229238837957382,True,0.7247311827956989,0.0034847928957101315
letter,f1,radial,wendland_c2,0.28008678182959557,1.0,False,0.23010752688172043,0.0007091655338754554
letter,f1,rational_quadratic,rbf_gaussian,0.0006665531545877457,0.07532050646841526,False,-0.6817204301075269,-0.002767722776788384
letter,f1,rational_quadratic,shepard,0.00020912662148475647,0.02844122052192688,True,-0.7333333333333333,-0.0019051555921933971
letter,f1,rational_quadratic,sigmoidal,0.0006665531545877457,0.07532050646841526,False,-0.6817204301075269,-0.002434946038431529
letter,f1,rational_quadratic,softmax_radial,0.001718590036034584,0.17701477371156216,False,-0.6344086021505376,-0.0021863410605375
letter,f1,rational_quadratic,student_t,0.01283373311161995,1.0,False,0.513978494623656,0.0012268871689438132
letter,f1,rational_quadratic,wendland_c2,0.027741437777876854,1.0,False,-0.45806451612903226,-0.0015487401928908628
letter,f1,rbf_gaussian,shepard,0.15188691951334476,1.0,False,0.3032258064516129,0.0008625671845949867
letter,f1,rbf_gaussian,sigmoidal,0.2710056286305189,1.0,False,0.23440860215053763,0.00033277673835685473
letter,f1,rbf_gaussian,softmax_radial,0.19807579927146435,1.0,False,0.2731182795698925,0.0005813817162508839
letter,f1,rbf_gaussian,student_t,4.4075772166252136e-05,0.006523214280605316,True,0.7935483870967742,0.003994609945732197
letter,f1,rbf_gaussian,wendland_c2,0.06056523136794567,1.0,False,0.3935483870967742,0.001218982583897521
letter,f1,shepard,sigmoidal,0.338741784915328,1.0,False,-0.20430107526881722,-0.000529790446238132
letter,f1,shepard,softmax_radial,0.761065473780036,1.0,False,-0.06666666666666667,-0.00028118546834410285
letter,f1,shepard,student_t,2.60770320892334e-08,4.667788743972778e-06,True,0.9741935483870968,0.0031320427611372104
letter,f1,shepard,wendland_c2,0.685047073289752,1.0,False,0.08817204301075268,0.0003564153993025343
letter,f1,sigmoidal,softmax_radial,0.871207794174552,1.0,False,0.03655913978494624,0.00024860497789402913
letter,f1,sigmoidal,student_t,0.00020912662148475647,0.02844122052192688,True,0.7333333333333333,0.0036618332073753423
letter,f1,sigmoidal,wendland_c2,0.2621222734451294,1.0,False,0.23870967741935484,0.0008862058455406663
letter,f1,softmax_radial,student_t,0.00023163668811321259,0.03034440614283085,True,0.7290322580645161,0.003413228229481313
letter,f1,softmax_radial,wendland_c2,0.24494642950594425,1.0,False,0.24731182795698925,0.0006376008676466371
letter,f1,student_t,wendland_c2,0.0029870010912418365,0.2867521047592163,False,-0.6043010752688172,-0.002775627361834676
magic_telescope,f1,attention,cauchy,0.685047073289752,1.0,False,-0.08817204301075268,-0.0003052666273504201
magic_telescope,f1,attention,cosine,0.09610157273709774,1.0,False,-0.35053763440860214,-0.002502736634610647
magic_telescope,f1,attention,cubic_spline,0.39305018074810505,1.0,False,-0.1827956989247312,-0.0013678177881281117
magic_telescope,f1,attention,entropic,0.1641840822994709,1.0,False,-0.2946236559139785,-0.00135976281872352
magic_telescope,f1,attention,gen_exponential,0.08793856762349606,1.0,False,-0.35913978494623655,-0.003362062739455496
magic_telescope,f1,attention,harmonic,0.47239920501692023,1.0,False,0.19298245614035087,0.00014263544302162146
magic_telescope,f1,attention,inverse_multiquadratic,0.308520769700408,1.0,False,-0.2172043010752688,-0.0016209921179813902
magic_telescope,f1,attention,laplacian,0.5027610473334789,1.0,False,-0.14408602150537633,-0.0008817542082347751
magic_telescope,f1,attention,logarithmic,0.5027610473334789,1.0,False,-0.14408602150537633,-0.0012282865149690902
magic_telescope,f1,attention,lorentzian,0.8552717231214046,1.0,False,0.04086021505376344,0.00013197477499482524
magic_telescope,f1,attention,multiquadratic,0.000283263623714447,0.05636946111917496,False,0.7204301075268817,0.005629039410284586
magic_telescope,f1,attention,quartic_spline,0.1459994912147522,1.0,False,-0.30752688172043013,-0.002087796630462435
magic_telescope,f1,attention,radial,0.08406547829508781,1.0,False,-0.3634408602150538,-0.0021750889543922236
magic_telescope,f1,attention,rational_quadratic,0.04269753537818267,1.0,False,-0.43842364532019706,-0.0025684619303542044
magic_telescope,f1,attention,rbf_gaussian,0.03841841779649258,1.0,False,-0.432258064516129,-0.0028617003757045456
magic_telescope,f1,attention,shepard,0.027741437777876854,1.0,False,-0.45806451612903226,-0.0032300610006446018
magic_telescope,f1,attention,sigmoidal,0.42652824883677154,1.0,False,0.23333333333333334,0.0001404383687495514
magic_telescope,f1,attention,softmax_radial,0.5027610473334789,1.0,False,-0.14408602150537633,-0.0008817542082347751
magic_telescope,f1,attention,student_t,0.308520769700408,1.0,False,-0.2172043010752688,-0.0016209921179813902
magic_telescope,f1,attention,wendland_c2,0.8393927440047264,1.0,False,-0.04516129032258064,-0.00042873559635103753
magic_telescope,f1,cauchy,cosine,0.17059839516878128,1.0,False,-0.2903225806451613,-0.002197470007260227
magic_telescope,f1,cauchy,cubic_spline,0.2710056286305189,1.0,False,-0.23440860215053763,-0.0010625511607776916
magic_telescope,f1,cauchy,entropic,0.3284698575735092,1.0,False,-0.2086021505376344,-0.0010544961913731
magic_telescope,f1,cauchy,gen_exponential,0.06056523136794567,1.0,False,-0.3935483870967742,-0.0030567961121050757
magic_telescope,f1,cauchy,harmonic,0.6554384250193834,1.0,False,0.0967741935483871,0.00044790207037204155
magic_telescope,f1,cauchy,inverse_multiquadratic,0.5698575973510742,1.0,False,-0.12258064516129032,-0.00131572549063097
magic_telescope,f1,cauchy,laplacian,0.6554384250193834,1.0,False,-0.0967741935483871,-0.000576487580884355
magic_telescope,f1,cauchy,logarithmic,0.685047073289752,1.0,False,-0.08817204301075268,-0.0009230198876186702
magic_telescope,f1,cauchy,lorentzian,0.7921590935438871,1.0,False,0.05806451612903226,0.00043724140234524533
magic_telescope,f1,cauchy,multiquadratic,0.005382779985666275,1.0,False,0.5698924731182796,0.0059343060376350065
magic_telescope,f1,cauchy,quartic_spline,0.3598779272288084,1.0,False,-0.1956989247311828,-0.001782530003112015
magic_telescope,f1,cauchy,radial,0.12935307621955872,1.0,False,-0.3204301075268817,-0.0018698223270418035
magic_telescope,f1,cauchy,rational_quadratic,0.0426517054438591,1.0,False,-0.4236559139784946,-0.0022631953030037844
magic_telescope,f1,cauchy,rbf_gaussian,0.18396909348666668,1.0,False,-0.2817204301075269,-0.0025564337483541255
magic_telescope,f1,cauchy,shepard,0.018529480323195457,1.0,False,-0.4881720430107527,-0.0029247943732941817
magic_telescope,f1,cauchy,sigmoidal,0.6263462882488966,1.0,False,0.1053763440860215,0.0004457049960999715
magic_telescope,f1,cauchy,softmax_radial,0.6554384250193834,1.0,False,-0.0967741935483871,-0.000576487580884355
magic_telescope,f1,cauchy,student_t,0.5698575973510742,1.0,False,-0.12258064516129032,-0.00131572549063097
magic_telescope,f1,cauchy,wendland_c2,0.6408254038542509,1.0,False,-0.1010752688172043,-0.00012346896900061743
magic_telescope,f1,cosine,cubic_spline,0.9032264724373817,1.0,False,0.02795698924731183,0.0011349188464825355
magic_telescope,f1,cosine,entropic,0.5027610473334789,1.0,False,0.14408602150537633,0.0011429738158871272
magic_telescope,f1,cosine,gen_exponential,0.338741784915328,1.0,False,-0.20430107526881722,-0.0008593261048448486
magic_telescope,f1,cosine,harmonic,0.0635564886033535,1.0,False,0.38924731182795697,0.0026453720776322687
magic_telescope,f1,cosine,inverse_multiquadratic,0.5978077705949545,1.0,False,0.11397849462365592,0.000881744516629257
magic_telescope,f1,cosine,laplacian,0.2710056286305189,1.0,False,0.23440860215053763,0.001620982426375872
magic_telescope,f1,cosine,logarithmic,0.28936620615422726,1.0,False,0.22580645161290322,0.001274450119641557
magic_telescope,f1,cosine,lorentzian,0.047259049490094185,1.0,False,0.4150537634408602,0.0026347114096054725
magic_telescope,f1,cosine,multiquadratic,2.0489096641540527e-07,4.159286618232727e-05,True,0.9397849462365592,0.008131776044895234
magic_telescope,f1,cosine,quartic_spline,0.7765688337385654,1.0,False,0.06236559139784946,0.0004149400041482121
magic_telescope,f1,cosine,radial,0.9838335812091827,1.0,False,0.0064516129032258064,0.0003276476802184236
magic_telescope,f1,cosine,rational_quadratic,0.5291051845997572,1.0,False,-0.13548387096774195,-6.572529574355723e-05
magic_telescope,f1,cosine,rbf_gaussian,0.9192965272814035,1.0,False,-0.023655913978494623,-0.0003589637410938984
magic_telescope,f1,cosine,shepard,0.370740607380867,1.0,False,-0.1913978494623656,-0.0007273243660339546
magic_telescope,f1,cosine,sigmoidal,0.07672121562063694,1.0,False,0.3720430107526882,0.0026431750033601986
magic_telescope,f1,cosine,softmax_radial,0.2710056286305189,1.0,False,0.23440860215053763,0.001620982426375872
magic_telescope,f1,cosine,student_t,0.5978077705949545,1.0,False,0.11397849462365592,0.000881744516629257
magic_telescope,f1,cosine,wendland_c2,0.4898460879921913,1.0,False,0.14838709677419354,0.0020740010382596097
magic_telescope,f1,cubic_spline,entropic,0.8552717231214046,1.0,False,-0.04086021505376344,8.054969404591716e-06
magic_telescope,f1,cubic_spline,gen_exponential,0.054921628907322884,1.0,False,-0.4021505376344086,-0.001994244951327384
magic_telescope,f1,cubic_spline,harmonic,0.370740607380867,1.0,False,0.1913978494623656,0.0015104532311497332
magic_telescope,f1,cubic_spline,inverse_multiquadratic,0.9192965272814035,1.0,False,0.023655913978494623,-0.0002531743298532785
magic_telescope,f1,cubic_spline,laplacian,0.7303419969975948,1.0,False,0.07526881720430108,0.0004860635798933366
magic_telescope,f1,cubic_spline,logarithmic,0.8393927440047264,1.0,False,0.04516129032258064,0.00013953127315902147
magic_telescope,f1,cubic_spline,lorentzian,0.46454504504799843,1.0,False,0.15698924731182795,0.001499792563122937
magic_telescope,f1,cubic_spline,multiquadratic,0.0061949919909238815,1.0,False,0.5612903225806452,0.006996857198412698
magic_telescope,f1,cubic_spline,quartic_spline,0.8552717231214046,1.0,False,-0.04086021505376344,-0.0007199788423343234
magic_telescope,f1,cubic_spline,radial,0.33887029444588135,1.0,False,-0.20689655172413793,-0.0008072711662641119
magic_telescope,f1,cubic_spline,rational_quadratic,0.4521643426269293,1.0,False,-0.16129032258064516,-0.0012006441422260927
magic_telescope,f1,cubic_spline,rbf_gaussian,0.6120056137442589,1.0,False,-0.10967741935483871,-0.0014938825875764339
magic_telescope,f1,cubic_spline,shepard,0.28008678182959557,1.0,False,-0.23010752688172043,-0.00186224321251649
magic_telescope,f1,cubic_spline,sigmoidal,0.370740607380867,1.0,False,0.1913978494623656,0.0015082561568776631
magic_telescope,f1,cubic_spline,softmax_radial,0.7303419969975948,1.0,False,0.07526881720430108,0.0004860635798933366
magic_telescope,f1,cubic_spline,student_t,0.9192965272814035,1.0,False,0.023655913978494623,-0.0002531743298532785
magic_telescope,f1,cubic_spline,wendland_c2,0.5158484429121017,1.0,False,0.13978494623655913,0.0009390821917770742
magic_telescope,f1,entropic,gen_exponential,0.0635564886033535,1.0,False,-0.38924731182795697,-0.002002299920731976
magic_telescope,f1,entropic,harmonic,0.22855282202363014,1.0,False,0.25591397849462366,0.0015023982617451415
magic_telescope,f1,entropic,inverse_multiquadratic,0.8393927440047264,1.0,False,-0.04516129032258064,-0.0002612292992578702
magic_telescope,f1,entropic,laplacian,0.8078304156661034,1.0,False,0.053763440860215055,0.0004780086104887449
magic_telescope,f1,entropic,logarithmic,0.935398668050766,1.0,False,0.01935483870967742,0.00013147630375442976
magic_telescope,f1,entropic,lorentzian,0.3817984350025654,1.0,False,0.1870967741935484,0.0014917375937183452
magic_telescope,f1,entropic,multiquadratic,0.0005054883658885956,0.09958120808005333,False,0.6946236559139785,0.0069888022290081064
magic_telescope,f1,entropic,quartic_spline,0.5978077705949545,1.0,False,-0.11397849462365592,-0.0007280338117389151
magic_telescope,f1,entropic,radial,0.308520769700408,1.0,False,-0.2172043010752688,-0.0008153261356687036
magic_telescope,f1,entropic,rational_quadratic,0.19807579927146435,1.0,False,-0.2731182795698925,-0.0012086991116306844
magic_telescope,f1,entropic,rbf_gaussian,0.2710056286305189,1.0,False,-0.23440860215053763,-0.0015019375569810256
magic_telescope,f1,entropic,shepard,0.19092952087521553,1.0,False,-0.27741935483870966,-0.0018702981819210818
magic_telescope,f1,entropic,sigmoidal,0.21293285302817822,1.0,False,0.2645161290322581,0.0015002011874730714
magic_telescope,f1,entropic,softmax_radial,0.8078304156661034,1.0,False,0.053763440860215055,0.0004780086104887449
magic_telescope,f1,entropic,student_t,0.8393927440047264,1.0,False,-0.04516129032258064,-0.0002612292992578702
magic_telescope,f1,entropic,wendland_c2,0.685047073289752,1.0,False,0.08817204301075268,0.0009310272223724825
magic_telescope,f1,gen_exponential,harmonic,0.06056523136794567,1.0,False,0.3935483870967742,0.0035046981824771173
magic_telescope,f1,gen_exponential,inverse_multiquadratic,0.370740607380867,1.0,False,0.1913978494623656,0.0017410706214741056
magic_telescope,f1,gen_exponential,laplacian,0.28008678182959557,1.0,False,0.23010752688172043,0.0024803085312207207
magic_telescope,f1,gen_exponential,logarithmic,0.28008678182959557,1.0,False,0.23010752688172043,0.0021337762244864056
magic_telescope,f1,gen_exponential,lorentzian,0.07324407435953617,1.0,False,0.3763440860215054,0.003494037514450321
magic_telescope,f1,gen_exponential,multiquadratic,0.0007296018302440643,0.1430019587278366,False,0.6774193548387096,0.008991102149740082
magic_telescope,f1,gen_exponential,quartic_spline,0.4771064817905426,1.0,False,0.15268817204301074,0.0012742661089930607
magic_telescope,f1,gen_exponential,radial,0.22855282202363014,1.0,False,0.25591397849462366,0.0011869737850632722
magic_telescope,f1,gen_exponential,rational_quadratic,0.5698575973510742,1.0,False,0.12258064516129032,0.0007936008091012914
magic_telescope,f1,gen_exponential,rbf_gaussian,0.6120056137442589,1.0,False,0.10967741935483871,0.0005003623637509502
magic_telescope,f1,gen_exponential,shepard,0.685047073289752,1.0,False,0.08817204301075268,0.00013200173881089405
magic_telescope,f1,gen_exponential,sigmoidal,0.06056523136794567,1.0,False,0.3935483870967742,0.0035025011082050472
magic_telescope,f1,gen_exponential,softmax_radial,0.28008678182959557,1.0,False,0.23010752688172043,0.0024803085312207207
magic_telescope,f1,gen_exponential,student_t,0.370740607380867,1.0,False,0.1913978494623656,0.0017410706214741056
magic_telescope,f1,gen_exponential,wendland_c2,0.06666470877826214,1.0,False,0.3849462365591398,0.0029333271431044583
magic_telescope,f1,harmonic,inverse_multiquadratic,0.25343610532581806,1.0,False,-0.24301075268817204,-0.0017636275610030117
magic_telescope,f1,harmonic,laplacian,0.42795460671186447,1.0,False,-0.16989247311827957,-0.0010243896512563966
magic_telescope,f1,harmonic,logarithmic,0.42795460671186447,1.0,False,-0.16989247311827957,-0.0013709219579907117
magic_telescope,f1,harmonic,lorentzian,0.9032264724373817,1.0,False,0.02795698924731183,-1.0660668026796216e-05
magic_telescope,f1,harmonic,multiquadratic,0.00023163668811321259,0.04655897431075573,True,0.7290322580645161,0.005486403967262965
magic_telescope,f1,harmonic,quartic_spline,0.1641840822994709,1.0,False,-0.2946236559139785,-0.0022304320734840566
magic_telescope,f1,harmonic,radial,0.08793856762349606,1.0,False,-0.35913978494623655,-0.002317724397413845
magic_telescope,f1,harmonic,rational_quadratic,0.03231326680260798,1.0,False,-0.4630541871921182,-0.002711097373375826
magic_telescope,f1,harmonic,rbf_gaussian,0.036434996873140335,1.0,False,-0.43655913978494626,-0.003004335818726167
magic_telescope,f1,harmonic,shepard,0.019660815596580505,1.0,False,-0.4838709677419355,-0.0033726964436662232
magic_telescope,f1,harmonic,sigmoidal,0.981116590883351,1.0,False,-0.006535947712418301,-2.1970742720700542e-06
magic_telescope,f1,harmonic,softmax_radial,0.42795460671186447,1.0,False,-0.16989247311827957,-0.0010243896512563966
magic_telescope,f1,harmonic,student_t,0.25343610532581806,1.0,False,-0.24301075268817204,-0.0017636275610030117
magic_telescope,f1,harmonic,wendland_c2,0.7456546742469072,1.0,False,-0.07096774193548387,-0.000571371039372659
magic_telescope,f1,inverse_multiquadratic,laplacian,0.1563441156998108,1.0,False,0.31216931216931215,0.0007392379097466151
magic_telescope,f1,inverse_multiquadratic,logarithmic,0.0936033730440888,1.0,False,0.4502923976608187,0.00039270560301229995
magic_telescope,f1,inverse_multiquadratic,lorentzian,0.10483990423381329,1.0,False,0.3419354838709677,0.0017529668929762154
magic_telescope,f1,inverse_multiquadratic,multiquadratic,1.862645149230957e-09,3.91155481338501e-07,True,1.0,0.007250031528265977
magic_telescope,f1,inverse_multiquadratic,quartic_spline,0.6575663850187541,1.0,False,-0.09425287356321839,-0.00046680451248104493
magic_telescope,f1,inverse_multiquadratic,radial,0.5978077705949545,1.0,False,-0.11397849462365592,-0.0005540968364108334
magic_telescope,f1,inverse_multiquadratic,rational_quadratic,0.6120056137442589,1.0,False,-0.10967741935483871,-0.0009474698123728142
magic_telescope,f1,inverse_multiquadratic,rbf_gaussian,0.26545303243391527,1.0,False,-0.2367816091954023,-0.0012407082577231554
magic_telescope,f1,inverse_multiquadratic,shepard,0.5095698444848895,1.0,False,-0.14022988505747128,-0.0016090688826632116
magic_telescope,f1,inverse_multiquadratic,sigmoidal,0.28936620615422726,1.0,False,0.22580645161290322,0.0017614304867309416
magic_telescope,f1,inverse_multiquadratic,softmax_radial,0.1563441156998108,1.0,False,0.31216931216931215,0.0007392379097466151
magic_telescope,f1,inverse_multiquadratic,student_t,1.0,1.0,False,0.0,0.0
magic_telescope,f1,inverse_multiquadratic,wendland_c2,0.7303419969975948,1.0,False,0.07526881720430108,0.0011922565216303527
magic_telescope,f1,laplacian,logarithmic,0.3966787576604369,1.0,False,-0.19384615384615383,-0.0003465323067343151
magic_telescope,f1,laplacian,lorentzian,0.4427108127662316,1.0,False,0.1632183908045977,0.0010137289832296004
magic_telescope,f1,laplacian,multiquadratic,1.862645149230957e-09,3.91155481338501e-07,True,1.0,0.0065107936185193616
magic_telescope,f1,laplacian,quartic_spline,0.08351810256109068,1.0,False,-0.37438423645320196,-0.00120604242222766
magic_telescope,f1,laplacian,radial,0.4161298982799053,1.0,False,-0.17419354838709677,-0.0012933347461574485
magic_telescope,f1,laplacian,rational_quadratic,0.46454504504799843,1.0,False,-0.15698924731182795,-0.0016867077221194293
magic_telescope,f1,laplacian,rbf_gaussian,0.0803273618221283,1.0,False,-0.36774193548387096,-0.0019799461674697705
magic_telescope,f1,laplacian,shepard,0.26545303243391527,1.0,False,-0.2367816091954023,-0.0023483067924098266
magic_telescope,f1,laplacian,sigmoidal,0.4771064817905426,1.0,False,0.15268817204301074,0.0010221925769843265
magic_telescope,f1,laplacian,softmax_radial,1.0,1.0,False,0.0,0.0
magic_telescope,f1,laplacian,student_t,0.1563441156998108,1.0,False,-0.31216931216931215,-0.0007392379097466151
magic_telescope,f1,laplacian,wendland_c2,1.0,1.0,False,0.002150537634408602,0.0004530186118837376
magic_telescope,f1,logarithmic,lorentzian,0.21293285302817822,1.0,False,0.2645161290322581,0.0013602612899639155
magic_telescope,f1,logarithmic,multiquadratic,1.862645149230957e-09,3.91155481338501e-07,True,1.0,0.006857325925253677
magic_telescope,f1,logarithmic,quartic_spline,0.24550260452144101,1.0,False,-0.2512315270935961,-0.0008595101154933449
magic_telescope,f1,logarithmic,radial,0.42795460671186447,1.0,False,-0.16989247311827957,-0.0009468024394231334
magic_telescope,f1,logarithmic,rational_quadratic,0.5027610473334789,1.0,False,-0.14408602150537633,-0.0013401754153851142
magic_telescope,f1,logarithmic,rbf_gaussian,0.1641840822994709,1.0,False,-0.2946236559139785,-0.0016334138607354554
magic_telescope,f1,logarithmic,shepard,0.3469051394778403,1.0,False,-0.2,-0.0020017744856755115
magic_telescope,f1,logarithmic,sigmoidal,0.40449450351297855,1.0,False,0.17849462365591398,0.0013687248837186416
magic_telescope,f1,logarithmic,softmax_radial,0.3966787576604369,1.0,False,0.19384615384615383,0.0003465323067343151
magic_telescope,f1,logarithmic,student_t,0.0936033730440888,1.0,False,-0.4502923976608187,-0.00039270560301229995
magic_telescope,f1,logarithmic,wendland_c2,0.8871948085725307,1.0,False,0.03225806451612903,0.0007995509186180527
magic_telescope,f1,lorentzian,multiquadratic,0.00023163668811321259,0.04655897431075573,True,0.7290322580645161,0.005497064635289761
magic_telescope,f1,lorentzian,quartic_spline,0.140283040702343,1.0,False,-0.3118279569892473,-0.0022197714054572604
magic_telescope,f1,lorentzian,radial,0.18396909348666668,1.0,False,-0.2817204301075269,-0.002307063729387049
magic_telescope,f1,lorentzian,rational_quadratic,0.1459994912147522,1.0,False,-0.30752688172043013,-0.0027004367053490297
magic_telescope,f1,lorentzian,rbf_gaussian,0.007111456245183945,1.0,False,-0.5526881720430108,-0.002993675150699371
magic_telescope,f1,lorentzian,shepard,0.061427334379329415,1.0,False,-0.39770114942528734,-0.003362035775639427
magic_telescope,f1,lorentzian,sigmoidal,0.871207794174552,1.0,False,-0.03655913978494624,8.463593754726162e-06
magic_telescope,f1,lorentzian,softmax_radial,0.4427108127662316,1.0,False,-0.1632183908045977,-0.0010137289832296004
magic_telescope,f1,lorentzian,student_t,0.10483990423381329,1.0,False,-0.3419354838709677,-0.0017529668929762154
magic_telescope,f1,lorentzian,wendland_c2,0.9515264742076397,1.0,False,-0.015053763440860216,-0.0005607103713458628
magic_telescope,f1,multiquadratic,quartic_spline,1.862645149230957e-09,3.91155481338501e-07,True,-1.0,-0.0077168360407470216
magic_telescope,f1,multiquadratic,radial,0.001038169488310814,0.2014048807322979,False,-0.6602150537634408,-0.00780412836467681
magic_telescope,f1,multiquadratic,rational_quadratic,0.0007978975772857666,0.1555900275707245,False,-0.6731182795698925,-0.008197501340638791
magic_telescope,f1,multiquadratic,rbf_gaussian,1.862645149230957e-09,3.91155481338501e-07,True,-1.0,-0.008490739785989132
magic_telescope,f1,multiquadratic,shepard,0.00011058151721954346,0.02233746647834778,True,-0.7591397849462366,-0.008859100410929188
magic_telescope,f1,multiquadratic,sigmoidal,0.0003800932317972183,0.07525845989584923,False,-0.7075268817204301,-0.005488601041535035
magic_telescope,f1,multiquadratic,softmax_radial,1.862645149230957e-09,3.91155481338501e-07,True,-1.0,-0.0065107936185193616
magic_telescope,f1,multiquadratic,student_t,1.862645149230957e-09,3.91155481338501e-07,True,-1.0,-0.007250031528265977
magic_telescope,f1,multiquadratic,wendland_c2,0.023410143330693245,1.0,False,-0.47096774193548385,-0.006057775006635624
magic_telescope,f1,quartic_spline,radial,0.8871948085725307,1.0,False,-0.03225806451612903,-8.729232392978847e-05
magic_telescope,f1,quartic_spline,rational_quadratic,0.7303419969975948,1.0,False,-0.07526881720430108,-0.0004806652998917693
magic_telescope,f1,quartic_spline,rbf_gaussian,0.4521643426269293,1.0,False,-0.16129032258064516,-0.0007739037452421105
magic_telescope,f1,quartic_spline,shepard,0.6120056137442589,1.0,False,-0.10967741935483871,-0.0011422643701821666
magic_telescope,f1,quartic_spline,sigmoidal,0.10943205840885639,1.0,False,0.33763440860215055,0.0022282349992119865
magic_telescope,f1,quartic_spline,softmax_radial,0.08351810256109068,1.0,False,0.37438423645320196,0.00120604242222766
magic_telescope,f1,quartic_spline,student_t,0.6575663850187541,1.0,False,0.09425287356321839,0.00046680451248104493
magic_telescope,f1,quartic_spline,wendland_c2,0.6408254038542509,1.0,False,0.1010752688172043,0.0016590610341113976
magic_telescope,f1,radial,rational_quadratic,0.8552717231214046,1.0,False,-0.04086021505376344,-0.00039337297596198084
magic_telescope,f1,radial,rbf_gaussian,0.761065473780036,1.0,False,-0.06666666666666667,-0.000686611421312322
magic_telescope,f1,radial,shepard,0.4771064817905426,1.0,False,-0.15268817204301074,-0.0010549720462523782
magic_telescope,f1,radial,sigmoidal,0.0803273618221283,1.0,False,0.36774193548387096,0.002315527323141775
magic_telescope,f1,radial,softmax_radial,0.4161298982799053,1.0,False,0.17419354838709677,0.0012933347461574485
magic_telescope,f1,radial,student_t,0.5978077705949545,1.0,False,0.11397849462365592,0.0005540968364108334
magic_telescope,f1,radial,wendland_c2,0.338741784915328,1.0,False,0.20430107526881722,0.001746353358041186
magic_telescope,f1,rational_quadratic,rbf_gaussian,0.8871948085725307,1.0,False,-0.03225806451612903,-0.00029323844535034116
magic_telescope,f1,rational_quadratic,shepard,0.5561132747679949,1.0,False,-0.12688172043010754,-0.0006615990702903973
magic_telescope,f1,rational_quadratic,sigmoidal,0.03692078702122782,1.0,False,0.4436781609195402,0.002708900299103756
magic_telescope,f1,rational_quadratic,softmax_radial,0.46454504504799843,1.0,False,0.15698924731182795,0.0016867077221194293
magic_telescope,f1,rational_quadratic,student_t,0.6120056137442589,1.0,False,0.10967741935483871,0.0009474698123728142
magic_telescope,f1,rational_quadratic,wendland_c2,0.370740607380867,1.0,False,0.1913978494623656,0.002139726334003167
magic_telescope,f1,rbf_gaussian,shepard,0.7765688337385654,1.0,False,-0.06236559139784946,-0.00036836062494005617
magic_telescope,f1,rbf_gaussian,sigmoidal,0.036434996873140335,1.0,False,0.43655913978494626,0.003002138744454097
magic_telescope,f1,rbf_gaussian,softmax_radial,0.0803273618221283,1.0,False,0.36774193548387096,0.0019799461674697705
magic_telescope,f1,rbf_gaussian,student_t,0.26545303243391527,1.0,False,0.2367816091954023,0.0012407082577231554
magic_telescope,f1,rbf_gaussian,wendland_c2,0.42795460671186447,1.0,False,0.16989247311827957,0.002432964779353508
magic_telescope,f1,shepard,sigmoidal,0.023410143330693245,1.0,False,0.47096774193548385,0.003370499369394153
magic_telescope,f1,shepard,softmax_radial,0.26545303243391527,1.0,False,0.2367816091954023,0.0023483067924098266
magic_telescope,f1,shepard,student_t,0.5095698444848895,1.0,False,0.14022988505747128,0.0016090688826632116
magic_telescope,f1,shepard,wendland_c2,0.19092952087521553,1.0,False,0.27741935483870966,0.0028013254042935642
magic_telescope,f1,sigmoidal,softmax_radial,0.4771064817905426,1.0,False,-0.15268817204301074,-0.0010221925769843265
magic_telescope,f1,sigmoidal,student_t,0.28936620615422726,1.0,False,-0.22580645161290322,-0.0017614304867309416
magic_telescope,f1,sigmoidal,wendland_c2,0.7765688337385654,1.0,False,-0.06236559139784946,-0.0005691739651005889
magic_telescope,f1,softmax_radial,student_t,0.1563441156998108,1.0,False,-0.31216931216931215,-0.0007392379097466151
magic_telescope,f1,softmax_radial,wendland_c2,1.0,1.0,False,0.002150537634408602,0.0004530186118837376
magic_telescope,f1,student_t,wendland_c2,0.7303419969975948,1.0,False,0.07526881720430108,0.0011922565216303527
page_blocks,f1,attention,cauchy,0.0027461281721087192,0.31580473979250273,False,-0.6367816091954023,-0.02879870969431997
page_blocks,f1,attention,cosine,9.067222017758301e-05,0.015232932989833945,True,0.9133333333333333,0.023042373674176386
page_blocks,f1,attention,cubic_spline,0.07032573521121915,1.0,False,0.5147058823529411,0.012593631440706021
page_blocks,f1,attention,entropic,0.369525330084544,1.0,False,-0.19080459770114944,-0.01320350109723778
page_blocks,f1,attention,gen_exponential,0.00016989745199680328,0.027693284675478935,True,-0.7419354838709677,-0.05221260085241042
page_blocks,f1,attention,harmonic,0.15793931050013033,1.0,False,0.46153846153846156,0.009784145734307192
page_blocks,f1,attention,inverse_multiquadratic,0.5296296702875958,1.0,False,-0.14666666666666667,-0.00505715085783176
page_blocks,f1,attention,laplacian,7.056817412376404e-05,0.01206715777516365,True,-0.7763440860215054,-0.05250052237696523
page_blocks,f1,attention,logarithmic,0.7915680312154841,1.0,False,0.0582010582010582,0.00843395599807406
page_blocks,f1,attention,lorentzian,0.04380372353657391,1.0,False,-0.5142857142857142,-0.007927074007155976
page_blocks,f1,attention,multiquadratic,0.0005884351465884492,0.08179248537579444,False,0.8188405797101449,0.024489071605636403
page_blocks,f1,attention,quartic_spline,0.07032573521121915,1.0,False,0.5147058823529411,0.013570070982596327
page_blocks,f1,attention,radial,0.06666470877826214,1.0,False,-0.3849462365591398,-0.032910952644606084
page_blocks,f1,attention,rational_quadratic,9.90256667137146e-05,0.016537286341190338,True,-0.7634408602150538,-0.04695625353652977
page_blocks,f1,attention,rbf_gaussian,0.08406547829508781,1.0,False,-0.3634408602150538,-0.02591337276281991
page_blocks,f1,attention,shepard,0.00012333691120147705,0.02047392725944519,True,-0.7548387096774194,-0.03896156485657665
page_blocks,f1,attention,sigmoidal,0.32461181114807214,1.0,False,-0.21693121693121692,-0.01008136112633573
page_blocks,f1,attention,softmax_radial,7.056817412376404e-05,0.01206715777516365,True,-0.7763440860215054,-0.05250052237696523
page_blocks,f1,attention,student_t,0.5296296702875958,1.0,False,-0.14666666666666667,-0.00505715085783176
page_blocks,f1,attention,wendland_c2,0.001304069820893846,0.1643127974326246,False,0.8008658008658008,0.015459879629577733
page_blocks,f1,cauchy,cosine,1.4193356037139893e-06,0.0002781897783279419,True,0.896774193548387,0.051841083368496355
page_blocks,f1,cauchy,cubic_spline,0.00029246278606886,0.04447238892316818,True,0.7701149425287356,0.04139234113502599
page_blocks,f1,cauchy,entropic,0.15794767439365387,1.0,False,0.2989247311827957,0.015595208597082189
page_blocks,f1,cauchy,gen_exponential,0.027186601854496447,1.0,False,-0.47783251231527096,-0.02341389115809045
page_blocks,f1,cauchy,harmonic,0.0003800932317972183,0.05663389153778553,False,0.7075268817204301,0.03858285542862716
page_blocks,f1,cauchy,inverse_multiquadratic,0.006313259698840443,0.6502657489805657,False,0.6246153846153846,0.023741558836488208
page_blocks,f1,cauchy,laplacian,0.008608592469900115,0.826424877110411,False,-0.5586206896551724,-0.023701812682645262
page_blocks,f1,cauchy,logarithmic,0.00416911599547412,0.4544336435066791,False,0.6091954022988506,0.03723266569239403
page_blocks,f1,cauchy,lorentzian,0.044907208532094955,1.0,False,0.41935483870967744,0.020871635687163992
page_blocks,f1,cauchy,multiquadratic,2.6885420083999634e-05,0.0048124901950359344,True,0.810752688172043,0.05328778129995637
page_blocks,f1,cauchy,quartic_spline,0.00013536081360538934,0.02233453424488924,True,0.8114942528735632,0.042368780676916296
page_blocks,f1,cauchy,radial,0.935398668050766,1.0,False,-0.01935483870967742,-0.004112242950286116
page_blocks,f1,cauchy,rational_quadratic,0.0015666364757477875,0.19112965004123006,False,-0.7094017094017094,-0.0181575438422098
page_blocks,f1,cauchy,rbf_gaussian,0.5520854520027925,1.0,False,0.12643678160919541,0.00288533693150006
page_blocks,f1,cauchy,shepard,0.011876381887516062,1.0,False,-0.5753846153846154,-0.010162855162256679
page_blocks,f1,cauchy,sigmoidal,0.028795498649410566,1.0,False,0.48148148148148145,0.018717348567984238
page_blocks,f1,cauchy,softmax_radial,0.008608592469900115,0.826424877110411,False,-0.5586206896551724,-0.023701812682645262
page_blocks,f1,cauchy,student_t,0.006313259698840443,0.6502657489805657,False,0.6246153846153846,0.023741558836488208
page_blocks,f1,cauchy,wendland_c2,2.0798295736312866e-05,0.0038476847112178802,True,0.8193548387096774,0.0442585893238977
page_blocks,f1,cosine,cubic_spline,0.00020134977414522506,0.03261866341152646,True,-0.9051383399209486,-0.010448742233470365
page_blocks,f1,cosine,entropic,0.02009902604880586,1.0,False,-0.4942528735632184,-0.036245874771414166
page_blocks,f1,cosine,gen_exponential,6.910413503646851e-07,0.00014028139412403107,True,-0.9139784946236559,-0.0752549745265868
page_blocks,f1,cosine,harmonic,5.228097759225583e-05,0.009096890101052515,True,-0.9637681159420289,-0.013258227939869194
page_blocks,f1,cosine,inverse_multiquadratic,0.0006361513664445838,0.08715273720290799,False,-0.7389162561576355,-0.028099524532008147
page_blocks,f1,cosine,laplacian,1.6391277313232422e-07,3.4421682357788086e-05,True,-0.9440860215053763,-0.07554289605114162
page_blocks,f1,cosine,logarithmic,0.005459684044325266,0.5787265086984782,False,-0.5908045977011495,-0.014608417676102325
page_blocks,f1,cosine,lorentzian,2.3535926621963615e-05,0.004236466791953451,True,-0.9312169312169312,-0.030969447681332363
page_blocks,f1,cosine,multiquadratic,0.7583123742610346,1.0,False,-0.08496732026143791,0.001446697931460017
page_blocks,f1,cosine,quartic_spline,0.0008292057593073195,0.11028436598787349,False,-0.78,-0.009472302691580059
page_blocks,f1,cosine,radial,0.0007978975772857666,0.10691827535629272,False,-0.6731182795698925,-0.05595332631878247
page_blocks,f1,cosine,rational_quadratic,8.326023817062378e-07,0.00016652047634124756,True,-0.9096774193548387,-0.06999862721070615
page_blocks,f1,cosine,rbf_gaussian,0.0015832837671041489,0.191577335819602,False,-0.6387096774193548,-0.048955746436996295
page_blocks,f1,cosine,shepard,9.781652253211938e-06,0.0018389506236038443,True,-0.9402298850574713,-0.06200393853075303
page_blocks,f1,cosine,sigmoidal,0.00024618221750864175,0.03938915480138268,True,-0.7931034482758621,-0.03312373480051212
page_blocks,f1,cosine,softmax_radial,1.6391277313232422e-07,3.4421682357788086e-05,True,-0.9440860215053763,-0.07554289605114162
page_blocks,f1,cosine,student_t,0.0006361513664445838,0.08715273720290799,False,-0.7389162561576355,-0.028099524532008147
page_blocks,f1,cosine,wendland_c2,0.007630414739245609,0.7688258495181799,False,-0.8095238095238095,-0.007582494044598653
page_blocks,f1,cubic_spline,entropic,0.10256331911359984,1.0,False,-0.3471264367816092,-0.0257971325379438
page_blocks,f1,cubic_spline,gen_exponential,1.6838312149047852e-06,0.0003283470869064331,True,-0.8924731182795699,-0.06480623229311644
page_blocks,f1,cubic_spline,harmonic,0.34910194464272437,1.0,False,-0.25146198830409355,-0.0028094857063988288
page_blocks,f1,cubic_spline,inverse_multiquadratic,0.054605767765805696,1.0,False,-0.42328042328042326,-0.01765078229853778
page_blocks,f1,cubic_spline,laplacian,6.910413503646851e-07,0.00014028139412403107,True,-0.9139784946236559,-0.06509415381767125
page_blocks,f1,cubic_spline,logarithmic,0.3365521878439186,1.0,False,-0.21164021164021163,-0.00415967544263196
page_blocks,f1,cubic_spline,lorentzian,0.0010172413503286527,0.13224137554272486,False,-0.7666666666666667,-0.020520705447861998
page_blocks,f1,cubic_spline,multiquadratic,0.03845841807877782,1.0,False,0.46438746438746437,0.011895440164930382
page_blocks,f1,cubic_spline,quartic_spline,0.5001842570707944,1.0,False,-0.3333333333333333,0.000976439541890306
page_blocks,f1,cubic_spline,radial,0.007612137123942375,0.7688258495181799,False,-0.5483870967741935,-0.045504584085312105
page_blocks,f1,cubic_spline,rational_quadratic,4.421919584274292e-06,0.0008490085601806641,True,-0.8666666666666667,-0.05954988497723579
page_blocks,f1,cubic_spline,rbf_gaussian,0.010598260909318924,0.9962365254759789,False,-0.5268817204301075,-0.03850700420352593
page_blocks,f1,cubic_spline,shepard,4.421919584274292e-06,0.0008490085601806641,True,-0.8666666666666667,-0.05155519629728267
page_blocks,f1,cubic_spline,sigmoidal,0.0036366878938305404,0.40367235621519,False,-0.6524216524216524,-0.022674992567041752
page_blocks,f1,cubic_spline,softmax_radial,6.910413503646851e-07,0.00014028139412403107,True,-0.9139784946236559,-0.06509415381767125
page_blocks,f1,cubic_spline,student_t,0.054605767765805696,1.0,False,-0.42328042328042326,-0.01765078229853778
page_blocks,f1,cubic_spline,wendland_c2,0.0009815397525216685,0.12858170758033857,False,1.0,0.0028662481888717117
page_blocks,f1,entropic,gen_exponential,0.00014360856762163124,0.023551805089947524,True,-0.9057971014492754,-0.03900909975517264
page_blocks,f1,entropic,harmonic,0.1631073882292975,1.0,False,0.296551724137931,0.022987646831544972
page_blocks,f1,entropic,inverse_multiquadratic,0.8552717231214046,1.0,False,0.04086021505376344,0.00814635023940602
page_blocks,f1,entropic,laplacian,0.0004931586720966438,0.07052169010982007,False,-0.796923076923077,-0.03929702127972745
page_blocks,f1,entropic,logarithmic,0.4161298982799053,1.0,False,0.17419354838709677,0.02163745709531184
page_blocks,f1,entropic,lorentzian,0.6891349940127396,1.0,False,0.08505747126436781,0.005276427090081803
page_blocks,f1,entropic,multiquadratic,0.02977040515042219,1.0,False,0.46206896551724136,0.03769257270287418
page_blocks,f1,entropic,quartic_spline,0.10256331911359984,1.0,False,0.3471264367816092,0.026773572079834107
page_blocks,f1,entropic,radial,0.0014353518469266875,0.17941898086583594,False,-0.7150997150997151,-0.019707451547368304
page_blocks,f1,entropic,rational_quadratic,0.0050962664247806815,0.5453005074515329,False,-0.6059113300492611,-0.03375275243929199
page_blocks,f1,entropic,rbf_gaussian,0.0055810915679556945,0.5860146146353479,False,-0.6466666666666666,-0.012709871665582129
page_blocks,f1,entropic,shepard,0.06056523136794567,1.0,False,-0.3935483870967742,-0.025758063759338867
page_blocks,f1,entropic,sigmoidal,0.8022117949916099,1.0,False,0.054187192118226604,0.003122139970902049
page_blocks,f1,entropic,softmax_radial,0.0004931586720966438,0.07052169010982007,False,-0.796923076923077,-0.03929702127972745
page_blocks,f1,entropic,student_t,0.8552717231214046,1.0,False,0.04086021505376344,0.00814635023940602
page_blocks,f1,entropic,wendland_c2,0.06767564114400142,1.0,False,0.38850574712643676,0.028663380726815513
page_blocks,f1,gen_exponential,harmonic,7.910653948783875e-05,0.013369005173444748,True,0.7720430107526882,0.06199674658671761
page_blocks,f1,gen_exponential,inverse_multiquadratic,0.0017807569949149695,0.21369083938979633,False,0.664367816091954,0.04715544999457866
page_blocks,f1,gen_exponential,laplacian,0.22732992995598733,1.0,False,-0.3157894736842105,-0.0002879215245548128
page_blocks,f1,gen_exponential,logarithmic,0.0005054883658885956,0.07127385959029198,False,0.6946236559139785,0.06064655685048448
page_blocks,f1,gen_exponential,lorentzian,0.0014574769884347916,0.17941898086583594,False,0.6430107526881721,0.04428552684525444
page_blocks,f1,gen_exponential,multiquadratic,7.994472980499268e-06,0.0015109553933143616,True,0.8494623655913979,0.07670167245804682
page_blocks,f1,gen_exponential,quartic_spline,4.7124922275543213e-07,9.707733988761902e-05,True,0.9225806451612903,0.06578267183500675
page_blocks,f1,gen_exponential,radial,0.04156975162896875,1.0,False,0.4855072463768116,0.019301648207804334
page_blocks,f1,gen_exponential,rational_quadratic,0.8190952935504228,1.0,False,-0.052307692307692305,0.0052563473158806495
page_blocks,f1,gen_exponential,rbf_gaussian,0.0022633358728580753,0.26254696125153676,False,0.8431372549019608,0.02629922808959051
page_blocks,f1,gen_exponential,shepard,0.380904893503636,1.0,False,0.19658119658119658,0.013251035995833771
page_blocks,f1,gen_exponential,sigmoidal,0.00022713112288491193,0.03656811078447082,True,0.7839080459770115,0.04213123972607469
page_blocks,f1,gen_exponential,softmax_radial,0.22732992995598733,1.0,False,-0.3157894736842105,-0.0002879215245548128
page_blocks,f1,gen_exponential,student_t,0.0017807569949149695,0.21369083938979633,False,0.664367816091954,0.04715544999457866
page_blocks,f1,gen_exponential,wendland_c2,9.98377799987793e-07,0.0001986771821975708,True,0.9053763440860215,0.06767248048198815
page_blocks,f1,harmonic,inverse_multiquadratic,0.08752712680268941,1.0,False,-0.39076923076923076,-0.014841296592138953
page_blocks,f1,harmonic,laplacian,2.0798295736312866e-05,0.0038476847112178802,True,-0.8193548387096774,-0.06228466811127242
page_blocks,f1,harmonic,logarithmic,0.19451080638284968,1.0,False,-0.2857142857142857,-0.0013501897362331317
page_blocks,f1,harmonic,lorentzian,0.012948886352603273,1.0,False,-0.6190476190476191,-0.01771121974146317
page_blocks,f1,harmonic,multiquadratic,0.0011624285733496413,0.14762842881540444,False,0.8285714285714286,0.01470492587132921
page_blocks,f1,harmonic,quartic_spline,0.29542405582364173,1.0,False,0.2736842105263158,0.003785925248289135
page_blocks,f1,harmonic,radial,0.023410143330693245,1.0,False,-0.47096774193548385,-0.042695098378913277
page_blocks,f1,harmonic,rational_quadratic,4.968419671058655e-05,0.008744418621063232,True,-0.789247311827957,-0.05674039927083696
page_blocks,f1,harmonic,rbf_gaussian,0.03841841779649258,1.0,False,-0.432258064516129,-0.0356975184971271
page_blocks,f1,harmonic,shepard,6.286613643169403e-05,0.010812975466251373,True,-0.7806451612903226,-0.04874571059088384
page_blocks,f1,harmonic,sigmoidal,0.1363426134204674,1.0,False,-0.328042328042328,-0.019865506860642923
page_blocks,f1,harmonic,softmax_radial,2.0798295736312866e-05,0.0038476847112178802,True,-0.8193548387096774,-0.06228466811127242
page_blocks,f1,harmonic,student_t,0.08752712680268941,1.0,False,-0.39076923076923076,-0.014841296592138953
page_blocks,f1,harmonic,wendland_c2,0.033461641724253414,1.0,False,0.5177865612648221,0.0056757338952705405
page_blocks,f1,inverse_multiquadratic,laplacian,0.000283263623714447,0.04447238892316818,True,-0.7204301075268817,-0.04744337151913347
page_blocks,f1,inverse_multiquadratic,logarithmic,0.22747626562591206,1.0,False,0.26108374384236455,0.013491106855905821
page_blocks,f1,inverse_multiquadratic,lorentzian,0.8400716444402775,1.0,False,-0.046153846153846156,-0.002869923149324216
page_blocks,f1,inverse_multiquadratic,multiquadratic,0.002111088108921247,0.24910839685270716,False,0.6650246305418719,0.029546222463468164
page_blocks,f1,inverse_multiquadratic,quartic_spline,0.04614386788589431,1.0,False,0.43915343915343913,0.018627221840428088
page_blocks,f1,inverse_multiquadratic,radial,0.11907656863331795,1.0,False,-0.32903225806451614,-0.027853801786774324
page_blocks,f1,inverse_multiquadratic,rational_quadratic,0.0004791544897145572,0.0704357099880399,False,-0.7425287356321839,-0.04189910267869801
page_blocks,f1,inverse_multiquadratic,rbf_gaussian,0.19092952087521553,1.0,False,-0.27741935483870966,-0.020856221904988148
page_blocks,f1,inverse_multiquadratic,shepard,0.0004791544897145572,0.0704357099880399,False,-0.7425287356321839,-0.03390441399874489
page_blocks,f1,inverse_multiquadratic,sigmoidal,0.9396727300650676,1.0,False,0.016091954022988506,-0.00502421026850397
page_blocks,f1,inverse_multiquadratic,softmax_radial,0.000283263623714447,0.04447238892316818,True,-0.7204301075268817,-0.04744337151913347
page_blocks,f1,inverse_multiquadratic,student_t,1.0,1.0,False,0.0,0.0
page_blocks,f1,inverse_multiquadratic,wendland_c2,0.016802577730643323,1.0,False,0.5172413793103449,0.020517030487409493
page_blocks,f1,laplacian,logarithmic,0.000269031200173088,0.04277596082752099,True,0.7881773399014779,0.06093447837503929
page_blocks,f1,laplacian,lorentzian,0.000283263623714447,0.04447238892316818,True,0.7204301075268817,0.044573448369809254
page_blocks,f1,laplacian,multiquadratic,1.991167664527893e-06,0.00038628652691841125,True,0.8881720430107527,0.07698959398260163
page_blocks,f1,laplacian,quartic_spline,3.1478703022003174e-07,6.54757022857666e-05,True,0.9311827956989247,0.06607059335956156
page_blocks,f1,laplacian,radial,0.020633435105949553,1.0,False,0.5904761904761905,0.019589569732359147
page_blocks,f1,laplacian,rational_quadratic,1.0,1.0,False,0.0,0.005544268840435462
page_blocks,f1,laplacian,rbf_gaussian,0.007838221652520782,0.7688258495181799,False,0.6623376623376623,0.026587149614145322
page_blocks,f1,laplacian,shepard,0.1648154704539846,1.0,False,0.30049261083743845,0.013538957520388584
page_blocks,f1,laplacian,sigmoidal,2.0798295736312866e-05,0.0038476847112178802,True,0.8193548387096774,0.0424191612506295
page_blocks,f1,laplacian,softmax_radial,1.0,1.0,False,0.0,0.0
page_blocks,f1,laplacian,student_t,0.000283263623714447,0.04447238892316818,True,0.7204301075268817,0.04744337151913347
page_blocks,f1,laplacian,wendland_c2,4.7124922275543213e-07,9.707733988761902e-05,True,0.9225806451612903,0.06796040200654296
page_blocks,f1,logarithmic,lorentzian,0.1385561420166171,1.0,False,-0.31494252873563217,-0.016361030005230037
page_blocks,f1,logarithmic,multiquadratic,0.023410143330693245,1.0,False,0.47096774193548385,0.016055115607562342
page_blocks,f1,logarithmic,quartic_spline,0.3365521878439186,1.0,False,0.21164021164021163,0.0051361149845222664
page_blocks,f1,logarithmic,radial,0.0635564886033535,1.0,False,-0.38924731182795697,-0.041344908642680145
page_blocks,f1,logarithmic,rational_quadratic,5.027385020254695e-05,0.008797923785445716,True,-0.8620689655172413,-0.05539020953460383
page_blocks,f1,logarithmic,rbf_gaussian,0.08560627067312218,1.0,False,-0.36551724137931035,-0.03434732876089397
page_blocks,f1,logarithmic,shepard,0.0006096659549769169,0.08413390178681453,False,-0.728735632183908,-0.04739552085465071
page_blocks,f1,logarithmic,sigmoidal,0.308520769700408,1.0,False,-0.2172043010752688,-0.01851531712440979
page_blocks,f1,logarithmic,softmax_radial,0.000269031200173088,0.04277596082752099,True,-0.7881773399014779,-0.06093447837503929
page_blocks,f1,logarithmic,student_t,0.22747626562591206,1.0,False,-0.26108374384236455,-0.013491106855905821
page_blocks,f1,logarithmic,wendland_c2,0.13288740647153138,1.0,False,0.3195402298850575,0.007025923631503672
page_blocks,f1,lorentzian,multiquadratic,3.527453036695769e-05,0.006243591874951511,True,0.9855072463768116,0.03241614561279238
page_blocks,f1,lorentzian,quartic_spline,0.0011253977870503726,0.1440509167424477,False,0.76,0.021497144989752304
page_blocks,f1,lorentzian,radial,0.23665234446525574,1.0,False,-0.25161290322580643,-0.024983878637450108
page_blocks,f1,lorentzian,rational_quadratic,0.0005054883658885956,0.07127385959029198,False,-0.6946236559139785,-0.03902917952937379
page_blocks,f1,lorentzian,rbf_gaussian,0.28936620615422726,1.0,False,-0.22580645161290322,-0.017986298755663932
page_blocks,f1,lorentzian,shepard,0.001053202619987542,0.13586313797839292,False,-0.696551724137931,-0.03103449084942067
page_blocks,f1,lorentzian,sigmoidal,0.3365521878439186,1.0,False,0.21164021164021163,-0.002154287119179754
page_blocks,f1,lorentzian,softmax_radial,0.000283263623714447,0.04447238892316818,True,-0.7204301075268817,-0.044573448369809254
page_blocks,f1,lorentzian,student_t,0.8400716444402775,1.0,False,0.046153846153846156,0.002869923149324216
page_blocks,f1,lorentzian,wendland_c2,5.756328369396694e-05,0.00995844807905628,True,0.92,0.02338695363673371
page_blocks,f1,multiquadratic,quartic_spline,0.09619888911292637,1.0,False,-0.3732193732193732,-0.010919000623040076
page_blocks,f1,multiquadratic,radial,0.0008718203753232956,0.11508028954267502,False,-0.6688172043010753,-0.05740002425024249
page_blocks,f1,multiquadratic,rational_quadratic,4.421919584274292e-06,0.0008490085601806641,True,-0.8666666666666667,-0.07144532514216617
page_blocks,f1,multiquadratic,rbf_gaussian,0.004031794145703316,0.44349735602736473,False,-0.5870967741935483,-0.05040244436845631
page_blocks,f1,multiquadratic,shepard,2.863113962230184e-05,0.0050963428527697275,True,-0.8896551724137931,-0.06345063646221305
page_blocks,f1,multiquadratic,sigmoidal,0.0030735452532136918,0.3473106136131472,False,-0.6403940886699507,-0.034570432731972134
page_blocks,f1,multiquadratic,softmax_radial,1.991167664527893e-06,0.00038628652691841125,True,-0.8881720430107527,-0.07698959398260163
page_blocks,f1,multiquadratic,student_t,0.002111088108921247,0.24910839685270716,False,-0.6650246305418719,-0.029546222463468164
page_blocks,f1,multiquadratic,wendland_c2,0.1283231731220577,1.0,False,-0.36231884057971014,-0.00902919197605867
page_blocks,f1,quartic_spline,radial,0.003475155681371689,0.38921743631362915,False,-0.5956989247311828,-0.04648102362720241
page_blocks,f1,quartic_spline,rational_quadratic,1.1920928955078125e-06,0.00023603439331054688,True,-0.9010752688172043,-0.060526324519126096
page_blocks,f1,quartic_spline,rbf_gaussian,0.007612137123942375,0.7688258495181799,False,-0.5483870967741935,-0.039483443745416236
page_blocks,f1,quartic_spline,shepard,1.9496331812351264e-05,0.003626317717097335,True,-0.9080459770114943,-0.052531635839172974
page_blocks,f1,quartic_spline,sigmoidal,0.0014353518469266875,0.17941898086583594,False,-0.7150997150997151,-0.023651432108932058
page_blocks,f1,quartic_spline,softmax_radial,3.1478703022003174e-07,6.54757022857666e-05,True,-0.9311827956989247,-0.06607059335956156
page_blocks,f1,quartic_spline,student_t,0.04614386788589431,1.0,False,-0.43915343915343913,-0.018627221840428088
page_blocks,f1,quartic_spline,wendland_c2,0.004853230851379528,0.524148931948989,False,0.7777777777777778,0.0018898086469814057
page_blocks,f1,radial,rational_quadratic,0.11242805967934756,1.0,False,-0.3561253561253561,-0.014045300891923684
page_blocks,f1,radial,rbf_gaussian,0.09185084396186832,1.0,False,0.3933333333333333,0.006997579881786176
page_blocks,f1,radial,shepard,0.40449450351297855,1.0,False,-0.17849462365591398,-0.006050612211970563
page_blocks,f1,radial,sigmoidal,0.1459994912147522,1.0,False,0.30752688172043013,0.022829591518270353
page_blocks,f1,radial,softmax_radial,0.020633435105949553,1.0,False,-0.5904761904761905,-0.019589569732359147
page_blocks,f1,radial,student_t,0.11907656863331795,1.0,False,0.32903225806451614,0.027853801786774324
page_blocks,f1,radial,wendland_c2,0.0027663204818964005,0.31580473979250273,False,0.6086021505376344,0.04837083227418382
page_blocks,f1,rational_quadratic,rbf_gaussian,0.05165174631921652,1.0,False,0.42857142857142855,0.02104288077370986
page_blocks,f1,rational_quadratic,shepard,0.11535248997341421,1.0,False,0.383399209486166,0.007994688679953121
page_blocks,f1,rational_quadratic,sigmoidal,0.0003453871103895158,0.05180806655842737,False,0.7609195402298851,0.03687489241019404
page_blocks,f1,rational_quadratic,softmax_radial,1.0,1.0,False,0.0,-0.005544268840435462
page_blocks,f1,rational_quadratic,student_t,0.0004791544897145572,0.0704357099880399,False,0.7425287356321839,0.04189910267869801
page_blocks,f1,rational_quadratic,wendland_c2,1.1920928955078125e-06,0.00023603439331054688,True,0.9010752688172043,0.0624161331661075
page_blocks,f1,rbf_gaussian,shepard,0.21041384431760835,1.0,False,-0.270935960591133,-0.013048192093756739
page_blocks,f1,rbf_gaussian,sigmoidal,0.17719271034002304,1.0,False,0.2860215053763441,0.015832011636484178
page_blocks,f1,rbf_gaussian,softmax_radial,0.007838221652520782,0.7688258495181799,False,-0.6623376623376623,-0.026587149614145322
page_blocks,f1,rbf_gaussian,student_t,0.19092952087521553,1.0,False,0.27741935483870966,0.020856221904988148
page_blocks,f1,rbf_gaussian,wendland_c2,0.00577649287879467,0.6007552593946457,False,0.5655913978494623,0.04137325239239764
page_blocks,f1,shepard,sigmoidal,0.000714299422212305,0.09643042199866117,False,0.7195402298850575,0.028880203730240916
page_blocks,f1,shepard,softmax_radial,0.1648154704539846,1.0,False,-0.30049261083743845,-0.013538957520388584
page_blocks,f1,shepard,student_t,0.0004791544897145572,0.0704357099880399,False,0.7425287356321839,0.03390441399874489
page_blocks,f1,shepard,wendland_c2,1.1939031151376057e-05,0.0022325988253073226,True,0.9310344827586207,0.05442144448615438
page_blocks,f1,sigmoidal,softmax_radial,2.0798295736312866e-05,0.0038476847112178802,True,-0.8193548387096774,-0.0424191612506295
page_blocks,f1,sigmoidal,student_t,0.9396727300650676,1.0,False,-0.016091954022988506,0.00502421026850397
page_blocks,f1,sigmoidal,wendland_c2,0.00041293675625687497,0.0611146399260175,False,0.7777777777777778,0.025541240755913464
page_blocks,f1,softmax_radial,student_t,0.000283263623714447,0.04447238892316818,True,0.7204301075268817,0.04744337151913347
page_blocks,f1,softmax_radial,wendland_c2,4.7124922275543213e-07,9.707733988761902e-05,True,0.9225806451612903,0.06796040200654296
page_blocks,f1,student_t,wendland_c2,0.016802577730643323,1.0,False,0.5172413793103449,0.020517030487409493
seeds,f1,attention,cauchy,0.006729477984412969,1.0,False,0.9636363636363636,0.03510208926875602
seeds,f1,attention,cosine,0.006729477984412969,1.0,False,0.9636363636363636,0.03510208926875602
seeds,f1,attention,cubic_spline,0.006729477984412969,1.0,False,0.9636363636363636,0.03510208926875602
seeds,f1,attention,entropic,0.01296475373325301,1.0,False,0.7802197802197802,0.03204234037567377
seeds,f1,attention,gen_exponential,0.17971249487899976,1.0,False,1.0,0.0034204992538325873
seeds,f1,attention,harmonic,0.17971249487899976,1.0,False,1.0,0.0034204992538325873
seeds,f1,attention,inverse_multiquadratic,0.006729477984412969,1.0,False,0.9636363636363636,0.03510208926875602
seeds,f1,attention,laplacian,0.006729477984412969,1.0,False,0.9636363636363636,0.033351987518654314
seeds,f1,attention,logarithmic,0.004341753952516261,0.8947438739135402,False,0.9696969696969697,0.038152896486229826
seeds,f1,attention,lorentzian,1.0,1.0,False,0.0,0.0
seeds,f1,attention,multiquadratic,0.0028093057505008405,0.5899542076051765,False,0.9743589743589743,0.039850427350427375
seeds,f1,attention,quartic_spline,0.006729477984412969,1.0,False,0.9636363636363636,0.03510208926875602
seeds,f1,attention,radial,0.006729477984412969,1.0,False,0.9636363636363636,0.03510208926875602
seeds,f1,attention,rational_quadratic,1.0,1.0,False,0.0,0.0
seeds,f1,attention,rbf_gaussian,0.007489044185233657,1.0,False,0.7833333333333333,0.03617894451227782
seeds,f1,attention,shepard,0.006729477984412969,1.0,False,0.9636363636363636,0.03510208926875602
seeds,f1,attention,sigmoidal,0.17971249487899976,1.0,False,1.0,0.0034204992538325873
seeds,f1,attention,softmax_radial,0.006729477984412969,1.0,False,0.9636363636363636,0.033351987518654314
seeds,f1,attention,student_t,0.006729477984412969,1.0,False,0.9636363636363636,0.03510208926875602
seeds,f1,attention,wendland_c2,0.006729477984412969,1.0,False,0.9636363636363636,0.03510208926875602
seeds,f1,cauchy,cosine,1.0,1.0,False,0.0,0.0
seeds,f1,cauchy,cubic_spline,1.0,1.0,False,0.0,0.0
seeds,f1,cauchy,entropic,0.22491588401596185,1.0,False,-0.6,-0.003059748893082248
seeds,f1,cauchy,gen_exponential,0.00749660622116921,1.0,False,-0.9090909090909091,-0.03168159001492343
seeds,f1,cauchy,harmonic,0.00749660622116921,1.0,False,-0.9090909090909091,-0.03168159001492343
seeds,f1,cauchy,inverse_multiquadratic,1.0,1.0,False,0.0,0.0
seeds,f1,cauchy,laplacian,0.31731050786291415,1.0,False,-1.0,-0.0017501017501017069
seeds,f1,cauchy,logarithmic,0.17971249487899976,1.0,False,1.0,0.0030508072174738055
seeds,f1,cauchy,lorentzian,0.006729477984412969,1.0,False,-0.9636363636363636,-0.03510208926875602
seeds,f1,cauchy,multiquadratic,0.10247043485974937,1.0,False,1.0,0.004748338081671355
seeds,f1,cauchy,quartic_spline,1.0,1.0,False,0.0,0.0
seeds,f1,cauchy,radial,1.0,1.0,False,0.0,0.0
seeds,f1,cauchy,rational_quadratic,0.006729477984412969,1.0,False,-0.9636363636363636,-0.03510208926875602
seeds,f1,cauchy,rbf_gaussian,0.8648125041589424,1.0,False,-0.07142857142857142,0.0010768552435218015
seeds,f1,cauchy,shepard,1.0,1.0,False,0.0,0.0
seeds,f1,cauchy,sigmoidal,0.00749660622116921,1.0,False,-0.9090909090909091,-0.03168159001492343
seeds,f1,cauchy,softmax_radial,0.31731050786291415,1.0,False,-1.0,-0.0017501017501017069
seeds,f1,cauchy,student_t,1.0,1.0,False,0.0,0.0
seeds,f1,cauchy,wendland_c2,1.0,1.0,False,0.0,0.0
seeds,f1,cosine,cubic_spline,1.0,1.0,False,0.0,0.0
seeds,f1,cosine,entropic,0.22491588401596185,1.0,False,-0.6,-0.003059748893082248
seeds,f1,cosine,gen_exponential,0.00749660622116921,1.0,False,-0.9090909090909091,-0.03168159001492343
seeds,f1,cosine,harmonic,0.00749660622116921,1.0,False,-0.9090909090909091,-0.03168159001492343
seeds,f1,cosine,inverse_multiquadratic,1.0,1.0,False,0.0,0.0
seeds,f1,cosine,laplacian,0.31731050786291415,1.0,False,-1.0,-0.0017501017501017069
seeds,f1,cosine,logarithmic,0.17971249487899976,1.0,False,1.0,0.0030508072174738055
seeds,f1,cosine,lorentzian,0.006729477984412969,1.0,False,-0.9636363636363636,-0.03510208926875602
seeds,f1,cosine,multiquadratic,0.10247043485974937,1.0,False,1.0,0.004748338081671355
seeds,f1,cosine,quartic_spline,1.0,1.0,False,0.0,0.0
seeds,f1,cosine,radial,1.0,1.0,False,0.0,0.0
seeds,f1,cosine,rational_quadratic,0.006729477984412969,1.0,False,-0.9636363636363636,-0.03510208926875602
seeds,f1,cosine,rbf_gaussian,0.8648125041589424,1.0,False,-0.07142857142857142,0.0010768552435218015
seeds,f1,cosine,shepard,1.0,1.0,False,0.0,0.0
seeds,f1,cosine,sigmoidal,0.00749660622116921,1.0,False,-0.9090909090909091,-0.03168159001492343
seeds,f1,cosine,softmax_radial,0.31731050786291415,1.0,False,-1.0,-0.0017501017501017069
seeds,f1,cosine,student_t,1.0,1.0,False,0.0,0.0
seeds,f1,cosine,wendland_c2,1.0,1.0,False,0.0,0.0
seeds,f1,cubic_spline,entropic,0.22491588401596185,1.0,False,-0.6,-0.003059748893082248
seeds,f1,cubic_spline,gen_exponential,0.00749660622116921,1.0,False,-0.9090909090909091,-0.03168159001492343
seeds,f1,cubic_spline,harmonic,0.00749660622116921,1.0,False,-0.9090909090909091,-0.03168159001492343
seeds,f1,cubic_spline,inverse_multiquadratic,1.0,1.0,False,0.0,0.0
seeds,f1,cubic_spline,laplacian,0.31731050786291415,1.0,False,-1.0,-0.0017501017501017069
seeds,f1,cubic_spline,logarithmic,0.17971249487899976,1.0,False,1.0,0.0030508072174738055
seeds,f1,cubic_spline,lorentzian,0.006729477984412969,1.0,False,-0.9636363636363636,-0.03510208926875602
seeds,f1,cubic_spline,multiquadratic,0.10247043485974937,1.0,False,1.0,0.004748338081671355
seeds,f1,cubic_spline,quartic_spline,1.0,1.0,False,0.0,0.0
seeds,f1,cubic_spline,radial,1.0,1.0,False,0.0,0.0
seeds,f1,cubic_spline,rational_quadratic,0.006729477984412969,1.0,False,-0.9636363636363636,-0.03510208926875602
seeds,f1,cubic_spline,rbf_gaussian,0.8648125041589424,1.0,False,-0.07142857142857142,0.0010768552435218015
seeds,f1,cubic_spline,shepard,1.0,1.0,False,0.0,0.0
seeds,f1,cubic_spline,sigmoidal,0.00749660622116921,1.0,False,-0.9090909090909091,-0.03168159001492343
seeds,f1,cubic_spline,softmax_radial,0.31731050786291415,1.0,False,-1.0,-0.0017501017501017069
seeds,f1,cubic_spline,student_t,1.0,1.0,False,0.0,0.0
seeds,f1,cubic_spline,wendland_c2,1.0,1.0,False,0.0,0.0
seeds,f1,entropic,gen_exponential,0.0168924846294852,1.0,False,-0.7238095238095238,-0.028621841121841185
seeds,f1,entropic,harmonic,0.0168924846294852,1.0,False,-0.7238095238095238,-0.028621841121841185
seeds,f1,entropic,inverse_multiquadratic,0.22491588401596185,1.0,False,0.6,0.003059748893082248
seeds,f1,entropic,laplacian,0.4652088184521418,1.0,False,0.4,0.0013096471429805412
seeds,f1,entropic,logarithmic,0.10405923452892792,1.0,False,0.8,0.0061105561105560535
seeds,f1,entropic,lorentzian,0.01296475373325301,1.0,False,-0.7802197802197802,-0.03204234037567377
seeds,f1,entropic,multiquadratic,0.07154597258900632,1.0,False,0.8095238095238095,0.007808086974753603
seeds,f1,entropic,quartic_spline,0.22491588401596185,1.0,False,0.6,0.003059748893082248
seeds,f1,entropic,radial,0.22491588401596185,1.0,False,0.6,0.003059748893082248
seeds,f1,entropic,rational_quadratic,0.01296475373325301,1.0,False,-0.7802197802197802,-0.03204234037567377
seeds,f1,entropic,rbf_gaussian,0.15729920705028502,1.0,False,1.0,0.00413660413660405
seeds,f1,entropic,shepard,0.22491588401596185,1.0,False,0.6,0.003059748893082248
seeds,f1,entropic,sigmoidal,0.0168924846294852,1.0,False,-0.7238095238095238,-0.028621841121841185
seeds,f1,entropic,softmax_radial,0.4652088184521418,1.0,False,0.4,0.0013096471429805412
seeds,f1,entropic,student_t,0.22491588401596185,1.0,False,0.6,0.003059748893082248
seeds,f1,entropic,wendland_c2,0.22491588401596185,1.0,False,0.6,0.003059748893082248
seeds,f1,gen_exponential,harmonic,1.0,1.0,False,0.0,0.0
seeds,f1,gen_exponential,inverse_multiquadratic,0.00749660622116921,1.0,False,0.9090909090909091,0.03168159001492343
seeds,f1,gen_exponential,laplacian,0.00749660622116921,1.0,False,0.9090909090909091,0.029931488264821726
seeds,f1,gen_exponential,logarithmic,0.006693593411311255,1.0,False,0.9636363636363636,0.03473239723239724
seeds,f1,gen_exponential,lorentzian,0.17971249487899976,1.0,False,-1.0,-0.0034204992538325873
seeds,f1,gen_exponential,multiquadratic,0.004322434173495363,0.8947438739135402,False,0.9696969696969697,0.03642992809659479
seeds,f1,gen_exponential,quartic_spline,0.00749660622116921,1.0,False,0.9090909090909091,0.03168159001492343
seeds,f1,gen_exponential,radial,0.00749660622116921,1.0,False,0.9090909090909091,0.03168159001492343
seeds,f1,gen_exponential,rational_quadratic,0.17971249487899976,1.0,False,-1.0,-0.0034204992538325873
seeds,f1,gen_exponential,rbf_gaussian,0.008905320560157302,1.0,False,0.7426470588235294,0.032758445258445235
seeds,f1,gen_exponential,shepard,0.00749660622116921,1.0,False,0.9090909090909091,0.03168159001492343
seeds,f1,gen_exponential,sigmoidal,1.0,1.0,False,0.0,0.0
seeds,f1,gen_exponential,softmax_radial,0.00749660622116921,1.0,False,0.9090909090909091,0.029931488264821726
seeds,f1,gen_exponential,student_t,0.00749660622116921,1.0,False,0.9090909090909091,0.03168159001492343
seeds,f1,gen_exponential,wendland_c2,0.00749660622116921,1.0,False,0.9090909090909091,0.03168159001492343
seeds,f1,harmonic,inverse_multiquadratic,0.00749660622116921,1.0,False,0.9090909090909091,0.03168159001492343
seeds,f1,harmonic,laplacian,0.00749660622116921,1.0,False,0.9090909090909091,0.029931488264821726
seeds,f1,harmonic,logarithmic,0.006693593411311255,1.0,False,0.9636363636363636,0.03473239723239724
seeds,f1,harmonic,lorentzian,0.17971249487899976,1.0,False,-1.0,-0.0034204992538325873
seeds,f1,harmonic,multiquadratic,0.004322434173495363,0.8947438739135402,False,0.9696969696969697,0.03642992809659479
seeds,f1,harmonic,quartic_spline,0.00749660622116921,1.0,False,0.9090909090909091,0.03168159001492343
seeds,f1,harmonic,radial,0.00749660622116921,1.0,False,0.9090909090909091,0.03168159001492343
seeds,f1,harmonic,rational_quadratic,0.17971249487899976,1.0,False,-1.0,-0.0034204992538325873
seeds,f1,harmonic,rbf_gaussian,0.008905320560157302,1.0,False,0.7426470588235294,0.032758445258445235
seeds,f1,harmonic,shepard,0.00749660622116921,1.0,False,0.9090909090909091,0.03168159001492343
seeds,f1,harmonic,sigmoidal,1.0,1.0,False,0.0,0.0
seeds,f1,harmonic,softmax_radial,0.00749660622116921,1.0,False,0.9090909090909091,0.029931488264821726
seeds,f1,harmonic,student_t,0.00749660622116921,1.0,False,0.9090909090909091,0.03168159001492343
seeds,f1,harmonic,wendland_c2,0.00749660622116921,1.0,False,0.9090909090909091,0.03168159001492343
seeds,f1,inverse_multiquadratic,laplacian,0.31731050786291415,1.0,False,-1.0,-0.0017501017501017069
seeds,f1,inverse_multiquadratic,logarithmic,0.17971249487899976,1.0,False,1.0,0.0030508072174738055
seeds,f1,inverse_multiquadratic,lorentzian,0.006729477984412969,1.0,False,-0.9636363636363636,-0.03510208926875602
seeds,f1,inverse_multiquadratic,multiquadratic,0.10247043485974937,1.0,False,1.0,0.004748338081671355
seeds,f1,inverse_multiquadratic,quartic_spline,1.0,1.0,False,0.0,0.0
seeds,f1,inverse_multiquadratic,radial,1.0,1.0,False,0.0,0.0
seeds,f1,inverse_multiquadratic,rational_quadratic,0.006729477984412969,1.0,False,-0.9636363636363636,-0.03510208926875602
seeds,f1,inverse_multiquadratic,rbf_gaussian,0.8648125041589424,1.0,False,-0.07142857142857142,0.0010768552435218015
seeds,f1,inverse_multiquadratic,shepard,1.0,1.0,False,0.0,0.0
seeds,f1,inverse_multiquadratic,sigmoidal,0.00749660622116921,1.0,False,-0.9090909090909091,-0.03168159001492343
seeds,f1,inverse_multiquadratic,softmax_radial,0.31731050786291415,1.0,False,-1.0,-0.0017501017501017069
seeds,f1,inverse_multiquadratic,student_t,1.0,1.0,False,0.0,0.0
seeds,f1,inverse_multiquadratic,wendland_c2,1.0,1.0,False,0.0,0.0
seeds,f1,laplacian,logarithmic,0.10880943004054569,1.0,False,1.0,0.004800908967575512
seeds,f1,laplacian,lorentzian,0.006729477984412969,1.0,False,-0.9636363636363636,-0.033351987518654314
seeds,f1,laplacian,multiquadratic,0.06559969214707187,1.0,False,1.0,0.006498439831773062
seeds,f1,laplacian,quartic_spline,0.31731050786291415,1.0,False,1.0,0.0017501017501017069
seeds,f1,laplacian,radial,0.31731050786291415,1.0,False,1.0,0.0017501017501017069
seeds,f1,laplacian,rational_quadratic,0.006729477984412969,1.0,False,-0.9636363636363636,-0.033351987518654314
seeds,f1,laplacian,rbf_gaussian,0.9155825203905921,1.0,False,0.047619047619047616,0.0028269569936235084
seeds,f1,laplacian,shepard,0.31731050786291415,1.0,False,1.0,0.0017501017501017069
seeds,f1,laplacian,sigmoidal,0.00749660622116921,1.0,False,-0.9090909090909091,-0.029931488264821726
seeds,f1,laplacian,softmax_radial,1.0,1.0,False,0.0,0.0
seeds,f1,laplacian,student_t,0.31731050786291415,1.0,False,1.0,0.0017501017501017069
seeds,f1,laplacian,wendland_c2,0.31731050786291415,1.0,False,1.0,0.0017501017501017069
seeds,f1,logarithmic,lorentzian,0.004341753952516261,0.8947438739135402,False,-0.9696969696969697,-0.038152896486229826
seeds,f1,logarithmic,multiquadratic,0.31731050786291415,1.0,False,1.0,0.0016975308641975495
seeds,f1,logarithmic,quartic_spline,0.17971249487899976,1.0,False,-1.0,-0.0030508072174738055
seeds,f1,logarithmic,radial,0.17971249487899976,1.0,False,-1.0,-0.0030508072174738055
seeds,f1,logarithmic,rational_quadratic,0.004341753952516261,0.8947438739135402,False,-0.9696969696969697,-0.038152896486229826
seeds,f1,logarithmic,rbf_gaussian,0.6698153575994166,1.0,False,-0.17857142857142858,-0.001973951973952004
seeds,f1,logarithmic,shepard,0.17971249487899976,1.0,False,-1.0,-0.0030508072174738055
seeds,f1,logarithmic,sigmoidal,0.006693593411311255,1.0,False,-0.9636363636363636,-0.03473239723239724
seeds,f1,logarithmic,softmax_radial,0.10880943004054569,1.0,False,-1.0,-0.004800908967575512
seeds,f1,logarithmic,student_t,0.17971249487899976,1.0,False,-1.0,-0.0030508072174738055
seeds,f1,logarithmic,wendland_c2,0.17971249487899976,1.0,False,-1.0,-0.0030508072174738055
seeds,f1,lorentzian,multiquadratic,0.0028093057505008405,0.5899542076051765,False,0.9743589743589743,0.039850427350427375
seeds,f1,lorentzian,quartic_spline,0.006729477984412969,1.0,False,0.9636363636363636,0.03510208926875602
seeds,f1,lorentzian,radial,0.006729477984412969,1.0,False,0.9636363636363636,0.03510208926875602
seeds,f1,lorentzian,rational_quadratic,1.0,1.0,False,0.0,0.0
seeds,f1,lorentzian,rbf_gaussian,0.007489044185233657,1.0,False,0.7833333333333333,0.03617894451227782
seeds,f1,lorentzian,shepard,0.006729477984412969,1.0,False,0.9636363636363636,0.03510208926875602
seeds,f1,lorentzian,sigmoidal,0.17971249487899976,1.0,False,1.0,0.0034204992538325873
seeds,f1,lorentzian,softmax_radial,0.006729477984412969,1.0,False,0.9636363636363636,0.033351987518654314
seeds,f1,lorentzian,student_t,0.006729477984412969,1.0,False,0.9636363636363636,0.03510208926875602
seeds,f1,lorentzian,wendland_c2,0.006729477984412969,1.0,False,0.9636363636363636,0.03510208926875602
seeds,f1,multiquadratic,quartic_spline,0.10247043485974937,1.0,False,-1.0,-0.004748338081671355
seeds,f1,multiquadratic,radial,0.10247043485974937,1.0,False,-1.0,-0.004748338081671355
seeds,f1,multiquadratic,rational_quadratic,0.0028093057505008405,0.5899542076051765,False,-0.9743589743589743,-0.039850427350427375
seeds,f1,multiquadratic,rbf_gaussian,0.3963327614616553,1.0,False,-0.35714285714285715,-0.0036714828381495535
seeds,f1,multiquadratic,shepard,0.10247043485974937,1.0,False,-1.0,-0.004748338081671355
seeds,f1,multiquadratic,sigmoidal,0.004322434173495363,0.8947438739135402,False,-0.9696969696969697,-0.03642992809659479
seeds,f1,multiquadratic,softmax_radial,0.06559969214707187,1.0,False,-1.0,-0.006498439831773062
seeds,f1,multiquadratic,student_t,0.10247043485974937,1.0,False,-1.0,-0.004748338081671355
seeds,f1,multiquadratic,wendland_c2,0.10247043485974937,1.0,False,-1.0,-0.004748338081671355
seeds,f1,quartic_spline,radial,1.0,1.0,False,0.0,0.0
seeds,f1,quartic_spline,rational_quadratic,0.006729477984412969,1.0,False,-0.9636363636363636,-0.03510208926875602
seeds,f1,quartic_spline,rbf_gaussian,0.8648125041589424,1.0,False,-0.07142857142857142,0.0010768552435218015
seeds,f1,quartic_spline,shepard,1.0,1.0,False,0.0,0.0
seeds,f1,quartic_spline,sigmoidal,0.00749660622116921,1.0,False,-0.9090909090909091,-0.03168159001492343
seeds,f1,quartic_spline,softmax_radial,0.31731050786291415,1.0,False,-1.0,-0.0017501017501017069
seeds,f1,quartic_spline,student_t,1.0,1.0,False,0.0,0.0
seeds,f1,quartic_spline,wendland_c2,1.0,1.0,False,0.0,0.0
seeds,f1,radial,rational_quadratic,0.006729477984412969,1.0,False,-0.9636363636363636,-0.03510208926875602
seeds,f1,radial,rbf_gaussian,0.8648125041589424,1.0,False,-0.07142857142857142,0.0010768552435218015
seeds,f1,radial,shepard,1.0,1.0,False,0.0,0.0
seeds,f1,radial,sigmoidal,0.00749660622116921,1.0,False,-0.9090909090909091,-0.03168159001492343
seeds,f1,radial,softmax_radial,0.31731050786291415,1.0,False,-1.0,-0.0017501017501017069
seeds,f1,radial,student_t,1.0,1.0,False,0.0,0.0
seeds,f1,radial,wendland_c2,1.0,1.0,False,0.0,0.0
seeds,f1,rational_quadratic,rbf_gaussian,0.007489044185233657,1.0,False,0.7833333333333333,0.03617894451227782
seeds,f1,rational_quadratic,shepard,0.006729477984412969,1.0,False,0.9636363636363636,0.03510208926875602
seeds,f1,rational_quadratic,sigmoidal,0.17971249487899976,1.0,False,1.0,0.0034204992538325873
seeds,f1,rational_quadratic,softmax_radial,0.006729477984412969,1.0,False,0.9636363636363636,0.033351987518654314
seeds,f1,rational_quadratic,student_t,0.006729477984412969,1.0,False,0.9636363636363636,0.03510208926875602
seeds,f1,rational_quadratic,wendland_c2,0.006729477984412969,1.0,False,0.9636363636363636,0.03510208926875602
seeds,f1,rbf_gaussian,shepard,0.8648125041589424,1.0,False,0.07142857142857142,-0.0010768552435218015
seeds,f1,rbf_gaussian,sigmoidal,0.008905320560157302,1.0,False,-0.7426470588235294,-0.032758445258445235
seeds,f1,rbf_gaussian,softmax_radial,0.9155825203905921,1.0,False,-0.047619047619047616,-0.0028269569936235084
seeds,f1,rbf_gaussian,student_t,0.8648125041589424,1.0,False,0.07142857142857142,-0.0010768552435218015
seeds,f1,rbf_gaussian,wendland_c2,0.8648125041589424,1.0,False,0.07142857142857142,-0.0010768552435218015
seeds,f1,shepard,sigmoidal,0.00749660622116921,1.0,False,-0.9090909090909091,-0.03168159001492343
seeds,f1,shepard,softmax_radial,0.31731050786291415,1.0,False,-1.0,-0.0017501017501017069
seeds,f1,shepard,student_t,1.0,1.0,False,0.0,0.0
seeds,f1,shepard,wendland_c2,1.0,1.0,False,0.0,0.0
seeds,f1,sigmoidal,softmax_radial,0.00749660622116921,1.0,False,0.9090909090909091,0.029931488264821726
seeds,f1,sigmoidal,student_t,0.00749660622116921,1.0,False,0.9090909090909091,0.03168159001492343
seeds,f1,sigmoidal,wendland_c2,0.00749660622116921,1.0,False,0.9090909090909091,0.03168159001492343
seeds,f1,softmax_radial,student_t,0.31731050786291415,1.0,False,1.0,0.0017501017501017069
seeds,f1,softmax_radial,wendland_c2,0.31731050786291415,1.0,False,1.0,0.0017501017501017069
seeds,f1,student_t,wendland_c2,1.0,1.0,False,0.0,0.0
segment,f1,attention,cauchy,0.012507961408460461,1.0,False,-0.5310344827586206,-0.0051729364248580545
segment,f1,attention,cosine,0.0009517744183540344,0.12944132089614868,False,-0.6645161290322581,-0.007812969795449431
segment,f1,attention,cubic_spline,0.00016989745199680328,0.026164207607507706,True,-0.7419354838709677,-0.00971800029134684
segment,f1,attention,entropic,0.0003453871103895158,0.05208868160843849,False,-0.7609195402298851,-0.010507546275111523
segment,f1,attention,gen_exponential,7.910653948783875e-05,0.01392275094985962,True,-0.7720430107526882,-0.0125115233117703
segment,f1,attention,harmonic,0.4278798079182492,1.0,False,0.1746031746031746,0.0018951220523246715
segment,f1,attention,inverse_multiquadratic,0.21795726558824124,1.0,False,-0.3142857142857143,-0.0017889158780954872
segment,f1,attention,laplacian,3.049522638320923e-05,0.005824588239192963,True,-0.8064516129032258,-0.012506536930733891
segment,f1,attention,logarithmic,0.8812927086539598,1.0,False,0.0380952380952381,-5.409855863625079e-05
segment,f1,attention,lorentzian,0.013870680857770913,1.0,False,-0.6608187134502924,-0.002803763157797734
segment,f1,attention,multiquadratic,0.00037697425547733403,0.05616916406612277,False,0.783068783068783,0.008758682284673913
segment,f1,attention,quartic_spline,0.001038169488310814,0.14015288092195988,False,-0.6602150537634408,-0.008491993358604066
segment,f1,attention,radial,3.453157842159271e-05,0.006457405164837837,True,-0.8021505376344086,-0.012734846927550891
segment,f1,attention,rational_quadratic,0.013061605886398396,1.0,False,-0.5369458128078818,-0.006737542712653144
segment,f1,attention,rbf_gaussian,3.049522638320923e-05,0.005824588239192963,True,-0.8064516129032258,-0.012730539226760262
segment,f1,attention,shepard,6.748038289408785e-05,0.012146468920935814,True,-0.8620689655172413,-0.010206118838569478
segment,f1,attention,sigmoidal,0.02009902604880586,1.0,False,-0.4942528735632184,-0.004225650785411372
segment,f1,attention,softmax_radial,3.049522638320923e-05,0.005824588239192963,True,-0.8064516129032258,-0.012506536930733891
segment,f1,attention,student_t,0.21795726558824124,1.0,False,-0.3142857142857143,-0.0017889158780954872
segment,f1,attention,wendland_c2,0.00046010687947273254,0.06671549752354622,False,-0.6989247311827957,-0.009089659874237599
segment,f1,cauchy,cosine,0.705128996462832,1.0,False,-0.08045977011494253,-0.002640033370591377
segment,f1,cauchy,cubic_spline,0.14501397079599412,1.0,False,-0.31527093596059114,-0.0045450638664887855
segment,f1,cauchy,entropic,0.010077145023405218,1.0,False,-0.5566502463054187,-0.005334609850253469
segment,f1,cauchy,gen_exponential,0.0018640067428350449,0.2404568698257208,False,-0.6301075268817204,-0.007338586886912246
segment,f1,cauchy,harmonic,0.013663241639733315,1.0,False,0.5096774193548387,0.007068058477182726
segment,f1,cauchy,inverse_multiquadratic,0.07156508609119941,1.0,False,0.3968253968253968,0.0033840205467625672
segment,f1,cauchy,laplacian,0.0020201820880174637,0.25858330726623535,False,-0.6258064516129033,-0.007333600505875837
segment,f1,cauchy,logarithmic,0.023844564338549933,1.0,False,0.4804597701149425,0.005118837866221804
segment,f1,cauchy,lorentzian,0.16972956854297983,1.0,False,0.29195402298850576,0.0023691732670603205
segment,f1,cauchy,multiquadratic,1.218356192111969e-05,0.0024245288223028183,True,0.8365591397849462,0.013931618709531968
segment,f1,cauchy,quartic_spline,0.22747626562591206,1.0,False,-0.26108374384236455,-0.003319056933746012
segment,f1,cauchy,radial,0.0015832837671041489,0.2105767410248518,False,-0.6387096774193548,-0.007561910502692837
segment,f1,cauchy,rational_quadratic,0.6308719173229826,1.0,False,-0.10582010582010581,-0.0015646062877950895
segment,f1,cauchy,rbf_gaussian,0.0012321043759584427,0.16510198637843132,False,-0.6516129032258065,-0.007557602801902208
segment,f1,cauchy,shepard,5.30032340654538e-05,0.009646588599912591,True,-0.9841897233201581,-0.005033182413711423
segment,f1,cauchy,sigmoidal,0.8733537674341689,1.0,False,0.034482758620689655,0.0009472856394466822
segment,f1,cauchy,softmax_radial,0.0020201820880174637,0.25858330726623535,False,-0.6258064516129033,-0.007333600505875837
segment,f1,cauchy,student_t,0.07156508609119941,1.0,False,0.3968253968253968,0.0033840205467625672
segment,f1,cauchy,wendland_c2,0.1791056021528724,1.0,False,-0.29064039408866993,-0.003916723449379544
segment,f1,cosine,cubic_spline,0.0280561241492436,1.0,False,-0.717948717948718,-0.0019050304958974085
segment,f1,cosine,entropic,0.2666890224040941,1.0,False,-0.23225806451612904,-0.002694576479662092
segment,f1,cosine,gen_exponential,0.024960837722579045,1.0,False,-0.46881720430107526,-0.004698553516320869
segment,f1,cosine,harmonic,0.000268945828826696,0.040879765981657795,True,0.774712643678161,0.009708091847774103
segment,f1,cosine,inverse_multiquadratic,0.003161659874246665,0.3920458244065865,False,0.6275862068965518,0.006024053917353944
segment,f1,cosine,laplacian,0.017033193186459204,1.0,False,-0.4989247311827957,-0.00469356713528446
segment,f1,cosine,logarithmic,0.0027663204818964005,0.34579006023705006,False,0.6086021505376344,0.007758871236813181
segment,f1,cosine,lorentzian,0.03272089920938015,1.0,False,0.44516129032258067,0.0050092066376516975
segment,f1,cosine,multiquadratic,9.313225746154785e-09,1.94646418094635e-06,True,0.9870967741935484,0.016571652080123345
segment,f1,cosine,quartic_spline,0.25598851167013814,1.0,False,-0.3333333333333333,-0.0006790235631546349
segment,f1,cosine,radial,0.01209351669923487,1.0,False,-0.524731182795699,-0.00492187713210146
segment,f1,cosine,rational_quadratic,0.8913244160746354,1.0,False,0.029556650246305417,0.0010754270827962875
segment,f1,cosine,rbf_gaussian,0.009550876178725375,1.0,False,-0.5419354838709678,-0.004917569431310831
segment,f1,cosine,shepard,0.05768792890012264,1.0,False,-0.3978494623655914,-0.0023931490431200464
segment,f1,cosine,sigmoidal,0.40449450351297855,1.0,False,0.17849462365591398,0.003587319010038059
segment,f1,cosine,softmax_radial,0.017033193186459204,1.0,False,-0.4989247311827957,-0.00469356713528446
segment,f1,cosine,student_t,0.003161659874246665,0.3920458244065865,False,0.6275862068965518,0.006024053917353944
segment,f1,cosine,wendland_c2,0.1771140408635976,1.0,False,-0.4095238095238095,-0.0012766900787881674
segment,f1,cubic_spline,entropic,0.5646633552614215,1.0,False,-0.12043010752688173,-0.0007895459837646834
segment,f1,cubic_spline,gen_exponential,0.122911776656408,1.0,False,-0.3225806451612903,-0.0027935230204234607
segment,f1,cubic_spline,harmonic,0.00011350707558539921,0.019182695773932466,True,0.8206896551724138,0.011613122343671511
segment,f1,cubic_spline,inverse_multiquadratic,0.00014771976188914803,0.024669200235487722,True,0.8068965517241379,0.007929084413251353
segment,f1,cubic_spline,laplacian,0.09569757283319624,1.0,False,-0.34838709677419355,-0.0027885366393870514
segment,f1,cubic_spline,logarithmic,0.00018860027194023132,0.028855841606855392,True,0.7376344086021506,0.00966390173271059
segment,f1,cubic_spline,lorentzian,0.004338232800364494,0.5205879360437393,False,0.5827956989247312,0.006914237133549106
segment,f1,cubic_spline,multiquadratic,3.725290298461914e-09,7.82310962677002e-07,True,0.9956989247311828,0.018476682576020753
segment,f1,cubic_spline,quartic_spline,0.043114446783075355,1.0,False,1.0,0.0012260069327427736
segment,f1,cubic_spline,radial,0.050696024941452554,1.0,False,-0.40860215053763443,-0.0030168466362040514
segment,f1,cubic_spline,rational_quadratic,0.17184940048457142,1.0,False,0.2955665024630542,0.002980457578693696
segment,f1,cubic_spline,rbf_gaussian,0.04831210654482741,1.0,False,-0.4129032258064516,-0.0030125389354134224
segment,f1,cubic_spline,shepard,0.3817984350025654,1.0,False,-0.1870967741935484,-0.0004881185472226379
segment,f1,cubic_spline,sigmoidal,0.05768792890012264,1.0,False,0.3978494623655914,0.005492349505935468
segment,f1,cubic_spline,softmax_radial,0.09569757283319624,1.0,False,-0.34838709677419355,-0.0027885366393870514
segment,f1,cubic_spline,student_t,0.00014771976188914803,0.024669200235487722,True,0.8068965517241379,0.007929084413251353
segment,f1,cubic_spline,wendland_c2,0.10880943004054569,1.0,False,1.0,0.000628340417109241
segment,f1,entropic,gen_exponential,0.06195278853716299,1.0,False,-0.47619047619047616,-0.0020039770366587772
segment,f1,entropic,harmonic,3.453157842159271e-05,0.006457405164837837,True,0.8021505376344086,0.012402668327436195
segment,f1,entropic,inverse_multiquadratic,0.0004071685035218594,0.060260938521235194,False,0.7517241379310344,0.008718630397016036
segment,f1,entropic,laplacian,0.07661792341167123,1.0,False,-0.4631578947368421,-0.001998990655622368
segment,f1,entropic,logarithmic,0.00013739429414272308,0.023082241415977478,True,0.7505376344086021,0.010453447716475273
segment,f1,entropic,lorentzian,0.0033902335845606745,0.4136084973164023,False,0.6229885057471264,0.007703783117313789
segment,f1,entropic,multiquadratic,8.009374141693115e-08,1.657940447330475e-05,True,0.956989247311828,0.019266228559785437
segment,f1,entropic,quartic_spline,0.33367526977713813,1.0,False,0.2021505376344086,0.002015552916507457
segment,f1,entropic,radial,0.02454049897109125,1.0,False,-0.6209150326797386,-0.002227300652439368
segment,f1,entropic,rational_quadratic,0.10039735585451126,1.0,False,0.34623655913978496,0.0037700035624583794
segment,f1,entropic,rbf_gaussian,0.02977446084184663,1.0,False,-0.5684210526315789,-0.002222992951648739
segment,f1,entropic,shepard,0.8554482269597542,1.0,False,0.03940886699507389,0.0003014274365420455
segment,f1,entropic,sigmoidal,0.013920291390102778,1.0,False,0.5320197044334976,0.006281895489700151
segment,f1,entropic,softmax_radial,0.07661792341167123,1.0,False,-0.4631578947368421,-0.001998990655622368
segment,f1,entropic,student_t,0.0004071685035218594,0.060260938521235194,False,0.7517241379310344,0.008718630397016036
segment,f1,entropic,wendland_c2,0.4224451157000655,1.0,False,0.16774193548387098,0.0014178864008739245
segment,f1,gen_exponential,harmonic,3.453157842159271e-05,0.006457405164837837,True,0.8021505376344086,0.014406645364094972
segment,f1,gen_exponential,inverse_multiquadratic,0.0001528710126876831,0.024765104055404663,True,0.7462365591397849,0.010722607433674813
segment,f1,gen_exponential,laplacian,0.892738400944348,1.0,False,0.06666666666666667,4.986381036409249e-06
segment,f1,gen_exponential,logarithmic,0.00011058151721954346,0.018798857927322388,True,0.7591397849462366,0.01245742475313405
segment,f1,gen_exponential,lorentzian,0.0006665531545877457,0.0933174416422844,False,0.6817204301075269,0.009707760153972567
segment,f1,gen_exponential,multiquadratic,2.0489096641540527e-07,4.0978193283081055e-05,True,0.9397849462365592,0.021270205596444214
segment,f1,gen_exponential,quartic_spline,0.06715569697773145,1.0,False,0.3827956989247312,0.004019529953166234
segment,f1,gen_exponential,radial,0.49896229860376107,1.0,False,-0.2857142857142857,-0.00022332361578059068
segment,f1,gen_exponential,rational_quadratic,0.03841841779649258,1.0,False,0.432258064516129,0.005773980599117157
segment,f1,gen_exponential,rbf_gaussian,0.6858304344516057,1.0,False,-0.2,-0.00021901591498996176
segment,f1,gen_exponential,shepard,0.14440936759864204,1.0,False,0.3103448275862069,0.0023054044732008228
segment,f1,gen_exponential,sigmoidal,0.008705463260412216,1.0,False,0.5397849462365591,0.008285872526358928
segment,f1,gen_exponential,softmax_radial,0.892738400944348,1.0,False,0.06666666666666667,4.986381036409249e-06
segment,f1,gen_exponential,student_t,0.0001528710126876831,0.024765104055404663,True,0.7462365591397849,0.010722607433674813
segment,f1,gen_exponential,wendland_c2,0.08402656404511685,1.0,False,0.36129032258064514,0.0034218634375327017
segment,f1,harmonic,inverse_multiquadratic,0.16972956854297983,1.0,False,-0.29195402298850576,-0.0036840379304201587
segment,f1,harmonic,laplacian,1.218356192111969e-05,0.0024245288223028183,True,-0.8365591397849462,-0.014401658983058563
segment,f1,harmonic,logarithmic,0.4174403049093858,1.0,False,-0.1724137931034483,-0.0019492206109609223
segment,f1,harmonic,lorentzian,0.050359261177925704,1.0,False,-0.4160919540229885,-0.0046988852101224055
segment,f1,harmonic,multiquadratic,0.00016199305378074129,0.025137150419116114,True,0.8306878306878307,0.006863560232349242
segment,f1,harmonic,quartic_spline,0.0004417948521367102,0.0645020484119597,False,-0.7471264367816092,-0.010387115410928738
segment,f1,harmonic,radial,1.597777009010315e-05,0.003115665167570114,True,-0.8279569892473119,-0.014629968979875563
segment,f1,harmonic,rational_quadratic,0.009301122277975082,1.0,False,-0.535483870967742,-0.008632664764977815
segment,f1,harmonic,rbf_gaussian,2.366676926612854e-05,0.00454401969909668,True,-0.8150537634408602,-0.014625661279084934
segment,f1,harmonic,shepard,1.3966113328933716e-05,0.0027373582124710083,True,-0.832258064516129,-0.01210124089089415
segment,f1,harmonic,sigmoidal,0.019660815596580505,1.0,False,-0.4838709677419355,-0.006120772837736044
segment,f1,harmonic,softmax_radial,1.218356192111969e-05,0.0024245288223028183,True,-0.8365591397849462,-0.014401658983058563
segment,f1,harmonic,student_t,0.16972956854297983,1.0,False,-0.29195402298850576,-0.0036840379304201587
segment,f1,harmonic,wendland_c2,0.00014771976188914803,0.024669200235487722,True,-0.8068965517241379,-0.01098478192656227
segment,f1,inverse_multiquadratic,laplacian,0.0001528710126876831,0.024765104055404663,True,-0.7462365591397849,-0.010717621052638404
segment,f1,inverse_multiquadratic,logarithmic,0.19812291175396723,1.0,False,0.3904761904761905,0.0017348173194592365
segment,f1,inverse_multiquadratic,lorentzian,0.6848744008735368,1.0,False,-0.09881422924901186,-0.0010148472797022468
segment,f1,inverse_multiquadratic,multiquadratic,1.9496331812351264e-05,0.0037822883715961453,True,0.9080459770114943,0.0105475981627694
segment,f1,inverse_multiquadratic,quartic_spline,0.001654205591172484,0.2183551380347679,False,-0.6689655172413793,-0.006703077480508579
segment,f1,inverse_multiquadratic,radial,9.90256667137146e-05,0.01703241467475891,True,-0.7634408602150538,-0.010945931049455404
segment,f1,inverse_multiquadratic,rational_quadratic,0.011483595636288289,1.0,False,-0.5467980295566502,-0.004948626834557657
segment,f1,inverse_multiquadratic,rbf_gaussian,7.056817412376404e-05,0.012631703168153763,True,-0.7763440860215054,-0.010941623348664775
segment,f1,inverse_multiquadratic,shepard,0.00014771976188914803,0.024669200235487722,True,-0.8068965517241379,-0.00841720296047399
segment,f1,inverse_multiquadratic,sigmoidal,0.12935307621955872,1.0,False,-0.3204301075268817,-0.002436734907315885
segment,f1,inverse_multiquadratic,softmax_radial,0.0001528710126876831,0.024765104055404663,True,-0.7462365591397849,-0.010717621052638404
segment,f1,inverse_multiquadratic,student_t,1.0,1.0,False,0.0,0.0
segment,f1,inverse_multiquadratic,wendland_c2,0.0007726592908711714,0.10739964143109283,False,-0.7149425287356321,-0.007300743996142112
segment,f1,laplacian,logarithmic,8.856505155563354e-05,0.015410318970680237,True,0.7677419354838709,0.01245243837209764
segment,f1,laplacian,lorentzian,0.00046010687947273254,0.06671549752354622,False,0.6989247311827957,0.009702773772936157
segment,f1,laplacian,multiquadratic,1.6391277313232422e-07,3.3274292945861816e-05,True,0.9440860215053763,0.021265219215407805
segment,f1,laplacian,quartic_spline,0.050696024941452554,1.0,False,0.40860215053763443,0.004014543572129825
segment,f1,laplacian,radial,0.5001842570707944,1.0,False,-0.3333333333333333,-0.00022830999681699993
segment,f1,laplacian,rational_quadratic,0.03272089920938015,1.0,False,0.44516129032258067,0.005768994218080747
segment,f1,laplacian,rbf_gaussian,0.49896229860376107,1.0,False,-0.2857142857142857,-0.000224002296026371
segment,f1,laplacian,shepard,0.1631073882292975,1.0,False,0.296551724137931,0.0023004180921644135
segment,f1,laplacian,sigmoidal,0.004338232800364494,0.5205879360437393,False,0.5827956989247312,0.008280886145322519
segment,f1,laplacian,softmax_radial,1.0,1.0,False,0.0,0.0
segment,f1,laplacian,student_t,0.0001528710126876831,0.024765104055404663,True,0.7462365591397849,0.010717621052638404
segment,f1,laplacian,wendland_c2,0.06414085908448686,1.0,False,0.3870967741935484,0.0034168770564962925
segment,f1,logarithmic,lorentzian,0.10746884001658802,1.0,False,-0.3544973544973545,-0.002749664599161483
segment,f1,logarithmic,multiquadratic,8.709526130355564e-05,0.015241670728122237,True,0.8803418803418803,0.008812780843310164
segment,f1,logarithmic,quartic_spline,0.001718590036034584,0.22341670468449593,False,-0.6344086021505376,-0.008437894799967816
segment,f1,logarithmic,radial,5.5925920605659485e-05,0.010122591629624367,True,-0.7849462365591398,-0.01268074836891464
segment,f1,logarithmic,rational_quadratic,0.007612137123942375,0.8906200435012579,False,-0.5483870967741935,-0.006683444154016893
segment,f1,logarithmic,rbf_gaussian,3.904104232788086e-05,0.007183551788330078,True,-0.7978494623655914,-0.012676440668124012
segment,f1,logarithmic,shepard,0.00016113557960971867,0.025137150419116114,True,-0.8022988505747126,-0.010152020279933227
segment,f1,logarithmic,sigmoidal,0.05768792890012264,1.0,False,-0.3978494623655914,-0.0041715522267751215
segment,f1,logarithmic,softmax_radial,8.856505155563354e-05,0.015410318970680237,True,-0.7677419354838709,-0.01245243837209764
segment,f1,logarithmic,student_t,0.19812291175396723,1.0,False,-0.3904761904761905,-0.0017348173194592365
segment,f1,logarithmic,wendland_c2,0.0008718203753232956,0.1194393914192915,False,-0.6688172043010753,-0.009035561315601348
segment,f1,lorentzian,multiquadratic,4.174619343439777e-05,0.007639553398494791,True,0.871264367816092,0.011562445442471647
segment,f1,lorentzian,quartic_spline,0.022098854184150696,1.0,False,-0.4752688172043011,-0.005688230200806332
segment,f1,lorentzian,radial,0.0005054883658885956,0.07127385959029198,False,-0.6946236559139785,-0.009931083769753157
segment,f1,lorentzian,rational_quadratic,0.10110033021878644,1.0,False,-0.35467980295566504,-0.00393377955485541
segment,f1,lorentzian,rbf_gaussian,0.0003449581563472748,0.05208868160843849,False,-0.7118279569892473,-0.009926776068962528
segment,f1,lorentzian,shepard,0.0004791544897145572,0.06803993753946712,False,-0.7425287356321839,-0.007402355680771744
segment,f1,lorentzian,sigmoidal,0.1942827986877831,1.0,False,-0.28078817733990147,-0.0014218876276136383
segment,f1,lorentzian,softmax_radial,0.00046010687947273254,0.06671549752354622,False,-0.6989247311827957,-0.009702773772936157
segment,f1,lorentzian,student_t,0.6848744008735368,1.0,False,0.09881422924901186,0.0010148472797022468
segment,f1,lorentzian,wendland_c2,0.011303061619400978,1.0,False,-0.5225806451612903,-0.006285896716439865
segment,f1,multiquadratic,quartic_spline,1.0244548320770264e-07,2.1103769540786743e-05,True,-0.9526881720430107,-0.01725067564327798
segment,f1,multiquadratic,radial,1.30385160446167e-07,2.6728957891464233e-05,True,-0.9483870967741935,-0.021493529212224805
segment,f1,multiquadratic,rational_quadratic,3.049522638320923e-05,0.005824588239192963,True,-0.8064516129032258,-0.015496224997327057
segment,f1,multiquadratic,rbf_gaussian,1.30385160446167e-07,2.6728957891464233e-05,True,-0.9483870967741935,-0.021489221511434176
segment,f1,multiquadratic,shepard,1.6391277313232422e-07,3.3274292945861816e-05,True,-0.9440860215053763,-0.01896480112324339
segment,f1,multiquadratic,sigmoidal,7.056817412376404e-05,0.012631703168153763,True,-0.7763440860215054,-0.012984333070085285
segment,f1,multiquadratic,softmax_radial,1.6391277313232422e-07,3.3274292945861816e-05,True,-0.9440860215053763,-0.021265219215407805
segment,f1,multiquadratic,student_t,1.9496331812351264e-05,0.0037822883715961453,True,-0.9080459770114943,-0.0105475981627694
segment,f1,multiquadratic,wendland_c2,2.60770320892334e-08,5.424022674560547e-06,True,-0.9741935483870968,-0.017848342158911512
segment,f1,quartic_spline,radial,0.03242240034723065,1.0,False,-0.44731182795698926,-0.004242853568946825
segment,f1,quartic_spline,rational_quadratic,0.4254511364591589,1.0,False,0.1724137931034483,0.0017544506459509224
segment,f1,quartic_spline,rbf_gaussian,0.029235110936717545,1.0,False,-0.4559139784946237,-0.004238545868156196
segment,f1,quartic_spline,shepard,0.12935307621955872,1.0,False,-0.3204301075268817,-0.0017141254799654115
segment,f1,quartic_spline,sigmoidal,0.1459994912147522,1.0,False,0.30752688172043013,0.004266342573192694
segment,f1,quartic_spline,softmax_radial,0.050696024941452554,1.0,False,-0.40860215053763443,-0.004014543572129825
segment,f1,quartic_spline,student_t,0.001654205591172484,0.2183551380347679,False,0.6689655172413793,0.006703077480508579
segment,f1,quartic_spline,wendland_c2,0.10880943004054569,1.0,False,-1.0,-0.0005976665156335326
segment,f1,radial,rational_quadratic,0.024786051362752914,1.0,False,0.4666666666666667,0.005997304214897747
segment,f1,radial,rbf_gaussian,1.0,1.0,False,0.0,4.307700790628921e-06
segment,f1,radial,shepard,0.1631073882292975,1.0,False,0.296551724137931,0.0025287280889814134
segment,f1,radial,sigmoidal,0.0023674946278333664,0.29830432310700417,False,0.6172043010752688,0.008509196142139519
segment,f1,radial,softmax_radial,0.5001842570707944,1.0,False,0.3333333333333333,0.00022830999681699993
segment,f1,radial,student_t,9.90256667137146e-05,0.01703241467475891,True,0.7634408602150538,0.010945931049455404
segment,f1,radial,wendland_c2,0.039696969514814814,1.0,False,0.43010752688172044,0.0036451870533132924
segment,f1,rational_quadratic,rbf_gaussian,0.026228994131088257,1.0,False,-0.46236559139784944,-0.005992996514107118
segment,f1,rational_quadratic,shepard,0.04508235295510379,1.0,False,-0.43349753694581283,-0.003468576125916334
segment,f1,rational_quadratic,sigmoidal,0.3581028690285257,1.0,False,0.19540229885057472,0.0025118919272417717
segment,f1,rational_quadratic,softmax_radial,0.03272089920938015,1.0,False,-0.44516129032258067,-0.005768994218080747
segment,f1,rational_quadratic,student_t,0.011483595636288289,1.0,False,0.5467980295566502,0.004948626834557657
segment,f1,rational_quadratic,wendland_c2,0.3163713020501673,1.0,False,-0.21674876847290642,-0.002352117161584455
segment,f1,rbf_gaussian,shepard,0.1504502624314629,1.0,False,0.3057471264367816,0.0025244203881907845
segment,f1,rbf_gaussian,sigmoidal,0.004031794145703316,0.4878470916301012,False,0.5870967741935483,0.00850488844134889
segment,f1,rbf_gaussian,softmax_radial,0.49896229860376107,1.0,False,0.2857142857142857,0.000224002296026371
segment,f1,rbf_gaussian,student_t,7.056817412376404e-05,0.012631703168153763,True,0.7763440860215054,0.010941623348664775
segment,f1,rbf_gaussian,wendland_c2,0.03590284081166453,1.0,False,0.43870967741935485,0.0036408793525226635
segment,f1,shepard,sigmoidal,0.023844564338549933,1.0,False,0.4804597701149425,0.005980468053158106
segment,f1,shepard,softmax_radial,0.1631073882292975,1.0,False,-0.296551724137931,-0.0023004180921644135
segment,f1,shepard,student_t,0.00014771976188914803,0.024669200235487722,True,0.8068965517241379,0.00841720296047399
segment,f1,shepard,wendland_c2,0.21293285302817822,1.0,False,0.2645161290322581,0.001116458964331879
segment,f1,sigmoidal,softmax_radial,0.004338232800364494,0.5205879360437393,False,-0.5827956989247312,-0.008280886145322519
segment,f1,sigmoidal,student_t,0.12935307621955872,1.0,False,0.3204301075268817,0.002436734907315885
segment,f1,sigmoidal,wendland_c2,0.09610157273709774,1.0,False,-0.35053763440860214,-0.004864009088826227
segment,f1,softmax_radial,student_t,0.0001528710126876831,0.024765104055404663,True,0.7462365591397849,0.010717621052638404
segment,f1,softmax_radial,wendland_c2,0.06414085908448686,1.0,False,0.3870967741935484,0.0034168770564962925
segment,f1,student_t,wendland_c2,0.0007726592908711714,0.10739964143109283,False,-0.7149425287356321,-0.007300743996142112
spambase,f1,attention,cauchy,8.709697898265946e-05,0.01437100153213881,True,-0.9347826086956522,-0.00463540434796661
spambase,f1,attention,cosine,0.8913244160746354,1.0,False,-0.029556650246305417,-2.9548587134442528e-05
spambase,f1,attention,cubic_spline,0.11199148595825234,1.0,False,-0.33793103448275863,-0.0031027447594030866
spambase,f1,attention,entropic,0.24782248252602024,1.0,False,0.25925925925925924,0.0017140455775722652
spambase,f1,attention,gen_exponential,0.028181182907209446,1.0,False,-0.4666666666666667,-0.004737253978007505
spambase,f1,attention,harmonic,8.804538063577628e-06,0.0015760123133803953,True,0.9788359788359788,0.009622710854660377
spambase,f1,attention,inverse_multiquadratic,0.7103183482536846,1.0,False,-0.08666666666666667,-0.0008152404651393663
spambase,f1,attention,laplacian,0.005382779985666275,0.7212925180792809,False,-0.5698924731182796,-0.006217769317350852
spambase,f1,attention,logarithmic,0.2488283231255456,1.0,False,0.25396825396825395,0.0019748439553836095
spambase,f1,attention,lorentzian,0.0007052632543947224,0.10508422490481364,False,-0.746031746031746,-0.005245168853747817
spambase,f1,attention,multiquadratic,3.725290298461914e-09,7.674098014831543e-07,True,0.9956989247311828,0.02906516080603805
spambase,f1,attention,quartic_spline,0.06767564114400142,1.0,False,-0.38850574712643676,-0.004102587322779017
spambase,f1,attention,radial,0.02298799880759602,1.0,False,0.52,0.003574771493317863
spambase,f1,attention,rational_quadratic,0.0004127378561453174,0.06273615413408824,False,-0.7777777777777778,-0.006328088387889674
spambase,f1,attention,rbf_gaussian,0.5666346521781178,1.0,False,0.12183908045977011,0.0015145294853108338
spambase,f1,attention,shepard,0.013576939229941094,1.0,False,-0.5161290322580645,-0.0051552249433448605
spambase,f1,attention,sigmoidal,0.008826199156108225,1.0,False,-0.5665024630541872,-0.005690402428396912
spambase,f1,attention,softmax_radial,0.005382779985666275,0.7212925180792809,False,-0.5698924731182796,-0.006217769317350852
spambase,f1,attention,student_t,0.37577150825113037,1.0,False,-0.20666666666666667,-0.0010311777640932274
spambase,f1,attention,wendland_c2,0.07443762498218096,1.0,False,-0.3793103448275862,-0.003780204568938572
spambase,f1,cauchy,cosine,0.057699385734060415,1.0,False,0.41798941798941797,0.004605855760832167
spambase,f1,cauchy,cubic_spline,0.7212543991592764,1.0,False,0.07586206896551724,0.001532659588563523
spambase,f1,cauchy,entropic,0.0019161536661946872,0.2720938205996456,False,0.6597701149425287,0.006349449925538875
spambase,f1,cauchy,gen_exponential,0.8022055175961754,1.0,False,0.054187192118226604,-0.00010184963004089553
spambase,f1,cauchy,harmonic,2.60770320892334e-08,5.163252353668213e-06,True,0.9741935483870968,0.014258115202626986
spambase,f1,cauchy,inverse_multiquadratic,0.01424976334167987,1.0,False,0.5498575498575499,0.0038201638828272433
spambase,f1,cauchy,laplacian,0.4299677487600704,1.0,False,-0.167816091954023,-0.0015823649693842423
spambase,f1,cauchy,logarithmic,0.0004070093146287878,0.06227242513820454,False,0.7517241379310344,0.006610248303350219
spambase,f1,cauchy,lorentzian,0.5805408265510619,1.0,False,-0.12169312169312169,-0.0006097645057812073
spambase,f1,cauchy,multiquadratic,1.862645149230957e-09,3.91155481338501e-07,True,1.0,0.03370056515400466
spambase,f1,cauchy,quartic_spline,0.8372436745517969,1.0,False,-0.04367816091954023,0.000532817025187593
spambase,f1,cauchy,radial,0.00037509047363186817,0.05813902341293957,False,0.7563218390804598,0.008210175841284473
spambase,f1,cauchy,rational_quadratic,0.19085683742387016,1.0,False,-0.2934472934472934,-0.0016926840399230647
spambase,f1,cauchy,rbf_gaussian,0.010598260909318924,1.0,False,0.5268817204301075,0.006149933833277443
spambase,f1,cauchy,shepard,0.5235367753132003,1.0,False,-0.135632183908046,-0.0005198205953782509
spambase,f1,cauchy,sigmoidal,0.48220904503166206,1.0,False,-0.14942528735632185,-0.0010549980804303027
spambase,f1,cauchy,softmax_radial,0.4299677487600704,1.0,False,-0.167816091954023,-0.0015823649693842423
spambase,f1,cauchy,student_t,0.0035650346308531587,0.48840974442688273,False,0.68,0.0036042265838733822
spambase,f1,cauchy,wendland_c2,0.9396727300650676,1.0,False,0.016091954022988506,0.0008551997790280375
spambase,f1,cosine,cubic_spline,0.054289292968104905,1.0,False,-0.4091954022988506,-0.003073196172268644
spambase,f1,cosine,entropic,0.3284698575735092,1.0,False,0.2086021505376344,0.0017435941647067077
spambase,f1,cosine,gen_exponential,0.06989291124045849,1.0,False,-0.38064516129032255,-0.004707705390873063
spambase,f1,cosine,harmonic,0.0011314544826745987,0.1674552634358406,False,0.6559139784946236,0.00965225944179482
spambase,f1,cosine,inverse_multiquadratic,0.8882248121928067,1.0,False,-0.029885057471264367,-0.0007856918780049238
spambase,f1,cosine,laplacian,0.04757850903792885,1.0,False,-0.42857142857142855,-0.006188220730216409
spambase,f1,cosine,logarithmic,0.3146663265696793,1.0,False,0.21379310344827587,0.002004392542518052
spambase,f1,cosine,lorentzian,0.04320018979244315,1.0,False,-0.4298850574712644,-0.005215620266613374
spambase,f1,cosine,multiquadratic,5.587935447692871e-09,1.1399388313293457e-06,True,0.9913978494623656,0.02909470939317249
spambase,f1,cosine,quartic_spline,0.0074962550020793856,0.9445281302620026,False,-0.5591397849462365,-0.004073038735644574
spambase,f1,cosine,radial,0.12413446232676506,1.0,False,0.3247311827956989,0.0036043200804523057
spambase,f1,cosine,rational_quadratic,0.005641330671809802,0.7390143180070841,False,-0.5885057471264368,-0.006298539800755232
spambase,f1,cosine,rbf_gaussian,0.4771064817905426,1.0,False,0.15268817204301074,0.0015440780724452763
spambase,f1,cosine,shepard,0.00993151031434536,1.0,False,-0.5311827956989247,-0.005125676356210418
spambase,f1,cosine,sigmoidal,0.02010699652999897,1.0,False,-0.4860215053763441,-0.00566085384126247
spambase,f1,cosine,softmax_radial,0.04757850903792885,1.0,False,-0.42857142857142855,-0.006188220730216409
spambase,f1,cosine,student_t,0.7498782331919757,1.0,False,-0.06896551724137931,-0.0010016291769587848
spambase,f1,cosine,wendland_c2,0.006625724418861497,0.8613441744519946,False,-0.567741935483871,-0.0037506559818041296
spambase,f1,cubic_spline,entropic,0.054921628907322884,1.0,False,0.4021505376344086,0.004816790336975352
spambase,f1,cubic_spline,gen_exponential,0.3990471451293842,1.0,False,-0.17634408602150536,-0.0016345092186044186
spambase,f1,cubic_spline,harmonic,0.00011058151721954346,0.018024787306785583,True,0.7591397849462366,0.012725455614063463
spambase,f1,cubic_spline,inverse_multiquadratic,0.2748455584207301,1.0,False,0.23218390804597702,0.0022875042942637203
spambase,f1,cubic_spline,laplacian,0.18001240706239563,1.0,False,-0.2850574712643678,-0.0031150245579477653
spambase,f1,cubic_spline,logarithmic,0.02084985189139843,1.0,False,0.47956989247311826,0.005077588714786696
spambase,f1,cubic_spline,lorentzian,0.4161298982799053,1.0,False,-0.17419354838709677,-0.0021424240943447304
spambase,f1,cubic_spline,multiquadratic,1.30385160446167e-08,2.6207417249679565e-06,True,0.9827956989247312,0.032167905565441135
spambase,f1,cubic_spline,quartic_spline,0.03665792867221451,1.0,False,-0.7454545454545455,-0.00099984256337593
spambase,f1,cubic_spline,radial,0.012047622352838516,1.0,False,0.5182795698924731,0.00667751625272095
spambase,f1,cubic_spline,rational_quadratic,0.1459994912147522,1.0,False,-0.30752688172043013,-0.0032253436284865877
spambase,f1,cubic_spline,rbf_gaussian,0.06056523136794567,1.0,False,0.3935483870967742,0.00461727424471392
spambase,f1,cubic_spline,shepard,0.32347966181784216,1.0,False,-0.2064516129032258,-0.002052480183941774
spambase,f1,cubic_spline,sigmoidal,0.20540969260036945,1.0,False,-0.26881720430107525,-0.0025876576689938258
spambase,f1,cubic_spline,softmax_radial,0.18001240706239563,1.0,False,-0.2850574712643678,-0.0031150245579477653
spambase,f1,cubic_spline,student_t,0.13473508320748806,1.0,False,0.3161290322580645,0.002071566995309859
spambase,f1,cubic_spline,wendland_c2,0.03798263464326016,1.0,False,-0.7777777777777778,-0.0006774598095354856
spambase,f1,entropic,gen_exponential,0.0002803580208633987,0.0437358512546902,True,-0.7724137931034483,-0.00645129955557977
spambase,f1,entropic,harmonic,0.0001528710126876831,0.02461223304271698,True,0.7462365591397849,0.007908665277088112
spambase,f1,entropic,inverse_multiquadratic,0.21083064726017464,1.0,False,-0.28615384615384615,-0.0025292860427116315
spambase,f1,entropic,laplacian,1.8603228206427745e-05,0.003274168164331283,True,-0.9261083743842364,-0.007931814894923117
spambase,f1,entropic,logarithmic,0.9093510601128354,1.0,False,-0.024630541871921183,0.0002607983778113443
spambase,f1,entropic,lorentzian,0.00018902307587696237,0.03024369214031398,True,-0.7806451612903226,-0.006959214431320082
spambase,f1,entropic,multiquadratic,2.848903312076321e-06,0.0005327449193582721,True,0.9954022988505747,0.027351115228465783
spambase,f1,entropic,quartic_spline,0.02084985189139843,1.0,False,-0.47956989247311826,-0.005816632900351282
spambase,f1,entropic,radial,0.07932167969676177,1.0,False,0.44761904761904764,0.001860725915745598
spambase,f1,entropic,rational_quadratic,3.904104232788086e-05,0.006597936153411865,True,-0.7978494623655914,-0.00804213396546194
spambase,f1,entropic,rbf_gaussian,0.854172545006435,1.0,False,-0.03908045977011494,-0.0001995160922614314
spambase,f1,entropic,shepard,0.0003800932317972183,0.05853435769677162,False,-0.7075268817204301,-0.006869270520917126
spambase,f1,entropic,sigmoidal,3.453157842159271e-05,0.005870368331670761,True,-0.8021505376344086,-0.0074044480059691775
spambase,f1,entropic,softmax_radial,1.8603228206427745e-05,0.003274168164331283,True,-0.9261083743842364,-0.007931814894923117
spambase,f1,entropic,student_t,0.09618547644470221,1.0,False,-0.3732193732193732,-0.0027452233416654925
spambase,f1,entropic,wendland_c2,0.024786051362752914,1.0,False,-0.4666666666666667,-0.005494250146510837
spambase,f1,gen_exponential,harmonic,4.421919584274292e-06,0.0008136332035064697,True,0.8666666666666667,0.014359964832667882
spambase,f1,gen_exponential,inverse_multiquadratic,0.07953343933418376,1.0,False,0.3793103448275862,0.003922013512868139
spambase,f1,gen_exponential,laplacian,0.22168189824117768,1.0,False,-0.2597701149425287,-0.0014805153393433468
spambase,f1,gen_exponential,logarithmic,0.0032670269726070497,0.4508497222197729,False,0.6150537634408603,0.006712097933391115
spambase,f1,gen_exponential,lorentzian,0.6735469921117139,1.0,False,-0.09113300492610837,-0.0005079148757403118
spambase,f1,gen_exponential,multiquadratic,1.733306644199106e-06,0.00033106156904202927,True,1.0,0.033802414784045554
spambase,f1,gen_exponential,quartic_spline,0.765513273408791,1.0,False,0.06236559139784946,0.0006346666552284885
spambase,f1,gen_exponential,radial,2.1476619002203304e-05,0.003736931706383375,True,0.903448275862069,0.008312025471325368
spambase,f1,gen_exponential,rational_quadratic,0.1791056021528724,1.0,False,-0.29064039408866993,-0.0015908344098821692
spambase,f1,gen_exponential,rbf_gaussian,0.0013233159364778176,0.19176692396655556,False,0.6945812807881774,0.006251783463318339
spambase,f1,gen_exponential,shepard,0.7731171162909528,1.0,False,-0.06349206349206349,-0.00041797096533735534
spambase,f1,gen_exponential,sigmoidal,0.1840316934035593,1.0,False,-0.3567251461988304,-0.0009531484503894072
spambase,f1,gen_exponential,softmax_radial,0.22168189824117768,1.0,False,-0.2597701149425287,-0.0014805153393433468
spambase,f1,gen_exponential,student_t,0.058754196392100354,1.0,False,0.4088669950738916,0.0037060762139142778
spambase,f1,gen_exponential,wendland_c2,0.5520738335717081,1.0,False,0.12643678160919541,0.000957049409068933
spambase,f1,harmonic,inverse_multiquadratic,1.0809064248240008e-05,0.0019240134361867213,True,-0.9356321839080459,-0.010437951319799743
spambase,f1,harmonic,laplacian,2.0489096641540527e-07,3.974884748458862e-05,True,-0.9397849462365592,-0.01584048017201123
spambase,f1,harmonic,logarithmic,8.166649308920539e-05,0.013556637852808095,True,-0.8522167487684729,-0.007647866899276767
spambase,f1,harmonic,lorentzian,1.0244548320770264e-07,2.0079314708709717e-05,True,-0.9526881720430107,-0.014867879708408194
spambase,f1,harmonic,multiquadratic,5.144625902175903e-06,0.0009414665400981903,True,0.8623655913978494,0.01944244995137767
spambase,f1,harmonic,quartic_spline,0.0002085902932042624,0.03295726632627346,True,-0.7885057471264367,-0.013725298177439393
spambase,f1,harmonic,radial,0.0029870010912418365,0.4151931516826153,False,-0.6043010752688172,-0.006047939361342514
spambase,f1,harmonic,rational_quadratic,1.30385160446167e-07,2.5425106287002563e-05,True,-0.9483870967741935,-0.01595079924255005
spambase,f1,harmonic,rbf_gaussian,0.007100609066184297,0.90887796047159,False,-0.5724137931034483,-0.008108181369349543
spambase,f1,harmonic,shepard,2.348795533180237e-06,0.0004415735602378845,True,-0.8838709677419355,-0.014777935798005237
spambase,f1,harmonic,sigmoidal,1.6838312149047852e-06,0.00032329559326171875,True,-0.8924731182795699,-0.01531311328305729
spambase,f1,harmonic,softmax_radial,2.0489096641540527e-07,3.974884748458862e-05,True,-0.9397849462365592,-0.01584048017201123
spambase,f1,harmonic,student_t,1.227150510297099e-05,0.0021720564032258654,True,-0.9629629629629629,-0.010653888618753604
spambase,f1,harmonic,wendland_c2,0.000268945828826696,0.042224495125791274,True,-0.774712643678161,-0.013402915423598949
spambase,f1,inverse_multiquadratic,laplacian,0.024786051362752914,1.0,False,-0.4666666666666667,-0.005402528852211486
spambase,f1,inverse_multiquadratic,logarithmic,0.0005934167947217434,0.08901251920826152,False,0.8761904761904762,0.002790084420522976
spambase,f1,inverse_multiquadratic,lorentzian,0.00905187892933492,1.0,False,-0.5969230769230769,-0.004429928388608451
spambase,f1,inverse_multiquadratic,multiquadratic,3.5390257835388184e-08,6.971880793571472e-06,True,0.9698924731182795,0.029880401271177415
spambase,f1,inverse_multiquadratic,quartic_spline,0.11199148595825234,1.0,False,-0.33793103448275863,-0.0032873468576396503
spambase,f1,inverse_multiquadratic,radial,0.023923853164438725,1.0,False,0.4973544973544973,0.0043900119584572295
spambase,f1,inverse_multiquadratic,rational_quadratic,0.002234577508303177,0.31507542867074795,False,-0.7133333333333334,-0.005512847922750308
spambase,f1,inverse_multiquadratic,rbf_gaussian,0.362355202130101,1.0,False,0.19704433497536947,0.0023297699504502
spambase,f1,inverse_multiquadratic,shepard,0.027409848487010918,1.0,False,-0.4689655172413793,-0.004339984478205494
spambase,f1,inverse_multiquadratic,sigmoidal,0.024786051362752914,1.0,False,-0.4666666666666667,-0.004875161963257546
spambase,f1,inverse_multiquadratic,softmax_radial,0.024786051362752914,1.0,False,-0.4666666666666667,-0.005402528852211486
spambase,f1,inverse_multiquadratic,student_t,0.584034711473647,1.0,False,-0.13043478260869565,-0.00021593729895386105
spambase,f1,inverse_multiquadratic,wendland_c2,0.1504502624314629,1.0,False,-0.3057471264367816,-0.002964964103799206
spambase,f1,laplacian,logarithmic,0.0013225305101141763,0.19176692396655556,False,0.6827586206896552,0.008192613272734461
spambase,f1,laplacian,lorentzian,0.8372389846976191,1.0,False,0.04367816091954023,0.000972600463603035
spambase,f1,laplacian,multiquadratic,1.733306644199106e-06,0.00033106156904202927,True,1.0,0.0352829301233889
spambase,f1,laplacian,quartic_spline,0.32517235217929885,1.0,False,0.20919540229885059,0.0021151819945718353
spambase,f1,laplacian,radial,5.256413325850834e-06,0.0009566672253048517,True,0.9852216748768473,0.009792540810668715
spambase,f1,laplacian,rational_quadratic,0.8882248121928067,1.0,False,-0.029885057471264367,-0.0001103190705388224
spambase,f1,laplacian,rbf_gaussian,7.252170003228448e-05,0.012183645605423793,True,0.8436781609195402,0.007732298802661686
spambase,f1,laplacian,shepard,0.3492113798856735,1.0,False,0.2,0.0010625443740059914
spambase,f1,laplacian,sigmoidal,0.5628391753742974,1.0,False,0.13230769230769232,0.0005273668889539396
spambase,f1,laplacian,softmax_radial,1.0,1.0,False,0.0,0.0
spambase,f1,laplacian,student_t,0.017873515819031526,1.0,False,0.5123152709359606,0.0051865915532576246
spambase,f1,laplacian,wendland_c2,0.2748315317027048,1.0,False,0.23218390804597702,0.0024375647484122798
spambase,f1,logarithmic,lorentzian,9.000232001487763e-05,0.014760380482439932,True,-0.8624338624338624,-0.007220012809131426
spambase,f1,logarithmic,multiquadratic,6.5306818420991045e-06,0.001175522731577839,True,0.9586206896551724,0.02709031685065444
spambase,f1,logarithmic,quartic_spline,0.016431212425231934,1.0,False,-0.4967741935483871,-0.006077431278162626
spambase,f1,logarithmic,radial,0.3146521845178628,1.0,False,0.21379310344827587,0.0015999275379342537
spambase,f1,logarithmic,rational_quadratic,0.00013536081360538934,0.021928451804073074,True,-0.8114942528735632,-0.008302932343273284
spambase,f1,logarithmic,rbf_gaussian,0.9636746235039864,1.0,False,-0.009852216748768473,-0.0004603144700727757
spambase,f1,logarithmic,shepard,0.0005054883658885956,0.07632874324917793,False,-0.6946236559139785,-0.00713006889872847
spambase,f1,logarithmic,sigmoidal,0.002497651343088305,0.34967118803236275,False,-0.632258064516129,-0.007665246383780522
spambase,f1,logarithmic,softmax_radial,0.0013225305101141763,0.19176692396655556,False,-0.6827586206896552,-0.008192613272734461
spambase,f1,logarithmic,student_t,0.004583287516424454,0.6233271022337257,False,-0.6243386243386243,-0.003006021719476837
spambase,f1,logarithmic,wendland_c2,0.018529480323195457,1.0,False,-0.4881720430107527,-0.005755048524322182
spambase,f1,lorentzian,multiquadratic,1.862645149230957e-09,3.91155481338501e-07,True,1.0,0.034310329659785865
spambase,f1,lorentzian,quartic_spline,0.8078304156661034,1.0,False,0.053763440860215055,0.0011425815309688003
spambase,f1,lorentzian,radial,2.1476619002203304e-05,0.003736931706383375,True,0.903448275862069,0.00881994034706568
spambase,f1,lorentzian,rational_quadratic,0.13295729296233563,1.0,False,-0.4725274725274725,-0.0010829195341418574
spambase,f1,lorentzian,rbf_gaussian,0.005319840880657581,0.7181785188887734,False,0.6137566137566137,0.006759698339058651
spambase,f1,lorentzian,shepard,0.7317059346728588,1.0,False,-0.08,8.994391040295646e-05
spambase,f1,lorentzian,sigmoidal,0.7498782331919757,1.0,False,-0.06896551724137931,-0.0004452335746490954
spambase,f1,lorentzian,softmax_radial,0.8372389846976191,1.0,False,-0.04367816091954023,-0.000972600463603035
spambase,f1,lorentzian,student_t,0.005459684044325266,0.7212925180792809,False,0.5908045977011495,0.00421399108965459
spambase,f1,lorentzian,wendland_c2,0.7151329666376114,1.0,False,0.07956989247311828,0.0014649642848092448
spambase,f1,multiquadratic,quartic_spline,1.862645149230957e-08,3.725290298461914e-06,True,-0.978494623655914,-0.033167748128817065
spambase,f1,multiquadratic,radial,9.313225746154785e-09,1.8905848264694214e-06,True,-0.9870967741935484,-0.025490389312720185
spambase,f1,multiquadratic,rational_quadratic,3.725290298461914e-09,7.674098014831543e-07,True,-0.9956989247311828,-0.03539324919392772
spambase,f1,multiquadratic,rbf_gaussian,3.5149630812742274e-06,0.0006537831331170063,True,-0.9862068965517241,-0.027550631320727215
spambase,f1,multiquadratic,shepard,1.862645149230957e-09,3.91155481338501e-07,True,-1.0,-0.03422038574938291
spambase,f1,multiquadratic,sigmoidal,1.862645149230957e-09,3.91155481338501e-07,True,-1.0,-0.03475556323443496
spambase,f1,multiquadratic,softmax_radial,1.733306644199106e-06,0.00033106156904202927,True,-1.0,-0.0352829301233889
spambase,f1,multiquadratic,student_t,9.313225746154785e-09,1.8905848264694214e-06,True,-0.9870967741935484,-0.030096338570131276
spambase,f1,multiquadratic,wendland_c2,1.862645149230957e-08,3.725290298461914e-06,True,-0.978494623655914,-0.03284536537497662
spambase,f1,quartic_spline,radial,0.007111456245183945,0.90887796047159,False,0.5526881720430108,0.00767735881609688
spambase,f1,quartic_spline,rational_quadratic,0.3930404723199349,1.0,False,-0.18160919540229886,-0.0022255010651106577
spambase,f1,quartic_spline,rbf_gaussian,0.030005544473084983,1.0,False,0.45376344086021503,0.00561711680808985
spambase,f1,quartic_spline,shepard,0.7265856088858341,1.0,False,-0.07311827956989247,-0.0010526376205658439
spambase,f1,quartic_spline,sigmoidal,0.4898460879921913,1.0,False,-0.14838709677419354,-0.0015878151056178957
spambase,f1,quartic_spline,softmax_radial,0.32517235217929885,1.0,False,-0.20919540229885059,-0.0021151819945718353
spambase,f1,quartic_spline,student_t,0.0780201614093598,1.0,False,0.37471264367816093,0.0030714095586857892
spambase,f1,quartic_spline,wendland_c2,0.28504940740261275,1.0,False,0.6666666666666666,0.00032238275384044446
spambase,f1,radial,rational_quadratic,2.364745945098838e-05,0.004067363025570001,True,-0.8988505747126436,-0.009902859881207537
spambase,f1,radial,rbf_gaussian,0.22064675763249397,1.0,False,-0.26021505376344084,-0.0020602420080070294
spambase,f1,radial,shepard,3.146609947780487e-05,0.005380703010704633,True,-0.8850574712643678,-0.008729996436662724
spambase,f1,radial,sigmoidal,4.228408847246096e-06,0.0007822556367405277,True,-0.9950738916256158,-0.009265173921714775
spambase,f1,radial,softmax_radial,5.256413325850834e-06,0.0009566672253048517,True,-0.9852216748768473,-0.009792540810668715
spambase,f1,radial,student_t,0.011500916397185085,1.0,False,-0.5669515669515669,-0.0046059492574110905
spambase,f1,radial,wendland_c2,0.008142979815602303,1.0,False,-0.5440860215053763,-0.007354976062256435
spambase,f1,rational_quadratic,rbf_gaussian,0.0012226530433656197,0.17850734433138046,False,0.6995073891625616,0.007842617873200508
spambase,f1,rational_quadratic,shepard,0.44607788674329574,1.0,False,0.17094017094017094,0.0011728634445448138
spambase,f1,rational_quadratic,sigmoidal,0.6113514993496755,1.0,False,0.10804597701149425,0.000637685959492762
spambase,f1,rational_quadratic,softmax_radial,0.8882248121928067,1.0,False,0.029885057471264367,0.0001103190705388224
spambase,f1,rational_quadratic,student_t,0.0011319097923779117,0.1674552634358406,False,0.716931216931217,0.005296910623796447
spambase,f1,rational_quadratic,wendland_c2,0.2844624901630102,1.0,False,0.22758620689655173,0.002547883818951102
spambase,f1,rbf_gaussian,shepard,0.00665340320299728,0.8613441744519946,False,-0.5770114942528736,-0.006669754428655694
spambase,f1,rbf_gaussian,sigmoidal,0.0001961882109451873,0.03119392554028478,True,-0.8201058201058201,-0.007204931913707746
spambase,f1,rbf_gaussian,softmax_radial,7.252170003228448e-05,0.012183645605423793,True,-0.8436781609195402,-0.007732298802661686
spambase,f1,rbf_gaussian,student_t,0.3284698575735092,1.0,False,-0.2086021505376344,-0.002545707249404061
spambase,f1,rbf_gaussian,wendland_c2,0.03326423839289795,1.0,False,-0.44516129032258067,-0.005294734054249406
spambase,f1,shepard,sigmoidal,0.7891646777424939,1.0,False,-0.05591397849462366,-0.0005351774850520519
spambase,f1,shepard,softmax_radial,0.3492113798856735,1.0,False,-0.2,-0.0010625443740059914
spambase,f1,shepard,student_t,0.019523892856619037,1.0,False,0.496551724137931,0.004124047179251633
spambase,f1,shepard,wendland_c2,0.5927846322229917,1.0,False,0.11182795698924732,0.0013750203744062883
spambase,f1,sigmoidal,softmax_radial,0.5628391753742974,1.0,False,-0.13230769230769232,-0.0005273668889539396
spambase,f1,sigmoidal,student_t,0.025220968988406898,1.0,False,0.47586206896551725,0.004659224664303685
spambase,f1,sigmoidal,wendland_c2,0.370740607380867,1.0,False,0.1913978494623656,0.0019101978594583402
spambase,f1,softmax_radial,student_t,0.017873515819031526,1.0,False,0.5123152709359606,0.0051865915532576246
spambase,f1,softmax_radial,wendland_c2,0.2748315317027048,1.0,False,0.23218390804597702,0.0024375647484122798
spambase,f1,student_t,wendland_c2,0.08961703998973654,1.0,False,-0.36091954022988504,-0.002749026804845345
wine,f1,attention,cauchy,0.11585149752593006,1.0,False,0.7142857142857143,0.013768114601448
wine,f1,attention,cosine,0.00038126325768650886,0.07549012502192876,False,0.9532163742690059,0.058397682564349185
wine,f1,attention,cubic_spline,0.00038126325768650886,0.07549012502192876,False,0.9532163742690059,0.058397682564349185
wine,f1,attention,entropic,0.07189213122806544,1.0,False,0.5428571428571428,0.02323614656947981
wine,f1,attention,gen_exponential,0.10247043485974937,1.0,False,-1.0,-0.007081807081807057
wine,f1,attention,harmonic,1.0,1.0,False,0.0,0.0
wine,f1,attention,inverse_multiquadratic,0.11585149752593006,1.0,False,0.7142857142857143,0.013768114601448
wine,f1,attention,laplacian,0.03604929557974721,1.0,False,0.7454545454545455,0.020155615988949216
wine,f1,attention,logarithmic,0.11585149752593006,1.0,False,0.7142857142857143,0.013768114601448
wine,f1,attention,lorentzian,0.4496917979688909,1.0,False,-0.4,-0.004707638040971407
wine,f1,attention,multiquadratic,0.07961580146011343,1.0,False,0.8666666666666667,0.014290431790431768
wine,f1,attention,quartic_spline,0.00038126325768650886,0.07549012502192876,False,0.9532163742690059,0.058397682564349185
wine,f1,attention,radial,0.07189213122806544,1.0,False,0.5428571428571428,0.02323614656947981
wine,f1,attention,rational_quadratic,0.9155825203905921,1.0,False,-0.047619047619047616,-0.0014140180806847535
wine,f1,attention,rbf_gaussian,0.07189213122806544,1.0,False,0.5428571428571428,0.02323614656947981
wine,f1,attention,shepard,0.046399461870904594,1.0,False,0.9047619047619048,0.018476739310072765
wine,f1,attention,sigmoidal,1.0,1.0,False,0.0,0.0
wine,f1,attention,softmax_radial,0.03604929557974721,1.0,False,0.7454545454545455,0.020155615988949216
wine,f1,attention,student_t,0.11585149752593006,1.0,False,0.7142857142857143,0.013768114601448
wine,f1,attention,wendland_c2,0.00038126325768650886,0.07549012502192876,False,0.9532163742690059,0.058397682564349185
wine,f1,cauchy,cosine,0.0009674284502477448,0.17994169174608052,False,1.0,0.044629567962901184
wine,f1,cauchy,cubic_spline,0.0009674284502477448,0.17994169174608052,False,1.0,0.044629567962901184
wine,f1,cauchy,entropic,0.34202633727507514,1.0,False,0.3076923076923077,0.00946803196803181
wine,f1,cauchy,gen_exponential,0.028263033165028862,1.0,False,-0.8222222222222222,-0.020849921683255057
wine,f1,cauchy,harmonic,0.11585149752593006,1.0,False,-0.7142857142857143,-0.013768114601448
wine,f1,cauchy,inverse_multiquadratic,1.0,1.0,False,0.0,0.0
wine,f1,cauchy,laplacian,0.3937686346429927,1.0,False,0.35714285714285715,0.006387501387501215
wine,f1,cauchy,logarithmic,1.0,1.0,False,0.0,0.0
wine,f1,cauchy,lorentzian,0.058676199652392666,1.0,False,-0.6727272727272727,-0.018475752642419407
wine,f1,cauchy,multiquadratic,0.31731050786291415,1.0,False,1.0,0.0005223171889837674
wine,f1,cauchy,quartic_spline,0.0009674284502477448,0.17994169174608052,False,1.0,0.044629567962901184
wine,f1,cauchy,radial,0.34202633727507514,1.0,False,0.3076923076923077,0.00946803196803181
wine,f1,cauchy,rational_quadratic,0.0912895702260051,1.0,False,-0.6666666666666666,-0.015182132682132754
wine,f1,cauchy,rbf_gaussian,0.34202633727507514,1.0,False,0.3076923076923077,0.00946803196803181
wine,f1,cauchy,shepard,0.17971249487899976,1.0,False,1.0,0.0047086247086247646
wine,f1,cauchy,sigmoidal,0.11585149752593006,1.0,False,-0.7142857142857143,-0.013768114601448
wine,f1,cauchy,softmax_radial,0.3937686346429927,1.0,False,0.35714285714285715,0.006387501387501215
wine,f1,cauchy,student_t,1.0,1.0,False,0.0,0.0
wine,f1,cauchy,wendland_c2,0.0009674284502477448,0.17994169174608052,False,1.0,0.044629567962901184
wine,f1,cosine,cubic_spline,1.0,1.0,False,0.0,0.0
wine,f1,cosine,entropic,0.005133553545126377,0.7751665853140829,False,-0.7315789473684211,-0.035161535994869375
wine,f1,cosine,gen_exponential,0.00012094386355213575,0.025398211345948506,True,-0.9567099567099567,-0.06547948964615624
wine,f1,cosine,harmonic,0.00038126325768650886,0.07549012502192876,False,-0.9532163742690059,-0.058397682564349185
wine,f1,cosine,inverse_multiquadratic,0.0009674284502477448,0.17994169174608052,False,-1.0,-0.044629567962901184
wine,f1,cosine,laplacian,0.00160049004943684,0.26568134820651546,False,-0.8970588235294118,-0.03824206657539997
wine,f1,cosine,logarithmic,0.0009674284502477448,0.17994169174608052,False,-1.0,-0.044629567962901184
wine,f1,cosine,lorentzian,0.00018682418472122645,0.03848578205257265,True,-0.9523809523809523,-0.06310532060532059
wine,f1,cosine,multiquadratic,0.0009758787856927137,0.17994169174608052,False,-1.0,-0.04410725077391742
wine,f1,cosine,quartic_spline,1.0,1.0,False,0.0,0.0
wine,f1,cosine,radial,0.005133553545126377,0.7751665853140829,False,-0.7315789473684211,-0.035161535994869375
wine,f1,cosine,rational_quadratic,0.00021494372626002797,0.04341863270452565,True,-0.9428571428571428,-0.05981170064503394
wine,f1,cosine,rbf_gaussian,0.005133553545126377,0.7751665853140829,False,-0.7315789473684211,-0.035161535994869375
wine,f1,cosine,shepard,0.0028305778354599906,0.4472312980026785,False,-0.9047619047619048,-0.03992094325427642
wine,f1,cosine,sigmoidal,0.00038126325768650886,0.07549012502192876,False,-0.9532163742690059,-0.058397682564349185
wine,f1,cosine,softmax_radial,0.00160049004943684,0.26568134820651546,False,-0.8970588235294118,-0.03824206657539997
wine,f1,cosine,student_t,0.0009674284502477448,0.17994169174608052,False,-1.0,-0.044629567962901184
wine,f1,cosine,wendland_c2,1.0,1.0,False,0.0,0.0
wine,f1,cubic_spline,entropic,0.005133553545126377,0.7751665853140829,False,-0.7315789473684211,-0.035161535994869375
wine,f1,cubic_spline,gen_exponential,0.00012094386355213575,0.025398211345948506,True,-0.9567099567099567,-0.06547948964615624
wine,f1,cubic_spline,harmonic,0.00038126325768650886,0.07549012502192876,False,-0.9532163742690059,-0.058397682564349185
wine,f1,cubic_spline,inverse_multiquadratic,0.0009674284502477448,0.17994169174608052,False,-1.0,-0.044629567962901184
wine,f1,cubic_spline,laplacian,0.00160049004943684,0.26568134820651546,False,-0.8970588235294118,-0.03824206657539997
wine,f1,cubic_spline,logarithmic,0.0009674284502477448,0.17994169174608052,False,-1.0,-0.044629567962901184
wine,f1,cubic_spline,lorentzian,0.00018682418472122645,0.03848578205257265,True,-0.9523809523809523,-0.06310532060532059
wine,f1,cubic_spline,multiquadratic,0.0009758787856927137,0.17994169174608052,False,-1.0,-0.04410725077391742
wine,f1,cubic_spline,quartic_spline,1.0,1.0,False,0.0,0.0
wine,f1,cubic_spline,radial,0.005133553545126377,0.7751665853140829,False,-0.7315789473684211,-0.035161535994869375
wine,f1,cubic_spline,rational_quadratic,0.00021494372626002797,0.04341863270452565,True,-0.9428571428571428,-0.05981170064503394
wine,f1,cubic_spline,rbf_gaussian,0.005133553545126377,0.7751665853140829,False,-0.7315789473684211,-0.035161535994869375
wine,f1,cubic_spline,shepard,0.0028305778354599906,0.4472312980026785,False,-0.9047619047619048,-0.03992094325427642
wine,f1,cubic_spline,sigmoidal,0.00038126325768650886,0.07549012502192876,False,-0.9532163742690059,-0.058397682564349185
wine,f1,cubic_spline,softmax_radial,0.00160049004943684,0.26568134820651546,False,-0.8970588235294118,-0.03824206657539997
wine,f1,cubic_spline,student_t,0.0009674284502477448,0.17994169174608052,False,-1.0,-0.044629567962901184
wine,f1,cubic_spline,wendland_c2,1.0,1.0,False,0.0,0.0
wine,f1,entropic,gen_exponential,0.004245648288725709,0.6538298364637591,False,-0.9696969696969697,-0.030317953651286866
wine,f1,entropic,harmonic,0.07189213122806544,1.0,False,-0.5428571428571428,-0.02323614656947981
wine,f1,entropic,inverse_multiquadratic,0.34202633727507514,1.0,False,-0.3076923076923077,-0.00946803196803181
wine,f1,entropic,laplacian,0.6754324550472048,1.0,False,-0.15555555555555556,-0.003080530580530594
wine,f1,entropic,logarithmic,0.34202633727507514,1.0,False,-0.3076923076923077,-0.00946803196803181
wine,f1,entropic,lorentzian,0.006551076724151545,0.9105996646570647,False,-0.9636363636363636,-0.027943784610451217
wine,f1,entropic,multiquadratic,0.34188618066929244,1.0,False,-0.2967032967032967,-0.008945714779048042
wine,f1,entropic,quartic_spline,0.005133553545126377,0.7751665853140829,False,0.7315789473684211,0.035161535994869375
wine,f1,entropic,radial,1.0,1.0,False,0.0,0.0
wine,f1,entropic,rational_quadratic,0.010177442378203762,1.0,False,-0.9555555555555556,-0.024650164650164563
wine,f1,entropic,rbf_gaussian,1.0,1.0,False,0.0,0.0
wine,f1,entropic,shepard,0.7175615245939908,1.0,False,-0.12727272727272726,-0.004759407259407045
wine,f1,entropic,sigmoidal,0.07189213122806544,1.0,False,-0.5428571428571428,-0.02323614656947981
wine,f1,entropic,softmax_radial,0.6754324550472048,1.0,False,-0.15555555555555556,-0.003080530580530594
wine,f1,entropic,student_t,0.34202633727507514,1.0,False,-0.3076923076923077,-0.00946803196803181
wine,f1,entropic,wendland_c2,0.005133553545126377,0.7751665853140829,False,0.7315789473684211,0.035161535994869375
wine,f1,gen_exponential,harmonic,0.10247043485974937,1.0,False,1.0,0.007081807081807057
wine,f1,gen_exponential,inverse_multiquadratic,0.028263033165028862,1.0,False,0.8222222222222222,0.020849921683255057
wine,f1,gen_exponential,laplacian,0.01775592261403605,1.0,False,1.0,0.027237423070756273
wine,f1,gen_exponential,logarithmic,0.028263033165028862,1.0,False,0.8222222222222222,0.020849921683255057
wine,f1,gen_exponential,lorentzian,0.31731050786291415,1.0,False,1.0,0.0023741690408356497
wine,f1,gen_exponential,multiquadratic,0.02488399513396536,1.0,False,0.8888888888888888,0.021372238872238825
wine,f1,gen_exponential,quartic_spline,0.00012094386355213575,0.025398211345948506,True,0.9567099567099567,0.06547948964615624
wine,f1,gen_exponential,radial,0.004245648288725709,0.6538298364637591,False,0.9696969696969697,0.030317953651286866
wine,f1,gen_exponential,rational_quadratic,0.28504940740261275,1.0,False,0.6666666666666666,0.005667789001122303
wine,f1,gen_exponential,rbf_gaussian,0.004245648288725709,0.6538298364637591,False,0.9696969696969697,0.030317953651286866
wine,f1,gen_exponential,shepard,0.010585735359396723,1.0,False,0.9555555555555556,0.02555854639187982
wine,f1,gen_exponential,sigmoidal,0.10247043485974937,1.0,False,1.0,0.007081807081807057
wine,f1,gen_exponential,softmax_radial,0.01775592261403605,1.0,False,1.0,0.027237423070756273
wine,f1,gen_exponential,student_t,0.028263033165028862,1.0,False,0.8222222222222222,0.020849921683255057
wine,f1,gen_exponential,wendland_c2,0.00012094386355213575,0.025398211345948506,True,0.9567099567099567,0.06547948964615624
wine,f1,harmonic,inverse_multiquadratic,0.11585149752593006,1.0,False,0.7142857142857143,0.013768114601448
wine,f1,harmonic,laplacian,0.03604929557974721,1.0,False,0.7454545454545455,0.020155615988949216
wine,f1,harmonic,logarithmic,0.11585149752593006,1.0,False,0.7142857142857143,0.013768114601448
wine,f1,harmonic,lorentzian,0.4496917979688909,1.0,False,-0.4,-0.004707638040971407
wine,f1,harmonic,multiquadratic,0.07961580146011343,1.0,False,0.8666666666666667,0.014290431790431768
wine,f1,harmonic,quartic_spline,0.00038126325768650886,0.07549012502192876,False,0.9532163742690059,0.058397682564349185
wine,f1,harmonic,radial,0.07189213122806544,1.0,False,0.5428571428571428,0.02323614656947981
wine,f1,harmonic,rational_quadratic,0.9155825203905921,1.0,False,-0.047619047619047616,-0.0014140180806847535
wine,f1,harmonic,rbf_gaussian,0.07189213122806544,1.0,False,0.5428571428571428,0.02323614656947981
wine,f1,harmonic,shepard,0.046399461870904594,1.0,False,0.9047619047619048,0.018476739310072765
wine,f1,harmonic,sigmoidal,1.0,1.0,False,0.0,0.0
wine,f1,harmonic,softmax_radial,0.03604929557974721,1.0,False,0.7454545454545455,0.020155615988949216
wine,f1,harmonic,student_t,0.11585149752593006,1.0,False,0.7142857142857143,0.013768114601448
wine,f1,harmonic,wendland_c2,0.00038126325768650886,0.07549012502192876,False,0.9532163742690059,0.058397682564349185
wine,f1,inverse_multiquadratic,laplacian,0.3937686346429927,1.0,False,0.35714285714285715,0.006387501387501215
wine,f1,inverse_multiquadratic,logarithmic,1.0,1.0,False,0.0,0.0
wine,f1,inverse_multiquadratic,lorentzian,0.058676199652392666,1.0,False,-0.6727272727272727,-0.018475752642419407
wine,f1,inverse_multiquadratic,multiquadratic,0.31731050786291415,1.0,False,1.0,0.0005223171889837674
wine,f1,inverse_multiquadratic,quartic_spline,0.0009674284502477448,0.17994169174608052,False,1.0,0.044629567962901184
wine,f1,inverse_multiquadratic,radial,0.34202633727507514,1.0,False,0.3076923076923077,0.00946803196803181
wine,f1,inverse_multiquadratic,rational_quadratic,0.0912895702260051,1.0,False,-0.6666666666666666,-0.015182132682132754
wine,f1,inverse_multiquadratic,rbf_gaussian,0.34202633727507514,1.0,False,0.3076923076923077,0.00946803196803181
wine,f1,inverse_multiquadratic,shepard,0.17971249487899976,1.0,False,1.0,0.0047086247086247646
wine,f1,inverse_multiquadratic,sigmoidal,0.11585149752593006,1.0,False,-0.7142857142857143,-0.013768114601448
wine,f1,inverse_multiquadratic,softmax_radial,0.3937686346429927,1.0,False,0.35714285714285715,0.006387501387501215
wine,f1,inverse_multiquadratic,student_t,1.0,1.0,False,0.0,0.0
wine,f1,inverse_multiquadratic,wendland_c2,0.0009674284502477448,0.17994169174608052,False,1.0,0.044629567962901184
wine,f1,laplacian,logarithmic,0.3937686346429927,1.0,False,-0.35714285714285715,-0.006387501387501215
wine,f1,laplacian,lorentzian,0.027281171477617997,1.0,False,-1.0,-0.024863254029920623
wine,f1,laplacian,multiquadratic,0.3946268662430952,1.0,False,-0.35714285714285715,-0.005865184198517448
wine,f1,laplacian,quartic_spline,0.00160049004943684,0.26568134820651546,False,0.8970588235294118,0.03824206657539997
wine,f1,laplacian,radial,0.6754324550472048,1.0,False,0.15555555555555556,0.003080530580530594
wine,f1,laplacian,rational_quadratic,0.039359508888249725,1.0,False,-1.0,-0.02156963406963397
wine,f1,laplacian,rbf_gaussian,0.6754324550472048,1.0,False,0.15555555555555556,0.003080530580530594
wine,f1,laplacian,shepard,0.6830913983096087,1.0,False,-0.2,-0.0016788766788764509
wine,f1,laplacian,sigmoidal,0.03604929557974721,1.0,False,-0.7454545454545455,-0.020155615988949216
wine,f1,laplacian,softmax_radial,1.0,1.0,False,0.0,0.0
wine,f1,laplacian,student_t,0.3937686346429927,1.0,False,-0.35714285714285715,-0.006387501387501215
wine,f1,laplacian,wendland_c2,0.00160049004943684,0.26568134820651546,False,0.8970588235294118,0.03824206657539997
wine,f1,logarithmic,lorentzian,0.058676199652392666,1.0,False,-0.6727272727272727,-0.018475752642419407
wine,f1,logarithmic,multiquadratic,0.31731050786291415,1.0,False,1.0,0.0005223171889837674
wine,f1,logarithmic,quartic_spline,0.0009674284502477448,0.17994169174608052,False,1.0,0.044629567962901184
wine,f1,logarithmic,radial,0.34202633727507514,1.0,False,0.3076923076923077,0.00946803196803181
wine,f1,logarithmic,rational_quadratic,0.0912895702260051,1.0,False,-0.6666666666666666,-0.015182132682132754
wine,f1,logarithmic,rbf_gaussian,0.34202633727507514,1.0,False,0.3076923076923077,0.00946803196803181
wine,f1,logarithmic,shepard,0.17971249487899976,1.0,False,1.0,0.0047086247086247646
wine,f1,logarithmic,sigmoidal,0.11585149752593006,1.0,False,-0.7142857142857143,-0.013768114601448
wine,f1,logarithmic,softmax_radial,0.3937686346429927,1.0,False,0.35714285714285715,0.006387501387501215
wine,f1,logarithmic,student_t,1.0,1.0,False,0.0,0.0
wine,f1,logarithmic,wendland_c2,0.0009674284502477448,0.17994169174608052,False,1.0,0.044629567962901184
wine,f1,lorentzian,multiquadratic,0.04980366802257659,1.0,False,0.7333333333333333,0.018998069831403175
wine,f1,lorentzian,quartic_spline,0.00018682418472122645,0.03848578205257265,True,0.9523809523809523,0.06310532060532059
wine,f1,lorentzian,radial,0.006551076724151545,0.9105996646570647,False,0.9636363636363636,0.027943784610451217
wine,f1,lorentzian,rational_quadratic,0.6547208460185769,1.0,False,0.3333333333333333,0.0032936199602866534
wine,f1,lorentzian,rbf_gaussian,0.006551076724151545,0.9105996646570647,False,0.9636363636363636,0.027943784610451217
wine,f1,lorentzian,shepard,0.017153601700200603,1.0,False,0.9444444444444444,0.023184377351044172
wine,f1,lorentzian,sigmoidal,0.4496917979688909,1.0,False,0.4,0.004707638040971407
wine,f1,lorentzian,softmax_radial,0.027281171477617997,1.0,False,1.0,0.024863254029920623
wine,f1,lorentzian,student_t,0.058676199652392666,1.0,False,0.6727272727272727,0.018475752642419407
wine,f1,lorentzian,wendland_c2,0.00018682418472122645,0.03848578205257265,True,0.9523809523809523,0.06310532060532059
wine,f1,multiquadratic,quartic_spline,0.0009758787856927137,0.17994169174608052,False,1.0,0.04410725077391742
wine,f1,multiquadratic,radial,0.34188618066929244,1.0,False,0.2967032967032967,0.008945714779048042
wine,f1,multiquadratic,rational_quadratic,0.08473112189471733,1.0,False,-0.6444444444444445,-0.01570444987111652
wine,f1,multiquadratic,rbf_gaussian,0.34188618066929244,1.0,False,0.2967032967032967,0.008945714779048042
wine,f1,multiquadratic,shepard,0.28504940740261275,1.0,False,0.6666666666666666,0.004186307519640997
wine,f1,multiquadratic,sigmoidal,0.07961580146011343,1.0,False,-0.8666666666666667,-0.014290431790431768
wine,f1,multiquadratic,softmax_radial,0.3946268662430952,1.0,False,0.35714285714285715,0.005865184198517448
wine,f1,multiquadratic,student_t,0.31731050786291415,1.0,False,-1.0,-0.0005223171889837674
wine,f1,multiquadratic,wendland_c2,0.0009758787856927137,0.17994169174608052,False,1.0,0.04410725077391742
wine,f1,quartic_spline,radial,0.005133553545126377,0.7751665853140829,False,-0.7315789473684211,-0.035161535994869375
wine,f1,quartic_spline,rational_quadratic,0.00021494372626002797,0.04341863270452565,True,-0.9428571428571428,-0.05981170064503394
wine,f1,quartic_spline,rbf_gaussian,0.005133553545126377,0.7751665853140829,False,-0.7315789473684211,-0.035161535994869375
wine,f1,quartic_spline,shepard,0.0028305778354599906,0.4472312980026785,False,-0.9047619047619048,-0.03992094325427642
wine,f1,quartic_spline,sigmoidal,0.00038126325768650886,0.07549012502192876,False,-0.9532163742690059,-0.058397682564349185
wine,f1,quartic_spline,softmax_radial,0.00160049004943684,0.26568134820651546,False,-0.8970588235294118,-0.03824206657539997
wine,f1,quartic_spline,student_t,0.0009674284502477448,0.17994169174608052,False,-1.0,-0.044629567962901184
wine,f1,quartic_spline,wendland_c2,1.0,1.0,False,0.0,0.0
wine,f1,radial,rational_quadratic,0.010177442378203762,1.0,False,-0.9555555555555556,-0.024650164650164563
wine,f1,radial,rbf_gaussian,1.0,1.0,False,0.0,0.0
wine,f1,radial,shepard,0.7175615245939908,1.0,False,-0.12727272727272726,-0.004759407259407045
wine,f1,radial,sigmoidal,0.07189213122806544,1.0,False,-0.5428571428571428,-0.02323614656947981
wine,f1,radial,softmax_radial,0.6754324550472048,1.0,False,-0.15555555555555556,-0.003080530580530594
wine,f1,radial,student_t,0.34202633727507514,1.0,False,-0.3076923076923077,-0.00946803196803181
wine,f1,radial,wendland_c2,0.005133553545126377,0.7751665853140829,False,0.7315789473684211,0.035161535994869375
wine,f1,rational_quadratic,rbf_gaussian,0.010177442378203762,1.0,False,0.9555555555555556,0.024650164650164563
wine,f1,rational_quadratic,shepard,0.027281171477617997,1.0,False,1.0,0.01989075739075752
wine,f1,rational_quadratic,sigmoidal,0.9155825203905921,1.0,False,0.047619047619047616,0.0014140180806847535
wine,f1,rational_quadratic,softmax_radial,0.039359508888249725,1.0,False,1.0,0.02156963406963397
wine,f1,rational_quadratic,student_t,0.0912895702260051,1.0,False,0.6666666666666666,0.015182132682132754
wine,f1,rational_quadratic,wendland_c2,0.00021494372626002797,0.04341863270452565,True,0.9428571428571428,0.05981170064503394
wine,f1,rbf_gaussian,shepard,0.7175615245939908,1.0,False,-0.12727272727272726,-0.004759407259407045
wine,f1,rbf_gaussian,sigmoidal,0.07189213122806544,1.0,False,-0.5428571428571428,-0.02323614656947981
wine,f1,rbf_gaussian,softmax_radial,0.6754324550472048,1.0,False,-0.15555555555555556,-0.003080530580530594
wine,f1,rbf_gaussian,student_t,0.34202633727507514,1.0,False,-0.3076923076923077,-0.00946803196803181
wine,f1,rbf_gaussian,wendland_c2,0.005133553545126377,0.7751665853140829,False,0.7315789473684211,0.035161535994869375
wine,f1,shepard,sigmoidal,0.046399461870904594,1.0,False,-0.9047619047619048,-0.018476739310072765
wine,f1,shepard,softmax_radial,0.6830913983096087,1.0,False,0.2,0.0016788766788764509
wine,f1,shepard,student_t,0.17971249487899976,1.0,False,-1.0,-0.0047086247086247646
wine,f1,shepard,wendland_c2,0.0028305778354599906,0.4472312980026785,False,0.9047619047619048,0.03992094325427642
wine,f1,sigmoidal,softmax_radial,0.03604929557974721,1.0,False,0.7454545454545455,0.020155615988949216
wine,f1,sigmoidal,student_t,0.11585149752593006,1.0,False,0.7142857142857143,0.013768114601448
wine,f1,sigmoidal,wendland_c2,0.00038126325768650886,0.07549012502192876,False,0.9532163742690059,0.058397682564349185
wine,f1,softmax_radial,student_t,0.3937686346429927,1.0,False,-0.35714285714285715,-0.006387501387501215
wine,f1,softmax_radial,wendland_c2,0.00160049004943684,0.26568134820651546,False,0.8970588235294118,0.03824206657539997
wine,f1,student_t,wendland_c2,0.0009674284502477448,0.17994169174608052,False,1.0,0.044629567962901184
