dataset,metric,basis_1,basis_2,p_value,p_value_holm,significant_after_holm,effect_size_rank_biserial_r,mean_diff_1_minus_2
bng_glass,f1,attention,cauchy,0.016431212425231934,1.0,False,-0.4967741935483871,-0.001376865309103359
bng_glass,f1,attention,cosine,0.004338232800364494,0.6160290576517582,False,0.5827956989247312,0.001746325419747341
bng_glass,f1,attention,cubic_spline,0.024786051362752914,1.0,False,0.4666666666666667,0.001329274290515381
bng_glass,f1,attention,entropic,0.08793856762349606,1.0,False,0.35913978494623655,0.0007927155387306151
bng_glass,f1,attention,gen_exponential,0.8871948085725307,1.0,False,-0.03225806451612903,1.7932339651416385e-05
bng_glass,f1,attention,harmonic,0.03272089920938015,1.0,False,0.44516129032258067,0.00021561449151169532
bng_glass,f1,attention,inverse_multiquadratic,0.7765688337385654,1.0,False,-0.06236559139784946,-0.00011134078835101091
bng_glass,f1,attention,laplacian,0.28008678182959557,1.0,False,0.23010752688172043,0.0005747964476323641
bng_glass,f1,attention,logarithmic,0.2710056286305189,1.0,False,0.23440860215053763,0.00046907420531677735
bng_glass,f1,attention,lorentzian,0.3817984350025654,1.0,False,-0.1870967741935484,-0.00014182990233774229
bng_glass,f1,attention,multiquadratic,4.6566128730773926e-08,9.080395102500916e-06,True,0.9655913978494624,0.005554490312862814
bng_glass,f1,attention,quartic_spline,0.04048972204327583,1.0,False,0.42795698924731185,0.001131203491497479
bng_glass,f1,attention,radial,0.0050126127898693085,0.6967531777918339,False,0.5741935483870968,0.0017579198810289687
bng_glass,f1,attention,rational_quadratic,0.01283373311161995,1.0,False,-0.513978494623656,-0.0012798144156152547
bng_glass,f1,attention,rbf_gaussian,0.08793856762349606,1.0,False,0.35913978494623655,0.0007792573081181753
bng_glass,f1,attention,shepard,0.140283040702343,1.0,False,-0.3118279569892473,-0.0008846772557665195
bng_glass,f1,attention,sigmoidal,0.03272089920938015,1.0,False,0.44516129032258067,0.00019102972818263453
bng_glass,f1,attention,softmax_radial,0.28008678182959557,1.0,False,0.23010752688172043,0.0005747964476323641
bng_glass,f1,attention,student_t,0.7765688337385654,1.0,False,-0.06236559139784946,-0.00011134078835101091
bng_glass,f1,attention,wendland_c2,0.008705463260412216,1.0,False,0.5397849462365591,0.0015454539622564156
bng_glass,f1,cauchy,cosine,2.60770320892334e-08,5.21540641784668e-06,True,0.9741935483870968,0.0031231907288507
bng_glass,f1,cauchy,cubic_spline,1.862645149230957e-08,3.818422555923462e-06,True,0.978494623655914,0.00270613959961874
bng_glass,f1,cauchy,entropic,0.0002562887966632843,0.04151878505945206,True,0.7247311827956989,0.002169580847833974
bng_glass,f1,cauchy,gen_exponential,0.011303061619400978,1.0,False,0.5225806451612903,0.0013947976487547753
bng_glass,f1,cauchy,harmonic,0.0061949919909238815,0.8239339347928762,False,0.5612903225806452,0.0015924798006150542
bng_glass,f1,cauchy,inverse_multiquadratic,0.0050126127898693085,0.6967531777918339,False,0.5741935483870968,0.001265524520752348
bng_glass,f1,cauchy,laplacian,0.0005054883658885956,0.0793616734445095,False,0.6946236559139785,0.001951661756735723
bng_glass,f1,cauchy,logarithmic,0.00031275488436222076,0.05035353638231754,False,0.7161290322580646,0.0018459395144201363
bng_glass,f1,cauchy,lorentzian,0.013663241639733315,1.0,False,0.5096774193548387,0.0012350354067656166
bng_glass,f1,cauchy,multiquadratic,3.725290298461914e-09,7.82310962677002e-07,True,0.9956989247311828,0.006931355621966173
bng_glass,f1,cauchy,quartic_spline,8.009374141693115e-08,1.529790461063385e-05,True,0.956989247311828,0.002508068800600838
bng_glass,f1,cauchy,radial,2.60770320892334e-08,5.21540641784668e-06,True,0.9741935483870968,0.0031347851901323276
bng_glass,f1,cauchy,rational_quadratic,0.6263462882488966,1.0,False,-0.1053763440860215,9.705089348810425e-05
bng_glass,f1,cauchy,rbf_gaussian,0.00020912662148475647,0.03450589254498482,True,0.7333333333333333,0.002156122617221534
bng_glass,f1,cauchy,shepard,0.5978077705949545,1.0,False,0.11397849462365592,0.0004921880533368395
bng_glass,f1,cauchy,sigmoidal,0.004031794145703316,0.5765465628355742,False,0.5870967741935483,0.0015678950372859934
bng_glass,f1,cauchy,softmax_radial,0.0005054883658885956,0.0793616734445095,False,0.6946236559139785,0.001951661756735723
bng_glass,f1,cauchy,student_t,0.0050126127898693085,0.6967531777918339,False,0.5741935483870968,0.001265524520752348
bng_glass,f1,cauchy,wendland_c2,3.5390257835388184e-08,7.00727105140686e-06,True,0.9698924731182795,0.0029223192713597745
bng_glass,f1,cosine,cubic_spline,0.00577649287879467,0.7740500457584858,False,-0.5655913978494623,-0.0004170511292319601
bng_glass,f1,cosine,entropic,0.15794767439365387,1.0,False,-0.2989247311827957,-0.000953609881016726
bng_glass,f1,cosine,gen_exponential,0.005382779985666275,0.7266752980649471,False,-0.5698924731182796,-0.0017283930800959246
bng_glass,f1,cosine,harmonic,0.018529480323195457,1.0,False,-0.4881720430107527,-0.0015307109282356457
bng_glass,f1,cosine,inverse_multiquadratic,0.00013739429414272308,0.023357030004262924,True,-0.7505376344086021,-0.001857666208098352
bng_glass,f1,cosine,laplacian,0.05768792890012264,1.0,False,-0.3978494623655914,-0.0011715289721149769
bng_glass,f1,cosine,logarithmic,0.026228994131088257,1.0,False,-0.46236559139784944,-0.0012772512144305637
bng_glass,f1,cosine,lorentzian,0.001340603455901146,0.20377172529697418,False,-0.6473118279569893,-0.0018881553220850833
bng_glass,f1,cosine,multiquadratic,1.6391277313232422e-07,3.065168857574463e-05,True,0.9440860215053763,0.0038081648931154732
bng_glass,f1,cosine,quartic_spline,0.0023674946278333664,0.34802171029150486,False,-0.6172043010752688,-0.0006151219282498621
bng_glass,f1,cosine,radial,0.6891565167793516,1.0,False,-0.09333333333333334,1.1594461281627666e-05
bng_glass,f1,cosine,rational_quadratic,1.6838312149047852e-06,0.0003081411123275757,True,-0.8924731182795699,-0.0030261398353625957
bng_glass,f1,cosine,rbf_gaussian,0.1459994912147522,1.0,False,-0.30752688172043013,-0.0009670681116291657
bng_glass,f1,cosine,shepard,0.00016989745199680328,0.02854277193546295,True,-0.7419354838709677,-0.0026310026755138605
bng_glass,f1,cosine,sigmoidal,0.011303061619400978,1.0,False,-0.5225806451612903,-0.0015552956915647065
bng_glass,f1,cosine,softmax_radial,0.05768792890012264,1.0,False,-0.3978494623655914,-0.0011715289721149769
bng_glass,f1,cosine,student_t,0.00013739429414272308,0.023357030004262924,True,-0.7505376344086021,-0.001857666208098352
bng_glass,f1,cosine,wendland_c2,0.11417667381465435,1.0,False,-0.3333333333333333,-0.0002008714574909254
bng_glass,f1,cubic_spline,entropic,0.4399667661637068,1.0,False,-0.16559139784946236,-0.0005365587517847659
bng_glass,f1,cubic_spline,gen_exponential,0.015460003167390823,1.0,False,-0.5010752688172043,-0.0013113419508639645
bng_glass,f1,cubic_spline,harmonic,0.06056523136794567,1.0,False,-0.3935483870967742,-0.0011136597990036856
bng_glass,f1,cubic_spline,inverse_multiquadratic,0.0012321043759584427,0.18974407389760017,False,-0.6516129032258065,-0.0014406150788663918
bng_glass,f1,cubic_spline,laplacian,0.22064675763249397,1.0,False,-0.26021505376344084,-0.0007544778428830168
bng_glass,f1,cubic_spline,logarithmic,0.10039735585451126,1.0,False,-0.34623655913978496,-0.0008602000851986036
bng_glass,f1,cubic_spline,lorentzian,0.009301122277975082,1.0,False,-0.535483870967742,-0.0014711041928531232
bng_glass,f1,cubic_spline,multiquadratic,3.5390257835388184e-08,7.00727105140686e-06,True,0.9698924731182795,0.004225216022347433
bng_glass,f1,cubic_spline,quartic_spline,0.20540969260036945,1.0,False,-0.26881720430107525,-0.00019807079901790203
bng_glass,f1,cubic_spline,radial,0.006639536470174789,0.8631397411227226,False,0.556989247311828,0.00042864559051358775
bng_glass,f1,cubic_spline,rational_quadratic,5.144625902175903e-06,0.0009260326623916626,True,-0.8623655913978494,-0.0026090887061306356
bng_glass,f1,cubic_spline,rbf_gaussian,0.4399667661637068,1.0,False,-0.16559139784946236,-0.0005500169823972056
bng_glass,f1,cubic_spline,shepard,0.0011314544826745987,0.1753754448145628,False,-0.6559139784946236,-0.0022139515462819004
bng_glass,f1,cubic_spline,sigmoidal,0.049710121005773544,1.0,False,-0.410752688172043,-0.0011382445623327464
bng_glass,f1,cubic_spline,softmax_radial,0.22064675763249397,1.0,False,-0.26021505376344084,-0.0007544778428830168
bng_glass,f1,cubic_spline,student_t,0.0012321043759584427,0.18974407389760017,False,-0.6516129032258065,-0.0014406150788663918
bng_glass,f1,cubic_spline,wendland_c2,0.036434996873140335,1.0,False,0.43655913978494626,0.0002161796717410347
bng_glass,f1,entropic,gen_exponential,0.08793856762349606,1.0,False,-0.35913978494623655,-0.0007747831990791987
bng_glass,f1,entropic,harmonic,0.2710056286305189,1.0,False,-0.23440860215053763,-0.0005771010472189197
bng_glass,f1,entropic,inverse_multiquadratic,5.5925920605659485e-05,0.00984296202659607,True,-0.7849462365591398,-0.000904056327081626
bng_glass,f1,entropic,laplacian,0.7000329215079546,1.0,False,-0.08387096774193549,-0.00021791909109825092
bng_glass,f1,entropic,logarithmic,0.052263347432017326,1.0,False,-0.4064516129032258,-0.0003236413334138377
bng_glass,f1,entropic,lorentzian,0.034536734223365784,1.0,False,-0.44086021505376344,-0.0009345454410683574
bng_glass,f1,entropic,multiquadratic,1.862645149230957e-08,3.818422555923462e-06,True,0.978494623655914,0.004761774774132199
bng_glass,f1,entropic,quartic_spline,0.7151329666376114,1.0,False,0.07956989247311828,0.00033848795276686383
bng_glass,f1,entropic,radial,0.12413446232676506,1.0,False,0.3247311827956989,0.0009652043422983536
bng_glass,f1,entropic,rational_quadratic,0.00012333691120147705,0.021213948726654053,True,-0.7548387096774194,-0.0020725299543458697
bng_glass,f1,entropic,rbf_gaussian,0.41234652788813886,1.0,False,-0.17733990147783252,-1.3458230612439781e-05
bng_glass,f1,entropic,shepard,0.006639536470174789,0.8631397411227226,False,-0.556989247311828,-0.0016773927944971345
bng_glass,f1,entropic,sigmoidal,0.19092952087521553,1.0,False,-0.27741935483870966,-0.0006016858105479805
bng_glass,f1,entropic,softmax_radial,0.7000329215079546,1.0,False,-0.08387096774193549,-0.00021791909109825092
bng_glass,f1,entropic,student_t,5.5925920605659485e-05,0.00984296202659607,True,-0.7849462365591398,-0.000904056327081626
bng_glass,f1,entropic,wendland_c2,0.19092952087521553,1.0,False,0.27741935483870966,0.0007527384235258006
bng_glass,f1,gen_exponential,harmonic,0.2988441474735737,1.0,False,0.221505376344086,0.00019768215186027893
bng_glass,f1,gen_exponential,inverse_multiquadratic,0.8871948085725307,1.0,False,-0.03225806451612903,-0.0001292731280024273
bng_glass,f1,gen_exponential,laplacian,0.17059839516878128,1.0,False,0.2903225806451613,0.0005568641079809478
bng_glass,f1,gen_exponential,logarithmic,0.19807579927146435,1.0,False,0.2731182795698925,0.00045114186566536096
bng_glass,f1,gen_exponential,lorentzian,0.3284698575735092,1.0,False,-0.2086021505376344,-0.00015976224198915867
bng_glass,f1,gen_exponential,multiquadratic,1.862645149230957e-08,3.818422555923462e-06,True,0.978494623655914,0.005536557973211398
bng_glass,f1,gen_exponential,quartic_spline,0.027741437777876854,1.0,False,0.45806451612903226,0.0011132711518460625
bng_glass,f1,gen_exponential,radial,0.00466480478644371,0.6577374748885632,False,0.578494623655914,0.0017399875413775523
bng_glass,f1,gen_exponential,rational_quadratic,0.00466480478644371,0.6577374748885632,False,-0.578494623655914,-0.001297746755266671
bng_glass,f1,gen_exponential,rbf_gaussian,0.08793856762349606,1.0,False,0.35913978494623655,0.0007613249684667589
bng_glass,f1,gen_exponential,shepard,0.12413446232676506,1.0,False,-0.3247311827956989,-0.0009026095954179358
bng_glass,f1,gen_exponential,sigmoidal,0.24494642950594425,1.0,False,0.24731182795698925,0.00017309738853121814
bng_glass,f1,gen_exponential,softmax_radial,0.17059839516878128,1.0,False,0.2903225806451613,0.0005568641079809478
bng_glass,f1,gen_exponential,student_t,0.8871948085725307,1.0,False,-0.03225806451612903,-0.0001292731280024273
bng_glass,f1,gen_exponential,wendland_c2,0.010598260909318924,1.0,False,0.5268817204301075,0.0015275216226049992
bng_glass,f1,harmonic,inverse_multiquadratic,0.4898460879921913,1.0,False,-0.14838709677419354,-0.00032695527986270623
bng_glass,f1,harmonic,laplacian,0.5158484429121017,1.0,False,0.13978494623655913,0.00035918195612066883
bng_glass,f1,harmonic,logarithmic,0.5698575973510742,1.0,False,0.12258064516129032,0.00025345971380508203
bng_glass,f1,harmonic,lorentzian,0.12413446232676506,1.0,False,-0.3247311827956989,-0.0003574443938494376
bng_glass,f1,harmonic,multiquadratic,6.146728992462158e-08,1.1924654245376587e-05,True,0.9612903225806452,0.005338875821351119
bng_glass,f1,harmonic,quartic_spline,0.1459994912147522,1.0,False,0.30752688172043013,0.0009155889999857836
bng_glass,f1,harmonic,radial,0.02084985189139843,1.0,False,0.47956989247311826,0.0015423053895172734
bng_glass,f1,harmonic,rational_quadratic,0.0050126127898693085,0.6967531777918339,False,-0.5741935483870968,-0.00149542890712695
bng_glass,f1,harmonic,rbf_gaussian,0.3492113798856735,1.0,False,0.2,0.00056364281660648
bng_glass,f1,harmonic,shepard,0.06989291124045849,1.0,False,-0.38064516129032255,-0.0011002917472782148
bng_glass,f1,harmonic,sigmoidal,0.761065473780036,1.0,False,-0.06666666666666667,-2.4584763329060788e-05
bng_glass,f1,harmonic,softmax_radial,0.5158484429121017,1.0,False,0.13978494623655913,0.00035918195612066883
bng_glass,f1,harmonic,student_t,0.4898460879921913,1.0,False,-0.14838709677419354,-0.00032695527986270623
bng_glass,f1,harmonic,wendland_c2,0.03272089920938015,1.0,False,0.44516129032258067,0.0013298394707447203
bng_glass,f1,inverse_multiquadratic,laplacian,0.10039735585451126,1.0,False,0.34623655913978496,0.0006861372359833751
bng_glass,f1,inverse_multiquadratic,logarithmic,1.6838312149047852e-06,0.0003081411123275757,True,0.8924731182795699,0.0005804149936677883
bng_glass,f1,inverse_multiquadratic,lorentzian,0.8078304156661034,1.0,False,-0.053763440860215055,-3.0489113986731375e-05
bng_glass,f1,inverse_multiquadratic,multiquadratic,9.313225746154785e-09,1.9371509552001953e-06,True,0.9870967741935484,0.005665831101213825
bng_glass,f1,inverse_multiquadratic,quartic_spline,0.008705463260412216,1.0,False,0.5397849462365591,0.0012425442798484898
bng_glass,f1,inverse_multiquadratic,radial,0.00016989745199680328,0.02854277193546295,True,0.7419354838709677,0.0018692606693799796
bng_glass,f1,inverse_multiquadratic,rational_quadratic,0.0061949919909238815,0.8239339347928762,False,-0.5612903225806452,-0.0011684736272642438
bng_glass,f1,inverse_multiquadratic,rbf_gaussian,6.286613643169403e-05,0.010938707739114761,True,0.7806451612903226,0.0008905980964691862
bng_glass,f1,inverse_multiquadratic,shepard,0.10483990423381329,1.0,False,-0.3419354838709677,-0.0007733364674155085
bng_glass,f1,inverse_multiquadratic,sigmoidal,0.5027610473334789,1.0,False,0.14408602150537633,0.00030237051653364544
bng_glass,f1,inverse_multiquadratic,softmax_radial,0.10039735585451126,1.0,False,0.34623655913978496,0.0006861372359833751
bng_glass,f1,inverse_multiquadratic,student_t,1.0,1.0,False,0.0,0.0
bng_glass,f1,inverse_multiquadratic,wendland_c2,0.00031275488436222076,0.05035353638231754,False,0.7161290322580646,0.0016567947506074265
bng_glass,f1,laplacian,logarithmic,0.7000329215079546,1.0,False,-0.08387096774193549,-0.0001057222423155868
bng_glass,f1,laplacian,lorentzian,0.0803273618221283,1.0,False,-0.36774193548387096,-0.0007166263499701064
bng_glass,f1,laplacian,multiquadratic,8.009374141693115e-08,1.529790461063385e-05,True,0.956989247311828,0.00497969386523045
bng_glass,f1,laplacian,quartic_spline,0.31839608028531075,1.0,False,0.2129032258064516,0.0005564070438651147
bng_glass,f1,laplacian,radial,0.07324407435953617,1.0,False,0.3763440860215054,0.0011831234333966045
bng_glass,f1,laplacian,rational_quadratic,5.144625902175903e-06,0.0009260326623916626,True,-0.8623655913978494,-0.0018546108632476188
bng_glass,f1,laplacian,rbf_gaussian,0.7151329666376114,1.0,False,0.07956989247311828,0.00020446086048581114
bng_glass,f1,laplacian,shepard,0.0014574769884347916,0.22007902525365353,False,-0.6430107526881721,-0.0014594737033988836
bng_glass,f1,laplacian,sigmoidal,0.3284698575735092,1.0,False,-0.2086021505376344,-0.0003837667194497296
bng_glass,f1,laplacian,softmax_radial,1.0,1.0,False,0.0,0.0
bng_glass,f1,laplacian,student_t,0.10039735585451126,1.0,False,-0.34623655913978496,-0.0006861372359833751
bng_glass,f1,laplacian,wendland_c2,0.09194962680339813,1.0,False,0.3548387096774194,0.0009706575146240515
bng_glass,f1,logarithmic,lorentzian,0.11907656863331795,1.0,False,-0.32903225806451614,-0.0006109041076545196
bng_glass,f1,logarithmic,multiquadratic,9.313225746154785e-09,1.9371509552001953e-06,True,0.9870967741935484,0.005085416107546037
bng_glass,f1,logarithmic,quartic_spline,0.15188691951334476,1.0,False,0.3032258064516129,0.0006621292861807015
bng_glass,f1,logarithmic,radial,0.026228994131088257,1.0,False,0.46236559139784944,0.0012888456757121913
bng_glass,f1,logarithmic,rational_quadratic,0.00020912662148475647,0.03450589254498482,True,-0.7333333333333333,-0.001748888620932032
bng_glass,f1,logarithmic,rbf_gaussian,0.03841841779649258,1.0,False,0.432258064516129,0.00031018310280139794
bng_glass,f1,logarithmic,shepard,0.00993151031434536,1.0,False,-0.5311827956989247,-0.0013537514610832968
bng_glass,f1,logarithmic,sigmoidal,0.4898460879921913,1.0,False,-0.14838709677419354,-0.0002780444771341428
bng_glass,f1,logarithmic,softmax_radial,0.7000329215079546,1.0,False,0.08387096774193549,0.0001057222423155868
bng_glass,f1,logarithmic,student_t,1.6838312149047852e-06,0.0003081411123275757,True,-0.8924731182795699,-0.0005804149936677883
bng_glass,f1,logarithmic,wendland_c2,0.036434996873140335,1.0,False,0.43655913978494626,0.0010763797569396383
bng_glass,f1,lorentzian,multiquadratic,1.862645149230957e-08,3.818422555923462e-06,True,0.978494623655914,0.0056963202152005565
bng_glass,f1,lorentzian,quartic_spline,0.00993151031434536,1.0,False,0.5311827956989247,0.0012730333938352212
bng_glass,f1,lorentzian,radial,0.0021877754479646683,0.3237907662987709,False,0.621505376344086,0.001899749783366711
bng_glass,f1,lorentzian,rational_quadratic,0.011303061619400978,1.0,False,-0.5225806451612903,-0.0011379845132775124
bng_glass,f1,lorentzian,rbf_gaussian,0.0426517054438591,1.0,False,0.4236559139784946,0.0009210872104559176
bng_glass,f1,lorentzian,shepard,0.140283040702343,1.0,False,-0.3118279569892473,-0.0007428473534287772
bng_glass,f1,lorentzian,sigmoidal,0.12413446232676506,1.0,False,0.3247311827956989,0.0003328596305203768
bng_glass,f1,lorentzian,softmax_radial,0.0803273618221283,1.0,False,0.36774193548387096,0.0007166263499701064
bng_glass,f1,lorentzian,student_t,0.8078304156661034,1.0,False,0.053763440860215055,3.0489113986731375e-05
bng_glass,f1,lorentzian,wendland_c2,0.0023674946278333664,0.34802171029150486,False,0.6172043010752688,0.001687283864594158
bng_glass,f1,multiquadratic,quartic_spline,6.146728992462158e-08,1.1924654245376587e-05,True,-0.9612903225806452,-0.004423286821365335
bng_glass,f1,multiquadratic,radial,2.0489096641540527e-07,3.810971975326538e-05,True,-0.9397849462365592,-0.0037965704318338456
bng_glass,f1,multiquadratic,rational_quadratic,5.587935447692871e-09,1.16787850856781e-06,True,-0.9913978494623656,-0.006834304728478069
bng_glass,f1,multiquadratic,rbf_gaussian,1.862645149230957e-08,3.818422555923462e-06,True,-0.978494623655914,-0.004775233004744639
bng_glass,f1,multiquadratic,shepard,3.5390257835388184e-08,7.00727105140686e-06,True,-0.9698924731182795,-0.006439167568629334
bng_glass,f1,multiquadratic,sigmoidal,6.146728992462158e-08,1.1924654245376587e-05,True,-0.9612903225806452,-0.00536346058468018
bng_glass,f1,multiquadratic,softmax_radial,8.009374141693115e-08,1.529790461063385e-05,True,-0.956989247311828,-0.00497969386523045
bng_glass,f1,multiquadratic,student_t,9.313225746154785e-09,1.9371509552001953e-06,True,-0.9870967741935484,-0.005665831101213825
bng_glass,f1,multiquadratic,wendland_c2,1.30385160446167e-07,2.4512410163879395e-05,True,-0.9483870967741935,-0.004009036350606399
bng_glass,f1,quartic_spline,radial,0.002560090273618698,0.3712130896747112,False,0.6129032258064516,0.0006267163895314898
bng_glass,f1,quartic_spline,rational_quadratic,1.0609626770019531e-05,0.001877903938293457,True,-0.8408602150537634,-0.0024110179071127336
bng_glass,f1,quartic_spline,rbf_gaussian,0.685047073289752,1.0,False,-0.08817204301075268,-0.0003519461833793036
bng_glass,f1,quartic_spline,shepard,0.0014574769884347916,0.22007902525365353,False,-0.6430107526881721,-0.0020158807472639984
bng_glass,f1,quartic_spline,sigmoidal,0.08406547829508781,1.0,False,-0.3634408602150538,-0.0009401737633148444
bng_glass,f1,quartic_spline,softmax_radial,0.31839608028531075,1.0,False,-0.2129032258064516,-0.0005564070438651147
bng_glass,f1,quartic_spline,student_t,0.008705463260412216,1.0,False,-0.5397849462365591,-0.0012425442798484898
bng_glass,f1,quartic_spline,wendland_c2,0.011303061619400978,1.0,False,0.5225806451612903,0.00041425047075893673
bng_glass,f1,radial,rational_quadratic,1.1920928955078125e-06,0.0002205371856689453,True,-0.9010752688172043,-0.0030377342966442233
bng_glass,f1,radial,rbf_gaussian,0.13473508320748806,1.0,False,-0.3161290322580645,-0.0009786625729107934
bng_glass,f1,radial,shepard,0.00012333691120147705,0.021213948726654053,True,-0.7548387096774194,-0.002642597136795488
bng_glass,f1,radial,sigmoidal,0.011303061619400978,1.0,False,-0.5225806451612903,-0.0015668901528463341
bng_glass,f1,radial,softmax_radial,0.07324407435953617,1.0,False,-0.3763440860215054,-0.0011831234333966045
bng_glass,f1,radial,student_t,0.00016989745199680328,0.02854277193546295,True,-0.7419354838709677,-0.0018692606693799796
bng_glass,f1,radial,wendland_c2,0.07324407435953617,1.0,False,-0.3763440860215054,-0.00021246591877255305
bng_glass,f1,rational_quadratic,rbf_gaussian,0.00020912662148475647,0.03450589254498482,True,0.7333333333333333,0.00205907172373343
bng_glass,f1,rational_quadratic,shepard,0.08793856762349606,1.0,False,0.35913978494623655,0.0003951371598487352
bng_glass,f1,rational_quadratic,sigmoidal,0.0032229889184236526,0.464110404253006,False,0.6,0.0014708441437978892
bng_glass,f1,rational_quadratic,softmax_radial,5.144625902175903e-06,0.0009260326623916626,True,0.8623655913978494,0.0018546108632476188
bng_glass,f1,rational_quadratic,student_t,0.0061949919909238815,0.8239339347928762,False,0.5612903225806452,0.0011684736272642438
bng_glass,f1,rational_quadratic,wendland_c2,1.1920928955078125e-06,0.0002205371856689453,True,0.9010752688172043,0.0028252683778716703
bng_glass,f1,rbf_gaussian,shepard,0.00993151031434536,1.0,False,-0.5311827956989247,-0.0016639345638846947
bng_glass,f1,rbf_gaussian,sigmoidal,0.20540969260036945,1.0,False,-0.26881720430107525,-0.0005882275799355408
bng_glass,f1,rbf_gaussian,softmax_radial,0.7151329666376114,1.0,False,-0.07956989247311828,-0.00020446086048581114
bng_glass,f1,rbf_gaussian,student_t,6.286613643169403e-05,0.010938707739114761,True,-0.7806451612903226,-0.0008905980964691862
bng_glass,f1,rbf_gaussian,wendland_c2,0.21293285302817822,1.0,False,0.2645161290322581,0.0007661966541382403
bng_glass,f1,shepard,sigmoidal,0.06666470877826214,1.0,False,0.3849462365591398,0.001075706983949154
bng_glass,f1,shepard,softmax_radial,0.0014574769884347916,0.22007902525365353,False,0.6430107526881721,0.0014594737033988836
bng_glass,f1,shepard,student_t,0.10483990423381329,1.0,False,0.3419354838709677,0.0007733364674155085
bng_glass,f1,shepard,wendland_c2,0.00031275488436222076,0.05035353638231754,False,0.7161290322580646,0.002430131218022935
bng_glass,f1,sigmoidal,softmax_radial,0.3284698575735092,1.0,False,0.2086021505376344,0.0003837667194497296
bng_glass,f1,sigmoidal,student_t,0.5027610473334789,1.0,False,-0.14408602150537633,-0.00030237051653364544
bng_glass,f1,sigmoidal,wendland_c2,0.018529480323195457,1.0,False,0.4881720430107527,0.001354424234073781
bng_glass,f1,softmax_radial,student_t,0.10039735585451126,1.0,False,-0.34623655913978496,-0.0006861372359833751
bng_glass,f1,softmax_radial,wendland_c2,0.09194962680339813,1.0,False,0.3548387096774194,0.0009706575146240515
bng_glass,f1,student_t,wendland_c2,0.00031275488436222076,0.05035353638231754,False,0.7161290322580646,0.0016567947506074265
fetal_health,f1,attention,cauchy,0.36056673509747184,1.0,False,-0.21333333333333335,0.004070663568641775
fetal_health,f1,attention,cosine,8.326023817062378e-07,0.00017484650015830994,True,0.9096774193548387,0.07108332750999397
fetal_health,f1,attention,cubic_spline,8.326023817062378e-07,0.00017484650015830994,True,0.9096774193548387,0.07265580527510745
fetal_health,f1,attention,entropic,0.06056523136794567,1.0,False,-0.3935483870967742,0.000801225565640995
fetal_health,f1,attention,gen_exponential,0.058573296793890506,1.0,False,0.49473684210526314,0.003015839739198667
fetal_health,f1,attention,harmonic,0.002852521233431342,0.28810464457656554,False,0.8011695906432749,0.005598388690966016
fetal_health,f1,attention,inverse_multiquadratic,0.8076239898901056,1.0,False,0.05928853754940711,0.008225118637430417
fetal_health,f1,attention,laplacian,0.023410143330693245,1.0,False,-0.47096774193548385,-0.009625692433959554
fetal_health,f1,attention,logarithmic,0.23116721286114483,1.0,False,0.27384615384615385,0.010791380827600228
fetal_health,f1,attention,lorentzian,0.00016229894900734112,0.02142346126896903,True,-0.8985507246376812,-0.009899024795093359
fetal_health,f1,attention,multiquadratic,0.0011812268496292772,0.12898581102490425,False,0.7142857142857143,0.019356059129925662
fetal_health,f1,attention,quartic_spline,9.98377799987793e-07,0.00020267069339752197,True,0.9053763440860215,0.07393462106092091
fetal_health,f1,attention,radial,0.013663241639733315,1.0,False,-0.5096774193548387,-0.010871089725326188
fetal_health,f1,attention,rational_quadratic,0.004939931735104197,0.4347139926891693,False,-0.6190476190476191,-0.008999162144038564
fetal_health,f1,attention,rbf_gaussian,0.06056523136794567,1.0,False,-0.3935483870967742,0.000801225565640995
fetal_health,f1,attention,shepard,0.028811461269779036,1.0,False,-0.4729064039408867,-0.00311566100067856
fetal_health,f1,attention,sigmoidal,0.009301122277975082,0.7626920267939568,False,-0.535483870967742,-0.015188626760516744
fetal_health,f1,attention,softmax_radial,0.023410143330693245,1.0,False,-0.47096774193548385,-0.009625692433959554
fetal_health,f1,attention,student_t,0.9584199496651095,1.0,False,0.012987012987012988,0.007788602488659424
fetal_health,f1,attention,wendland_c2,8.326023817062378e-07,0.00017484650015830994,True,0.9096774193548387,0.07165188966561781
fetal_health,f1,cauchy,cosine,9.220093488693237e-06,0.0016042962670326233,True,0.8451612903225807,0.06701266394135219
fetal_health,f1,cauchy,cubic_spline,9.220093488693237e-06,0.0016042962670326233,True,0.8451612903225807,0.06858514170646568
fetal_health,f1,cauchy,entropic,0.026228994131088257,1.0,False,-0.46236559139784944,-0.0032694380030007797
fetal_health,f1,cauchy,gen_exponential,0.08766292505133104,1.0,False,0.3694581280788177,-0.0010548238294431078
fetal_health,f1,cauchy,harmonic,0.03419689190108084,1.0,False,0.458128078817734,0.0015277251223242416
fetal_health,f1,cauchy,inverse_multiquadratic,0.029898791101543674,1.0,False,0.5066666666666667,0.004154455068788643
fetal_health,f1,cauchy,laplacian,0.0038532995577025826,0.3699167575394479,False,-0.6043010752688172,-0.013696356002601329
fetal_health,f1,cauchy,logarithmic,0.00632800631023082,0.5389643032103777,False,0.6125356125356125,0.006720717258958453
fetal_health,f1,cauchy,lorentzian,0.0006067668456360628,0.07402555516759966,False,-0.8,-0.013969688363735133
fetal_health,f1,cauchy,multiquadratic,0.00045353124193926877,0.056237874000469326,False,0.7586206896551724,0.015285395561283888
fetal_health,f1,cauchy,quartic_spline,9.220093488693237e-06,0.0016042962670326233,True,0.8451612903225807,0.06986395749227914
fetal_health,f1,cauchy,radial,0.003475155681371689,0.3440404124557972,False,-0.5956989247311828,-0.014941753293967963
fetal_health,f1,cauchy,rational_quadratic,0.0010999079687827968,0.12648941641002165,False,-0.7321937321937322,-0.013069825712680339
fetal_health,f1,cauchy,rbf_gaussian,0.026228994131088257,1.0,False,-0.46236559139784944,-0.0032694380030007797
fetal_health,f1,cauchy,shepard,0.004675345803288133,0.41610577649264385,False,-0.6739130434782609,-0.007186324569320335
fetal_health,f1,cauchy,sigmoidal,0.004338232800364494,0.40779388323426247,False,-0.5827956989247312,-0.019259290329158518
fetal_health,f1,cauchy,softmax_radial,0.0038532995577025826,0.3699167575394479,False,-0.6043010752688172,-0.013696356002601329
fetal_health,f1,cauchy,student_t,0.04804479976978151,1.0,False,0.47101449275362317,0.0037179389200176494
fetal_health,f1,cauchy,wendland_c2,9.220093488693237e-06,0.0016042962670326233,True,0.8451612903225807,0.06758122609697603
fetal_health,f1,cosine,cubic_spline,0.11176874513967605,1.0,False,0.4666666666666667,0.0015724777651134891
fetal_health,f1,cosine,entropic,9.90256667137146e-05,0.014259696006774902,True,-0.7634408602150538,-0.07028210194435297
fetal_health,f1,cosine,gen_exponential,1.991167664527893e-06,0.00039425119757652283,True,-0.8881720430107527,-0.0680674877707953
fetal_health,f1,cosine,harmonic,1.991167664527893e-06,0.00039425119757652283,True,-0.8881720430107527,-0.06548493881902795
fetal_health,f1,cosine,inverse_multiquadratic,9.220093488693237e-06,0.0016042962670326233,True,-0.8451612903225807,-0.06285820887256355
fetal_health,f1,cosine,laplacian,5.973502993583679e-06,0.0011050980538129807,True,-0.8580645161290322,-0.08070901994395352
fetal_health,f1,cosine,logarithmic,9.220093488693237e-06,0.0016042962670326233,True,-0.8451612903225807,-0.06029194668239374
fetal_health,f1,cosine,lorentzian,8.326023817062378e-07,0.00017484650015830994,True,-0.9096774193548387,-0.08098235230508732
fetal_health,f1,cosine,multiquadratic,0.00011058151721954346,0.015149667859077454,True,-0.7591397849462366,-0.0517272683800683
fetal_health,f1,cosine,quartic_spline,0.04004379807224231,1.0,False,0.5238095238095238,0.0028512935509269477
fetal_health,f1,cosine,radial,5.973502993583679e-06,0.0011050980538129807,True,-0.8580645161290322,-0.08195441723532015
fetal_health,f1,cosine,rational_quadratic,2.7623027563095093e-06,0.0005248375236988068,True,-0.8795698924731182,-0.08008248965403253
fetal_health,f1,cosine,rbf_gaussian,9.90256667137146e-05,0.014259696006774902,True,-0.7634408602150538,-0.07028210194435297
fetal_health,f1,cosine,shepard,9.220093488693237e-06,0.0016042962670326233,True,-0.8451612903225807,-0.07419898851067253
fetal_health,f1,cosine,sigmoidal,2.348795533180237e-06,0.0004603639245033264,True,-0.8838709677419355,-0.08627195427051071
fetal_health,f1,cosine,softmax_radial,5.973502993583679e-06,0.0011050980538129807,True,-0.8580645161290322,-0.08070901994395352
fetal_health,f1,cosine,student_t,9.220093488693237e-06,0.0016042962670326233,True,-0.8451612903225807,-0.06329472502133454
fetal_health,f1,cosine,wendland_c2,0.550923682773407,1.0,False,0.18095238095238095,0.0005685621556238418
fetal_health,f1,cubic_spline,entropic,9.90256667137146e-05,0.014259696006774902,True,-0.7634408602150538,-0.07185457970946646
fetal_health,f1,cubic_spline,gen_exponential,1.6838312149047852e-06,0.0003384500741958618,True,-0.8924731182795699,-0.06963996553590879
fetal_health,f1,cubic_spline,harmonic,2.348795533180237e-06,0.0004603639245033264,True,-0.8838709677419355,-0.06705741658414144
fetal_health,f1,cubic_spline,inverse_multiquadratic,9.220093488693237e-06,0.0016042962670326233,True,-0.8451612903225807,-0.06443068663767704
fetal_health,f1,cubic_spline,laplacian,5.973502993583679e-06,0.0011050980538129807,True,-0.8580645161290322,-0.08228149770906701
fetal_health,f1,cubic_spline,logarithmic,9.220093488693237e-06,0.0016042962670326233,True,-0.8451612903225807,-0.06186442444750723
fetal_health,f1,cubic_spline,lorentzian,8.326023817062378e-07,0.00017484650015830994,True,-0.9096774193548387,-0.08255483007020081
fetal_health,f1,cubic_spline,multiquadratic,9.90256667137146e-05,0.014259696006774902,True,-0.7634408602150538,-0.05329974614518179
fetal_health,f1,cubic_spline,quartic_spline,0.21352435403618242,1.0,False,0.4666666666666667,0.0012788157858134586
fetal_health,f1,cubic_spline,radial,5.973502993583679e-06,0.0011050980538129807,True,-0.8580645161290322,-0.08352689500043364
fetal_health,f1,cubic_spline,rational_quadratic,2.7623027563095093e-06,0.0005248375236988068,True,-0.8795698924731182,-0.08165496741914602
fetal_health,f1,cubic_spline,rbf_gaussian,9.90256667137146e-05,0.014259696006774902,True,-0.7634408602150538,-0.07185457970946646
fetal_health,f1,cubic_spline,shepard,9.220093488693237e-06,0.0016042962670326233,True,-0.8451612903225807,-0.07577146627578601
fetal_health,f1,cubic_spline,sigmoidal,2.348795533180237e-06,0.0004603639245033264,True,-0.8838709677419355,-0.0878444320356242
fetal_health,f1,cubic_spline,softmax_radial,5.973502993583679e-06,0.0011050980538129807,True,-0.8580645161290322,-0.08228149770906701
fetal_health,f1,cubic_spline,student_t,9.220093488693237e-06,0.0016042962670326233,True,-0.8451612903225807,-0.06486720278644803
fetal_health,f1,cubic_spline,wendland_c2,0.07961580146011343,1.0,False,-0.8666666666666667,-0.0010039156094896473
fetal_health,f1,entropic,gen_exponential,0.10110033021878644,1.0,False,0.35467980295566504,0.002214614173557672
fetal_health,f1,entropic,harmonic,0.03841841779649258,1.0,False,0.432258064516129,0.004797163125325021
fetal_health,f1,entropic,inverse_multiquadratic,0.004338232800364494,0.40779388323426247,False,0.5827956989247312,0.0074238930717894225
fetal_health,f1,entropic,laplacian,0.1887500729032935,1.0,False,-0.30666666666666664,-0.010426917999600549
fetal_health,f1,entropic,logarithmic,0.0061949919909238815,0.5389643032103777,False,0.5612903225806452,0.009990155261959233
fetal_health,f1,entropic,lorentzian,0.4399667661637068,1.0,False,0.16559139784946236,-0.010700250360734354
fetal_health,f1,entropic,multiquadratic,0.0011314544826745987,0.12898581102490425,False,0.6559139784946236,0.018554833564284667
fetal_health,f1,entropic,quartic_spline,8.856505155563354e-05,0.013019062578678131,True,0.7677419354838709,0.07313339549527992
fetal_health,f1,entropic,radial,0.18081236677854295,1.0,False,-0.3188405797101449,-0.011672315290967183
fetal_health,f1,entropic,rational_quadratic,1.0,1.0,False,0.002150537634408602,-0.009800387709679559
fetal_health,f1,entropic,rbf_gaussian,1.0,1.0,False,0.0,0.0
fetal_health,f1,entropic,shepard,0.20588664640290355,1.0,False,0.2689655172413793,-0.003916886566319555
fetal_health,f1,entropic,sigmoidal,0.18357532003674315,1.0,False,-0.2827586206896552,-0.01598985232615774
fetal_health,f1,entropic,softmax_radial,0.1887500729032935,1.0,False,-0.30666666666666664,-0.010426917999600549
fetal_health,f1,entropic,student_t,0.004338232800364494,0.40779388323426247,False,0.5827956989247312,0.006987376923018429
fetal_health,f1,entropic,wendland_c2,9.90256667137146e-05,0.014259696006774902,True,0.7634408602150538,0.07085066409997681
fetal_health,f1,gen_exponential,harmonic,0.11192770811902444,1.0,False,0.4269005847953216,0.0025825489517673494
fetal_health,f1,gen_exponential,inverse_multiquadratic,0.3313349065031326,1.0,False,-0.22666666666666666,0.005209278898231751
fetal_health,f1,gen_exponential,laplacian,0.016877583744026235,1.0,False,-0.5080459770114942,-0.01264153217315822
fetal_health,f1,gen_exponential,logarithmic,0.8400716444402775,1.0,False,-0.046153846153846156,0.007775541088401561
fetal_health,f1,gen_exponential,lorentzian,0.00011890609974290849,0.016171229565035555,True,-0.8325123152709359,-0.012914864534292025
fetal_health,f1,gen_exponential,multiquadratic,0.01012799054939065,0.8001112534018613,False,0.6,0.016340219390726995
fetal_health,f1,gen_exponential,quartic_spline,1.1920928955078125e-06,0.00024080276489257812,True,0.9010752688172043,0.07091878132172225
fetal_health,f1,gen_exponential,radial,0.008705463260412216,0.7225534506142139,False,-0.5397849462365591,-0.013886929464524855
fetal_health,f1,gen_exponential,rational_quadratic,0.0036337564975753973,0.35610813676238895,False,-0.6183908045977011,-0.01201500188323723
fetal_health,f1,gen_exponential,rbf_gaussian,0.10110033021878644,1.0,False,-0.35467980295566504,-0.002214614173557672
fetal_health,f1,gen_exponential,shepard,0.013920291390102778,1.0,False,-0.5320197044334976,-0.006131500739877227
fetal_health,f1,gen_exponential,sigmoidal,0.0037444327026605606,0.3632099721580744,False,-0.5913978494623656,-0.01820446649971541
fetal_health,f1,gen_exponential,softmax_radial,0.016877583744026235,1.0,False,-0.5080459770114942,-0.01264153217315822
fetal_health,f1,gen_exponential,student_t,0.2641496340638618,1.0,False,-0.2553846153846154,0.004772762749460757
fetal_health,f1,gen_exponential,wendland_c2,1.6838312149047852e-06,0.0003384500741958618,True,0.8924731182795699,0.06863604992641914
fetal_health,f1,harmonic,inverse_multiquadratic,0.1353498838175801,1.0,False,-0.3415384615384615,0.002626729946464401
fetal_health,f1,harmonic,laplacian,0.009301122277975082,0.7626920267939568,False,-0.535483870967742,-0.01522408112492557
fetal_health,f1,harmonic,logarithmic,0.5097549306564958,1.0,False,-0.15076923076923077,0.005192992136634211
fetal_health,f1,harmonic,lorentzian,4.902548445975014e-05,0.007353822668962521,True,-0.8941798941798942,-0.015497413486059375
fetal_health,f1,harmonic,multiquadratic,0.06556979415629481,1.0,False,0.4131054131054131,0.013757670438959646
fetal_health,f1,harmonic,quartic_spline,2.348795533180237e-06,0.0004603639245033264,True,0.8838709677419355,0.0683362323699549
fetal_health,f1,harmonic,radial,0.00665340320299728,0.5588858690517715,False,-0.5770114942528736,-0.016469478416292205
fetal_health,f1,harmonic,rational_quadratic,0.0031259317412509913,0.3125931741250991,False,-0.6507936507936508,-0.01459755083500458
fetal_health,f1,harmonic,rbf_gaussian,0.03841841779649258,1.0,False,-0.432258064516129,-0.004797163125325021
fetal_health,f1,harmonic,shepard,0.012250105740979877,0.9555082477964304,False,-0.541871921182266,-0.008714049691644576
fetal_health,f1,harmonic,sigmoidal,0.0021877754479646683,0.22534087114036083,False,-0.621505376344086,-0.02078701545148276
fetal_health,f1,harmonic,softmax_radial,0.009301122277975082,0.7626920267939568,False,-0.535483870967742,-0.01522408112492557
fetal_health,f1,harmonic,student_t,0.10138633324386155,1.0,False,-0.36752136752136755,0.0021902137976934077
fetal_health,f1,harmonic,wendland_c2,2.348795533180237e-06,0.0004603639245033264,True,0.8838709677419355,0.06605350097465179
fetal_health,f1,inverse_multiquadratic,laplacian,0.0011314544826745987,0.12898581102490425,False,-0.6559139784946236,-0.01785081107138997
fetal_health,f1,inverse_multiquadratic,logarithmic,0.10894087157711467,1.0,False,0.45588235294117646,0.00256626219016981
fetal_health,f1,inverse_multiquadratic,lorentzian,0.0002037784595615102,0.026287421283434816,True,-0.8666666666666667,-0.018124143432523776
fetal_health,f1,inverse_multiquadratic,multiquadratic,0.00017437265613726082,0.022842817953981166,True,0.8584615384615385,0.011130940492495245
fetal_health,f1,inverse_multiquadratic,quartic_spline,9.220093488693237e-06,0.0016042962670326233,True,0.8451612903225807,0.0657095024234905
fetal_health,f1,inverse_multiquadratic,radial,0.0007296018302440643,0.08682261779904366,False,-0.6774193548387096,-0.019096208362756606
fetal_health,f1,inverse_multiquadratic,rational_quadratic,0.000283263623714447,0.03597448021173477,True,-0.7204301075268817,-0.01722428078146898
fetal_health,f1,inverse_multiquadratic,rbf_gaussian,0.004338232800364494,0.40779388323426247,False,-0.5827956989247312,-0.0074238930717894225
fetal_health,f1,inverse_multiquadratic,shepard,0.0005054883658885956,0.062175069004297256,False,-0.6946236559139785,-0.011340779638108978
fetal_health,f1,inverse_multiquadratic,sigmoidal,0.0020201820880174637,0.21009893715381622,False,-0.6258064516129033,-0.02341374539794716
fetal_health,f1,inverse_multiquadratic,softmax_radial,0.0011314544826745987,0.12898581102490425,False,-0.6559139784946236,-0.01785081107138997
fetal_health,f1,inverse_multiquadratic,student_t,0.31731050786291415,1.0,False,-1.0,-0.00043651614877099343
fetal_health,f1,inverse_multiquadratic,wendland_c2,9.220093488693237e-06,0.0016042962670326233,True,0.8451612903225807,0.06342677102818739
fetal_health,f1,laplacian,logarithmic,0.0006665531545877457,0.08065293170511723,False,0.6817204301075269,0.02041707326155978
fetal_health,f1,laplacian,lorentzian,0.15794767439365387,1.0,False,0.2989247311827957,-0.00027333236113380455
fetal_health,f1,laplacian,multiquadratic,3.049522638320923e-05,0.004635274410247803,True,0.8064516129032258,0.028981751563885216
fetal_health,f1,laplacian,quartic_spline,5.973502993583679e-06,0.0011050980538129807,True,0.8580645161290322,0.08356031349488047
fetal_health,f1,laplacian,radial,0.28597919066405664,1.0,False,-0.28654970760233917,-0.0012453972913666345
fetal_health,f1,laplacian,rational_quadratic,0.2548820588548997,1.0,False,0.24630541871921183,0.0006265302899209901
fetal_health,f1,laplacian,rbf_gaussian,0.1887500729032935,1.0,False,0.30666666666666664,0.010426917999600549
fetal_health,f1,laplacian,shepard,0.036920787021227815,1.0,False,0.4436781609195402,0.006510031433280994
fetal_health,f1,laplacian,sigmoidal,0.36126885882009796,1.0,False,-0.20105820105820105,-0.0055629343265571896
fetal_health,f1,laplacian,softmax_radial,1.0,1.0,False,0.0,0.0
fetal_health,f1,laplacian,student_t,0.001832067946719694,0.19419920235228755,False,0.6516129032258065,0.017414294922618978
fetal_health,f1,laplacian,wendland_c2,6.917864084243774e-06,0.001224461942911148,True,0.853763440860215,0.08127758209957736
fetal_health,f1,logarithmic,lorentzian,0.00015679291057707078,0.020853457106750413,True,-0.8177339901477833,-0.020690405622693586
fetal_health,f1,logarithmic,multiquadratic,0.0007353193273928831,0.08682261779904366,False,0.8043478260869565,0.008564678302325435
fetal_health,f1,logarithmic,quartic_spline,9.220093488693237e-06,0.0016042962670326233,True,0.8451612903225807,0.06314324023332069
fetal_health,f1,logarithmic,radial,0.0003800932317972183,0.04789174720644951,True,-0.7075268817204301,-0.021662470552926416
fetal_health,f1,logarithmic,rational_quadratic,0.0003800932317972183,0.04789174720644951,True,-0.7075268817204301,-0.01979054297163879
fetal_health,f1,logarithmic,rbf_gaussian,0.0061949919909238815,0.5389643032103777,False,-0.5612903225806452,-0.009990155261959233
fetal_health,f1,logarithmic,shepard,0.0012226530433656197,0.13204652868348693,False,-0.6995073891625616,-0.013907041828278788
fetal_health,f1,logarithmic,sigmoidal,0.0011314544826745987,0.12898581102490425,False,-0.6559139784946236,-0.02598000758811697
fetal_health,f1,logarithmic,softmax_radial,0.0006665531545877457,0.08065293170511723,False,-0.6817204301075269,-0.02041707326155978
fetal_health,f1,logarithmic,student_t,0.07586833499439012,1.0,False,-0.49019607843137253,-0.0030027783389408036
fetal_health,f1,logarithmic,wendland_c2,9.220093488693237e-06,0.0016042962670326233,True,0.8451612903225807,0.06086050883801758
fetal_health,f1,lorentzian,multiquadratic,1.108315564837729e-05,0.0017068059698501026,True,0.9507389162561576,0.02925508392501902
fetal_health,f1,lorentzian,quartic_spline,8.326023817062378e-07,0.00017484650015830994,True,0.9096774193548387,0.08383364585601427
fetal_health,f1,lorentzian,radial,0.10943205840885639,1.0,False,-0.33763440860215055,-0.0009720649302328299
fetal_health,f1,lorentzian,rational_quadratic,0.3672544095081207,1.0,False,-0.2022792022792023,0.0008998626510547947
fetal_health,f1,lorentzian,rbf_gaussian,0.4399667661637068,1.0,False,-0.16559139784946236,0.010700250360734354
fetal_health,f1,lorentzian,shepard,0.9425422239547909,1.0,False,0.015873015873015872,0.006783363794414798
fetal_health,f1,lorentzian,sigmoidal,0.12413446232676506,1.0,False,-0.3247311827956989,-0.005289601965423385
fetal_health,f1,lorentzian,softmax_radial,0.15794767439365387,1.0,False,-0.2989247311827957,0.00027333236113380455
fetal_health,f1,lorentzian,student_t,0.00022806209587862398,0.02919194827246387,True,0.86,0.017687627283752783
fetal_health,f1,lorentzian,wendland_c2,8.326023817062378e-07,0.00017484650015830994,True,0.9096774193548387,0.08155091446071117
fetal_health,f1,multiquadratic,quartic_spline,0.00012333691120147705,0.016650483012199402,True,0.7548387096774194,0.05457856193099525
fetal_health,f1,multiquadratic,radial,1.218356192111969e-05,0.0018640849739313126,True,-0.8365591397849462,-0.03022714885525185
fetal_health,f1,multiquadratic,rational_quadratic,5.0497288412004736e-05,0.007524095973388705,True,-0.8768472906403941,-0.028355221273964226
fetal_health,f1,multiquadratic,rbf_gaussian,0.0011314544826745987,0.12898581102490425,False,-0.6559139784946236,-0.018554833564284667
fetal_health,f1,multiquadratic,shepard,8.9774993822564e-05,0.013019062578678131,True,-0.8472906403940886,-0.022471720130604222
fetal_health,f1,multiquadratic,sigmoidal,7.910653948783875e-05,0.011707767844200134,True,-0.7720430107526882,-0.034544685890442406
fetal_health,f1,multiquadratic,softmax_radial,3.049522638320923e-05,0.004635274410247803,True,-0.8064516129032258,-0.028981751563885216
fetal_health,f1,multiquadratic,student_t,0.00017437265613726082,0.022842817953981166,True,-0.8584615384615385,-0.011567456641266238
fetal_health,f1,multiquadratic,wendland_c2,0.0001528710126876831,0.020484715700149536,True,0.7462365591397849,0.052295830535692145
fetal_health,f1,quartic_spline,radial,5.144625902175903e-06,0.000956900417804718,True,-0.8623655913978494,-0.0848057107862471
fetal_health,f1,quartic_spline,rational_quadratic,2.7623027563095093e-06,0.0005248375236988068,True,-0.8795698924731182,-0.08293378320495948
fetal_health,f1,quartic_spline,rbf_gaussian,8.856505155563354e-05,0.013019062578678131,True,-0.7677419354838709,-0.07313339549527992
fetal_health,f1,quartic_spline,shepard,9.220093488693237e-06,0.0016042962670326233,True,-0.8451612903225807,-0.07705028206159947
fetal_health,f1,quartic_spline,sigmoidal,1.6838312149047852e-06,0.0003384500741958618,True,-0.8924731182795699,-0.08912324782143766
fetal_health,f1,quartic_spline,softmax_radial,5.973502993583679e-06,0.0011050980538129807,True,-0.8580645161290322,-0.08356031349488047
fetal_health,f1,quartic_spline,student_t,9.220093488693237e-06,0.0016042962670326233,True,-0.8451612903225807,-0.06614601857226149
fetal_health,f1,quartic_spline,wendland_c2,0.032854219928643694,1.0,False,-0.7272727272727273,-0.002282731395303106
fetal_health,f1,radial,rational_quadratic,0.16972956854297983,1.0,False,0.29195402298850576,0.0018719275812876246
fetal_health,f1,radial,rbf_gaussian,0.18081236677854295,1.0,False,0.3188405797101449,0.011672315290967183
fetal_health,f1,radial,shepard,0.026665616912217905,1.0,False,0.47126436781609193,0.007755428724647628
fetal_health,f1,radial,sigmoidal,0.8376168070245121,1.0,False,-0.04433497536945813,-0.004317537035190555
fetal_health,f1,radial,softmax_radial,0.28597919066405664,1.0,False,0.28654970760233917,0.0012453972913666345
fetal_health,f1,radial,student_t,0.0008718203753232956,0.10113116353750229,False,0.6688172043010753,0.018659692213985613
fetal_health,f1,radial,wendland_c2,6.917864084243774e-06,0.001224461942911148,True,0.853763440860215,0.082522979390944
fetal_health,f1,rational_quadratic,rbf_gaussian,1.0,1.0,False,-0.002150537634408602,0.009800387709679559
fetal_health,f1,rational_quadratic,shepard,0.11176874513967605,1.0,False,0.4666666666666667,0.005883501143360004
fetal_health,f1,rational_quadratic,sigmoidal,0.11417667381465435,1.0,False,-0.3333333333333333,-0.00618946461647818
fetal_health,f1,rational_quadratic,softmax_radial,0.2548820588548997,1.0,False,-0.24630541871921183,-0.0006265302899209901
fetal_health,f1,rational_quadratic,student_t,0.0008354201527308503,0.09774415786950949,False,0.7103448275862069,0.016787764632697988
fetal_health,f1,rational_quadratic,wendland_c2,2.7623027563095093e-06,0.0005248375236988068,True,0.8795698924731182,0.08065105180965637
fetal_health,f1,rbf_gaussian,shepard,0.20588664640290355,1.0,False,0.2689655172413793,-0.003916886566319555
fetal_health,f1,rbf_gaussian,sigmoidal,0.18357532003674315,1.0,False,-0.2827586206896552,-0.01598985232615774
fetal_health,f1,rbf_gaussian,softmax_radial,0.1887500729032935,1.0,False,-0.30666666666666664,-0.010426917999600549
fetal_health,f1,rbf_gaussian,student_t,0.004338232800364494,0.40779388323426247,False,0.5827956989247312,0.006987376923018429
fetal_health,f1,rbf_gaussian,wendland_c2,9.90256667137146e-05,0.014259696006774902,True,0.7634408602150538,0.07085066409997681
fetal_health,f1,shepard,sigmoidal,0.044907208532094955,1.0,False,-0.41935483870967744,-0.012072965759838183
fetal_health,f1,shepard,softmax_radial,0.036920787021227815,1.0,False,-0.4436781609195402,-0.006510031433280994
fetal_health,f1,shepard,student_t,0.0013225305101141763,0.14151076458221687,False,0.6827586206896552,0.010904263489337984
fetal_health,f1,shepard,wendland_c2,9.220093488693237e-06,0.0016042962670326233,True,0.8451612903225807,0.07476755066629637
fetal_health,f1,sigmoidal,softmax_radial,0.36126885882009796,1.0,False,0.20105820105820105,0.0055629343265571896
fetal_health,f1,sigmoidal,student_t,0.0021877754479646683,0.22534087114036083,False,0.621505376344086,0.022977229249176168
fetal_health,f1,sigmoidal,wendland_c2,2.348795533180237e-06,0.0004603639245033264,True,0.8838709677419355,0.08684051642613455
fetal_health,f1,softmax_radial,student_t,0.001832067946719694,0.19419920235228755,False,0.6516129032258065,0.017414294922618978
fetal_health,f1,softmax_radial,wendland_c2,6.917864084243774e-06,0.001224461942911148,True,0.853763440860215,0.08127758209957736
fetal_health,f1,student_t,wendland_c2,9.220093488693237e-06,0.0016042962670326233,True,0.8451612903225807,0.06386328717695838
isolet,f1,attention,cauchy,0.23665234446525574,1.0,False,-0.25161290322580643,0.002637002748675621
isolet,f1,attention,cosine,5.718320608139038e-07,7.262267172336578e-05,True,0.9182795698924732,0.01263693370843244
isolet,f1,attention,cubic_spline,5.718320608139038e-07,7.262267172336578e-05,True,0.9182795698924732,0.01263693370843244
isolet,f1,attention,entropic,1.862645149230957e-09,3.91155481338501e-07,True,1.0,0.05523043002677819
isolet,f1,attention,gen_exponential,1.3966113328933716e-05,0.0012988485395908356,True,0.832258064516129,0.007704463650816007
isolet,f1,attention,harmonic,0.00017176692921197837,0.014943722841442119,True,0.812807881773399,0.0019270346745627887
isolet,f1,attention,inverse_multiquadratic,0.5027610473334789,1.0,False,0.14408602150537633,0.004684101028331167
isolet,f1,attention,laplacian,0.23665234446525574,1.0,False,-0.25161290322580643,-0.0009151144935822808
isolet,f1,attention,logarithmic,0.3817984350025654,1.0,False,0.1870967741935484,0.004999571604789588
isolet,f1,attention,lorentzian,3.1478703022003174e-07,4.0607526898384094e-05,True,-0.9311827956989247,-0.0052884723285571145
isolet,f1,attention,multiquadratic,2.0489096641540527e-07,2.684071660041809e-05,True,0.9397849462365592,0.013050103699968285
isolet,f1,attention,quartic_spline,5.718320608139038e-07,7.262267172336578e-05,True,0.9182795698924732,0.01263693370843244
isolet,f1,attention,radial,2.0489096641540527e-07,2.684071660041809e-05,True,0.9397849462365592,0.012841727463817176
isolet,f1,attention,rational_quadratic,0.006639536470174789,0.40501172468066216,False,-0.556989247311828,-0.0035328557113696313
isolet,f1,attention,rbf_gaussian,5.718320608139038e-07,7.262267172336578e-05,True,0.9182795698924732,0.01263693370843244
isolet,f1,attention,shepard,0.0803273618221283,1.0,False,-0.36774193548387096,-0.0019339122848189838
isolet,f1,attention,sigmoidal,1.0,1.0,False,-0.002150537634408602,-0.000290614567530989
isolet,f1,attention,softmax_radial,0.23665234446525574,1.0,False,-0.25161290322580643,-0.0009151144935822808
isolet,f1,attention,student_t,0.5978077705949545,1.0,False,0.11397849462365592,0.004615955550397066
isolet,f1,attention,wendland_c2,5.718320608139038e-07,7.262267172336578e-05,True,0.9182795698924732,0.01263693370843244
isolet,f1,cauchy,cosine,1.862645149230957e-09,3.91155481338501e-07,True,1.0,0.00999993095975682
isolet,f1,cauchy,cubic_spline,1.862645149230957e-09,3.91155481338501e-07,True,1.0,0.00999993095975682
isolet,f1,cauchy,entropic,1.862645149230957e-09,3.91155481338501e-07,True,1.0,0.05259342727810257
isolet,f1,cauchy,gen_exponential,0.0001528710126876831,0.013605520129203796,True,0.7462365591397849,0.005067460902140386
isolet,f1,cauchy,harmonic,0.11907656863331795,1.0,False,0.32903225806451614,-0.0007099680741128322
isolet,f1,cauchy,inverse_multiquadratic,0.0004027749294639787,0.03181921942765432,True,0.8092307692307692,0.002047098279655546
isolet,f1,cauchy,laplacian,0.0006665531545877457,0.04799182713031769,True,-0.6817204301075269,-0.0035521172422579017
isolet,f1,cauchy,logarithmic,7.224472548320885e-05,0.006646514744455214,True,0.9076923076923077,0.002362568856113967
isolet,f1,cauchy,lorentzian,0.0029870010912418365,0.19116806983947754,False,-0.6043010752688172,-0.007925475077232735
isolet,f1,cauchy,multiquadratic,1.862645149230957e-09,3.91155481338501e-07,True,1.0,0.010413100951292664
isolet,f1,cauchy,quartic_spline,1.862645149230957e-09,3.91155481338501e-07,True,1.0,0.00999993095975682
isolet,f1,cauchy,radial,1.862645149230957e-09,3.91155481338501e-07,True,1.0,0.010204724715141555
isolet,f1,cauchy,rational_quadratic,0.00013739429414272308,0.0125028807669878,True,-0.7505376344086021,-0.006169858460045252
isolet,f1,cauchy,rbf_gaussian,1.862645149230957e-09,3.91155481338501e-07,True,1.0,0.00999993095975682
isolet,f1,cauchy,shepard,3.1478703022003174e-07,4.0607526898384094e-05,True,-0.9311827956989247,-0.004570915033494605
isolet,f1,cauchy,sigmoidal,0.5698575973510742,1.0,False,-0.12258064516129032,-0.00292761731620661
isolet,f1,cauchy,softmax_radial,0.0006665531545877457,0.04799182713031769,True,-0.6817204301075269,-0.0035521172422579017
isolet,f1,cauchy,student_t,0.0006067668456360628,0.044293979731432585,True,0.8,0.0019789528017214453
isolet,f1,cauchy,wendland_c2,1.862645149230957e-09,3.91155481338501e-07,True,1.0,0.00999993095975682
isolet,f1,cosine,cubic_spline,1.0,1.0,False,0.0,0.0
isolet,f1,cosine,entropic,1.862645149230957e-09,3.91155481338501e-07,True,1.0,0.04259349631834575
isolet,f1,cosine,gen_exponential,0.0003449581563472748,0.029321443289518356,True,-0.7118279569892473,-0.004932470057616434
isolet,f1,cosine,harmonic,7.994472980499268e-06,0.0008234307169914246,True,-0.8494623655913979,-0.010709899033869652
isolet,f1,cosine,inverse_multiquadratic,1.862645149230957e-08,2.775341272354126e-06,True,-0.978494623655914,-0.007952832680101274
isolet,f1,cosine,laplacian,6.910413503646851e-07,8.430704474449158e-05,True,-0.9139784946236559,-0.013552048202014721
isolet,f1,cosine,logarithmic,1.862645149230957e-08,2.775341272354126e-06,True,-0.978494623655914,-0.007637362103642853
isolet,f1,cosine,lorentzian,1.862645149230957e-09,3.91155481338501e-07,True,-1.0,-0.017925406036989555
isolet,f1,cosine,multiquadratic,0.5235489109355372,1.0,False,0.135632183908046,0.00041316999153584444
isolet,f1,cosine,quartic_spline,1.0,1.0,False,0.0,0.0
isolet,f1,cosine,radial,0.9838335812091827,1.0,False,0.0064516129032258064,0.00020479375538473565
isolet,f1,cosine,rational_quadratic,1.862645149230957e-09,3.91155481338501e-07,True,-1.0,-0.016169789419802072
isolet,f1,cosine,rbf_gaussian,1.0,1.0,False,0.0,0.0
isolet,f1,cosine,shepard,1.862645149230957e-09,3.91155481338501e-07,True,-1.0,-0.014570845993251424
isolet,f1,cosine,sigmoidal,0.0004183966666460037,0.03263493999838829,True,-0.7032258064516129,-0.01292754827596343
isolet,f1,cosine,softmax_radial,6.910413503646851e-07,8.430704474449158e-05,True,-0.9139784946236559,-0.013552048202014721
isolet,f1,cosine,student_t,5.587935447692871e-09,8.605420589447021e-07,True,-0.9913978494623656,-0.008020978158035375
isolet,f1,cosine,wendland_c2,1.0,1.0,False,0.0,0.0
isolet,f1,cubic_spline,entropic,1.862645149230957e-09,3.91155481338501e-07,True,1.0,0.04259349631834575
isolet,f1,cubic_spline,gen_exponential,0.0003449581563472748,0.029321443289518356,True,-0.7118279569892473,-0.004932470057616434
isolet,f1,cubic_spline,harmonic,7.994472980499268e-06,0.0008234307169914246,True,-0.8494623655913979,-0.010709899033869652
isolet,f1,cubic_spline,inverse_multiquadratic,1.862645149230957e-08,2.775341272354126e-06,True,-0.978494623655914,-0.007952832680101274
isolet,f1,cubic_spline,laplacian,6.910413503646851e-07,8.430704474449158e-05,True,-0.9139784946236559,-0.013552048202014721
isolet,f1,cubic_spline,logarithmic,1.862645149230957e-08,2.775341272354126e-06,True,-0.978494623655914,-0.007637362103642853
isolet,f1,cubic_spline,lorentzian,1.862645149230957e-09,3.91155481338501e-07,True,-1.0,-0.017925406036989555
isolet,f1,cubic_spline,multiquadratic,0.5235489109355372,1.0,False,0.135632183908046,0.00041316999153584444
isolet,f1,cubic_spline,quartic_spline,1.0,1.0,False,0.0,0.0
isolet,f1,cubic_spline,radial,0.9838335812091827,1.0,False,0.0064516129032258064,0.00020479375538473565
isolet,f1,cubic_spline,rational_quadratic,1.862645149230957e-09,3.91155481338501e-07,True,-1.0,-0.016169789419802072
isolet,f1,cubic_spline,rbf_gaussian,1.0,1.0,False,0.0,0.0
isolet,f1,cubic_spline,shepard,1.862645149230957e-09,3.91155481338501e-07,True,-1.0,-0.014570845993251424
isolet,f1,cubic_spline,sigmoidal,0.0004183966666460037,0.03263493999838829,True,-0.7032258064516129,-0.01292754827596343
isolet,f1,cubic_spline,softmax_radial,6.910413503646851e-07,8.430704474449158e-05,True,-0.9139784946236559,-0.013552048202014721
isolet,f1,cubic_spline,student_t,5.587935447692871e-09,8.605420589447021e-07,True,-0.9913978494623656,-0.008020978158035375
isolet,f1,cubic_spline,wendland_c2,1.0,1.0,False,0.0,0.0
isolet,f1,entropic,gen_exponential,1.862645149230957e-09,3.91155481338501e-07,True,-1.0,-0.04752596637596218
isolet,f1,entropic,harmonic,1.862645149230957e-09,3.91155481338501e-07,True,-1.0,-0.0533033953522154
isolet,f1,entropic,inverse_multiquadratic,1.862645149230957e-09,3.91155481338501e-07,True,-1.0,-0.05054632899844702
isolet,f1,entropic,laplacian,1.862645149230957e-09,3.91155481338501e-07,True,-1.0,-0.05614554452036047
isolet,f1,entropic,logarithmic,1.862645149230957e-09,3.91155481338501e-07,True,-1.0,-0.0502308584219886
isolet,f1,entropic,lorentzian,1.862645149230957e-09,3.91155481338501e-07,True,-1.0,-0.0605189023553353
isolet,f1,entropic,multiquadratic,1.862645149230957e-09,3.91155481338501e-07,True,-1.0,-0.0421803263268099
isolet,f1,entropic,quartic_spline,1.862645149230957e-09,3.91155481338501e-07,True,-1.0,-0.04259349631834575
isolet,f1,entropic,radial,1.862645149230957e-09,3.91155481338501e-07,True,-1.0,-0.04238870256296101
isolet,f1,entropic,rational_quadratic,1.862645149230957e-09,3.91155481338501e-07,True,-1.0,-0.05876328573814782
isolet,f1,entropic,rbf_gaussian,1.862645149230957e-09,3.91155481338501e-07,True,-1.0,-0.04259349631834575
isolet,f1,entropic,shepard,1.862645149230957e-09,3.91155481338501e-07,True,-1.0,-0.05716434231159717
isolet,f1,entropic,sigmoidal,1.862645149230957e-09,3.91155481338501e-07,True,-1.0,-0.05552104459430918
isolet,f1,entropic,softmax_radial,1.862645149230957e-09,3.91155481338501e-07,True,-1.0,-0.05614554452036047
isolet,f1,entropic,student_t,1.862645149230957e-09,3.91155481338501e-07,True,-1.0,-0.05061447447638112
isolet,f1,entropic,wendland_c2,1.862645149230957e-09,3.91155481338501e-07,True,-1.0,-0.04259349631834575
isolet,f1,gen_exponential,harmonic,0.0037444327026605606,0.23589926026761532,False,-0.5913978494623656,-0.005777428976253218
isolet,f1,gen_exponential,inverse_multiquadratic,0.0006665531545877457,0.04799182713031769,True,-0.6817204301075269,-0.00302036262248484
isolet,f1,gen_exponential,laplacian,0.001718590036034584,0.11342694237828255,False,-0.6344086021505376,-0.008619578144398288
isolet,f1,gen_exponential,logarithmic,0.0006665531545877457,0.04799182713031769,True,-0.6817204301075269,-0.002704892046026419
isolet,f1,gen_exponential,lorentzian,1.862645149230957e-09,3.91155481338501e-07,True,-1.0,-0.012992935979373121
isolet,f1,gen_exponential,multiquadratic,0.00013739429414272308,0.0125028807669878,True,0.7505376344086021,0.005345640049152278
isolet,f1,gen_exponential,quartic_spline,0.0003449581563472748,0.029321443289518356,True,0.7118279569892473,0.004932470057616434
isolet,f1,gen_exponential,radial,0.0011314544826745987,0.07580745033919811,False,0.6559139784946236,0.005137263813001169
isolet,f1,gen_exponential,rational_quadratic,1.862645149230957e-09,3.91155481338501e-07,True,-1.0,-0.011237319362185638
isolet,f1,gen_exponential,rbf_gaussian,0.0003449581563472748,0.029321443289518356,True,0.7118279569892473,0.004932470057616434
isolet,f1,gen_exponential,shepard,0.0001528710126876831,0.013605520129203796,True,-0.7462365591397849,-0.00963837593563499
isolet,f1,gen_exponential,sigmoidal,0.018529480323195457,1.0,False,-0.4881720430107527,-0.007995078218346996
isolet,f1,gen_exponential,softmax_radial,0.001718590036034584,0.11342694237828255,False,-0.6344086021505376,-0.008619578144398288
isolet,f1,gen_exponential,student_t,0.0006665531545877457,0.04799182713031769,True,-0.6817204301075269,-0.0030885081004189407
isolet,f1,gen_exponential,wendland_c2,0.0003449581563472748,0.029321443289518356,True,0.7118279569892473,0.004932470057616434
isolet,f1,harmonic,inverse_multiquadratic,0.3598779272288084,1.0,False,-0.1956989247311828,0.002757066353768378
isolet,f1,harmonic,laplacian,0.19092952087521553,1.0,False,-0.27741935483870966,-0.0028421491681450695
isolet,f1,harmonic,logarithmic,0.4898460879921913,1.0,False,-0.14838709677419354,0.003072536930226799
isolet,f1,harmonic,lorentzian,3.5390257835388184e-08,4.848465323448181e-06,True,-0.9698924731182795,-0.007215507003119903
isolet,f1,harmonic,multiquadratic,4.421919584274292e-06,0.00046872347593307495,True,0.8666666666666667,0.011123069025405496
isolet,f1,harmonic,quartic_spline,7.994472980499268e-06,0.0008234307169914246,True,0.8494623655913979,0.010709899033869652
isolet,f1,harmonic,radial,2.348795533180237e-06,0.0002630650997161865,True,0.8838709677419355,0.010914692789254388
isolet,f1,harmonic,rational_quadratic,0.0037444327026605606,0.23589926026761532,False,-0.5913978494623656,-0.00545989038593242
isolet,f1,harmonic,rbf_gaussian,7.994472980499268e-06,0.0008234307169914246,True,0.8494623655913979,0.010709899033869652
isolet,f1,harmonic,shepard,0.06056523136794567,1.0,False,-0.3935483870967742,-0.0038609469593817725
isolet,f1,harmonic,sigmoidal,0.3817984350025654,1.0,False,-0.1870967741935484,-0.0022176492420937777
isolet,f1,harmonic,softmax_radial,0.19092952087521553,1.0,False,-0.27741935483870966,-0.0028421491681450695
isolet,f1,harmonic,student_t,0.31839608028531075,1.0,False,-0.2129032258064516,0.0026889208758342775
isolet,f1,harmonic,wendland_c2,7.994472980499268e-06,0.0008234307169914246,True,0.8494623655913979,0.010709899033869652
isolet,f1,inverse_multiquadratic,laplacian,7.994472980499268e-06,0.0008234307169914246,True,-0.8494623655913979,-0.005599215521913448
isolet,f1,inverse_multiquadratic,logarithmic,0.027707849358079864,1.0,False,1.0,0.0003154705764584209
isolet,f1,inverse_multiquadratic,lorentzian,6.917864084243774e-06,0.0007194578647613525,True,-0.853763440860215,-0.009972573356888281
isolet,f1,inverse_multiquadratic,multiquadratic,2.60770320892334e-08,3.6247074604034424e-06,True,0.9741935483870968,0.008366002671637118
isolet,f1,inverse_multiquadratic,quartic_spline,1.862645149230957e-08,2.775341272354126e-06,True,0.978494623655914,0.007952832680101274
isolet,f1,inverse_multiquadratic,radial,3.725290298461914e-09,5.997717380523682e-07,True,0.9956989247311828,0.00815762643548601
isolet,f1,inverse_multiquadratic,rational_quadratic,2.7623027563095093e-06,0.000303853303194046,True,-0.8795698924731182,-0.008216956739700798
isolet,f1,inverse_multiquadratic,rbf_gaussian,1.862645149230957e-08,2.775341272354126e-06,True,0.978494623655914,0.007952832680101274
isolet,f1,inverse_multiquadratic,shepard,3.725290298461914e-09,5.997717380523682e-07,True,-0.9956989247311828,-0.006618013313150151
isolet,f1,inverse_multiquadratic,sigmoidal,0.28008678182959557,1.0,False,-0.23010752688172043,-0.004974715595862156
isolet,f1,inverse_multiquadratic,softmax_radial,7.994472980499268e-06,0.0008234307169914246,True,-0.8494623655913979,-0.005599215521913448
isolet,f1,inverse_multiquadratic,student_t,0.28504940740261275,1.0,False,-0.6666666666666666,-6.814547793410064e-05
isolet,f1,inverse_multiquadratic,wendland_c2,1.862645149230957e-08,2.775341272354126e-06,True,0.978494623655914,0.007952832680101274
isolet,f1,laplacian,logarithmic,3.7904828786849976e-06,0.00040937215089797974,True,0.8709677419354839,0.0059146860983718685
isolet,f1,laplacian,lorentzian,0.9838335812091827,1.0,False,-0.0064516129032258064,-0.004373357834974834
isolet,f1,laplacian,multiquadratic,1.30385160446167e-07,1.7601996660232544e-05,True,0.9483870967741935,0.013965218193550566
isolet,f1,laplacian,quartic_spline,6.910413503646851e-07,8.430704474449158e-05,True,0.9139784946236559,0.013552048202014721
isolet,f1,laplacian,radial,1.6391277313232422e-07,2.180039882659912e-05,True,0.9440860215053763,0.013756841957399457
isolet,f1,laplacian,rational_quadratic,0.46454504504799843,1.0,False,-0.15698924731182795,-0.0026177412177873505
isolet,f1,laplacian,rbf_gaussian,6.910413503646851e-07,8.430704474449158e-05,True,0.9139784946236559,0.013552048202014721
isolet,f1,laplacian,shepard,0.583757072687149,1.0,False,-0.11827956989247312,-0.001018797791236703
isolet,f1,laplacian,sigmoidal,0.370740607380867,1.0,False,0.1913978494623656,0.0006244999260512918
isolet,f1,laplacian,softmax_radial,1.0,1.0,False,0.0,0.0
isolet,f1,laplacian,student_t,9.220093488693237e-06,0.0008759088814258575,True,0.8451612903225807,0.005531070043979347
isolet,f1,laplacian,wendland_c2,6.910413503646851e-07,8.430704474449158e-05,True,0.9139784946236559,0.013552048202014721
isolet,f1,logarithmic,lorentzian,5.973502993583679e-06,0.0006272178143262863,True,-0.8580645161290322,-0.010288043933346702
isolet,f1,logarithmic,multiquadratic,4.6566128730773926e-08,6.332993507385254e-06,True,0.9655913978494624,0.008050532095178697
isolet,f1,logarithmic,quartic_spline,1.862645149230957e-08,2.775341272354126e-06,True,0.978494623655914,0.007637362103642853
isolet,f1,logarithmic,radial,3.725290298461914e-09,5.997717380523682e-07,True,0.9956989247311828,0.007842155859027589
isolet,f1,logarithmic,rational_quadratic,2.348795533180237e-06,0.0002630650997161865,True,-0.8838709677419355,-0.008532427316159219
isolet,f1,logarithmic,rbf_gaussian,1.862645149230957e-08,2.775341272354126e-06,True,0.978494623655914,0.007637362103642853
isolet,f1,logarithmic,shepard,3.725290298461914e-09,5.997717380523682e-07,True,-0.9956989247311828,-0.0069334838896085715
isolet,f1,logarithmic,sigmoidal,0.2621222734451294,1.0,False,-0.23870967741935484,-0.005290186172320577
isolet,f1,logarithmic,softmax_radial,3.7904828786849976e-06,0.00040937215089797974,True,-0.8709677419354839,-0.0059146860983718685
isolet,f1,logarithmic,student_t,0.028401837044201694,1.0,False,-0.8222222222222222,-0.00038361605439252155
isolet,f1,logarithmic,wendland_c2,1.862645149230957e-08,2.775341272354126e-06,True,0.978494623655914,0.007637362103642853
isolet,f1,lorentzian,multiquadratic,3.725290298461914e-09,5.997717380523682e-07,True,0.9956989247311828,0.0183385760285254
isolet,f1,lorentzian,quartic_spline,1.862645149230957e-09,3.91155481338501e-07,True,1.0,0.017925406036989555
isolet,f1,lorentzian,radial,1.862645149230957e-09,3.91155481338501e-07,True,1.0,0.01813019979237429
isolet,f1,lorentzian,rational_quadratic,0.6701805889606476,1.0,False,-0.09247311827956989,0.0017556166171874832
isolet,f1,lorentzian,rbf_gaussian,1.862645149230957e-09,3.91155481338501e-07,True,1.0,0.017925406036989555
isolet,f1,lorentzian,shepard,0.5425279382616282,1.0,False,-0.13118279569892474,0.0033545600437381307
isolet,f1,lorentzian,sigmoidal,0.044907208532094955,1.0,False,0.41935483870967744,0.0049978577610261254
isolet,f1,lorentzian,softmax_radial,0.9838335812091827,1.0,False,0.0064516129032258064,0.004373357834974834
isolet,f1,lorentzian,student_t,7.994472980499268e-06,0.0008234307169914246,True,0.8494623655913979,0.00990442787895418
isolet,f1,lorentzian,wendland_c2,1.862645149230957e-09,3.91155481338501e-07,True,1.0,0.017925406036989555
isolet,f1,multiquadratic,quartic_spline,0.5235489109355372,1.0,False,-0.135632183908046,-0.00041316999153584444
isolet,f1,multiquadratic,radial,0.8235769439488649,1.0,False,-0.04946236559139785,-0.00020837623615110878
isolet,f1,multiquadratic,rational_quadratic,1.862645149230957e-09,3.91155481338501e-07,True,-1.0,-0.016582959411337916
isolet,f1,multiquadratic,rbf_gaussian,0.5235489109355372,1.0,False,-0.135632183908046,-0.00041316999153584444
isolet,f1,multiquadratic,shepard,1.862645149230957e-09,3.91155481338501e-07,True,-1.0,-0.014984015984787269
isolet,f1,multiquadratic,sigmoidal,0.0003449581563472748,0.029321443289518356,True,-0.7118279569892473,-0.013340718267499274
isolet,f1,multiquadratic,softmax_radial,1.30385160446167e-07,1.7601996660232544e-05,True,-0.9483870967741935,-0.013965218193550566
isolet,f1,multiquadratic,student_t,2.60770320892334e-08,3.6247074604034424e-06,True,-0.9741935483870968,-0.008434148149571219
isolet,f1,multiquadratic,wendland_c2,0.5235489109355372,1.0,False,-0.135632183908046,-0.00041316999153584444
isolet,f1,quartic_spline,radial,0.9838335812091827,1.0,False,0.0064516129032258064,0.00020479375538473565
isolet,f1,quartic_spline,rational_quadratic,1.862645149230957e-09,3.91155481338501e-07,True,-1.0,-0.016169789419802072
isolet,f1,quartic_spline,rbf_gaussian,1.0,1.0,False,0.0,0.0
isolet,f1,quartic_spline,shepard,1.862645149230957e-09,3.91155481338501e-07,True,-1.0,-0.014570845993251424
isolet,f1,quartic_spline,sigmoidal,0.0004183966666460037,0.03263493999838829,True,-0.7032258064516129,-0.01292754827596343
isolet,f1,quartic_spline,softmax_radial,6.910413503646851e-07,8.430704474449158e-05,True,-0.9139784946236559,-0.013552048202014721
isolet,f1,quartic_spline,student_t,5.587935447692871e-09,8.605420589447021e-07,True,-0.9913978494623656,-0.008020978158035375
isolet,f1,quartic_spline,wendland_c2,1.0,1.0,False,0.0,0.0
isolet,f1,radial,rational_quadratic,1.862645149230957e-09,3.91155481338501e-07,True,-1.0,-0.016374583175186808
isolet,f1,radial,rbf_gaussian,0.9838335812091827,1.0,False,-0.0064516129032258064,-0.00020479375538473565
isolet,f1,radial,shepard,1.862645149230957e-09,3.91155481338501e-07,True,-1.0,-0.01477563974863616
isolet,f1,radial,sigmoidal,0.00031275488436222076,0.026896920055150986,True,-0.7161290322580646,-0.013132342031348165
isolet,f1,radial,softmax_radial,1.6391277313232422e-07,2.180039882659912e-05,True,-0.9440860215053763,-0.013756841957399457
isolet,f1,radial,student_t,3.725290298461914e-09,5.997717380523682e-07,True,-0.9956989247311828,-0.00822577191342011
isolet,f1,radial,wendland_c2,0.9838335812091827,1.0,False,-0.0064516129032258064,-0.00020479375538473565
isolet,f1,rational_quadratic,rbf_gaussian,1.862645149230957e-09,3.91155481338501e-07,True,1.0,0.016169789419802072
isolet,f1,rational_quadratic,shepard,0.9032264724373817,1.0,False,0.02795698924731183,0.0015989434265506475
isolet,f1,rational_quadratic,sigmoidal,0.06056523136794567,1.0,False,0.3935483870967742,0.0032422411438386423
isolet,f1,rational_quadratic,softmax_radial,0.46454504504799843,1.0,False,0.15698924731182795,0.0026177412177873505
isolet,f1,rational_quadratic,student_t,2.7623027563095093e-06,0.000303853303194046,True,0.8795698924731182,0.008148811261766697
isolet,f1,rational_quadratic,wendland_c2,1.862645149230957e-09,3.91155481338501e-07,True,1.0,0.016169789419802072
isolet,f1,rbf_gaussian,shepard,1.862645149230957e-09,3.91155481338501e-07,True,-1.0,-0.014570845993251424
isolet,f1,rbf_gaussian,sigmoidal,0.0004183966666460037,0.03263493999838829,True,-0.7032258064516129,-0.01292754827596343
isolet,f1,rbf_gaussian,softmax_radial,6.910413503646851e-07,8.430704474449158e-05,True,-0.9139784946236559,-0.013552048202014721
isolet,f1,rbf_gaussian,student_t,5.587935447692871e-09,8.605420589447021e-07,True,-0.9913978494623656,-0.008020978158035375
isolet,f1,rbf_gaussian,wendland_c2,1.0,1.0,False,0.0,0.0
isolet,f1,shepard,sigmoidal,0.28008678182959557,1.0,False,0.23010752688172043,0.0016432977172879948
isolet,f1,shepard,softmax_radial,0.583757072687149,1.0,False,0.11827956989247312,0.001018797791236703
isolet,f1,shepard,student_t,3.725290298461914e-09,5.997717380523682e-07,True,0.9956989247311828,0.00654986783521605
isolet,f1,shepard,wendland_c2,1.862645149230957e-09,3.91155481338501e-07,True,1.0,0.014570845993251424
isolet,f1,sigmoidal,softmax_radial,0.370740607380867,1.0,False,-0.1913978494623656,-0.0006244999260512918
isolet,f1,sigmoidal,student_t,0.28936620615422726,1.0,False,0.22580645161290322,0.004906570117928055
isolet,f1,sigmoidal,wendland_c2,0.0004183966666460037,0.03263493999838829,True,0.7032258064516129,0.01292754827596343
isolet,f1,softmax_radial,student_t,9.220093488693237e-06,0.0008759088814258575,True,0.8451612903225807,0.005531070043979347
isolet,f1,softmax_radial,wendland_c2,6.910413503646851e-07,8.430704474449158e-05,True,0.9139784946236559,0.013552048202014721
isolet,f1,student_t,wendland_c2,5.587935447692871e-09,8.605420589447021e-07,True,0.9913978494623656,0.008020978158035375
letter,f1,attention,cauchy,2.6885420083999634e-05,0.004032813012599945,True,-0.810752688172043,-0.0029609962886950614
letter,f1,attention,cosine,0.023410143330693245,1.0,False,-0.47096774193548385,-0.0016311484063825654
letter,f1,attention,cubic_spline,8.009374141693115e-08,1.3776123523712158e-05,True,-0.956989247311828,-0.0047619434747535605
letter,f1,attention,entropic,2.0489096641540527e-07,3.4421682357788086e-05,True,-0.9397849462365592,-0.005553435914921523
letter,f1,attention,gen_exponential,6.146728992462158e-08,1.0633841156959534e-05,True,-0.9612903225806452,-0.005454166589872966
letter,f1,attention,harmonic,9.338596171049022e-06,0.0014474824065125983,True,0.9943019943019943,0.001370919739020926
letter,f1,attention,inverse_multiquadratic,0.026228994131088257,1.0,False,-0.46236559139784944,-0.0016558500733588888
letter,f1,attention,laplacian,5.718320608139038e-07,9.320862591266632e-05,True,-0.9182795698924732,-0.005279850523868257
letter,f1,attention,logarithmic,0.034536734223365784,1.0,False,-0.44086021505376344,-0.0016018123001600992
letter,f1,attention,lorentzian,3.725290298461914e-09,6.92903995513916e-07,True,-0.9956989247311828,-0.003656477928875579
letter,f1,attention,multiquadratic,1.862645149230957e-09,3.91155481338501e-07,True,1.0,0.013528681794011344
letter,f1,attention,quartic_spline,1.862645149230957e-08,3.3527612686157227e-06,True,-0.978494623655914,-0.004939424707182449
letter,f1,attention,radial,3.855675458908081e-07,6.323307752609253e-05,True,-0.9268817204301075,-0.005351415190097075
letter,f1,attention,rational_quadratic,0.00020912662148475647,0.02844122052192688,True,-0.7333333333333333,-0.003093509463330757
letter,f1,attention,rbf_gaussian,2.0489096641540527e-07,3.4421682357788086e-05,True,-0.9397849462365592,-0.005861232240119141
letter,f1,attention,shepard,8.009374141693115e-08,1.3776123523712158e-05,True,-0.956989247311828,-0.004998665055524154
letter,f1,attention,sigmoidal,9.98377799987793e-07,0.00016073882579803467,True,-0.9053763440860215,-0.005528455501762286
letter,f1,attention,softmax_radial,5.718320608139038e-07,9.320862591266632e-05,True,-0.9182795698924732,-0.005279850523868257
letter,f1,attention,student_t,0.007612137123942375,0.669868066906929,False,-0.5483870967741935,-0.0018666222943869437
letter,f1,attention,wendland_c2,2.60770320892334e-08,4.667788743972778e-06,True,-0.9741935483870968,-0.00464224965622162
letter,f1,cauchy,cosine,2.0798295736312866e-05,0.003140542656183243,True,0.8193548387096774,0.001329847882312496
letter,f1,cauchy,cubic_spline,0.044907208532094955,1.0,False,-0.41935483870967744,-0.0018009471860584991
letter,f1,cauchy,entropic,0.0021877754479646683,0.2144019939005375,False,-0.621505376344086,-0.0025924396262264615
letter,f1,cauchy,gen_exponential,0.0003800932317972183,0.046371374279260635,True,-0.7075268817204301,-0.002493170301177905
letter,f1,cauchy,harmonic,3.1478703022003174e-07,5.225464701652527e-05,True,0.9311827956989247,0.004331916027715987
letter,f1,cauchy,inverse_multiquadratic,6.917864084243774e-06,0.0010861046612262726,True,0.853763440860215,0.0013051462153361726
letter,f1,cauchy,laplacian,0.00993151031434536,0.8342468664050102,False,-0.5311827956989247,-0.0023188542351731956
letter,f1,cauchy,logarithmic,1.4193356037139893e-06,0.00022709369659423828,True,0.896774193548387,0.0013591839885349621
letter,f1,cauchy,lorentzian,0.46454504504799843,1.0,False,-0.15698924731182795,-0.0006954816401805175
letter,f1,cauchy,multiquadratic,1.862645149230957e-09,3.91155481338501e-07,True,1.0,0.016489678082706405
letter,f1,cauchy,quartic_spline,0.016431212425231934,1.0,False,-0.4967741935483871,-0.001978428418487388
letter,f1,cauchy,radial,0.00577649287879467,0.5198843590915203,False,-0.5655913978494623,-0.002390418901402014
letter,f1,cauchy,rational_quadratic,0.3598779272288084,1.0,False,-0.1956989247311828,-0.00013251317463569556
letter,f1,cauchy,rbf_gaussian,0.0006084088236093521,0.07057542353868484,False,-0.6860215053763441,-0.0029002359514240794
letter,f1,cauchy,shepard,3.1478703022003174e-07,5.225464701652527e-05,True,-0.9311827956989247,-0.0020376687668290927
letter,f1,cauchy,sigmoidal,0.0029870010912418365,0.2867521047592163,False,-0.6043010752688172,-0.0025674592130672247
letter,f1,cauchy,softmax_radial,0.00993151031434536,0.8342468664050102,False,-0.5311827956989247,-0.0023188542351731956
letter,f1,cauchy,student_t,0.00013536081360538934,0.018815153091149117,True,0.8114942528735632,0.0010943739943081177
letter,f1,cauchy,wendland_c2,0.054921628907322884,1.0,False,-0.4021505376344086,-0.0016812533675265584
letter,f1,cosine,cubic_spline,0.0015832837671041489,0.16624479554593563,False,-0.6387096774193548,-0.003130795068370995
letter,f1,cosine,entropic,0.00012333691120147705,0.017637178301811218,True,-0.7548387096774194,-0.0039222875085389575
letter,f1,cosine,gen_exponential,1.3966113328933716e-05,0.0021368153393268585,True,-0.832258064516129,-0.003823018183490401
letter,f1,cosine,harmonic,0.0007296018302440643,0.08098580315709114,False,0.6774193548387096,0.0030020681454034914
letter,f1,cosine,inverse_multiquadratic,0.970219757029658,1.0,False,0.009523809523809525,-2.4701666976323366e-05
letter,f1,cosine,laplacian,0.00046010687947273254,0.05567293241620064,False,-0.6989247311827957,-0.0036487021174856915
letter,f1,cosine,logarithmic,0.5754862281364963,1.0,False,0.14285714285714285,2.9336106222466185e-05
letter,f1,cosine,lorentzian,0.06989291124045849,1.0,False,-0.38064516129032255,-0.0020253295224930135
letter,f1,cosine,multiquadratic,1.862645149230957e-09,3.91155481338501e-07,True,1.0,0.015159830200393909
letter,f1,cosine,quartic_spline,0.0007296018302440643,0.08098580315709114,False,-0.6774193548387096,-0.003308276300799884
letter,f1,cosine,radial,0.0003449581563472748,0.0424298532307148,True,-0.7118279569892473,-0.00372026678371451
letter,f1,cosine,rational_quadratic,0.008705463260412216,0.7573753036558628,False,-0.5397849462365591,-0.0014623610569481915
letter,f1,cosine,rbf_gaussian,6.286613643169403e-05,0.009115589782595634,True,-0.7806451612903226,-0.004230083833736575
letter,f1,cosine,shepard,8.009374141693115e-08,1.3776123523712158e-05,True,-0.956989247311828,-0.0033675166491415887
letter,f1,cosine,sigmoidal,0.0002562887966632843,0.03229238837957382,True,-0.7247311827956989,-0.0038973070953797206
letter,f1,cosine,softmax_radial,0.00046010687947273254,0.05567293241620064,False,-0.6989247311827957,-0.0036487021174856915
letter,f1,cosine,student_t,0.30365917904060846,1.0,False,-0.23076923076923078,-0.0002354738880043783
letter,f1,cosine,wendland_c2,0.001718590036034584,0.17701477371156216,False,-0.6344086021505376,-0.0030111012498390544
letter,f1,cubic_spline,entropic,0.1459994912147522,1.0,False,-0.30752688172043013,-0.0007914924401679624
letter,f1,cubic_spline,gen_exponential,0.10943205840885639,1.0,False,-0.33763440860215055,-0.0006922231151194058
letter,f1,cubic_spline,harmonic,3.725290298461914e-09,6.92903995513916e-07,True,0.9956989247311828,0.0061328632137744865
letter,f1,cubic_spline,inverse_multiquadratic,0.0014574769884347916,0.1559500377625227,False,0.6430107526881721,0.0031060934013946717
letter,f1,cubic_spline,laplacian,0.4399667661637068,1.0,False,-0.16559139784946236,-0.0005179070491146964
letter,f1,cubic_spline,logarithmic,0.0011314544826745987,0.12332853861153126,False,0.6559139784946236,0.0031601311745934613
letter,f1,cubic_spline,lorentzian,0.0020201820880174637,0.1999980267137289,False,0.6258064516129033,0.0011054655458779816
letter,f1,cubic_spline,multiquadratic,1.862645149230957e-09,3.91155481338501e-07,True,1.0,0.018290625268764904
letter,f1,cubic_spline,quartic_spline,0.4161298982799053,1.0,False,-0.17419354838709677,-0.0001774812324288888
letter,f1,cubic_spline,radial,0.4161298982799053,1.0,False,-0.17419354838709677,-0.0005894717153435147
letter,f1,cubic_spline,rational_quadratic,0.026228994131088257,1.0,False,0.46236559139784944,0.0016684340114228036
letter,f1,cubic_spline,rbf_gaussian,0.10483990423381329,1.0,False,-0.3419354838709677,-0.0010992887653655803
letter,f1,cubic_spline,shepard,0.685047073289752,1.0,False,-0.08817204301075268,-0.00023672158077059358
letter,f1,cubic_spline,sigmoidal,0.28936620615422726,1.0,False,-0.22580645161290322,-0.0007665120270087256
letter,f1,cubic_spline,softmax_radial,0.4399667661637068,1.0,False,-0.16559139784946236,-0.0005179070491146964
letter,f1,cubic_spline,student_t,0.001340603455901146,0.14478517323732376,False,0.6473118279569893,0.002895321180366617
letter,f1,cubic_spline,wendland_c2,0.6488010185768092,1.0,False,0.09852216748768473,0.00011969381853194072
letter,f1,entropic,gen_exponential,0.6701805889606476,1.0,False,-0.09247311827956989,9.926932504855657e-05
letter,f1,entropic,harmonic,3.5390257835388184e-08,6.22868537902832e-06,True,0.9698924731182795,0.006924355653942449
letter,f1,entropic,inverse_multiquadratic,5.5925920605659485e-05,0.008221110329031944,True,0.7849462365591398,0.003897585841562634
letter,f1,entropic,laplacian,0.6120056137442589,1.0,False,0.10967741935483871,0.00027358539105326596
letter,f1,entropic,logarithmic,5.5925920605659485e-05,0.008221110329031944,True,0.7849462365591398,0.003951623614761424
letter,f1,entropic,lorentzian,0.0006084088236093521,0.07057542353868484,False,0.6860215053763441,0.001896957986045944
letter,f1,entropic,multiquadratic,1.862645149230957e-09,3.91155481338501e-07,True,1.0,0.019082117708932866
letter,f1,entropic,quartic_spline,0.2710056286305189,1.0,False,0.23440860215053763,0.0006140112077390736
letter,f1,entropic,radial,0.5962724972882395,1.0,False,0.11264367816091954,0.00020202072482444766
letter,f1,entropic,rational_quadratic,0.0005548261106014252,0.06491465494036674,False,0.6903225806451613,0.002459926451590766
letter,f1,entropic,rbf_gaussian,0.6701805889606476,1.0,False,-0.09247311827956989,-0.0003077963251976179
letter,f1,entropic,shepard,0.583757072687149,1.0,False,0.11827956989247312,0.0005547708593973688
letter,f1,entropic,sigmoidal,0.9676735773682594,1.0,False,0.010752688172043012,2.4980413159236825e-05
letter,f1,entropic,softmax_radial,0.6120056137442589,1.0,False,0.10967741935483871,0.00027358539105326596
letter,f1,entropic,student_t,7.056817412376404e-05,0.010161817073822021,True,0.7763440860215054,0.003686813620534579
letter,f1,entropic,wendland_c2,0.06666470877826214,1.0,False,0.3849462365591398,0.0009111862586999031
letter,f1,gen_exponential,harmonic,9.313225746154785e-09,1.7043203115463257e-06,True,0.9870967741935484,0.006825086328893892
letter,f1,gen_exponential,inverse_multiquadratic,7.994472980499268e-06,0.0012471377849578857,True,0.8494623655913979,0.0037983165165140775
letter,f1,gen_exponential,laplacian,0.6120056137442589,1.0,False,0.10967741935483871,0.0001743160660047094
letter,f1,gen_exponential,logarithmic,4.421919584274292e-06,0.0006986632943153381,True,0.8666666666666667,0.003852354289712867
letter,f1,gen_exponential,lorentzian,0.0032229889184236526,0.30296095833182335,False,0.6,0.0017976886609973874
letter,f1,gen_exponential,multiquadratic,1.862645149230957e-09,3.91155481338501e-07,True,1.0,0.01898284838388431
letter,f1,gen_exponential,quartic_spline,0.18396909348666668,1.0,False,0.2817204301075269,0.000514741882690517
letter,f1,gen_exponential,radial,0.3598779272288084,1.0,False,0.1956989247311828,0.0001027513997758911
letter,f1,gen_exponential,rational_quadratic,0.0018640067428350449,0.18640067428350449,False,0.6301075268817204,0.0023606571265422094
letter,f1,gen_exponential,rbf_gaussian,0.5291051845997572,1.0,False,-0.13548387096774195,-0.00040706565024617447
letter,f1,gen_exponential,shepard,0.5027610473334789,1.0,False,0.14408602150537633,0.00045550153434881224
letter,f1,gen_exponential,sigmoidal,0.871207794174552,1.0,False,-0.03655913978494624,-7.428891188931974e-05
letter,f1,gen_exponential,softmax_radial,0.6120056137442589,1.0,False,0.10967741935483871,0.0001743160660047094
letter,f1,gen_exponential,student_t,1.0609626770019531e-05,0.0016338825225830078,True,0.8408602150537634,0.0035875442954860226
letter,f1,gen_exponential,wendland_c2,0.1641840822994709,1.0,False,0.2946236559139785,0.0008119169336513465
letter,f1,harmonic,inverse_multiquadratic,0.00046010687947273254,0.05567293241620064,False,-0.6989247311827957,-0.003026769812379815
letter,f1,harmonic,laplacian,4.6566128730773926e-08,8.149072527885437e-06,True,-0.9655913978494624,-0.006650770262889183
letter,f1,harmonic,logarithmic,0.0006084088236093521,0.07057542353868484,False,-0.6860215053763441,-0.0029727320391810252
letter,f1,harmonic,lorentzian,1.862645149230957e-09,3.91155481338501e-07,True,-1.0,-0.005027397667896505
letter,f1,harmonic,multiquadratic,1.862645149230957e-09,3.91155481338501e-07,True,1.0,0.012157762054990418
letter,f1,harmonic,quartic_spline,1.862645149230957e-09,3.91155481338501e-07,True,-1.0,-0.006310344446203375
letter,f1,harmonic,radial,1.30385160446167e-08,2.3730099201202393e-06,True,-0.9827956989247312,-0.006722334929118001
letter,f1,harmonic,rational_quadratic,1.6838312149047852e-06,0.00026772916316986084,True,-0.8924731182795699,-0.004464429202351683
letter,f1,harmonic,rbf_gaussian,1.862645149230957e-09,3.91155481338501e-07,True,-1.0,-0.007232151979140067
letter,f1,harmonic,shepard,5.587935447692871e-09,1.0281801223754883e-06,True,-0.9913978494623656,-0.00636958479454508
letter,f1,harmonic,sigmoidal,1.30385160446167e-07,2.203509211540222e-05,True,-0.9483870967741935,-0.006899375240783212
letter,f1,harmonic,softmax_radial,4.6566128730773926e-08,8.149072527885437e-06,True,-0.9655913978494624,-0.006650770262889183
letter,f1,harmonic,student_t,0.00016989745199680328,0.02327595092356205,True,-0.7419354838709677,-0.0032375420334078697
letter,f1,harmonic,wendland_c2,1.862645149230957e-09,3.91155481338501e-07,True,-1.0,-0.006013169395242546
letter,f1,inverse_multiquadratic,laplacian,0.00020912662148475647,0.02844122052192688,True,-0.7333333333333333,-0.003624000450509368
letter,f1,inverse_multiquadratic,logarithmic,0.26039294361048326,1.0,False,0.4222222222222222,5.403777319878955e-05
letter,f1,inverse_multiquadratic,lorentzian,0.047259049490094185,1.0,False,-0.4150537634408602,-0.00200062785551669
letter,f1,inverse_multiquadratic,multiquadratic,1.862645149230957e-09,3.91155481338501e-07,True,1.0,0.015184531867370232
letter,f1,inverse_multiquadratic,quartic_spline,0.00023163668811321259,0.03034440614283085,True,-0.7290322580645161,-0.0032835746338235605
letter,f1,inverse_multiquadratic,radial,0.00023163668811321259,0.03034440614283085,True,-0.7290322580645161,-0.0036955651167381864
letter,f1,inverse_multiquadratic,rational_quadratic,0.0061949919909238815,0.5513542871922255,False,-0.5612903225806452,-0.0014376593899718682
letter,f1,inverse_multiquadratic,rbf_gaussian,2.6885420083999634e-05,0.004032813012599945,True,-0.810752688172043,-0.004205382166760252
letter,f1,inverse_multiquadratic,shepard,2.60770320892334e-08,4.667788743972778e-06,True,-0.9741935483870968,-0.0033428149821652653
letter,f1,inverse_multiquadratic,sigmoidal,0.0001528710126876831,0.02109619975090027,True,-0.7462365591397849,-0.0038726054284033973
letter,f1,inverse_multiquadratic,softmax_radial,0.00020912662148475647,0.02844122052192688,True,-0.7333333333333333,-0.003624000450509368
letter,f1,inverse_multiquadratic,student_t,0.04085984371280629,1.0,False,-0.696969696969697,-0.00021077222102805493
letter,f1,inverse_multiquadratic,wendland_c2,0.0015832837671041489,0.16624479554593563,False,-0.6387096774193548,-0.002986399582862731
letter,f1,laplacian,logarithmic,0.00012333691120147705,0.017637178301811218,True,0.7548387096774194,0.0036780382237081577
letter,f1,laplacian,lorentzian,0.010598260909318924,0.8690573945641518,False,0.5268817204301075,0.001623372594992678
letter,f1,laplacian,multiquadratic,1.862645149230957e-09,3.91155481338501e-07,True,1.0,0.0188085323178796
letter,f1,laplacian,quartic_spline,0.7456546742469072,1.0,False,0.07096774193548387,0.0003404258166858076
letter,f1,laplacian,radial,1.0,1.0,False,-0.002150537634408602,-7.15646662288183e-05
letter,f1,laplacian,rational_quadratic,0.001718590036034584,0.17701477371156216,False,0.6344086021505376,0.0021863410605375
letter,f1,laplacian,rbf_gaussian,0.19807579927146435,1.0,False,-0.2731182795698925,-0.0005813817162508839
letter,f1,laplacian,shepard,0.761065473780036,1.0,False,0.06666666666666667,0.00028118546834410285
letter,f1,laplacian,sigmoidal,0.871207794174552,1.0,False,-0.03655913978494624,-0.00024860497789402913
letter,f1,laplacian,softmax_radial,1.0,1.0,False,0.0,0.0
letter,f1,laplacian,student_t,0.00023163668811321259,0.03034440614283085,True,0.7290322580645161,0.003413228229481313
letter,f1,laplacian,wendland_c2,0.24494642950594425,1.0,False,0.24731182795698925,0.0006376008676466371
letter,f1,logarithmic,lorentzian,0.044907208532094955,1.0,False,-0.41935483870967744,-0.0020546656287154796
letter,f1,logarithmic,multiquadratic,1.862645149230957e-09,3.91155481338501e-07,True,1.0,0.015130494094171443
letter,f1,logarithmic,quartic_spline,0.000283263623714447,0.03512468934059143,True,-0.7204301075268817,-0.00333761240702235
letter,f1,logarithmic,radial,0.00023163668811321259,0.03034440614283085,True,-0.7290322580645161,-0.003749602889936976
letter,f1,logarithmic,rational_quadratic,0.004338232800364494,0.394779184833169,False,-0.5827956989247312,-0.0014916971631706577
letter,f1,logarithmic,rbf_gaussian,1.597777009010315e-05,0.0024286210536956787,True,-0.8279569892473119,-0.0042594199399590416
letter,f1,logarithmic,shepard,1.30385160446167e-08,2.3730099201202393e-06,True,-0.9827956989247312,-0.003396852755364055
letter,f1,logarithmic,sigmoidal,0.00012333691120147705,0.017637178301811218,True,-0.7548387096774194,-0.003926643201602187
letter,f1,logarithmic,softmax_radial,0.00012333691120147705,0.017637178301811218,True,-0.7548387096774194,-0.0036780382237081577
letter,f1,logarithmic,student_t,0.013103614110038467,1.0,False,-0.7802197802197802,-0.0002648099942268445
letter,f1,logarithmic,wendland_c2,0.0014574769884347916,0.1559500377625227,False,-0.6430107526881721,-0.0030404373560615205
letter,f1,lorentzian,multiquadratic,1.862645149230957e-09,3.91155481338501e-07,True,1.0,0.017185159722886922
letter,f1,lorentzian,quartic_spline,0.0037444327026605606,0.3444878086447716,False,-0.5913978494623656,-0.0012829467783068704
letter,f1,lorentzian,radial,0.009301122277975082,0.790595393627882,False,-0.535483870967742,-0.0016949372612214963
letter,f1,lorentzian,rational_quadratic,0.5158484429121017,1.0,False,0.13978494623655913,0.0005629684655448219
letter,f1,lorentzian,rbf_gaussian,0.0032229889184236526,0.30296095833182335,False,-0.6,-0.002204754311243562
letter,f1,lorentzian,shepard,0.019660815596580505,1.0,False,-0.4838709677419355,-0.0013421871266485752
letter,f1,lorentzian,sigmoidal,0.017453668639063835,1.0,False,-0.4924731182795699,-0.0018719775728867072
letter,f1,lorentzian,softmax_radial,0.010598260909318924,0.8690573945641518,False,-0.5268817204301075,-0.001623372594992678
letter,f1,lorentzian,student_t,0.09194962680339813,1.0,False,0.3548387096774194,0.0017898556344886352
letter,f1,lorentzian,wendland_c2,0.008705463260412216,0.7573753036558628,False,-0.5397849462365591,-0.000985771727346041
letter,f1,multiquadratic,quartic_spline,1.862645149230957e-09,3.91155481338501e-07,True,-1.0,-0.018468106501193793
letter,f1,multiquadratic,radial,1.862645149230957e-09,3.91155481338501e-07,True,-1.0,-0.01888009698410842
letter,f1,multiquadratic,rational_quadratic,1.862645149230957e-09,3.91155481338501e-07,True,-1.0,-0.0166221912573421
letter,f1,multiquadratic,rbf_gaussian,1.862645149230957e-09,3.91155481338501e-07,True,-1.0,-0.019389914034130484
letter,f1,multiquadratic,shepard,1.862645149230957e-09,3.91155481338501e-07,True,-1.0,-0.018527346849535498
letter,f1,multiquadratic,sigmoidal,1.862645149230957e-09,3.91155481338501e-07,True,-1.0,-0.01905713729577363
letter,f1,multiquadratic,softmax_radial,1.862645149230957e-09,3.91155481338501e-07,True,-1.0,-0.0188085323178796
letter,f1,multiquadratic,student_t,1.862645149230957e-09,3.91155481338501e-07,True,-1.0,-0.015395304088398287
letter,f1,multiquadratic,wendland_c2,1.862645149230957e-09,3.91155481338501e-07,True,-1.0,-0.018170931450232963
letter,f1,quartic_spline,radial,0.7151329666376114,1.0,False,-0.07956989247311828,-0.0004119904829146259
letter,f1,quartic_spline,rational_quadratic,0.013663241639733315,1.0,False,0.5096774193548387,0.0018459152438516924
letter,f1,quartic_spline,rbf_gaussian,0.10039735585451126,1.0,False,-0.34623655913978496,-0.0009218075329366915
letter,f1,quartic_spline,shepard,0.7765688337385654,1.0,False,-0.06236559139784946,-5.9240348341704774e-05
letter,f1,quartic_spline,sigmoidal,0.46454504504799843,1.0,False,-0.15698924731182795,-0.0005890307945798368
letter,f1,quartic_spline,softmax_radial,0.7456546742469072,1.0,False,-0.07096774193548387,-0.0003404258166858076
letter,f1,quartic_spline,student_t,0.0005054883658885956,0.05964762717485428,False,0.6946236559139785,0.0030728024127955056
letter,f1,quartic_spline,wendland_c2,0.30437241089978706,1.0,False,0.21839080459770116,0.0002971750509608295
letter,f1,radial,rational_quadratic,0.0021877754479646683,0.2144019939005375,False,0.621505376344086,0.0022579057267663183
letter,f1,radial,rbf_gaussian,0.28936620615422726,1.0,False,-0.22580645161290322,-0.0005098170500220656
letter,f1,radial,shepard,0.5698575973510742,1.0,False,0.12258064516129032,0.00035275013457292115
letter,f1,radial,sigmoidal,0.7151329666376114,1.0,False,-0.07956989247311828,-0.00017704031166521084
letter,f1,radial,softmax_radial,1.0,1.0,False,0.002150537634408602,7.15646662288183e-05
letter,f1,radial,student_t,0.0002562887966632843,0.03229238837957382,True,0.7247311827956989,0.0034847928957101315
letter,f1,radial,wendland_c2,0.28008678182959557,1.0,False,0.23010752688172043,0.0007091655338754554
letter,f1,rational_quadratic,rbf_gaussian,0.0006665531545877457,0.07532050646841526,False,-0.6817204301075269,-0.002767722776788384
letter,f1,rational_quadratic,shepard,0.00020912662148475647,0.02844122052192688,True,-0.7333333333333333,-0.0019051555921933971
letter,f1,rational_quadratic,sigmoidal,0.0006665531545877457,0.07532050646841526,False,-0.6817204301075269,-0.002434946038431529
letter,f1,rational_quadratic,softmax_radial,0.001718590036034584,0.17701477371156216,False,-0.6344086021505376,-0.0021863410605375
letter,f1,rational_quadratic,student_t,0.01283373311161995,1.0,False,0.513978494623656,0.0012268871689438132
letter,f1,rational_quadratic,wendland_c2,0.027741437777876854,1.0,False,-0.45806451612903226,-0.0015487401928908628
letter,f1,rbf_gaussian,shepard,0.15188691951334476,1.0,False,0.3032258064516129,0.0008625671845949867
letter,f1,rbf_gaussian,sigmoidal,0.2710056286305189,1.0,False,0.23440860215053763,0.00033277673835685473
letter,f1,rbf_gaussian,softmax_radial,0.19807579927146435,1.0,False,0.2731182795698925,0.0005813817162508839
letter,f1,rbf_gaussian,student_t,4.4075772166252136e-05,0.006523214280605316,True,0.7935483870967742,0.003994609945732197
letter,f1,rbf_gaussian,wendland_c2,0.06056523136794567,1.0,False,0.3935483870967742,0.001218982583897521
letter,f1,shepard,sigmoidal,0.338741784915328,1.0,False,-0.20430107526881722,-0.000529790446238132
letter,f1,shepard,softmax_radial,0.761065473780036,1.0,False,-0.06666666666666667,-0.00028118546834410285
letter,f1,shepard,student_t,2.60770320892334e-08,4.667788743972778e-06,True,0.9741935483870968,0.0031320427611372104
letter,f1,shepard,wendland_c2,0.685047073289752,1.0,False,0.08817204301075268,0.0003564153993025343
letter,f1,sigmoidal,softmax_radial,0.871207794174552,1.0,False,0.03655913978494624,0.00024860497789402913
letter,f1,sigmoidal,student_t,0.00020912662148475647,0.02844122052192688,True,0.7333333333333333,0.0036618332073753423
letter,f1,sigmoidal,wendland_c2,0.2621222734451294,1.0,False,0.23870967741935484,0.0008862058455406663
letter,f1,softmax_radial,student_t,0.00023163668811321259,0.03034440614283085,True,0.7290322580645161,0.003413228229481313
letter,f1,softmax_radial,wendland_c2,0.24494642950594425,1.0,False,0.24731182795698925,0.0006376008676466371
letter,f1,student_t,wendland_c2,0.0029870010912418365,0.2867521047592163,False,-0.6043010752688172,-0.002775627361834676
magic_telescope,f1,attention,cauchy,0.685047073289752,1.0,False,-0.08817204301075268,-0.0003052666273504201
magic_telescope,f1,attention,cosine,0.09610157273709774,1.0,False,-0.35053763440860214,-0.002502736634610647
magic_telescope,f1,attention,cubic_spline,0.39305018074810505,1.0,False,-0.1827956989247312,-0.0013678177881281117
magic_telescope,f1,attention,entropic,0.1641840822994709,1.0,False,-0.2946236559139785,-0.00135976281872352
magic_telescope,f1,attention,gen_exponential,0.08793856762349606,1.0,False,-0.35913978494623655,-0.003362062739455496
magic_telescope,f1,attention,harmonic,0.47239920501692023,1.0,False,0.19298245614035087,0.00014263544302162146
magic_telescope,f1,attention,inverse_multiquadratic,0.308520769700408,1.0,False,-0.2172043010752688,-0.0016209921179813902
magic_telescope,f1,attention,laplacian,0.5027610473334789,1.0,False,-0.14408602150537633,-0.0008817542082347751
magic_telescope,f1,attention,logarithmic,0.5027610473334789,1.0,False,-0.14408602150537633,-0.0012282865149690902
magic_telescope,f1,attention,lorentzian,0.8552717231214046,1.0,False,0.04086021505376344,0.00013197477499482524
magic_telescope,f1,attention,multiquadratic,0.000283263623714447,0.05636946111917496,False,0.7204301075268817,0.005629039410284586
magic_telescope,f1,attention,quartic_spline,0.1459994912147522,1.0,False,-0.30752688172043013,-0.002087796630462435
magic_telescope,f1,attention,radial,0.08406547829508781,1.0,False,-0.3634408602150538,-0.0021750889543922236
magic_telescope,f1,attention,rational_quadratic,0.04269753537818267,1.0,False,-0.43842364532019706,-0.0025684619303542044
magic_telescope,f1,attention,rbf_gaussian,0.03841841779649258,1.0,False,-0.432258064516129,-0.0028617003757045456
magic_telescope,f1,attention,shepard,0.027741437777876854,1.0,False,-0.45806451612903226,-0.0032300610006446018
magic_telescope,f1,attention,sigmoidal,0.42652824883677154,1.0,False,0.23333333333333334,0.0001404383687495514
magic_telescope,f1,attention,softmax_radial,0.5027610473334789,1.0,False,-0.14408602150537633,-0.0008817542082347751
magic_telescope,f1,attention,student_t,0.308520769700408,1.0,False,-0.2172043010752688,-0.0016209921179813902
magic_telescope,f1,attention,wendland_c2,0.8393927440047264,1.0,False,-0.04516129032258064,-0.00042873559635103753
magic_telescope,f1,cauchy,cosine,0.17059839516878128,1.0,False,-0.2903225806451613,-0.002197470007260227
magic_telescope,f1,cauchy,cubic_spline,0.2710056286305189,1.0,False,-0.23440860215053763,-0.0010625511607776916
magic_telescope,f1,cauchy,entropic,0.3284698575735092,1.0,False,-0.2086021505376344,-0.0010544961913731
magic_telescope,f1,cauchy,gen_exponential,0.06056523136794567,1.0,False,-0.3935483870967742,-0.0030567961121050757
magic_telescope,f1,cauchy,harmonic,0.6554384250193834,1.0,False,0.0967741935483871,0.00044790207037204155
magic_telescope,f1,cauchy,inverse_multiquadratic,0.5698575973510742,1.0,False,-0.12258064516129032,-0.00131572549063097
magic_telescope,f1,cauchy,laplacian,0.6554384250193834,1.0,False,-0.0967741935483871,-0.000576487580884355
magic_telescope,f1,cauchy,logarithmic,0.685047073289752,1.0,False,-0.08817204301075268,-0.0009230198876186702
magic_telescope,f1,cauchy,lorentzian,0.7921590935438871,1.0,False,0.05806451612903226,0.00043724140234524533
magic_telescope,f1,cauchy,multiquadratic,0.005382779985666275,1.0,False,0.5698924731182796,0.0059343060376350065
magic_telescope,f1,cauchy,quartic_spline,0.3598779272288084,1.0,False,-0.1956989247311828,-0.001782530003112015
magic_telescope,f1,cauchy,radial,0.12935307621955872,1.0,False,-0.3204301075268817,-0.0018698223270418035
magic_telescope,f1,cauchy,rational_quadratic,0.0426517054438591,1.0,False,-0.4236559139784946,-0.0022631953030037844
magic_telescope,f1,cauchy,rbf_gaussian,0.18396909348666668,1.0,False,-0.2817204301075269,-0.0025564337483541255
magic_telescope,f1,cauchy,shepard,0.018529480323195457,1.0,False,-0.4881720430107527,-0.0029247943732941817
magic_telescope,f1,cauchy,sigmoidal,0.6263462882488966,1.0,False,0.1053763440860215,0.0004457049960999715
magic_telescope,f1,cauchy,softmax_radial,0.6554384250193834,1.0,False,-0.0967741935483871,-0.000576487580884355
magic_telescope,f1,cauchy,student_t,0.5698575973510742,1.0,False,-0.12258064516129032,-0.00131572549063097
magic_telescope,f1,cauchy,wendland_c2,0.6408254038542509,1.0,False,-0.1010752688172043,-0.00012346896900061743
magic_telescope,f1,cosine,cubic_spline,0.9032264724373817,1.0,False,0.02795698924731183,0.0011349188464825355
magic_telescope,f1,cosine,entropic,0.5027610473334789,1.0,False,0.14408602150537633,0.0011429738158871272
magic_telescope,f1,cosine,gen_exponential,0.338741784915328,1.0,False,-0.20430107526881722,-0.0008593261048448486
magic_telescope,f1,cosine,harmonic,0.0635564886033535,1.0,False,0.38924731182795697,0.0026453720776322687
magic_telescope,f1,cosine,inverse_multiquadratic,0.5978077705949545,1.0,False,0.11397849462365592,0.000881744516629257
magic_telescope,f1,cosine,laplacian,0.2710056286305189,1.0,False,0.23440860215053763,0.001620982426375872
magic_telescope,f1,cosine,logarithmic,0.28936620615422726,1.0,False,0.22580645161290322,0.001274450119641557
magic_telescope,f1,cosine,lorentzian,0.047259049490094185,1.0,False,0.4150537634408602,0.0026347114096054725
magic_telescope,f1,cosine,multiquadratic,2.0489096641540527e-07,4.159286618232727e-05,True,0.9397849462365592,0.008131776044895234
magic_telescope,f1,cosine,quartic_spline,0.7765688337385654,1.0,False,0.06236559139784946,0.0004149400041482121
magic_telescope,f1,cosine,radial,0.9838335812091827,1.0,False,0.0064516129032258064,0.0003276476802184236
magic_telescope,f1,cosine,rational_quadratic,0.5291051845997572,1.0,False,-0.13548387096774195,-6.572529574355723e-05
magic_telescope,f1,cosine,rbf_gaussian,0.9192965272814035,1.0,False,-0.023655913978494623,-0.0003589637410938984
magic_telescope,f1,cosine,shepard,0.370740607380867,1.0,False,-0.1913978494623656,-0.0007273243660339546
magic_telescope,f1,cosine,sigmoidal,0.07672121562063694,1.0,False,0.3720430107526882,0.0026431750033601986
magic_telescope,f1,cosine,softmax_radial,0.2710056286305189,1.0,False,0.23440860215053763,0.001620982426375872
magic_telescope,f1,cosine,student_t,0.5978077705949545,1.0,False,0.11397849462365592,0.000881744516629257
magic_telescope,f1,cosine,wendland_c2,0.4898460879921913,1.0,False,0.14838709677419354,0.0020740010382596097
magic_telescope,f1,cubic_spline,entropic,0.8552717231214046,1.0,False,-0.04086021505376344,8.054969404591716e-06
magic_telescope,f1,cubic_spline,gen_exponential,0.054921628907322884,1.0,False,-0.4021505376344086,-0.001994244951327384
magic_telescope,f1,cubic_spline,harmonic,0.370740607380867,1.0,False,0.1913978494623656,0.0015104532311497332
magic_telescope,f1,cubic_spline,inverse_multiquadratic,0.9192965272814035,1.0,False,0.023655913978494623,-0.0002531743298532785
magic_telescope,f1,cubic_spline,laplacian,0.7303419969975948,1.0,False,0.07526881720430108,0.0004860635798933366
magic_telescope,f1,cubic_spline,logarithmic,0.8393927440047264,1.0,False,0.04516129032258064,0.00013953127315902147
magic_telescope,f1,cubic_spline,lorentzian,0.46454504504799843,1.0,False,0.15698924731182795,0.001499792563122937
magic_telescope,f1,cubic_spline,multiquadratic,0.0061949919909238815,1.0,False,0.5612903225806452,0.006996857198412698
magic_telescope,f1,cubic_spline,quartic_spline,0.8552717231214046,1.0,False,-0.04086021505376344,-0.0007199788423343234
magic_telescope,f1,cubic_spline,radial,0.33887029444588135,1.0,False,-0.20689655172413793,-0.0008072711662641119
magic_telescope,f1,cubic_spline,rational_quadratic,0.4521643426269293,1.0,False,-0.16129032258064516,-0.0012006441422260927
magic_telescope,f1,cubic_spline,rbf_gaussian,0.6120056137442589,1.0,False,-0.10967741935483871,-0.0014938825875764339
magic_telescope,f1,cubic_spline,shepard,0.28008678182959557,1.0,False,-0.23010752688172043,-0.00186224321251649
magic_telescope,f1,cubic_spline,sigmoidal,0.370740607380867,1.0,False,0.1913978494623656,0.0015082561568776631
magic_telescope,f1,cubic_spline,softmax_radial,0.7303419969975948,1.0,False,0.07526881720430108,0.0004860635798933366
magic_telescope,f1,cubic_spline,student_t,0.9192965272814035,1.0,False,0.023655913978494623,-0.0002531743298532785
magic_telescope,f1,cubic_spline,wendland_c2,0.5158484429121017,1.0,False,0.13978494623655913,0.0009390821917770742
magic_telescope,f1,entropic,gen_exponential,0.0635564886033535,1.0,False,-0.38924731182795697,-0.002002299920731976
magic_telescope,f1,entropic,harmonic,0.22855282202363014,1.0,False,0.25591397849462366,0.0015023982617451415
magic_telescope,f1,entropic,inverse_multiquadratic,0.8393927440047264,1.0,False,-0.04516129032258064,-0.0002612292992578702
magic_telescope,f1,entropic,laplacian,0.8078304156661034,1.0,False,0.053763440860215055,0.0004780086104887449
magic_telescope,f1,entropic,logarithmic,0.935398668050766,1.0,False,0.01935483870967742,0.00013147630375442976
magic_telescope,f1,entropic,lorentzian,0.3817984350025654,1.0,False,0.1870967741935484,0.0014917375937183452
magic_telescope,f1,entropic,multiquadratic,0.0005054883658885956,0.09958120808005333,False,0.6946236559139785,0.0069888022290081064
magic_telescope,f1,entropic,quartic_spline,0.5978077705949545,1.0,False,-0.11397849462365592,-0.0007280338117389151
magic_telescope,f1,entropic,radial,0.308520769700408,1.0,False,-0.2172043010752688,-0.0008153261356687036
magic_telescope,f1,entropic,rational_quadratic,0.19807579927146435,1.0,False,-0.2731182795698925,-0.0012086991116306844
magic_telescope,f1,entropic,rbf_gaussian,0.2710056286305189,1.0,False,-0.23440860215053763,-0.0015019375569810256
magic_telescope,f1,entropic,shepard,0.19092952087521553,1.0,False,-0.27741935483870966,-0.0018702981819210818
magic_telescope,f1,entropic,sigmoidal,0.21293285302817822,1.0,False,0.2645161290322581,0.0015002011874730714
magic_telescope,f1,entropic,softmax_radial,0.8078304156661034,1.0,False,0.053763440860215055,0.0004780086104887449
magic_telescope,f1,entropic,student_t,0.8393927440047264,1.0,False,-0.04516129032258064,-0.0002612292992578702
magic_telescope,f1,entropic,wendland_c2,0.685047073289752,1.0,False,0.08817204301075268,0.0009310272223724825
magic_telescope,f1,gen_exponential,harmonic,0.06056523136794567,1.0,False,0.3935483870967742,0.0035046981824771173
magic_telescope,f1,gen_exponential,inverse_multiquadratic,0.370740607380867,1.0,False,0.1913978494623656,0.0017410706214741056
magic_telescope,f1,gen_exponential,laplacian,0.28008678182959557,1.0,False,0.23010752688172043,0.0024803085312207207
magic_telescope,f1,gen_exponential,logarithmic,0.28008678182959557,1.0,False,0.23010752688172043,0.0021337762244864056
magic_telescope,f1,gen_exponential,lorentzian,0.07324407435953617,1.0,False,0.3763440860215054,0.003494037514450321
magic_telescope,f1,gen_exponential,multiquadratic,0.0007296018302440643,0.1430019587278366,False,0.6774193548387096,0.008991102149740082
magic_telescope,f1,gen_exponential,quartic_spline,0.4771064817905426,1.0,False,0.15268817204301074,0.0012742661089930607
magic_telescope,f1,gen_exponential,radial,0.22855282202363014,1.0,False,0.25591397849462366,0.0011869737850632722
magic_telescope,f1,gen_exponential,rational_quadratic,0.5698575973510742,1.0,False,0.12258064516129032,0.0007936008091012914
magic_telescope,f1,gen_exponential,rbf_gaussian,0.6120056137442589,1.0,False,0.10967741935483871,0.0005003623637509502
magic_telescope,f1,gen_exponential,shepard,0.685047073289752,1.0,False,0.08817204301075268,0.00013200173881089405
magic_telescope,f1,gen_exponential,sigmoidal,0.06056523136794567,1.0,False,0.3935483870967742,0.0035025011082050472
magic_telescope,f1,gen_exponential,softmax_radial,0.28008678182959557,1.0,False,0.23010752688172043,0.0024803085312207207
magic_telescope,f1,gen_exponential,student_t,0.370740607380867,1.0,False,0.1913978494623656,0.0017410706214741056
magic_telescope,f1,gen_exponential,wendland_c2,0.06666470877826214,1.0,False,0.3849462365591398,0.0029333271431044583
magic_telescope,f1,harmonic,inverse_multiquadratic,0.25343610532581806,1.0,False,-0.24301075268817204,-0.0017636275610030117
magic_telescope,f1,harmonic,laplacian,0.42795460671186447,1.0,False,-0.16989247311827957,-0.0010243896512563966
magic_telescope,f1,harmonic,logarithmic,0.42795460671186447,1.0,False,-0.16989247311827957,-0.0013709219579907117
magic_telescope,f1,harmonic,lorentzian,0.9032264724373817,1.0,False,0.02795698924731183,-1.0660668026796216e-05
magic_telescope,f1,harmonic,multiquadratic,0.00023163668811321259,0.04655897431075573,True,0.7290322580645161,0.005486403967262965
magic_telescope,f1,harmonic,quartic_spline,0.1641840822994709,1.0,False,-0.2946236559139785,-0.0022304320734840566
magic_telescope,f1,harmonic,radial,0.08793856762349606,1.0,False,-0.35913978494623655,-0.002317724397413845
magic_telescope,f1,harmonic,rational_quadratic,0.03231326680260798,1.0,False,-0.4630541871921182,-0.002711097373375826
magic_telescope,f1,harmonic,rbf_gaussian,0.036434996873140335,1.0,False,-0.43655913978494626,-0.003004335818726167
magic_telescope,f1,harmonic,shepard,0.019660815596580505,1.0,False,-0.4838709677419355,-0.0033726964436662232
magic_telescope,f1,harmonic,sigmoidal,0.981116590883351,1.0,False,-0.006535947712418301,-2.1970742720700542e-06
magic_telescope,f1,harmonic,softmax_radial,0.42795460671186447,1.0,False,-0.16989247311827957,-0.0010243896512563966
magic_telescope,f1,harmonic,student_t,0.25343610532581806,1.0,False,-0.24301075268817204,-0.0017636275610030117
magic_telescope,f1,harmonic,wendland_c2,0.7456546742469072,1.0,False,-0.07096774193548387,-0.000571371039372659
magic_telescope,f1,inverse_multiquadratic,laplacian,0.1563441156998108,1.0,False,0.31216931216931215,0.0007392379097466151
magic_telescope,f1,inverse_multiquadratic,logarithmic,0.09360337304408882,1.0,False,0.4502923976608187,0.00039270560301229995
magic_telescope,f1,inverse_multiquadratic,lorentzian,0.10483990423381329,1.0,False,0.3419354838709677,0.0017529668929762154
magic_telescope,f1,inverse_multiquadratic,multiquadratic,1.862645149230957e-09,3.91155481338501e-07,True,1.0,0.007250031528265977
magic_telescope,f1,inverse_multiquadratic,quartic_spline,0.6575663850187541,1.0,False,-0.09425287356321839,-0.00046680451248104493
magic_telescope,f1,inverse_multiquadratic,radial,0.5978077705949545,1.0,False,-0.11397849462365592,-0.0005540968364108334
magic_telescope,f1,inverse_multiquadratic,rational_quadratic,0.6120056137442589,1.0,False,-0.10967741935483871,-0.0009474698123728142
magic_telescope,f1,inverse_multiquadratic,rbf_gaussian,0.26545303243391527,1.0,False,-0.2367816091954023,-0.0012407082577231554
magic_telescope,f1,inverse_multiquadratic,shepard,0.5095698444848895,1.0,False,-0.14022988505747128,-0.0016090688826632116
magic_telescope,f1,inverse_multiquadratic,sigmoidal,0.28936620615422726,1.0,False,0.22580645161290322,0.0017614304867309416
magic_telescope,f1,inverse_multiquadratic,softmax_radial,0.1563441156998108,1.0,False,0.31216931216931215,0.0007392379097466151
magic_telescope,f1,inverse_multiquadratic,student_t,1.0,1.0,False,0.0,0.0
magic_telescope,f1,inverse_multiquadratic,wendland_c2,0.7303419969975948,1.0,False,0.07526881720430108,0.0011922565216303527
magic_telescope,f1,laplacian,logarithmic,0.3966787576604369,1.0,False,-0.19384615384615383,-0.0003465323067343151
magic_telescope,f1,laplacian,lorentzian,0.4427108127662316,1.0,False,0.1632183908045977,0.0010137289832296004
magic_telescope,f1,laplacian,multiquadratic,1.862645149230957e-09,3.91155481338501e-07,True,1.0,0.0065107936185193616
magic_telescope,f1,laplacian,quartic_spline,0.08351810256109068,1.0,False,-0.37438423645320196,-0.00120604242222766
magic_telescope,f1,laplacian,radial,0.4161298982799053,1.0,False,-0.17419354838709677,-0.0012933347461574485
magic_telescope,f1,laplacian,rational_quadratic,0.46454504504799843,1.0,False,-0.15698924731182795,-0.0016867077221194293
magic_telescope,f1,laplacian,rbf_gaussian,0.0803273618221283,1.0,False,-0.36774193548387096,-0.0019799461674697705
magic_telescope,f1,laplacian,shepard,0.26545303243391527,1.0,False,-0.2367816091954023,-0.0023483067924098266
magic_telescope,f1,laplacian,sigmoidal,0.4771064817905426,1.0,False,0.15268817204301074,0.0010221925769843265
magic_telescope,f1,laplacian,softmax_radial,1.0,1.0,False,0.0,0.0
magic_telescope,f1,laplacian,student_t,0.1563441156998108,1.0,False,-0.31216931216931215,-0.0007392379097466151
magic_telescope,f1,laplacian,wendland_c2,1.0,1.0,False,0.002150537634408602,0.0004530186118837376
magic_telescope,f1,logarithmic,lorentzian,0.21293285302817822,1.0,False,0.2645161290322581,0.0013602612899639155
magic_telescope,f1,logarithmic,multiquadratic,1.862645149230957e-09,3.91155481338501e-07,True,1.0,0.006857325925253677
magic_telescope,f1,logarithmic,quartic_spline,0.24550260452144101,1.0,False,-0.2512315270935961,-0.0008595101154933449
magic_telescope,f1,logarithmic,radial,0.42795460671186447,1.0,False,-0.16989247311827957,-0.0009468024394231334
magic_telescope,f1,logarithmic,rational_quadratic,0.5027610473334789,1.0,False,-0.14408602150537633,-0.0013401754153851142
magic_telescope,f1,logarithmic,rbf_gaussian,0.1641840822994709,1.0,False,-0.2946236559139785,-0.0016334138607354554
magic_telescope,f1,logarithmic,shepard,0.3469051394778403,1.0,False,-0.2,-0.0020017744856755115
magic_telescope,f1,logarithmic,sigmoidal,0.40449450351297855,1.0,False,0.17849462365591398,0.0013687248837186416
magic_telescope,f1,logarithmic,softmax_radial,0.3966787576604369,1.0,False,0.19384615384615383,0.0003465323067343151
magic_telescope,f1,logarithmic,student_t,0.09360337304408882,1.0,False,-0.4502923976608187,-0.00039270560301229995
magic_telescope,f1,logarithmic,wendland_c2,0.8871948085725307,1.0,False,0.03225806451612903,0.0007995509186180527
magic_telescope,f1,lorentzian,multiquadratic,0.00023163668811321259,0.04655897431075573,True,0.7290322580645161,0.005497064635289761
magic_telescope,f1,lorentzian,quartic_spline,0.140283040702343,1.0,False,-0.3118279569892473,-0.0022197714054572604
magic_telescope,f1,lorentzian,radial,0.18396909348666668,1.0,False,-0.2817204301075269,-0.002307063729387049
magic_telescope,f1,lorentzian,rational_quadratic,0.1459994912147522,1.0,False,-0.30752688172043013,-0.0027004367053490297
magic_telescope,f1,lorentzian,rbf_gaussian,0.007111456245183945,1.0,False,-0.5526881720430108,-0.002993675150699371
magic_telescope,f1,lorentzian,shepard,0.061427334379329415,1.0,False,-0.39770114942528734,-0.003362035775639427
magic_telescope,f1,lorentzian,sigmoidal,0.871207794174552,1.0,False,-0.03655913978494624,8.463593754726162e-06
magic_telescope,f1,lorentzian,softmax_radial,0.4427108127662316,1.0,False,-0.1632183908045977,-0.0010137289832296004
magic_telescope,f1,lorentzian,student_t,0.10483990423381329,1.0,False,-0.3419354838709677,-0.0017529668929762154
magic_telescope,f1,lorentzian,wendland_c2,0.9515264742076397,1.0,False,-0.015053763440860216,-0.0005607103713458628
magic_telescope,f1,multiquadratic,quartic_spline,1.862645149230957e-09,3.91155481338501e-07,True,-1.0,-0.0077168360407470216
magic_telescope,f1,multiquadratic,radial,0.001038169488310814,0.2014048807322979,False,-0.6602150537634408,-0.00780412836467681
magic_telescope,f1,multiquadratic,rational_quadratic,0.0007978975772857666,0.1555900275707245,False,-0.6731182795698925,-0.008197501340638791
magic_telescope,f1,multiquadratic,rbf_gaussian,1.862645149230957e-09,3.91155481338501e-07,True,-1.0,-0.008490739785989132
magic_telescope,f1,multiquadratic,shepard,0.00011058151721954346,0.02233746647834778,True,-0.7591397849462366,-0.008859100410929188
magic_telescope,f1,multiquadratic,sigmoidal,0.0003800932317972183,0.07525845989584923,False,-0.7075268817204301,-0.005488601041535035
magic_telescope,f1,multiquadratic,softmax_radial,1.862645149230957e-09,3.91155481338501e-07,True,-1.0,-0.0065107936185193616
magic_telescope,f1,multiquadratic,student_t,1.862645149230957e-09,3.91155481338501e-07,True,-1.0,-0.007250031528265977
magic_telescope,f1,multiquadratic,wendland_c2,0.023410143330693245,1.0,False,-0.47096774193548385,-0.006057775006635624
magic_telescope,f1,quartic_spline,radial,0.8871948085725307,1.0,False,-0.03225806451612903,-8.729232392978847e-05
magic_telescope,f1,quartic_spline,rational_quadratic,0.7303419969975948,1.0,False,-0.07526881720430108,-0.0004806652998917693
magic_telescope,f1,quartic_spline,rbf_gaussian,0.4521643426269293,1.0,False,-0.16129032258064516,-0.0007739037452421105
magic_telescope,f1,quartic_spline,shepard,0.6120056137442589,1.0,False,-0.10967741935483871,-0.0011422643701821666
magic_telescope,f1,quartic_spline,sigmoidal,0.10943205840885639,1.0,False,0.33763440860215055,0.0022282349992119865
magic_telescope,f1,quartic_spline,softmax_radial,0.08351810256109068,1.0,False,0.37438423645320196,0.00120604242222766
magic_telescope,f1,quartic_spline,student_t,0.6575663850187541,1.0,False,0.09425287356321839,0.00046680451248104493
magic_telescope,f1,quartic_spline,wendland_c2,0.6408254038542509,1.0,False,0.1010752688172043,0.0016590610341113976
magic_telescope,f1,radial,rational_quadratic,0.8552717231214046,1.0,False,-0.04086021505376344,-0.00039337297596198084
magic_telescope,f1,radial,rbf_gaussian,0.761065473780036,1.0,False,-0.06666666666666667,-0.000686611421312322
magic_telescope,f1,radial,shepard,0.4771064817905426,1.0,False,-0.15268817204301074,-0.0010549720462523782
magic_telescope,f1,radial,sigmoidal,0.0803273618221283,1.0,False,0.36774193548387096,0.002315527323141775
magic_telescope,f1,radial,softmax_radial,0.4161298982799053,1.0,False,0.17419354838709677,0.0012933347461574485
magic_telescope,f1,radial,student_t,0.5978077705949545,1.0,False,0.11397849462365592,0.0005540968364108334
magic_telescope,f1,radial,wendland_c2,0.338741784915328,1.0,False,0.20430107526881722,0.001746353358041186
magic_telescope,f1,rational_quadratic,rbf_gaussian,0.8871948085725307,1.0,False,-0.03225806451612903,-0.00029323844535034116
magic_telescope,f1,rational_quadratic,shepard,0.5561132747679949,1.0,False,-0.12688172043010754,-0.0006615990702903973
magic_telescope,f1,rational_quadratic,sigmoidal,0.036920787021227815,1.0,False,0.4436781609195402,0.002708900299103756
magic_telescope,f1,rational_quadratic,softmax_radial,0.46454504504799843,1.0,False,0.15698924731182795,0.0016867077221194293
magic_telescope,f1,rational_quadratic,student_t,0.6120056137442589,1.0,False,0.10967741935483871,0.0009474698123728142
magic_telescope,f1,rational_quadratic,wendland_c2,0.370740607380867,1.0,False,0.1913978494623656,0.002139726334003167
magic_telescope,f1,rbf_gaussian,shepard,0.7765688337385654,1.0,False,-0.06236559139784946,-0.00036836062494005617
magic_telescope,f1,rbf_gaussian,sigmoidal,0.036434996873140335,1.0,False,0.43655913978494626,0.003002138744454097
magic_telescope,f1,rbf_gaussian,softmax_radial,0.0803273618221283,1.0,False,0.36774193548387096,0.0019799461674697705
magic_telescope,f1,rbf_gaussian,student_t,0.26545303243391527,1.0,False,0.2367816091954023,0.0012407082577231554
magic_telescope,f1,rbf_gaussian,wendland_c2,0.42795460671186447,1.0,False,0.16989247311827957,0.002432964779353508
magic_telescope,f1,shepard,sigmoidal,0.023410143330693245,1.0,False,0.47096774193548385,0.003370499369394153
magic_telescope,f1,shepard,softmax_radial,0.26545303243391527,1.0,False,0.2367816091954023,0.0023483067924098266
magic_telescope,f1,shepard,student_t,0.5095698444848895,1.0,False,0.14022988505747128,0.0016090688826632116
magic_telescope,f1,shepard,wendland_c2,0.19092952087521553,1.0,False,0.27741935483870966,0.0028013254042935642
magic_telescope,f1,sigmoidal,softmax_radial,0.4771064817905426,1.0,False,-0.15268817204301074,-0.0010221925769843265
magic_telescope,f1,sigmoidal,student_t,0.28936620615422726,1.0,False,-0.22580645161290322,-0.0017614304867309416
magic_telescope,f1,sigmoidal,wendland_c2,0.7765688337385654,1.0,False,-0.06236559139784946,-0.0005691739651005889
magic_telescope,f1,softmax_radial,student_t,0.1563441156998108,1.0,False,-0.31216931216931215,-0.0007392379097466151
magic_telescope,f1,softmax_radial,wendland_c2,1.0,1.0,False,0.002150537634408602,0.0004530186118837376
magic_telescope,f1,student_t,wendland_c2,0.7303419969975948,1.0,False,0.07526881720430108,0.0011922565216303527
mfeat_factors,f1,attention,cauchy,1.0,1.0,False,0.0,0.0
mfeat_factors,f1,attention,cosine,0.2308933058586008,1.0,False,0.3216374269005848,0.0010787623411918634
mfeat_factors,f1,attention,cubic_spline,0.2308933058586008,1.0,False,0.3216374269005848,0.0010787623411918634
mfeat_factors,f1,attention,entropic,0.03891580423667747,1.0,False,0.43908045977011495,0.0038293088762129113
mfeat_factors,f1,attention,gen_exponential,0.07570473244625008,1.0,False,0.3842364532019704,0.003034908572087769
mfeat_factors,f1,attention,harmonic,0.06788915486182899,1.0,False,1.0,0.0008606038491094647
mfeat_factors,f1,attention,inverse_multiquadratic,0.35496807573849654,1.0,False,0.2037037037037037,0.0008571233325673777
mfeat_factors,f1,attention,laplacian,0.06788915486182899,1.0,False,1.0,0.0008606038491094647
mfeat_factors,f1,attention,logarithmic,0.35496807573849654,1.0,False,0.2037037037037037,0.0008571233325673777
mfeat_factors,f1,attention,lorentzian,0.84553420037293,1.0,False,0.04743083003952569,0.0004083446617119124
mfeat_factors,f1,attention,multiquadratic,0.015760763654602414,1.0,False,0.5633333333333334,0.002370392523997289
mfeat_factors,f1,attention,quartic_spline,0.2308933058586008,1.0,False,0.3216374269005848,0.0010787623411918634
mfeat_factors,f1,attention,radial,0.46871014932909294,1.0,False,0.18947368421052632,0.0007845196155438217
mfeat_factors,f1,attention,rational_quadratic,0.31731050786291415,1.0,False,-1.0,-0.00021210171747809703
mfeat_factors,f1,attention,rbf_gaussian,0.0629116833891078,1.0,False,0.46320346320346323,0.0021204743155057715
mfeat_factors,f1,attention,shepard,0.892738400944348,1.0,False,-0.06666666666666667,-0.0002063050450147319
mfeat_factors,f1,attention,sigmoidal,0.07098239607143315,1.0,False,0.3839080459770115,0.0031675160075235187
mfeat_factors,f1,attention,softmax_radial,0.06788915486182899,1.0,False,1.0,0.0008606038491094647
mfeat_factors,f1,attention,student_t,0.35496807573849654,1.0,False,0.2037037037037037,0.0008571233325673777
mfeat_factors,f1,attention,wendland_c2,0.2308933058586008,1.0,False,0.3216374269005848,0.0010787623411918634
mfeat_factors,f1,cauchy,cosine,0.2308933058586008,1.0,False,0.3216374269005848,0.0010787623411918634
mfeat_factors,f1,cauchy,cubic_spline,0.2308933058586008,1.0,False,0.3216374269005848,0.0010787623411918634
mfeat_factors,f1,cauchy,entropic,0.03891580423667747,1.0,False,0.43908045977011495,0.0038293088762129113
mfeat_factors,f1,cauchy,gen_exponential,0.07570473244625008,1.0,False,0.3842364532019704,0.003034908572087769
mfeat_factors,f1,cauchy,harmonic,0.06788915486182899,1.0,False,1.0,0.0008606038491094647
mfeat_factors,f1,cauchy,inverse_multiquadratic,0.35496807573849654,1.0,False,0.2037037037037037,0.0008571233325673777
mfeat_factors,f1,cauchy,laplacian,0.06788915486182899,1.0,False,1.0,0.0008606038491094647
mfeat_factors,f1,cauchy,logarithmic,0.35496807573849654,1.0,False,0.2037037037037037,0.0008571233325673777
mfeat_factors,f1,cauchy,lorentzian,0.84553420037293,1.0,False,0.04743083003952569,0.0004083446617119124
mfeat_factors,f1,cauchy,multiquadratic,0.015760763654602414,1.0,False,0.5633333333333334,0.002370392523997289
mfeat_factors,f1,cauchy,quartic_spline,0.2308933058586008,1.0,False,0.3216374269005848,0.0010787623411918634
mfeat_factors,f1,cauchy,radial,0.46871014932909294,1.0,False,0.18947368421052632,0.0007845196155438217
mfeat_factors,f1,cauchy,rational_quadratic,0.31731050786291415,1.0,False,-1.0,-0.00021210171747809703
mfeat_factors,f1,cauchy,rbf_gaussian,0.0629116833891078,1.0,False,0.46320346320346323,0.0021204743155057715
mfeat_factors,f1,cauchy,shepard,0.892738400944348,1.0,False,-0.06666666666666667,-0.0002063050450147319
mfeat_factors,f1,cauchy,sigmoidal,0.07098239607143315,1.0,False,0.3839080459770115,0.0031675160075235187
mfeat_factors,f1,cauchy,softmax_radial,0.06788915486182899,1.0,False,1.0,0.0008606038491094647
mfeat_factors,f1,cauchy,student_t,0.35496807573849654,1.0,False,0.2037037037037037,0.0008571233325673777
mfeat_factors,f1,cauchy,wendland_c2,0.2308933058586008,1.0,False,0.3216374269005848,0.0010787623411918634
mfeat_factors,f1,cosine,cubic_spline,1.0,1.0,False,0.0,0.0
mfeat_factors,f1,cosine,entropic,0.12413446232676506,1.0,False,0.3247311827956989,0.002750546535021048
mfeat_factors,f1,cosine,gen_exponential,0.270107301088801,1.0,False,0.23448275862068965,0.0019561462308959054
mfeat_factors,f1,cosine,harmonic,0.8646775535945274,1.0,False,-0.05,-0.00021815849208239868
mfeat_factors,f1,cosine,inverse_multiquadratic,0.8853820274047068,1.0,False,0.031746031746031744,-0.0002216390086244857
mfeat_factors,f1,cosine,laplacian,0.8646775535945274,1.0,False,-0.05,-0.00021815849208239868
mfeat_factors,f1,cosine,logarithmic,0.8853820274047068,1.0,False,0.031746031746031744,-0.0002216390086244857
mfeat_factors,f1,cosine,lorentzian,0.5937563483512447,1.0,False,-0.11965811965811966,-0.000670417679479951
mfeat_factors,f1,cosine,multiquadratic,0.10894087157711467,1.0,False,0.45588235294117646,0.0012916301828054255
mfeat_factors,f1,cosine,quartic_spline,1.0,1.0,False,0.0,0.0
mfeat_factors,f1,cosine,radial,0.10880943004054568,1.0,False,-1.0,-0.00029424272564804177
mfeat_factors,f1,cosine,rational_quadratic,0.17110876066615333,1.0,False,-0.35789473684210527,-0.0012908640586699605
mfeat_factors,f1,cosine,rbf_gaussian,0.4235963177660037,1.0,False,0.1794871794871795,0.001041711974313908
mfeat_factors,f1,cosine,shepard,0.0907988033216154,1.0,False,-0.4421052631578947,-0.0012850673862065953
mfeat_factors,f1,cosine,sigmoidal,0.20540969260036945,1.0,False,0.26881720430107525,0.0020887536663316553
mfeat_factors,f1,cosine,softmax_radial,0.8646775535945274,1.0,False,-0.05,-0.00021815849208239868
mfeat_factors,f1,cosine,student_t,0.8853820274047068,1.0,False,0.031746031746031744,-0.0002216390086244857
mfeat_factors,f1,cosine,wendland_c2,1.0,1.0,False,0.0,0.0
mfeat_factors,f1,cubic_spline,entropic,0.12413446232676506,1.0,False,0.3247311827956989,0.002750546535021048
mfeat_factors,f1,cubic_spline,gen_exponential,0.270107301088801,1.0,False,0.23448275862068965,0.0019561462308959054
mfeat_factors,f1,cubic_spline,harmonic,0.8646775535945274,1.0,False,-0.05,-0.00021815849208239868
mfeat_factors,f1,cubic_spline,inverse_multiquadratic,0.8853820274047068,1.0,False,0.031746031746031744,-0.0002216390086244857
mfeat_factors,f1,cubic_spline,laplacian,0.8646775535945274,1.0,False,-0.05,-0.00021815849208239868
mfeat_factors,f1,cubic_spline,logarithmic,0.8853820274047068,1.0,False,0.031746031746031744,-0.0002216390086244857
mfeat_factors,f1,cubic_spline,lorentzian,0.5937563483512447,1.0,False,-0.11965811965811966,-0.000670417679479951
mfeat_factors,f1,cubic_spline,multiquadratic,0.10894087157711467,1.0,False,0.45588235294117646,0.0012916301828054255
mfeat_factors,f1,cubic_spline,quartic_spline,1.0,1.0,False,0.0,0.0
mfeat_factors,f1,cubic_spline,radial,0.10880943004054568,1.0,False,-1.0,-0.00029424272564804177
mfeat_factors,f1,cubic_spline,rational_quadratic,0.17110876066615333,1.0,False,-0.35789473684210527,-0.0012908640586699605
mfeat_factors,f1,cubic_spline,rbf_gaussian,0.4235963177660037,1.0,False,0.1794871794871795,0.001041711974313908
mfeat_factors,f1,cubic_spline,shepard,0.0907988033216154,1.0,False,-0.4421052631578947,-0.0012850673862065953
mfeat_factors,f1,cubic_spline,sigmoidal,0.20540969260036945,1.0,False,0.26881720430107525,0.0020887536663316553
mfeat_factors,f1,cubic_spline,softmax_radial,0.8646775535945274,1.0,False,-0.05,-0.00021815849208239868
mfeat_factors,f1,cubic_spline,student_t,0.8853820274047068,1.0,False,0.031746031746031744,-0.0002216390086244857
mfeat_factors,f1,cubic_spline,wendland_c2,1.0,1.0,False,0.0,0.0
mfeat_factors,f1,entropic,gen_exponential,0.9032264724373817,1.0,False,-0.02795698924731183,-0.0007944003041251424
mfeat_factors,f1,entropic,harmonic,0.13287607844186575,1.0,False,-0.3195402298850575,-0.0029687050271034465
mfeat_factors,f1,entropic,inverse_multiquadratic,0.04358085639260924,1.0,False,-0.4444444444444444,-0.0029721855436455336
mfeat_factors,f1,entropic,laplacian,0.13287607844186575,1.0,False,-0.3195402298850575,-0.0029687050271034465
mfeat_factors,f1,entropic,logarithmic,0.04358085639260924,1.0,False,-0.4444444444444444,-0.0029721855436455336
mfeat_factors,f1,entropic,lorentzian,0.08190091552410375,1.0,False,-0.3903133903133903,-0.003420964214500999
mfeat_factors,f1,entropic,multiquadratic,0.46883416943806333,1.0,False,-0.15402298850574714,-0.0014589163522156223
mfeat_factors,f1,entropic,quartic_spline,0.12413446232676506,1.0,False,-0.3247311827956989,-0.002750546535021048
mfeat_factors,f1,entropic,radial,0.07324407435953617,1.0,False,-0.3763440860215054,-0.0030447892606690896
mfeat_factors,f1,entropic,rational_quadratic,0.026661184986825355,1.0,False,-0.47126436781609193,-0.004041410593691008
mfeat_factors,f1,entropic,rbf_gaussian,0.23013934044341644,1.0,False,-0.28,-0.0017088345607071398
mfeat_factors,f1,entropic,shepard,0.02384046276761837,1.0,False,-0.4804597701149425,-0.004035613921227643
mfeat_factors,f1,entropic,sigmoidal,0.10880943004054568,1.0,False,-1.0,-0.0006617928686893926
mfeat_factors,f1,entropic,softmax_radial,0.13287607844186575,1.0,False,-0.3195402298850575,-0.0029687050271034465
mfeat_factors,f1,entropic,student_t,0.04358085639260924,1.0,False,-0.4444444444444444,-0.0029721855436455336
mfeat_factors,f1,entropic,wendland_c2,0.12413446232676506,1.0,False,-0.3247311827956989,-0.002750546535021048
mfeat_factors,f1,gen_exponential,harmonic,0.23861149139196747,1.0,False,-0.25057471264367814,-0.002174304722978304
mfeat_factors,f1,gen_exponential,inverse_multiquadratic,0.2988441474735737,1.0,False,-0.221505376344086,-0.002177785239520391
mfeat_factors,f1,gen_exponential,laplacian,0.23861149139196747,1.0,False,-0.25057471264367814,-0.002174304722978304
mfeat_factors,f1,gen_exponential,logarithmic,0.2988441474735737,1.0,False,-0.221505376344086,-0.002177785239520391
mfeat_factors,f1,gen_exponential,lorentzian,0.12798468774882102,1.0,False,-0.31827956989247314,-0.0026265639103758565
mfeat_factors,f1,gen_exponential,multiquadratic,0.8643879403860739,1.0,False,-0.03694581280788178,-0.0006645160480904799
mfeat_factors,f1,gen_exponential,quartic_spline,0.270107301088801,1.0,False,-0.23448275862068965,-0.0019561462308959054
mfeat_factors,f1,gen_exponential,radial,0.18001240706239563,1.0,False,-0.2850574712643678,-0.002250388956543947
mfeat_factors,f1,gen_exponential,rational_quadratic,0.04757850903792886,1.0,False,-0.42857142857142855,-0.003247010289565866
mfeat_factors,f1,gen_exponential,rbf_gaussian,0.4898460879921913,1.0,False,-0.14838709677419354,-0.0009144342565819974
mfeat_factors,f1,gen_exponential,shepard,0.041013598292071844,1.0,False,-0.43448275862068964,-0.0032412136171025008
mfeat_factors,f1,gen_exponential,sigmoidal,0.9676735773682594,1.0,False,-0.010752688172043012,0.00013260743543574982
mfeat_factors,f1,gen_exponential,softmax_radial,0.23861149139196747,1.0,False,-0.25057471264367814,-0.002174304722978304
mfeat_factors,f1,gen_exponential,student_t,0.2988441474735737,1.0,False,-0.221505376344086,-0.002177785239520391
mfeat_factors,f1,gen_exponential,wendland_c2,0.270107301088801,1.0,False,-0.23448275862068965,-0.0019561462308959054
mfeat_factors,f1,harmonic,inverse_multiquadratic,0.9291670099771987,1.0,False,0.019943019943019943,-3.480516542087031e-06
mfeat_factors,f1,harmonic,laplacian,1.0,1.0,False,0.0,0.0
mfeat_factors,f1,harmonic,logarithmic,0.9291670099771987,1.0,False,0.019943019943019943,-3.480516542087031e-06
mfeat_factors,f1,harmonic,lorentzian,0.34638316668774216,1.0,False,-0.22924901185770752,-0.00045225918739755233
mfeat_factors,f1,harmonic,multiquadratic,0.09138675473528256,1.0,False,0.40217391304347827,0.0015097886748878242
mfeat_factors,f1,harmonic,quartic_spline,0.8646775535945274,1.0,False,0.05,0.00021815849208239868
mfeat_factors,f1,harmonic,radial,0.7563294291891599,1.0,False,-0.08823529411764706,-7.608423356564309e-05
mfeat_factors,f1,harmonic,rational_quadratic,0.043114446783075355,1.0,False,-1.0,-0.0010727055665875618
mfeat_factors,f1,harmonic,rbf_gaussian,0.291300633789112,1.0,False,0.25691699604743085,0.0012598704663963067
mfeat_factors,f1,harmonic,shepard,0.09289194088370532,1.0,False,-0.6666666666666666,-0.0010669088941241966
mfeat_factors,f1,harmonic,sigmoidal,0.24732340548215515,1.0,False,0.24597701149425288,0.002306912158414054
mfeat_factors,f1,harmonic,softmax_radial,1.0,1.0,False,0.0,0.0
mfeat_factors,f1,harmonic,student_t,0.9291670099771987,1.0,False,0.019943019943019943,-3.480516542087031e-06
mfeat_factors,f1,harmonic,wendland_c2,0.8646775535945274,1.0,False,0.05,0.00021815849208239868
mfeat_factors,f1,inverse_multiquadratic,laplacian,0.9291670099771987,1.0,False,-0.019943019943019943,3.480516542087031e-06
mfeat_factors,f1,inverse_multiquadratic,logarithmic,1.0,1.0,False,0.0,0.0
mfeat_factors,f1,inverse_multiquadratic,lorentzian,0.6658991205901892,1.0,False,-0.09686609686609686,-0.0004487786708554653
mfeat_factors,f1,inverse_multiquadratic,multiquadratic,0.369525330084544,1.0,False,0.19080459770114944,0.0015132691914299112
mfeat_factors,f1,inverse_multiquadratic,quartic_spline,0.8853820274047068,1.0,False,-0.031746031746031744,0.0002216390086244857
mfeat_factors,f1,inverse_multiquadratic,radial,0.7508834218468307,1.0,False,-0.07122507122507123,-7.260371702355606e-05
mfeat_factors,f1,inverse_multiquadratic,rational_quadratic,0.23903793976829146,1.0,False,-0.25925925925925924,-0.0010692250500454747
mfeat_factors,f1,inverse_multiquadratic,rbf_gaussian,0.4691625250282967,1.0,False,0.1623931623931624,0.0012633509829383938
mfeat_factors,f1,inverse_multiquadratic,shepard,0.29179773521785124,1.0,False,-0.23646723646723647,-0.0010634283775821096
mfeat_factors,f1,inverse_multiquadratic,sigmoidal,0.1331961512399312,1.0,False,0.3306878306878307,0.002310392674956141
mfeat_factors,f1,inverse_multiquadratic,softmax_radial,0.9291670099771987,1.0,False,-0.019943019943019943,3.480516542087031e-06
mfeat_factors,f1,inverse_multiquadratic,student_t,1.0,1.0,False,0.0,0.0
mfeat_factors,f1,inverse_multiquadratic,wendland_c2,0.8853820274047068,1.0,False,-0.031746031746031744,0.0002216390086244857
mfeat_factors,f1,laplacian,logarithmic,0.9291670099771987,1.0,False,0.019943019943019943,-3.480516542087031e-06
mfeat_factors,f1,laplacian,lorentzian,0.34638316668774216,1.0,False,-0.22924901185770752,-0.00045225918739755233
mfeat_factors,f1,laplacian,multiquadratic,0.09138675473528256,1.0,False,0.40217391304347827,0.0015097886748878242
mfeat_factors,f1,laplacian,quartic_spline,0.8646775535945274,1.0,False,0.05,0.00021815849208239868
mfeat_factors,f1,laplacian,radial,0.7563294291891599,1.0,False,-0.08823529411764706,-7.608423356564309e-05
mfeat_factors,f1,laplacian,rational_quadratic,0.043114446783075355,1.0,False,-1.0,-0.0010727055665875618
mfeat_factors,f1,laplacian,rbf_gaussian,0.291300633789112,1.0,False,0.25691699604743085,0.0012598704663963067
mfeat_factors,f1,laplacian,shepard,0.09289194088370532,1.0,False,-0.6666666666666666,-0.0010669088941241966
mfeat_factors,f1,laplacian,sigmoidal,0.24732340548215515,1.0,False,0.24597701149425288,0.002306912158414054
mfeat_factors,f1,laplacian,softmax_radial,1.0,1.0,False,0.0,0.0
mfeat_factors,f1,laplacian,student_t,0.9291670099771987,1.0,False,0.019943019943019943,-3.480516542087031e-06
mfeat_factors,f1,laplacian,wendland_c2,0.8646775535945274,1.0,False,0.05,0.00021815849208239868
mfeat_factors,f1,logarithmic,lorentzian,0.6658991205901892,1.0,False,-0.09686609686609686,-0.0004487786708554653
mfeat_factors,f1,logarithmic,multiquadratic,0.369525330084544,1.0,False,0.19080459770114944,0.0015132691914299112
mfeat_factors,f1,logarithmic,quartic_spline,0.8853820274047068,1.0,False,-0.031746031746031744,0.0002216390086244857
mfeat_factors,f1,logarithmic,radial,0.7508834218468307,1.0,False,-0.07122507122507123,-7.260371702355606e-05
mfeat_factors,f1,logarithmic,rational_quadratic,0.23903793976829146,1.0,False,-0.25925925925925924,-0.0010692250500454747
mfeat_factors,f1,logarithmic,rbf_gaussian,0.4691625250282967,1.0,False,0.1623931623931624,0.0012633509829383938
mfeat_factors,f1,logarithmic,shepard,0.29179773521785124,1.0,False,-0.23646723646723647,-0.0010634283775821096
mfeat_factors,f1,logarithmic,sigmoidal,0.1331961512399312,1.0,False,0.3306878306878307,0.002310392674956141
mfeat_factors,f1,logarithmic,softmax_radial,0.9291670099771987,1.0,False,-0.019943019943019943,3.480516542087031e-06
mfeat_factors,f1,logarithmic,student_t,1.0,1.0,False,0.0,0.0
mfeat_factors,f1,logarithmic,wendland_c2,0.8853820274047068,1.0,False,-0.031746031746031744,0.0002216390086244857
mfeat_factors,f1,lorentzian,multiquadratic,0.07800127936744676,1.0,False,0.40307692307692305,0.0019620478622853765
mfeat_factors,f1,lorentzian,quartic_spline,0.5937563483512447,1.0,False,0.11965811965811966,0.000670417679479951
mfeat_factors,f1,lorentzian,radial,0.7823119535949844,1.0,False,0.06084656084656084,0.00037617495383190924
mfeat_factors,f1,lorentzian,rational_quadratic,0.5809311149850709,1.0,False,-0.13438735177865613,-0.0006204463791900094
mfeat_factors,f1,lorentzian,rbf_gaussian,0.12081974368228639,1.0,False,0.3695652173913043,0.001712129653793859
mfeat_factors,f1,lorentzian,shepard,0.34093727766673354,1.0,False,-0.24285714285714285,-0.0006146497067266443
mfeat_factors,f1,lorentzian,sigmoidal,0.15866144982356878,1.0,False,0.3162393162393162,0.0027591713458116063
mfeat_factors,f1,lorentzian,softmax_radial,0.34638316668774216,1.0,False,0.22924901185770752,0.00045225918739755233
mfeat_factors,f1,lorentzian,student_t,0.6658991205901892,1.0,False,0.09686609686609686,0.0004487786708554653
mfeat_factors,f1,lorentzian,wendland_c2,0.5937563483512447,1.0,False,0.11965811965811966,0.000670417679479951
mfeat_factors,f1,multiquadratic,quartic_spline,0.10894087157711467,1.0,False,-0.45588235294117646,-0.0012916301828054255
mfeat_factors,f1,multiquadratic,radial,0.06837655952437323,1.0,False,-0.5032679738562091,-0.0015858729084534673
mfeat_factors,f1,multiquadratic,rational_quadratic,0.015760763654602414,1.0,False,-0.5633333333333334,-0.002582494241475386
mfeat_factors,f1,multiquadratic,rbf_gaussian,0.9808326681373396,1.0,False,0.005291005291005291,-0.00024991820849151747
mfeat_factors,f1,multiquadratic,shepard,0.009315170140349287,1.0,False,-0.6066666666666667,-0.002576697569012021
mfeat_factors,f1,multiquadratic,sigmoidal,0.7538731576897046,1.0,False,0.06666666666666667,0.0007971234835262297
mfeat_factors,f1,multiquadratic,softmax_radial,0.09138675473528256,1.0,False,-0.40217391304347827,-0.0015097886748878242
mfeat_factors,f1,multiquadratic,student_t,0.369525330084544,1.0,False,-0.19080459770114944,-0.0015132691914299112
mfeat_factors,f1,multiquadratic,wendland_c2,0.10894087157711467,1.0,False,-0.45588235294117646,-0.0012916301828054255
mfeat_factors,f1,quartic_spline,radial,0.10880943004054568,1.0,False,-1.0,-0.00029424272564804177
mfeat_factors,f1,quartic_spline,rational_quadratic,0.17110876066615333,1.0,False,-0.35789473684210527,-0.0012908640586699605
mfeat_factors,f1,quartic_spline,rbf_gaussian,0.4235963177660037,1.0,False,0.1794871794871795,0.001041711974313908
mfeat_factors,f1,quartic_spline,shepard,0.0907988033216154,1.0,False,-0.4421052631578947,-0.0012850673862065953
mfeat_factors,f1,quartic_spline,sigmoidal,0.20540969260036945,1.0,False,0.26881720430107525,0.0020887536663316553
mfeat_factors,f1,quartic_spline,softmax_radial,0.8646775535945274,1.0,False,-0.05,-0.00021815849208239868
mfeat_factors,f1,quartic_spline,student_t,0.8853820274047068,1.0,False,0.031746031746031744,-0.0002216390086244857
mfeat_factors,f1,quartic_spline,wendland_c2,1.0,1.0,False,0.0,0.0
mfeat_factors,f1,radial,rational_quadratic,0.3505305275397754,1.0,False,-0.23809523809523808,-0.0009966213330219187
mfeat_factors,f1,radial,rbf_gaussian,0.29037894435760625,1.0,False,0.2328042328042328,0.0013359546999619498
mfeat_factors,f1,radial,shepard,0.2787135768966976,1.0,False,-0.2761904761904762,-0.0009908246605585536
mfeat_factors,f1,radial,sigmoidal,0.12935307621955872,1.0,False,0.3204301075268817,0.002382996391979697
mfeat_factors,f1,radial,softmax_radial,0.7563294291891599,1.0,False,0.08823529411764706,7.608423356564309e-05
mfeat_factors,f1,radial,student_t,0.7508834218468307,1.0,False,0.07122507122507123,7.260371702355606e-05
mfeat_factors,f1,radial,wendland_c2,0.10880943004054568,1.0,False,1.0,0.00029424272564804177
mfeat_factors,f1,rational_quadratic,rbf_gaussian,0.032523370792698444,1.0,False,0.5324675324675324,0.0023325760329838685
mfeat_factors,f1,rational_quadratic,shepard,1.0,1.0,False,0.0,5.796672463365127e-06
mfeat_factors,f1,rational_quadratic,sigmoidal,0.05565731931148773,1.0,False,0.4068965517241379,0.0033796177250016157
mfeat_factors,f1,rational_quadratic,softmax_radial,0.043114446783075355,1.0,False,1.0,0.0010727055665875618
mfeat_factors,f1,rational_quadratic,student_t,0.23903793976829146,1.0,False,0.25925925925925924,0.0010692250500454747
mfeat_factors,f1,rational_quadratic,wendland_c2,0.17110876066615333,1.0,False,0.35789473684210527,0.0012908640586699605
mfeat_factors,f1,rbf_gaussian,shepard,0.03652861827350069,1.0,False,-0.5333333333333333,-0.0023267793605205034
mfeat_factors,f1,rbf_gaussian,sigmoidal,0.5485062355001472,1.0,False,0.14,0.0010470416920177472
mfeat_factors,f1,rbf_gaussian,softmax_radial,0.291300633789112,1.0,False,-0.25691699604743085,-0.0012598704663963067
mfeat_factors,f1,rbf_gaussian,student_t,0.4691625250282967,1.0,False,-0.1623931623931624,-0.0012633509829383938
mfeat_factors,f1,rbf_gaussian,wendland_c2,0.4235963177660037,1.0,False,-0.1794871794871795,-0.001041711974313908
mfeat_factors,f1,shepard,sigmoidal,0.0614197499953965,1.0,False,0.39770114942528734,0.0033738210525382506
mfeat_factors,f1,shepard,softmax_radial,0.09289194088370532,1.0,False,0.6666666666666666,0.0010669088941241966
mfeat_factors,f1,shepard,student_t,0.29179773521785124,1.0,False,0.23646723646723647,0.0010634283775821096
mfeat_factors,f1,shepard,wendland_c2,0.0907988033216154,1.0,False,0.4421052631578947,0.0012850673862065953
mfeat_factors,f1,sigmoidal,softmax_radial,0.24732340548215515,1.0,False,-0.24597701149425288,-0.002306912158414054
mfeat_factors,f1,sigmoidal,student_t,0.1331961512399312,1.0,False,-0.3306878306878307,-0.002310392674956141
mfeat_factors,f1,sigmoidal,wendland_c2,0.20540969260036945,1.0,False,-0.26881720430107525,-0.0020887536663316553
mfeat_factors,f1,softmax_radial,student_t,0.9291670099771987,1.0,False,0.019943019943019943,-3.480516542087031e-06
mfeat_factors,f1,softmax_radial,wendland_c2,0.8646775535945274,1.0,False,0.05,0.00021815849208239868
mfeat_factors,f1,student_t,wendland_c2,0.8853820274047068,1.0,False,-0.031746031746031744,0.0002216390086244857
mfeat_fourier,f1,attention,cauchy,0.001053202619987542,0.10426705937876667,False,-0.696551724137931,-0.006892569909987545
mfeat_fourier,f1,attention,cosine,4.421919584274292e-06,0.0006986632943153381,True,0.8666666666666667,0.022874168142394735
mfeat_fourier,f1,attention,cubic_spline,4.421919584274292e-06,0.0006986632943153381,True,0.8666666666666667,0.022874168142394735
mfeat_fourier,f1,attention,entropic,0.054921628907322884,1.0,False,-0.4021505376344086,-0.007834602598731477
mfeat_fourier,f1,attention,gen_exponential,0.015460003167390823,0.9894402027130127,False,-0.5010752688172043,-0.01018751544403651
mfeat_fourier,f1,attention,harmonic,0.0013967480890075116,0.1326910684557136,False,0.8823529411764706,0.0024582690168591936
mfeat_fourier,f1,attention,inverse_multiquadratic,0.027741437777876854,1.0,False,-0.45806451612903226,-0.004168662299827819
mfeat_fourier,f1,attention,laplacian,9.90256667137146e-05,0.011982105672359467,True,-0.7634408602150538,-0.013687933648591222
mfeat_fourier,f1,attention,logarithmic,0.036434996873140335,1.0,False,-0.43655913978494626,-0.003900414206637004
mfeat_fourier,f1,attention,lorentzian,0.005857017224621497,0.4451333090712338,False,-0.6182336182336182,-0.003855337519803048
mfeat_fourier,f1,attention,multiquadratic,0.00466480478644371,0.37946330503790204,False,0.578494623655914,0.006367954499668316
mfeat_fourier,f1,attention,quartic_spline,4.421919584274292e-06,0.0006986632943153381,True,0.8666666666666667,0.022874168142394735
mfeat_fourier,f1,attention,radial,6.146728992462158e-08,1.1801719665527344e-05,True,-0.9612903225806452,-0.01874638512044391
mfeat_fourier,f1,attention,rational_quadratic,0.0003453871103895158,0.03695642081167819,True,-0.7609195402298851,-0.007782351738425675
mfeat_fourier,f1,attention,rbf_gaussian,3.1478703022003174e-07,5.571730434894562e-05,True,-0.9311827956989247,-0.014854530809357502
mfeat_fourier,f1,attention,shepard,6.621813018725804e-05,0.00807861188284548,True,-0.8482758620689655,-0.011898134548191108
mfeat_fourier,f1,attention,sigmoidal,1.3966113328933716e-05,0.0018854252994060516,True,-0.832258064516129,-0.015396838803658608
mfeat_fourier,f1,attention,softmax_radial,9.90256667137146e-05,0.011982105672359467,True,-0.7634408602150538,-0.013687933648591222
mfeat_fourier,f1,attention,student_t,0.01283373311161995,0.8855275847017765,False,-0.513978494623656,-0.004581516401868768
mfeat_fourier,f1,attention,wendland_c2,4.421919584274292e-06,0.0006986632943153381,True,0.8666666666666667,0.022874168142394735
mfeat_fourier,f1,cauchy,cosine,3.1478703022003174e-07,5.571730434894562e-05,True,0.9311827956989247,0.02976673805238228
mfeat_fourier,f1,cauchy,cubic_spline,3.1478703022003174e-07,5.571730434894562e-05,True,0.9311827956989247,0.02976673805238228
mfeat_fourier,f1,cauchy,entropic,0.7303419969975948,1.0,False,-0.07526881720430108,-0.0009420326887439323
mfeat_fourier,f1,cauchy,gen_exponential,0.3492113798856735,1.0,False,-0.2,-0.0032949455340489653
mfeat_fourier,f1,cauchy,harmonic,0.00023163668811321259,0.025248399004340172,True,0.7290322580645161,0.009350838926846738
mfeat_fourier,f1,cauchy,inverse_multiquadratic,0.0011841930356640954,0.11486672445941726,False,0.8954248366013072,0.002723907610159726
mfeat_fourier,f1,cauchy,laplacian,0.06056523136794567,1.0,False,-0.3935483870967742,-0.006795363738603677
mfeat_fourier,f1,cauchy,logarithmic,0.0011841930356640954,0.11486672445941726,False,0.8954248366013072,0.002992155703350541
mfeat_fourier,f1,cauchy,lorentzian,0.04320018979244315,1.0,False,0.4298850574712644,0.0030372323901844966
mfeat_fourier,f1,cauchy,multiquadratic,1.991167664527893e-06,0.00033053383231163025,True,0.8881720430107527,0.01326052440965586
mfeat_fourier,f1,cauchy,quartic_spline,3.1478703022003174e-07,5.571730434894562e-05,True,0.9311827956989247,0.02976673805238228
mfeat_fourier,f1,cauchy,radial,0.00031275488436222076,0.03377752751111984,True,-0.7161290322580646,-0.011853815210456364
mfeat_fourier,f1,cauchy,rational_quadratic,0.537722120370485,1.0,False,-0.1310344827586207,-0.0008897818284381298
mfeat_fourier,f1,cauchy,rbf_gaussian,0.00466480478644371,0.37946330503790204,False,-0.578494623655914,-0.007961960899369958
mfeat_fourier,f1,cauchy,shepard,0.004627601280950025,0.37946330503790204,False,-0.6353276353276354,-0.0050055646382035635
mfeat_fourier,f1,cauchy,sigmoidal,0.00993151031434536,0.7051372323185205,False,-0.5311827956989247,-0.008504268893671063
mfeat_fourier,f1,cauchy,softmax_radial,0.06056523136794567,1.0,False,-0.3935483870967742,-0.006795363738603677
mfeat_fourier,f1,cauchy,student_t,0.003772239574473987,0.3281848429792369,False,0.85,0.0023110535081187766
mfeat_fourier,f1,cauchy,wendland_c2,3.1478703022003174e-07,5.571730434894562e-05,True,0.9311827956989247,0.02976673805238228
mfeat_fourier,f1,cosine,cubic_spline,1.0,1.0,False,0.0,0.0
mfeat_fourier,f1,cosine,entropic,0.00011058151721954346,0.013048619031906128,True,-0.7591397849462366,-0.030708770741126212
mfeat_fourier,f1,cosine,gen_exponential,5.144625902175903e-06,0.0007922723889350891,True,-0.8623655913978494,-0.033061683586431245
mfeat_fourier,f1,cosine,harmonic,3.049522638320923e-05,0.004055865108966827,True,-0.8064516129032258,-0.02041589912553554
mfeat_fourier,f1,cosine,inverse_multiquadratic,5.144625902175903e-06,0.0007922723889350891,True,-0.8623655913978494,-0.027042830442222554
mfeat_fourier,f1,cosine,laplacian,1.6391277313232422e-07,3.065168857574463e-05,True,-0.9440860215053763,-0.03656210179098596
mfeat_fourier,f1,cosine,logarithmic,5.144625902175903e-06,0.0007922723889350891,True,-0.8623655913978494,-0.02677458234903174
mfeat_fourier,f1,cosine,lorentzian,3.2391399145126343e-06,0.000531218945980072,True,-0.875268817204301,-0.026729505662197783
mfeat_fourier,f1,cosine,multiquadratic,0.023410143330693245,1.0,False,-0.47096774193548385,-0.01650621364272642
mfeat_fourier,f1,cosine,quartic_spline,1.0,1.0,False,0.0,0.0
mfeat_fourier,f1,cosine,radial,3.725290298461914e-09,7.7858567237854e-07,True,-0.9956989247311828,-0.041620553262838644
mfeat_fourier,f1,cosine,rational_quadratic,3.1478703022003174e-07,5.571730434894562e-05,True,-0.9311827956989247,-0.03065651988082041
mfeat_fourier,f1,cosine,rbf_gaussian,9.313225746154785e-09,1.8905848264694214e-06,True,-0.9870967741935484,-0.03772869895175224
mfeat_fourier,f1,cosine,shepard,1.862645149230957e-08,3.688037395477295e-06,True,-0.978494623655914,-0.03477230269058584
mfeat_fourier,f1,cosine,sigmoidal,1.0244548320770264e-07,1.9567087292671204e-05,True,-0.9526881720430107,-0.03827100694605334
mfeat_fourier,f1,cosine,softmax_radial,1.6391277313232422e-07,3.065168857574463e-05,True,-0.9440860215053763,-0.03656210179098596
mfeat_fourier,f1,cosine,student_t,5.144625902175903e-06,0.0007922723889350891,True,-0.8623655913978494,-0.027455684544263503
mfeat_fourier,f1,cosine,wendland_c2,1.0,1.0,False,0.0,0.0
mfeat_fourier,f1,cubic_spline,entropic,0.00011058151721954346,0.013048619031906128,True,-0.7591397849462366,-0.030708770741126212
mfeat_fourier,f1,cubic_spline,gen_exponential,5.144625902175903e-06,0.0007922723889350891,True,-0.8623655913978494,-0.033061683586431245
mfeat_fourier,f1,cubic_spline,harmonic,3.049522638320923e-05,0.004055865108966827,True,-0.8064516129032258,-0.02041589912553554
mfeat_fourier,f1,cubic_spline,inverse_multiquadratic,5.144625902175903e-06,0.0007922723889350891,True,-0.8623655913978494,-0.027042830442222554
mfeat_fourier,f1,cubic_spline,laplacian,1.6391277313232422e-07,3.065168857574463e-05,True,-0.9440860215053763,-0.03656210179098596
mfeat_fourier,f1,cubic_spline,logarithmic,5.144625902175903e-06,0.0007922723889350891,True,-0.8623655913978494,-0.02677458234903174
mfeat_fourier,f1,cubic_spline,lorentzian,3.2391399145126343e-06,0.000531218945980072,True,-0.875268817204301,-0.026729505662197783
mfeat_fourier,f1,cubic_spline,multiquadratic,0.023410143330693245,1.0,False,-0.47096774193548385,-0.01650621364272642
mfeat_fourier,f1,cubic_spline,quartic_spline,1.0,1.0,False,0.0,0.0
mfeat_fourier,f1,cubic_spline,radial,3.725290298461914e-09,7.7858567237854e-07,True,-0.9956989247311828,-0.041620553262838644
mfeat_fourier,f1,cubic_spline,rational_quadratic,3.1478703022003174e-07,5.571730434894562e-05,True,-0.9311827956989247,-0.03065651988082041
mfeat_fourier,f1,cubic_spline,rbf_gaussian,9.313225746154785e-09,1.8905848264694214e-06,True,-0.9870967741935484,-0.03772869895175224
mfeat_fourier,f1,cubic_spline,shepard,1.862645149230957e-08,3.688037395477295e-06,True,-0.978494623655914,-0.03477230269058584
mfeat_fourier,f1,cubic_spline,sigmoidal,1.0244548320770264e-07,1.9567087292671204e-05,True,-0.9526881720430107,-0.03827100694605334
mfeat_fourier,f1,cubic_spline,softmax_radial,1.6391277313232422e-07,3.065168857574463e-05,True,-0.9440860215053763,-0.03656210179098596
mfeat_fourier,f1,cubic_spline,student_t,5.144625902175903e-06,0.0007922723889350891,True,-0.8623655913978494,-0.027455684544263503
mfeat_fourier,f1,cubic_spline,wendland_c2,1.0,1.0,False,0.0,0.0
mfeat_fourier,f1,entropic,gen_exponential,0.17719271034002304,1.0,False,-0.2860215053763441,-0.002352912845305033
mfeat_fourier,f1,entropic,harmonic,0.017453668639063835,1.0,False,0.4924731182795699,0.01029287161559067
mfeat_fourier,f1,entropic,inverse_multiquadratic,0.28008678182959557,1.0,False,0.23010752688172043,0.0036659402989036582
mfeat_fourier,f1,entropic,laplacian,0.036434996873140335,1.0,False,-0.43655913978494626,-0.005853331049859745
mfeat_fourier,f1,entropic,logarithmic,0.2621222734451294,1.0,False,0.23870967741935484,0.003934188392094473
mfeat_fourier,f1,entropic,lorentzian,0.2988441474735737,1.0,False,0.221505376344086,0.003979265078928429
mfeat_fourier,f1,entropic,multiquadratic,0.0014574769884347916,0.1370028369128704,False,0.6430107526881721,0.014202557098399793
mfeat_fourier,f1,entropic,quartic_spline,0.00011058151721954346,0.013048619031906128,True,0.7591397849462366,0.030708770741126212
mfeat_fourier,f1,entropic,radial,0.0009517744183540344,0.09708099067211151,False,-0.6645161290322581,-0.010911782521712432
mfeat_fourier,f1,entropic,rational_quadratic,0.9838335812091827,1.0,False,-0.0064516129032258064,5.2250860305802505e-05
mfeat_fourier,f1,entropic,rbf_gaussian,0.029325857758522034,1.0,False,-0.45376344086021503,-0.007019928210626025
mfeat_fourier,f1,entropic,shepard,0.18396909348666668,1.0,False,-0.2817204301075269,-0.004063531949459631
mfeat_fourier,f1,entropic,sigmoidal,0.010598260909318924,0.7418782636523247,False,-0.5268817204301075,-0.007562236204927131
mfeat_fourier,f1,entropic,softmax_radial,0.036434996873140335,1.0,False,-0.43655913978494626,-0.005853331049859745
mfeat_fourier,f1,entropic,student_t,0.338741784915328,1.0,False,0.20430107526881722,0.003253086196862709
mfeat_fourier,f1,entropic,wendland_c2,0.00011058151721954346,0.013048619031906128,True,0.7591397849462366,0.030708770741126212
mfeat_fourier,f1,gen_exponential,harmonic,0.002560090273618698,0.22784803435206413,False,0.6129032258064516,0.012645784460895704
mfeat_fourier,f1,gen_exponential,inverse_multiquadratic,0.10943205840885639,1.0,False,0.33763440860215055,0.006018853144208691
mfeat_fourier,f1,gen_exponential,laplacian,0.08961703998973654,1.0,False,-0.36091954022988504,-0.0035004182045547116
mfeat_fourier,f1,gen_exponential,logarithmic,0.09194962680339813,1.0,False,0.3548387096774194,0.006287101237399506
mfeat_fourier,f1,gen_exponential,lorentzian,0.11907656863331795,1.0,False,0.32903225806451614,0.006332177924233462
mfeat_fourier,f1,gen_exponential,multiquadratic,9.90256667137146e-05,0.011982105672359467,True,0.7634408602150538,0.016555469943704826
mfeat_fourier,f1,gen_exponential,quartic_spline,5.144625902175903e-06,0.0007922723889350891,True,0.8623655913978494,0.033061683586431245
mfeat_fourier,f1,gen_exponential,radial,0.0014574769884347916,0.1370028369128704,False,-0.6430107526881721,-0.008558869676407399
mfeat_fourier,f1,gen_exponential,rational_quadratic,0.4161298982799053,1.0,False,0.17419354838709677,0.0024051637056108355
mfeat_fourier,f1,gen_exponential,rbf_gaussian,0.09610157273709774,1.0,False,-0.35053763440860214,-0.004667015365320992
mfeat_fourier,f1,gen_exponential,shepard,0.42795460671186447,1.0,False,-0.16989247311827957,-0.0017106191041545982
mfeat_fourier,f1,gen_exponential,sigmoidal,0.013061605886398396,0.888189200275091,False,-0.5369458128078818,-0.005209323359622098
mfeat_fourier,f1,gen_exponential,softmax_radial,0.08961703998973654,1.0,False,-0.36091954022988504,-0.0035004182045547116
mfeat_fourier,f1,gen_exponential,student_t,0.13473508320748806,1.0,False,0.3161290322580645,0.005605999042167742
mfeat_fourier,f1,gen_exponential,wendland_c2,5.144625902175903e-06,0.0007922723889350891,True,0.8623655913978494,0.033061683586431245
mfeat_fourier,f1,harmonic,inverse_multiquadratic,0.005382779985666275,0.41985683888196945,False,-0.5698924731182796,-0.0066269313166870125
mfeat_fourier,f1,harmonic,laplacian,3.2391399145126343e-06,0.000531218945980072,True,-0.875268817204301,-0.016146202665450415
mfeat_fourier,f1,harmonic,logarithmic,0.00577649287879467,0.4447899516671896,False,-0.5655913978494623,-0.006358683223496198
mfeat_fourier,f1,harmonic,lorentzian,0.0009753641365557983,0.09753641365557983,False,-0.7011494252873564,-0.006313606536662242
mfeat_fourier,f1,harmonic,multiquadratic,0.07672121562063694,1.0,False,0.3720430107526882,0.003909685482809122
mfeat_fourier,f1,harmonic,quartic_spline,3.049522638320923e-05,0.004055865108966827,True,0.8064516129032258,0.02041589912553554
mfeat_fourier,f1,harmonic,radial,3.725290298461914e-09,7.7858567237854e-07,True,-0.9956989247311828,-0.021204654137303103
mfeat_fourier,f1,harmonic,rational_quadratic,3.904104232788086e-05,0.00499725341796875,True,-0.7978494623655914,-0.010240620755284868
mfeat_fourier,f1,harmonic,rbf_gaussian,1.30385160446167e-08,2.594664692878723e-06,True,-0.9827956989247312,-0.017312799826216696
mfeat_fourier,f1,harmonic,shepard,1.991167664527893e-06,0.00033053383231163025,True,-0.8881720430107527,-0.014356403565050302
mfeat_fourier,f1,harmonic,sigmoidal,1.4193356037139893e-06,0.0002370290458202362,True,-0.896774193548387,-0.0178551078205178
mfeat_fourier,f1,harmonic,softmax_radial,3.2391399145126343e-06,0.000531218945980072,True,-0.875268817204301,-0.016146202665450415
mfeat_fourier,f1,harmonic,student_t,0.0032229889184236526,0.28362302482128143,False,-0.6,-0.007039785418727962
mfeat_fourier,f1,harmonic,wendland_c2,3.049522638320923e-05,0.004055865108966827,True,0.8064516129032258,0.02041589912553554
mfeat_fourier,f1,inverse_multiquadratic,laplacian,0.009301122277975082,0.678981926292181,False,-0.535483870967742,-0.009519271348763403
mfeat_fourier,f1,inverse_multiquadratic,logarithmic,0.17971249487899976,1.0,False,1.0,0.0002682480931908149
mfeat_fourier,f1,inverse_multiquadratic,lorentzian,0.5978077705949545,1.0,False,0.11397849462365592,0.0003133247800247707
mfeat_fourier,f1,inverse_multiquadratic,multiquadratic,2.366676926612854e-05,0.0031713470816612244,True,0.8150537634408602,0.010536616799496135
mfeat_fourier,f1,inverse_multiquadratic,quartic_spline,5.144625902175903e-06,0.0007922723889350891,True,0.8623655913978494,0.027042830442222554
mfeat_fourier,f1,inverse_multiquadratic,radial,3.904104232788086e-05,0.00499725341796875,True,-0.7978494623655914,-0.01457772282061609
mfeat_fourier,f1,inverse_multiquadratic,rational_quadratic,0.022098854184150696,1.0,False,-0.4752688172043011,-0.0036136894385978557
mfeat_fourier,f1,inverse_multiquadratic,rbf_gaussian,0.00046010687947273254,0.04831122234463692,True,-0.6989247311827957,-0.010685868509529683
mfeat_fourier,f1,inverse_multiquadratic,shepard,0.00017176692921197837,0.019237896071741575,True,-0.812807881773399,-0.007729472248363289
mfeat_fourier,f1,inverse_multiquadratic,sigmoidal,0.0011314544826745987,0.11088253930211067,False,-0.6559139784946236,-0.011228176503830789
mfeat_fourier,f1,inverse_multiquadratic,softmax_radial,0.009301122277975082,0.678981926292181,False,-0.535483870967742,-0.009519271348763403
mfeat_fourier,f1,inverse_multiquadratic,student_t,0.043114446783075355,1.0,False,-1.0,-0.0004128541020409493
mfeat_fourier,f1,inverse_multiquadratic,wendland_c2,5.144625902175903e-06,0.0007922723889350891,True,0.8623655913978494,0.027042830442222554
mfeat_fourier,f1,laplacian,logarithmic,0.007111456245183945,0.5333592183887959,False,0.5526881720430108,0.009787519441954218
mfeat_fourier,f1,laplacian,lorentzian,0.0021877754479646683,0.20127534121274948,False,0.621505376344086,0.009832596128788174
mfeat_fourier,f1,laplacian,multiquadratic,2.551823854446411e-07,4.567764699459076e-05,True,0.9354838709677419,0.020055888148259537
mfeat_fourier,f1,laplacian,quartic_spline,1.6391277313232422e-07,3.065168857574463e-05,True,0.9440860215053763,0.03656210179098596
mfeat_fourier,f1,laplacian,radial,0.004338232800364494,0.3644115552306175,False,-0.5827956989247312,-0.005058451471852687
mfeat_fourier,f1,laplacian,rational_quadratic,0.049710121005773544,1.0,False,0.410752688172043,0.005905581910165547
mfeat_fourier,f1,laplacian,rbf_gaussian,0.20223856381221494,1.0,False,-0.27586206896551724,-0.0011665971607662806
mfeat_fourier,f1,laplacian,shepard,0.6701805889606476,1.0,False,0.09247311827956989,0.0017897991004001135
mfeat_fourier,f1,laplacian,sigmoidal,0.24910310970315597,1.0,False,-0.28063241106719367,-0.0017089051550673862
mfeat_fourier,f1,laplacian,softmax_radial,1.0,1.0,False,0.0,0.0
mfeat_fourier,f1,laplacian,student_t,0.01453801617026329,0.9595090672373772,False,0.5053763440860215,0.009106417246722454
mfeat_fourier,f1,laplacian,wendland_c2,1.6391277313232422e-07,3.065168857574463e-05,True,0.9440860215053763,0.03656210179098596
mfeat_fourier,f1,logarithmic,lorentzian,0.7765688337385654,1.0,False,0.06236559139784946,4.5076686833955826e-05
mfeat_fourier,f1,logarithmic,multiquadratic,5.5925920605659485e-05,0.007046665996313095,True,0.7849462365591398,0.01026836870630532
mfeat_fourier,f1,logarithmic,quartic_spline,5.144625902175903e-06,0.0007922723889350891,True,0.8623655913978494,0.02677458234903174
mfeat_fourier,f1,logarithmic,radial,3.049522638320923e-05,0.004055865108966827,True,-0.8064516129032258,-0.014845970913806905
mfeat_fourier,f1,logarithmic,rational_quadratic,0.015460003167390823,0.9894402027130127,False,-0.5010752688172043,-0.0038819375317886706
mfeat_fourier,f1,logarithmic,rbf_gaussian,0.0003800932317972183,0.04028988257050514,True,-0.7075268817204301,-0.010954116602720498
mfeat_fourier,f1,logarithmic,shepard,0.00015679291057707078,0.017717598895209,True,-0.8177339901477833,-0.007997720341554104
mfeat_fourier,f1,logarithmic,sigmoidal,0.0009517744183540344,0.09708099067211151,False,-0.6645161290322581,-0.011496424597021604
mfeat_fourier,f1,logarithmic,softmax_radial,0.007111456245183945,0.5333592183887959,False,-0.5526881720430108,-0.009787519441954218
mfeat_fourier,f1,logarithmic,student_t,0.043114446783075355,1.0,False,-1.0,-0.0006811021952317642
mfeat_fourier,f1,logarithmic,wendland_c2,5.144625902175903e-06,0.0007922723889350891,True,0.8623655913978494,0.02677458234903174
mfeat_fourier,f1,lorentzian,multiquadratic,5.5925920605659485e-05,0.007046665996313095,True,0.7849462365591398,0.010223292019471364
mfeat_fourier,f1,lorentzian,quartic_spline,3.2391399145126343e-06,0.000531218945980072,True,0.875268817204301,0.026729505662197783
mfeat_fourier,f1,lorentzian,radial,5.973502993583679e-06,0.0008243434131145477,True,-0.8580645161290322,-0.014891047600640861
mfeat_fourier,f1,lorentzian,rational_quadratic,0.0038219768150666235,0.3286900060957296,False,-0.6615384615384615,-0.0039270142186226265
mfeat_fourier,f1,lorentzian,rbf_gaussian,9.220093488693237e-06,0.0012631528079509735,True,-0.8451612903225807,-0.010999193289554454
mfeat_fourier,f1,lorentzian,shepard,0.0005628738896812306,0.05853888452684798,False,-0.7333333333333333,-0.00804279702838806
mfeat_fourier,f1,lorentzian,sigmoidal,0.00020912662148475647,0.02300392836332321,True,-0.7333333333333333,-0.01154150128385556
mfeat_fourier,f1,lorentzian,softmax_radial,0.0021877754479646683,0.20127534121274948,False,-0.621505376344086,-0.009832596128788174
mfeat_fourier,f1,lorentzian,student_t,0.40449450351297855,1.0,False,-0.17849462365591398,-0.00072617888206572
mfeat_fourier,f1,lorentzian,wendland_c2,3.2391399145126343e-06,0.000531218945980072,True,0.875268817204301,0.026729505662197783
mfeat_fourier,f1,multiquadratic,quartic_spline,0.023410143330693245,1.0,False,0.47096774193548385,0.01650621364272642
mfeat_fourier,f1,multiquadratic,radial,1.862645149230957e-09,3.91155481338501e-07,True,-1.0,-0.025114339620112225
mfeat_fourier,f1,multiquadratic,rational_quadratic,4.7124922275543213e-07,7.91698694229126e-05,True,-0.9225806451612903,-0.01415030623809399
mfeat_fourier,f1,multiquadratic,rbf_gaussian,3.725290298461914e-09,7.7858567237854e-07,True,-0.9956989247311828,-0.021222485309025818
mfeat_fourier,f1,multiquadratic,shepard,3.5390257835388184e-08,6.8303197622299194e-06,True,-0.9698924731182795,-0.018266089047859424
mfeat_fourier,f1,multiquadratic,sigmoidal,2.60770320892334e-08,5.058944225311279e-06,True,-0.9741935483870968,-0.021764793303326924
mfeat_fourier,f1,multiquadratic,softmax_radial,2.551823854446411e-07,4.567764699459076e-05,True,-0.9354838709677419,-0.020055888148259537
mfeat_fourier,f1,multiquadratic,student_t,1.0609626770019531e-05,0.0014429092407226562,True,-0.8408602150537634,-0.010949470901537084
mfeat_fourier,f1,multiquadratic,wendland_c2,0.023410143330693245,1.0,False,0.47096774193548385,0.01650621364272642
mfeat_fourier,f1,quartic_spline,radial,3.725290298461914e-09,7.7858567237854e-07,True,-0.9956989247311828,-0.041620553262838644
mfeat_fourier,f1,quartic_spline,rational_quadratic,3.1478703022003174e-07,5.571730434894562e-05,True,-0.9311827956989247,-0.03065651988082041
mfeat_fourier,f1,quartic_spline,rbf_gaussian,9.313225746154785e-09,1.8905848264694214e-06,True,-0.9870967741935484,-0.03772869895175224
mfeat_fourier,f1,quartic_spline,shepard,1.862645149230957e-08,3.688037395477295e-06,True,-0.978494623655914,-0.03477230269058584
mfeat_fourier,f1,quartic_spline,sigmoidal,1.0244548320770264e-07,1.9567087292671204e-05,True,-0.9526881720430107,-0.03827100694605334
mfeat_fourier,f1,quartic_spline,softmax_radial,1.6391277313232422e-07,3.065168857574463e-05,True,-0.9440860215053763,-0.03656210179098596
mfeat_fourier,f1,quartic_spline,student_t,5.144625902175903e-06,0.0007922723889350891,True,-0.8623655913978494,-0.027455684544263503
mfeat_fourier,f1,quartic_spline,wendland_c2,1.0,1.0,False,0.0,0.0
mfeat_fourier,f1,radial,rational_quadratic,0.00012333691120147705,0.014060407876968384,True,0.7548387096774194,0.010964033382018235
mfeat_fourier,f1,radial,rbf_gaussian,0.0426517054438591,1.0,False,0.4236559139784946,0.0038918543110864068
mfeat_fourier,f1,radial,shepard,0.003828335605114569,0.3286900060957296,False,0.625615763546798,0.006848250572252801
mfeat_fourier,f1,radial,sigmoidal,0.03318108280504148,1.0,False,0.4528735632183908,0.0033495463167853012
mfeat_fourier,f1,radial,softmax_radial,0.004338232800364494,0.3644115552306175,False,0.5827956989247312,0.005058451471852687
mfeat_fourier,f1,radial,student_t,5.5925920605659485e-05,0.007046665996313095,True,0.7849462365591398,0.014164868718575141
mfeat_fourier,f1,radial,wendland_c2,3.725290298461914e-09,7.7858567237854e-07,True,0.9956989247311828,0.041620553262838644
mfeat_fourier,f1,rational_quadratic,rbf_gaussian,6.286613643169403e-05,0.007732534781098366,True,-0.7806451612903226,-0.007072179070931828
mfeat_fourier,f1,rational_quadratic,shepard,0.013291697673508594,0.8905437441250759,False,-0.5264367816091954,-0.004115782809765434
mfeat_fourier,f1,rational_quadratic,sigmoidal,0.0050126127898693085,0.39599641039967537,False,-0.5741935483870968,-0.007614487065232933
mfeat_fourier,f1,rational_quadratic,softmax_radial,0.049710121005773544,1.0,False,-0.410752688172043,-0.005905581910165547
mfeat_fourier,f1,rational_quadratic,student_t,0.07324407435953617,1.0,False,0.3763440860215054,0.0032008353365569064
mfeat_fourier,f1,rational_quadratic,wendland_c2,3.1478703022003174e-07,5.571730434894562e-05,True,0.9311827956989247,0.03065651988082041
mfeat_fourier,f1,rbf_gaussian,shepard,0.19092952087521553,1.0,False,0.27741935483870966,0.002956396261166394
mfeat_fourier,f1,rbf_gaussian,sigmoidal,0.8853820274047068,1.0,False,-0.031746031746031744,-0.0005423079943011055
mfeat_fourier,f1,rbf_gaussian,softmax_radial,0.20223856381221494,1.0,False,0.27586206896551724,0.0011665971607662806
mfeat_fourier,f1,rbf_gaussian,student_t,0.0007296018302440643,0.07514898851513863,False,0.6774193548387096,0.010273014407488734
mfeat_fourier,f1,rbf_gaussian,wendland_c2,9.313225746154785e-09,1.8905848264694214e-06,True,0.9870967741935484,0.03772869895175224
mfeat_fourier,f1,shepard,sigmoidal,0.10943205840885639,1.0,False,-0.33763440860215055,-0.0034987042554674996
mfeat_fourier,f1,shepard,softmax_radial,0.6701805889606476,1.0,False,-0.09247311827956989,-0.0017897991004001135
mfeat_fourier,f1,shepard,student_t,0.00020583772884590765,0.02284798790189575,True,0.8029556650246306,0.00731661814632234
mfeat_fourier,f1,shepard,wendland_c2,1.862645149230957e-08,3.688037395477295e-06,True,0.978494623655914,0.03477230269058584
mfeat_fourier,f1,sigmoidal,softmax_radial,0.24910310970315597,1.0,False,0.28063241106719367,0.0017089051550673862
mfeat_fourier,f1,sigmoidal,student_t,0.0021877754479646683,0.20127534121274948,False,0.621505376344086,0.01081532240178984
mfeat_fourier,f1,sigmoidal,wendland_c2,1.0244548320770264e-07,1.9567087292671204e-05,True,0.9526881720430107,0.03827100694605334
mfeat_fourier,f1,softmax_radial,student_t,0.01453801617026329,0.9595090672373772,False,0.5053763440860215,0.009106417246722454
mfeat_fourier,f1,softmax_radial,wendland_c2,1.6391277313232422e-07,3.065168857574463e-05,True,0.9440860215053763,0.03656210179098596
mfeat_fourier,f1,student_t,wendland_c2,5.144625902175903e-06,0.0007922723889350891,True,0.8623655913978494,0.027455684544263503
mfeat_karhunen,f1,attention,cauchy,0.17909151271096402,1.0,False,-0.29064039408866993,-0.0026060271034413773
mfeat_karhunen,f1,attention,cosine,0.00028587438441443803,0.04202353450892239,True,0.798941798941799,0.008063449513988963
mfeat_karhunen,f1,attention,cubic_spline,0.00028587438441443803,0.04202353450892239,True,0.798941798941799,0.008063449513988963
mfeat_karhunen,f1,attention,entropic,0.12935307621955872,1.0,False,-0.3204301075268817,-0.0033982614943662837
mfeat_karhunen,f1,attention,gen_exponential,0.08406547829508781,1.0,False,0.3634408602150538,0.003516013336668067
mfeat_karhunen,f1,attention,harmonic,1.0,1.0,False,0.0,0.0
mfeat_karhunen,f1,attention,inverse_multiquadratic,0.17909151271096402,1.0,False,-0.29064039408866993,-0.0026060271034413773
mfeat_karhunen,f1,attention,laplacian,0.03449819635710605,1.0,False,-0.4656084656084656,-0.0040820238792784735
mfeat_karhunen,f1,attention,logarithmic,0.17909151271096402,1.0,False,-0.29064039408866993,-0.0026060271034413773
mfeat_karhunen,f1,attention,lorentzian,0.41150318629211824,1.0,False,-0.1956521739130435,-0.0011027309605238234
mfeat_karhunen,f1,attention,multiquadratic,3.049522638320923e-05,0.006190530955791473,True,0.8064516129032258,0.010357527187150772
mfeat_karhunen,f1,attention,quartic_spline,0.00028587438441443803,0.04202353450892239,True,0.798941798941799,0.008063449513988963
mfeat_karhunen,f1,attention,radial,0.8552717231214046,1.0,False,0.04086021505376344,0.0002706954475488743
mfeat_karhunen,f1,attention,rational_quadratic,0.7943222772929242,1.0,False,0.06493506493506493,0.00042952055568290515
mfeat_karhunen,f1,attention,rbf_gaussian,0.2477486327904176,1.0,False,-0.2753623188405797,-0.0015060994098693437
mfeat_karhunen,f1,attention,shepard,0.05294943781077876,1.0,False,-0.4114942528735632,-0.00370702281326174
mfeat_karhunen,f1,attention,sigmoidal,0.11907656863331795,1.0,False,-0.32903225806451614,-0.0034149401493467346
mfeat_karhunen,f1,attention,softmax_radial,0.03449819635710605,1.0,False,-0.4656084656084656,-0.0040820238792784735
mfeat_karhunen,f1,attention,student_t,0.17909151271096402,1.0,False,-0.29064039408866993,-0.0026060271034413773
mfeat_karhunen,f1,attention,wendland_c2,0.00028587438441443803,0.04202353450892239,True,0.798941798941799,0.008063449513988963
mfeat_karhunen,f1,cauchy,cosine,7.252170003228448e-05,0.013343992805940345,True,0.8436781609195402,0.01066947661743034
mfeat_karhunen,f1,cauchy,cubic_spline,7.252170003228448e-05,0.013343992805940345,True,0.8436781609195402,0.01066947661743034
mfeat_karhunen,f1,cauchy,entropic,0.3163713020501673,1.0,False,-0.21674876847290642,-0.0007922343909249063
mfeat_karhunen,f1,cauchy,gen_exponential,0.02084985189139843,1.0,False,0.47956989247311826,0.006122040440109444
mfeat_karhunen,f1,cauchy,harmonic,0.17909151271096402,1.0,False,0.29064039408866993,0.0026060271034413773
mfeat_karhunen,f1,cauchy,inverse_multiquadratic,1.0,1.0,False,0.0,0.0
mfeat_karhunen,f1,cauchy,laplacian,0.29046597119691886,1.0,False,-0.2328042328042328,-0.0014759967758370962
mfeat_karhunen,f1,cauchy,logarithmic,1.0,1.0,False,0.0,0.0
mfeat_karhunen,f1,cauchy,lorentzian,0.4907870283083955,1.0,False,0.14408602150537633,0.001503296142917554
mfeat_karhunen,f1,cauchy,multiquadratic,2.7623027563095093e-06,0.0005773212760686874,True,0.8795698924731182,0.01296355429059215
mfeat_karhunen,f1,cauchy,quartic_spline,7.252170003228448e-05,0.013343992805940345,True,0.8436781609195402,0.01066947661743034
mfeat_karhunen,f1,cauchy,radial,0.21373137181148327,1.0,False,0.26436781609195403,0.0028767225509902516
mfeat_karhunen,f1,cauchy,rational_quadratic,0.12707592023053507,1.0,False,0.33004926108374383,0.0030355476591242825
mfeat_karhunen,f1,cauchy,rbf_gaussian,0.6265870142787162,1.0,False,0.10344827586206896,0.0010999276935720337
mfeat_karhunen,f1,cauchy,shepard,0.043114446783075355,1.0,False,-1.0,-0.0011009957098203627
mfeat_karhunen,f1,cauchy,sigmoidal,0.4254511364591589,1.0,False,-0.1724137931034483,-0.0008089130459053573
mfeat_karhunen,f1,cauchy,softmax_radial,0.29046597119691886,1.0,False,-0.2328042328042328,-0.0014759967758370962
mfeat_karhunen,f1,cauchy,student_t,1.0,1.0,False,0.0,0.0
mfeat_karhunen,f1,cauchy,wendland_c2,7.252170003228448e-05,0.013343992805940345,True,0.8436781609195402,0.01066947661743034
mfeat_karhunen,f1,cosine,cubic_spline,1.0,1.0,False,0.0,0.0
mfeat_karhunen,f1,cosine,entropic,0.00012398079875252028,0.019341004605393165,True,-0.8160919540229885,-0.011461711008355246
mfeat_karhunen,f1,cosine,gen_exponential,0.03841841779649258,1.0,False,-0.432258064516129,-0.004547436177320896
mfeat_karhunen,f1,cosine,harmonic,0.00028587438441443803,0.04202353450892239,True,-0.798941798941799,-0.008063449513988963
mfeat_karhunen,f1,cosine,inverse_multiquadratic,7.252170003228448e-05,0.013343992805940345,True,-0.8436781609195402,-0.01066947661743034
mfeat_karhunen,f1,cosine,laplacian,7.425368123953551e-05,0.013343992805940345,True,-0.8571428571428571,-0.012145473393267436
mfeat_karhunen,f1,cosine,logarithmic,7.252170003228448e-05,0.013343992805940345,True,-0.8436781609195402,-0.01066947661743034
mfeat_karhunen,f1,cosine,lorentzian,3.591515022031889e-05,0.0068957088423012266,True,-0.91005291005291,-0.009166180474512786
mfeat_karhunen,f1,cosine,multiquadratic,0.06660810358411856,1.0,False,0.44664031620553357,0.0022940776731618095
mfeat_karhunen,f1,cosine,quartic_spline,1.0,1.0,False,0.0,0.0
mfeat_karhunen,f1,cosine,radial,0.00577649287879467,0.7740500457584858,False,-0.5655913978494623,-0.0077927540664400885
mfeat_karhunen,f1,cosine,rational_quadratic,0.00012695899968328864,0.019341004605393165,True,-0.9130434782608695,-0.007633928958306058
mfeat_karhunen,f1,cosine,rbf_gaussian,3.287631744240596e-05,0.0066081398059235985,True,-0.9316239316239316,-0.009569548923858306
mfeat_karhunen,f1,cosine,shepard,3.460317162747565e-05,0.006816824810612704,True,-0.8804597701149425,-0.011770472327250703
mfeat_karhunen,f1,cosine,sigmoidal,0.00011350707558539921,0.018161132093663872,True,-0.8206896551724138,-0.011478389663335697
mfeat_karhunen,f1,cosine,softmax_radial,7.425368123953551e-05,0.013343992805940345,True,-0.8571428571428571,-0.012145473393267436
mfeat_karhunen,f1,cosine,student_t,7.252170003228448e-05,0.013343992805940345,True,-0.8436781609195402,-0.01066947661743034
mfeat_karhunen,f1,cosine,wendland_c2,1.0,1.0,False,0.0,0.0
mfeat_karhunen,f1,cubic_spline,entropic,0.00012398079875252028,0.019341004605393165,True,-0.8160919540229885,-0.011461711008355246
mfeat_karhunen,f1,cubic_spline,gen_exponential,0.03841841779649258,1.0,False,-0.432258064516129,-0.004547436177320896
mfeat_karhunen,f1,cubic_spline,harmonic,0.00028587438441443803,0.04202353450892239,True,-0.798941798941799,-0.008063449513988963
mfeat_karhunen,f1,cubic_spline,inverse_multiquadratic,7.252170003228448e-05,0.013343992805940345,True,-0.8436781609195402,-0.01066947661743034
mfeat_karhunen,f1,cubic_spline,laplacian,7.425368123953551e-05,0.013343992805940345,True,-0.8571428571428571,-0.012145473393267436
mfeat_karhunen,f1,cubic_spline,logarithmic,7.252170003228448e-05,0.013343992805940345,True,-0.8436781609195402,-0.01066947661743034
mfeat_karhunen,f1,cubic_spline,lorentzian,3.591515022031889e-05,0.0068957088423012266,True,-0.91005291005291,-0.009166180474512786
mfeat_karhunen,f1,cubic_spline,multiquadratic,0.06660810358411856,1.0,False,0.44664031620553357,0.0022940776731618095
mfeat_karhunen,f1,cubic_spline,quartic_spline,1.0,1.0,False,0.0,0.0
mfeat_karhunen,f1,cubic_spline,radial,0.00577649287879467,0.7740500457584858,False,-0.5655913978494623,-0.0077927540664400885
mfeat_karhunen,f1,cubic_spline,rational_quadratic,0.00012695899968328864,0.019341004605393165,True,-0.9130434782608695,-0.007633928958306058
mfeat_karhunen,f1,cubic_spline,rbf_gaussian,3.287631744240596e-05,0.0066081398059235985,True,-0.9316239316239316,-0.009569548923858306
mfeat_karhunen,f1,cubic_spline,shepard,3.460317162747565e-05,0.006816824810612704,True,-0.8804597701149425,-0.011770472327250703
mfeat_karhunen,f1,cubic_spline,sigmoidal,0.00011350707558539921,0.018161132093663872,True,-0.8206896551724138,-0.011478389663335697
mfeat_karhunen,f1,cubic_spline,softmax_radial,7.425368123953551e-05,0.013343992805940345,True,-0.8571428571428571,-0.012145473393267436
mfeat_karhunen,f1,cubic_spline,student_t,7.252170003228448e-05,0.013343992805940345,True,-0.8436781609195402,-0.01066947661743034
mfeat_karhunen,f1,cubic_spline,wendland_c2,1.0,1.0,False,0.0,0.0
mfeat_karhunen,f1,entropic,gen_exponential,0.0010172413503286527,0.13732758229436812,False,0.7666666666666667,0.0069142748310343505
mfeat_karhunen,f1,entropic,harmonic,0.12935307621955872,1.0,False,0.3204301075268817,0.0033982614943662837
mfeat_karhunen,f1,entropic,inverse_multiquadratic,0.3163713020501673,1.0,False,0.21674876847290642,0.0007922343909249063
mfeat_karhunen,f1,entropic,laplacian,0.2889496353424863,1.0,False,-0.26406926406926406,-0.0006837623849121899
mfeat_karhunen,f1,entropic,logarithmic,0.3163713020501673,1.0,False,0.21674876847290642,0.0007922343909249063
mfeat_karhunen,f1,entropic,lorentzian,0.41234652788813886,1.0,False,0.17733990147783252,0.0022955305338424603
mfeat_karhunen,f1,entropic,multiquadratic,3.460317162747565e-05,0.006816824810612704,True,0.8804597701149425,0.013755788681517056
mfeat_karhunen,f1,entropic,quartic_spline,0.00012398079875252028,0.019341004605393165,True,0.8160919540229885,0.011461711008355246
mfeat_karhunen,f1,entropic,radial,0.03419107630748254,1.0,False,0.458128078817734,0.003668956941915158
mfeat_karhunen,f1,entropic,rational_quadratic,0.12708824029768626,1.0,False,0.33004926108374383,0.003827782050049189
mfeat_karhunen,f1,entropic,rbf_gaussian,0.5691623477317327,1.0,False,0.12315270935960591,0.00189216208449694
mfeat_karhunen,f1,entropic,shepard,0.9808326681373396,1.0,False,-0.005291005291005291,-0.0003087613188954563
mfeat_karhunen,f1,entropic,sigmoidal,0.7150006546880893,1.0,False,-0.2,-1.6678654980450958e-05
mfeat_karhunen,f1,entropic,softmax_radial,0.2889496353424863,1.0,False,-0.26406926406926406,-0.0006837623849121899
mfeat_karhunen,f1,entropic,student_t,0.3163713020501673,1.0,False,0.21674876847290642,0.0007922343909249063
mfeat_karhunen,f1,entropic,wendland_c2,0.00012398079875252028,0.019341004605393165,True,0.8160919540229885,0.011461711008355246
mfeat_karhunen,f1,gen_exponential,harmonic,0.08406547829508781,1.0,False,-0.3634408602150538,-0.003516013336668067
mfeat_karhunen,f1,gen_exponential,inverse_multiquadratic,0.02084985189139843,1.0,False,-0.47956989247311826,-0.006122040440109444
mfeat_karhunen,f1,gen_exponential,laplacian,0.0008853663987967512,0.12129519663515492,False,-0.7192118226600985,-0.00759803721594654
mfeat_karhunen,f1,gen_exponential,logarithmic,0.02084985189139843,1.0,False,-0.47956989247311826,-0.006122040440109444
mfeat_karhunen,f1,gen_exponential,lorentzian,0.08406547829508781,1.0,False,-0.3634408602150538,-0.00461874429719189
mfeat_karhunen,f1,gen_exponential,multiquadratic,0.008705463260412216,1.0,False,0.5397849462365591,0.0068415138504827055
mfeat_karhunen,f1,gen_exponential,quartic_spline,0.03841841779649258,1.0,False,0.432258064516129,0.004547436177320896
mfeat_karhunen,f1,gen_exponential,radial,6.064153751014366e-05,0.01127932597688672,True,-0.9762845849802372,-0.0032453178891191925
mfeat_karhunen,f1,gen_exponential,rational_quadratic,0.140283040702343,1.0,False,-0.3118279569892473,-0.0030864927809851617
mfeat_karhunen,f1,gen_exponential,rbf_gaussian,0.054921628907322884,1.0,False,-0.4021505376344086,-0.0050221127465374105
mfeat_karhunen,f1,gen_exponential,shepard,0.014118533720624406,1.0,False,-0.5218390804597701,-0.007223036149929807
mfeat_karhunen,f1,gen_exponential,sigmoidal,0.0004931586720966439,0.0685490554214335,False,-0.796923076923077,-0.0069309534860148014
mfeat_karhunen,f1,gen_exponential,softmax_radial,0.0008853663987967512,0.12129519663515492,False,-0.7192118226600985,-0.00759803721594654
mfeat_karhunen,f1,gen_exponential,student_t,0.02084985189139843,1.0,False,-0.47956989247311826,-0.006122040440109444
mfeat_karhunen,f1,gen_exponential,wendland_c2,0.03841841779649258,1.0,False,0.432258064516129,0.004547436177320896
mfeat_karhunen,f1,harmonic,inverse_multiquadratic,0.17909151271096402,1.0,False,-0.29064039408866993,-0.0026060271034413773
mfeat_karhunen,f1,harmonic,laplacian,0.03449819635710605,1.0,False,-0.4656084656084656,-0.0040820238792784735
mfeat_karhunen,f1,harmonic,logarithmic,0.17909151271096402,1.0,False,-0.29064039408866993,-0.0026060271034413773
mfeat_karhunen,f1,harmonic,lorentzian,0.41150318629211824,1.0,False,-0.1956521739130435,-0.0011027309605238234
mfeat_karhunen,f1,harmonic,multiquadratic,3.049522638320923e-05,0.006190530955791473,True,0.8064516129032258,0.010357527187150772
mfeat_karhunen,f1,harmonic,quartic_spline,0.00028587438441443803,0.04202353450892239,True,0.798941798941799,0.008063449513988963
mfeat_karhunen,f1,harmonic,radial,0.8552717231214046,1.0,False,0.04086021505376344,0.0002706954475488743
mfeat_karhunen,f1,harmonic,rational_quadratic,0.7943222772929242,1.0,False,0.06493506493506493,0.00042952055568290515
mfeat_karhunen,f1,harmonic,rbf_gaussian,0.2477486327904176,1.0,False,-0.2753623188405797,-0.0015060994098693437
mfeat_karhunen,f1,harmonic,shepard,0.05294943781077876,1.0,False,-0.4114942528735632,-0.00370702281326174
mfeat_karhunen,f1,harmonic,sigmoidal,0.11907656863331795,1.0,False,-0.32903225806451614,-0.0034149401493467346
mfeat_karhunen,f1,harmonic,softmax_radial,0.03449819635710605,1.0,False,-0.4656084656084656,-0.0040820238792784735
mfeat_karhunen,f1,harmonic,student_t,0.17909151271096402,1.0,False,-0.29064039408866993,-0.0026060271034413773
mfeat_karhunen,f1,harmonic,wendland_c2,0.00028587438441443803,0.04202353450892239,True,0.798941798941799,0.008063449513988963
mfeat_karhunen,f1,inverse_multiquadratic,laplacian,0.29046597119691886,1.0,False,-0.2328042328042328,-0.0014759967758370962
mfeat_karhunen,f1,inverse_multiquadratic,logarithmic,1.0,1.0,False,0.0,0.0
mfeat_karhunen,f1,inverse_multiquadratic,lorentzian,0.4907870283083955,1.0,False,0.14408602150537633,0.001503296142917554
mfeat_karhunen,f1,inverse_multiquadratic,multiquadratic,2.7623027563095093e-06,0.0005773212760686874,True,0.8795698924731182,0.01296355429059215
mfeat_karhunen,f1,inverse_multiquadratic,quartic_spline,7.252170003228448e-05,0.013343992805940345,True,0.8436781609195402,0.01066947661743034
mfeat_karhunen,f1,inverse_multiquadratic,radial,0.21373137181148327,1.0,False,0.26436781609195403,0.0028767225509902516
mfeat_karhunen,f1,inverse_multiquadratic,rational_quadratic,0.12707592023053507,1.0,False,0.33004926108374383,0.0030355476591242825
mfeat_karhunen,f1,inverse_multiquadratic,rbf_gaussian,0.6265870142787162,1.0,False,0.10344827586206896,0.0010999276935720337
mfeat_karhunen,f1,inverse_multiquadratic,shepard,0.043114446783075355,1.0,False,-1.0,-0.0011009957098203627
mfeat_karhunen,f1,inverse_multiquadratic,sigmoidal,0.4254511364591589,1.0,False,-0.1724137931034483,-0.0008089130459053573
mfeat_karhunen,f1,inverse_multiquadratic,softmax_radial,0.29046597119691886,1.0,False,-0.2328042328042328,-0.0014759967758370962
mfeat_karhunen,f1,inverse_multiquadratic,student_t,1.0,1.0,False,0.0,0.0
mfeat_karhunen,f1,inverse_multiquadratic,wendland_c2,7.252170003228448e-05,0.013343992805940345,True,0.8436781609195402,0.01066947661743034
mfeat_karhunen,f1,laplacian,logarithmic,0.29046597119691886,1.0,False,0.2328042328042328,0.0014759967758370962
mfeat_karhunen,f1,laplacian,lorentzian,0.08028610906161522,1.0,False,0.4,0.00297929291875465
mfeat_karhunen,f1,laplacian,multiquadratic,2.369271077058425e-05,0.0048570057079697715,True,0.8838709677419355,0.014439551066429246
mfeat_karhunen,f1,laplacian,quartic_spline,7.425368123953551e-05,0.013343992805940345,True,0.8571428571428571,0.012145473393267436
mfeat_karhunen,f1,laplacian,radial,0.034536734223365784,1.0,False,0.44086021505376344,0.004352719326827348
mfeat_karhunen,f1,laplacian,rational_quadratic,0.007096233043744637,0.9225102956868028,False,0.603988603988604,0.004511544434961379
mfeat_karhunen,f1,laplacian,rbf_gaussian,0.10644761063508879,1.0,False,0.37666666666666665,0.00257592446940913
mfeat_karhunen,f1,laplacian,shepard,0.8101364618244391,1.0,False,0.05291005291005291,0.00037500106601673355
mfeat_karhunen,f1,laplacian,sigmoidal,0.4550763560397051,1.0,False,0.19047619047619047,0.0006670837299317389
mfeat_karhunen,f1,laplacian,softmax_radial,1.0,1.0,False,0.0,0.0
mfeat_karhunen,f1,laplacian,student_t,0.29046597119691886,1.0,False,0.2328042328042328,0.0014759967758370962
mfeat_karhunen,f1,laplacian,wendland_c2,7.425368123953551e-05,0.013343992805940345,True,0.8571428571428571,0.012145473393267436
mfeat_karhunen,f1,logarithmic,lorentzian,0.4907870283083955,1.0,False,0.14408602150537633,0.001503296142917554
mfeat_karhunen,f1,logarithmic,multiquadratic,2.7623027563095093e-06,0.0005773212760686874,True,0.8795698924731182,0.01296355429059215
mfeat_karhunen,f1,logarithmic,quartic_spline,7.252170003228448e-05,0.013343992805940345,True,0.8436781609195402,0.01066947661743034
mfeat_karhunen,f1,logarithmic,radial,0.21373137181148327,1.0,False,0.26436781609195403,0.0028767225509902516
mfeat_karhunen,f1,logarithmic,rational_quadratic,0.12707592023053507,1.0,False,0.33004926108374383,0.0030355476591242825
mfeat_karhunen,f1,logarithmic,rbf_gaussian,0.6265870142787162,1.0,False,0.10344827586206896,0.0010999276935720337
mfeat_karhunen,f1,logarithmic,shepard,0.043114446783075355,1.0,False,-1.0,-0.0011009957098203627
mfeat_karhunen,f1,logarithmic,sigmoidal,0.4254511364591589,1.0,False,-0.1724137931034483,-0.0008089130459053573
mfeat_karhunen,f1,logarithmic,softmax_radial,0.29046597119691886,1.0,False,-0.2328042328042328,-0.0014759967758370962
mfeat_karhunen,f1,logarithmic,student_t,1.0,1.0,False,0.0,0.0
mfeat_karhunen,f1,logarithmic,wendland_c2,7.252170003228448e-05,0.013343992805940345,True,0.8436781609195402,0.01066947661743034
mfeat_karhunen,f1,lorentzian,multiquadratic,6.129463457764176e-05,0.011339507396863726,True,0.8669950738916257,0.011460258147674596
mfeat_karhunen,f1,lorentzian,quartic_spline,3.591515022031889e-05,0.0068957088423012266,True,0.91005291005291,0.009166180474512786
mfeat_karhunen,f1,lorentzian,radial,0.7151329666376114,1.0,False,0.07956989247311828,0.0013734264080726977
mfeat_karhunen,f1,lorentzian,rational_quadratic,0.012792160247732852,1.0,False,0.8484848484848485,0.0015322515162067285
mfeat_karhunen,f1,lorentzian,rbf_gaussian,0.4652088184521418,1.0,False,-0.4,-0.0004033684493455203
mfeat_karhunen,f1,lorentzian,shepard,0.15284983796574825,1.0,False,-0.2989247311827957,-0.0026042918527379166
mfeat_karhunen,f1,lorentzian,sigmoidal,0.4299677487600704,1.0,False,-0.167816091954023,-0.0023122091888229113
mfeat_karhunen,f1,lorentzian,softmax_radial,0.08028610906161522,1.0,False,-0.4,-0.00297929291875465
mfeat_karhunen,f1,lorentzian,student_t,0.4907870283083955,1.0,False,-0.14408602150537633,-0.001503296142917554
mfeat_karhunen,f1,lorentzian,wendland_c2,3.591515022031889e-05,0.0068957088423012266,True,0.91005291005291,0.009166180474512786
mfeat_karhunen,f1,multiquadratic,quartic_spline,0.06660810358411856,1.0,False,-0.44664031620553357,-0.0022940776731618095
mfeat_karhunen,f1,multiquadratic,radial,0.0007296018302440643,0.10068505257368088,False,-0.6774193548387096,-0.010086831739601898
mfeat_karhunen,f1,multiquadratic,rational_quadratic,0.00022713112288491198,0.03361540618696697,True,-0.7839080459770115,-0.009928006631467867
mfeat_karhunen,f1,multiquadratic,rbf_gaussian,4.151968616891736e-05,0.007805700999756464,True,-0.8866995073891626,-0.011863626597020116
mfeat_karhunen,f1,multiquadratic,shepard,9.98377799987793e-07,0.00020965933799743652,True,-0.9053763440860215,-0.014064550000412512
mfeat_karhunen,f1,multiquadratic,sigmoidal,4.174619343439777e-05,0.007806538172232383,True,-0.871264367816092,-0.013772467336497507
mfeat_karhunen,f1,multiquadratic,softmax_radial,2.369271077058425e-05,0.0048570057079697715,True,-0.8838709677419355,-0.014439551066429246
mfeat_karhunen,f1,multiquadratic,student_t,2.7623027563095093e-06,0.0005773212760686874,True,-0.8795698924731182,-0.01296355429059215
mfeat_karhunen,f1,multiquadratic,wendland_c2,0.06660810358411856,1.0,False,-0.44664031620553357,-0.0022940776731618095
mfeat_karhunen,f1,quartic_spline,radial,0.00577649287879467,0.7740500457584858,False,-0.5655913978494623,-0.0077927540664400885
mfeat_karhunen,f1,quartic_spline,rational_quadratic,0.00012695899968328864,0.019341004605393165,True,-0.9130434782608695,-0.007633928958306058
mfeat_karhunen,f1,quartic_spline,rbf_gaussian,3.287631744240596e-05,0.0066081398059235985,True,-0.9316239316239316,-0.009569548923858306
mfeat_karhunen,f1,quartic_spline,shepard,3.460317162747565e-05,0.006816824810612704,True,-0.8804597701149425,-0.011770472327250703
mfeat_karhunen,f1,quartic_spline,sigmoidal,0.00011350707558539921,0.018161132093663872,True,-0.8206896551724138,-0.011478389663335697
mfeat_karhunen,f1,quartic_spline,softmax_radial,7.425368123953551e-05,0.013343992805940345,True,-0.8571428571428571,-0.012145473393267436
mfeat_karhunen,f1,quartic_spline,student_t,7.252170003228448e-05,0.013343992805940345,True,-0.8436781609195402,-0.01066947661743034
mfeat_karhunen,f1,quartic_spline,wendland_c2,1.0,1.0,False,0.0,0.0
mfeat_karhunen,f1,radial,rational_quadratic,0.9192965272814035,1.0,False,-0.023655913978494623,0.00015882510813403083
mfeat_karhunen,f1,radial,rbf_gaussian,0.5698575973510742,1.0,False,-0.12258064516129032,-0.001776794857418218
mfeat_karhunen,f1,radial,shepard,0.14500093999532093,1.0,False,-0.31527093596059114,-0.003977718260810614
mfeat_karhunen,f1,radial,sigmoidal,0.020095389683989245,1.0,False,-0.4942528735632184,-0.003685635596895609
mfeat_karhunen,f1,radial,softmax_radial,0.034536734223365784,1.0,False,-0.44086021505376344,-0.004352719326827348
mfeat_karhunen,f1,radial,student_t,0.21373137181148327,1.0,False,-0.26436781609195403,-0.0028767225509902516
mfeat_karhunen,f1,radial,wendland_c2,0.00577649287879467,0.7740500457584858,False,0.5655913978494623,0.0077927540664400885
mfeat_karhunen,f1,rational_quadratic,rbf_gaussian,0.011718685599768628,1.0,False,-1.0,-0.0019356199655522488
mfeat_karhunen,f1,rational_quadratic,shepard,0.02384046276761837,1.0,False,-0.4804597701149425,-0.004136543368944645
mfeat_karhunen,f1,rational_quadratic,sigmoidal,0.11612964862663322,1.0,False,-0.3399014778325123,-0.0038444607050296398
mfeat_karhunen,f1,rational_quadratic,softmax_radial,0.007096233043744637,0.9225102956868028,False,-0.603988603988604,-0.004511544434961379
mfeat_karhunen,f1,rational_quadratic,student_t,0.12707592023053507,1.0,False,-0.33004926108374383,-0.0030355476591242825
mfeat_karhunen,f1,rational_quadratic,wendland_c2,0.00012695899968328864,0.019341004605393165,True,0.9130434782608695,0.007633928958306058
mfeat_karhunen,f1,rbf_gaussian,shepard,0.25627006718125633,1.0,False,-0.2413793103448276,-0.0022009234033923963
mfeat_karhunen,f1,rbf_gaussian,sigmoidal,0.5813652373104127,1.0,False,-0.11724137931034483,-0.001908840739477391
mfeat_karhunen,f1,rbf_gaussian,softmax_radial,0.10644761063508879,1.0,False,-0.37666666666666665,-0.00257592446940913
mfeat_karhunen,f1,rbf_gaussian,student_t,0.6265870142787162,1.0,False,-0.10344827586206896,-0.0010999276935720337
mfeat_karhunen,f1,rbf_gaussian,wendland_c2,3.287631744240596e-05,0.0066081398059235985,True,0.9316239316239316,0.009569548923858306
mfeat_karhunen,f1,shepard,sigmoidal,0.9093510601128354,1.0,False,-0.024630541871921183,0.00029208266391500537
mfeat_karhunen,f1,shepard,softmax_radial,0.8101364618244391,1.0,False,-0.05291005291005291,-0.00037500106601673355
mfeat_karhunen,f1,shepard,student_t,0.043114446783075355,1.0,False,1.0,0.0011009957098203627
mfeat_karhunen,f1,shepard,wendland_c2,3.460317162747565e-05,0.006816824810612704,True,0.8804597701149425,0.011770472327250703
mfeat_karhunen,f1,sigmoidal,softmax_radial,0.4550763560397051,1.0,False,-0.19047619047619047,-0.0006670837299317389
mfeat_karhunen,f1,sigmoidal,student_t,0.4254511364591589,1.0,False,0.1724137931034483,0.0008089130459053573
mfeat_karhunen,f1,sigmoidal,wendland_c2,0.00011350707558539921,0.018161132093663872,True,0.8206896551724138,0.011478389663335697
mfeat_karhunen,f1,softmax_radial,student_t,0.29046597119691886,1.0,False,0.2328042328042328,0.0014759967758370962
mfeat_karhunen,f1,softmax_radial,wendland_c2,7.425368123953551e-05,0.013343992805940345,True,0.8571428571428571,0.012145473393267436
mfeat_karhunen,f1,student_t,wendland_c2,7.252170003228448e-05,0.013343992805940345,True,0.8436781609195402,0.01066947661743034
mfeat_pixel,f1,attention,cauchy,0.42043921094440084,1.0,False,-0.21052631578947367,-0.00084796156180178
mfeat_pixel,f1,attention,cosine,0.05973901545539241,1.0,False,0.6153846153846154,0.001468053019777149
mfeat_pixel,f1,attention,cubic_spline,0.05973901545539241,1.0,False,0.6153846153846154,0.001468053019777149
mfeat_pixel,f1,attention,entropic,0.5809061882290775,1.0,False,0.13438735177865613,0.00042305481497195707
mfeat_pixel,f1,attention,gen_exponential,0.46903886224357616,1.0,False,0.20588235294117646,0.0007652394434003451
mfeat_pixel,f1,attention,harmonic,1.0,1.0,False,0.0,0.0
mfeat_pixel,f1,attention,inverse_multiquadratic,0.42043921094440084,1.0,False,-0.21052631578947367,-0.00084796156180178
mfeat_pixel,f1,attention,laplacian,0.5010779877922213,1.0,False,-0.15384615384615385,-0.0008542697114174436
mfeat_pixel,f1,attention,logarithmic,0.5857357043794078,1.0,False,-0.14619883040935672,-0.0006315113453515542
mfeat_pixel,f1,attention,lorentzian,0.06788915486182899,1.0,False,-1.0,-0.0006214412072773623
mfeat_pixel,f1,attention,multiquadratic,0.10692300357799144,1.0,False,0.38405797101449274,0.0015135934434312714
mfeat_pixel,f1,attention,quartic_spline,0.05973901545539241,1.0,False,0.6153846153846154,0.001468053019777149
mfeat_pixel,f1,attention,radial,0.5010779877922213,1.0,False,-0.15384615384615385,-0.0008542697114174436
mfeat_pixel,f1,attention,rational_quadratic,1.0,1.0,False,0.0,0.0
mfeat_pixel,f1,attention,rbf_gaussian,0.1401460614684125,1.0,False,-0.44761904761904764,-0.0010922955335888052
mfeat_pixel,f1,attention,shepard,0.16240284433565333,1.0,False,-0.33992094861660077,-0.0014624365552162732
mfeat_pixel,f1,attention,sigmoidal,0.4357553108354454,1.0,False,0.18972332015810275,0.0004417388390323129
mfeat_pixel,f1,attention,softmax_radial,0.5010779877922213,1.0,False,-0.15384615384615385,-0.0008542697114174436
mfeat_pixel,f1,attention,student_t,0.42043921094440084,1.0,False,-0.21052631578947367,-0.00084796156180178
mfeat_pixel,f1,attention,wendland_c2,0.05973901545539241,1.0,False,0.6153846153846154,0.001468053019777149
mfeat_pixel,f1,cauchy,cosine,0.02251005805656898,1.0,False,0.5434782608695652,0.002316014581578929
mfeat_pixel,f1,cauchy,cubic_spline,0.02251005805656898,1.0,False,0.5434782608695652,0.002316014581578929
mfeat_pixel,f1,cauchy,entropic,0.2869523082979748,1.0,False,0.2536231884057971,0.001271016376773737
mfeat_pixel,f1,cauchy,gen_exponential,0.18313000257064027,1.0,False,0.3241106719367589,0.001613201005202125
mfeat_pixel,f1,cauchy,harmonic,0.42043921094440084,1.0,False,0.21052631578947367,0.00084796156180178
mfeat_pixel,f1,cauchy,inverse_multiquadratic,1.0,1.0,False,0.0,0.0
mfeat_pixel,f1,cauchy,laplacian,0.9132497016612998,1.0,False,-0.029239766081871343,-6.308149615663616e-06
mfeat_pixel,f1,cauchy,logarithmic,0.31731050786291415,1.0,False,1.0,0.00021645021645022577
mfeat_pixel,f1,cauchy,lorentzian,0.9352901580749563,1.0,False,-0.019762845849802372,0.00022652035452441766
mfeat_pixel,f1,cauchy,multiquadratic,0.051520353375821656,1.0,False,0.463768115942029,0.0023615550052330514
mfeat_pixel,f1,cauchy,quartic_spline,0.02251005805656898,1.0,False,0.5434782608695652,0.002316014581578929
mfeat_pixel,f1,cauchy,radial,0.9132497016612998,1.0,False,-0.029239766081871343,-6.308149615663616e-06
mfeat_pixel,f1,cauchy,rational_quadratic,0.42043921094440084,1.0,False,0.21052631578947367,0.00084796156180178
mfeat_pixel,f1,cauchy,rbf_gaussian,0.8888880131646671,1.0,False,-0.03133903133903134,-0.0002443339717870252
mfeat_pixel,f1,cauchy,shepard,0.10880943004054568,1.0,False,-1.0,-0.0006144749934144933
mfeat_pixel,f1,cauchy,sigmoidal,0.22449670828869528,1.0,False,0.2833333333333333,0.0012897004008340929
mfeat_pixel,f1,cauchy,softmax_radial,0.9132497016612998,1.0,False,-0.029239766081871343,-6.308149615663616e-06
mfeat_pixel,f1,cauchy,student_t,1.0,1.0,False,0.0,0.0
mfeat_pixel,f1,cauchy,wendland_c2,0.02251005805656898,1.0,False,0.5434782608695652,0.002316014581578929
mfeat_pixel,f1,cosine,cubic_spline,1.0,1.0,False,0.0,0.0
mfeat_pixel,f1,cosine,entropic,0.2583304344640066,1.0,False,-0.25846153846153846,-0.001044998204805192
mfeat_pixel,f1,cosine,gen_exponential,0.01714803250145893,1.0,False,-1.0,-0.000702813576376804
mfeat_pixel,f1,cosine,harmonic,0.05973901545539241,1.0,False,-0.6153846153846154,-0.001468053019777149
mfeat_pixel,f1,cosine,inverse_multiquadratic,0.02251005805656898,1.0,False,-0.5434782608695652,-0.002316014581578929
mfeat_pixel,f1,cosine,laplacian,0.04040729367925789,1.0,False,-0.4433497536945813,-0.0023223227311945926
mfeat_pixel,f1,cosine,logarithmic,0.03620777110801261,1.0,False,-0.5098814229249012,-0.0020995643651287033
mfeat_pixel,f1,cosine,lorentzian,0.006318521553682498,1.0,False,-0.8285714285714286,-0.0020894942270545114
mfeat_pixel,f1,cosine,multiquadratic,0.6786029449987424,1.0,False,0.09666666666666666,4.5540423654122364e-05
mfeat_pixel,f1,cosine,quartic_spline,1.0,1.0,False,0.0,0.0
mfeat_pixel,f1,cosine,radial,0.04040729367925789,1.0,False,-0.4433497536945813,-0.0023223227311945926
mfeat_pixel,f1,cosine,rational_quadratic,0.05973901545539241,1.0,False,-0.6153846153846154,-0.001468053019777149
mfeat_pixel,f1,cosine,rbf_gaussian,0.008903385115881386,1.0,False,-0.6842105263157895,-0.0025603485533659542
mfeat_pixel,f1,cosine,shepard,0.006048764333402577,1.0,False,-0.6276923076923077,-0.0029304895749934223
mfeat_pixel,f1,cosine,sigmoidal,0.34621565498772255,1.0,False,-0.2153846153846154,-0.0010263141807448362
mfeat_pixel,f1,cosine,softmax_radial,0.04040729367925789,1.0,False,-0.4433497536945813,-0.0023223227311945926
mfeat_pixel,f1,cosine,student_t,0.02251005805656898,1.0,False,-0.5434782608695652,-0.002316014581578929
mfeat_pixel,f1,cosine,wendland_c2,1.0,1.0,False,0.0,0.0
mfeat_pixel,f1,cubic_spline,entropic,0.2583304344640066,1.0,False,-0.25846153846153846,-0.001044998204805192
mfeat_pixel,f1,cubic_spline,gen_exponential,0.01714803250145893,1.0,False,-1.0,-0.000702813576376804
mfeat_pixel,f1,cubic_spline,harmonic,0.05973901545539241,1.0,False,-0.6153846153846154,-0.001468053019777149
mfeat_pixel,f1,cubic_spline,inverse_multiquadratic,0.02251005805656898,1.0,False,-0.5434782608695652,-0.002316014581578929
mfeat_pixel,f1,cubic_spline,laplacian,0.04040729367925789,1.0,False,-0.4433497536945813,-0.0023223227311945926
mfeat_pixel,f1,cubic_spline,logarithmic,0.03620777110801261,1.0,False,-0.5098814229249012,-0.0020995643651287033
mfeat_pixel,f1,cubic_spline,lorentzian,0.006318521553682498,1.0,False,-0.8285714285714286,-0.0020894942270545114
mfeat_pixel,f1,cubic_spline,multiquadratic,0.6786029449987424,1.0,False,0.09666666666666666,4.5540423654122364e-05
mfeat_pixel,f1,cubic_spline,quartic_spline,1.0,1.0,False,0.0,0.0
mfeat_pixel,f1,cubic_spline,radial,0.04040729367925789,1.0,False,-0.4433497536945813,-0.0023223227311945926
mfeat_pixel,f1,cubic_spline,rational_quadratic,0.05973901545539241,1.0,False,-0.6153846153846154,-0.001468053019777149
mfeat_pixel,f1,cubic_spline,rbf_gaussian,0.008903385115881386,1.0,False,-0.6842105263157895,-0.0025603485533659542
mfeat_pixel,f1,cubic_spline,shepard,0.006048764333402577,1.0,False,-0.6276923076923077,-0.0029304895749934223
mfeat_pixel,f1,cubic_spline,sigmoidal,0.34621565498772255,1.0,False,-0.2153846153846154,-0.0010263141807448362
mfeat_pixel,f1,cubic_spline,softmax_radial,0.04040729367925789,1.0,False,-0.4433497536945813,-0.0023223227311945926
mfeat_pixel,f1,cubic_spline,student_t,0.02251005805656898,1.0,False,-0.5434782608695652,-0.002316014581578929
mfeat_pixel,f1,cubic_spline,wendland_c2,1.0,1.0,False,0.0,0.0
mfeat_pixel,f1,entropic,gen_exponential,0.6308472694988202,1.0,False,0.10582010582010581,0.00034218462842838804
mfeat_pixel,f1,entropic,harmonic,0.5809061882290775,1.0,False,-0.13438735177865613,-0.00042305481497195707
mfeat_pixel,f1,entropic,inverse_multiquadratic,0.2869523082979748,1.0,False,-0.2536231884057971,-0.001271016376773737
mfeat_pixel,f1,entropic,laplacian,0.0021231786370748754,0.4458675137857238,False,-1.0,-0.0012773245263894006
mfeat_pixel,f1,entropic,logarithmic,0.3756496876898906,1.0,False,-0.20666666666666667,-0.0010545661603235112
mfeat_pixel,f1,entropic,lorentzian,0.3801480273168192,1.0,False,-0.22380952380952382,-0.0010444960222493194
mfeat_pixel,f1,entropic,multiquadratic,0.4523630344580343,1.0,False,0.1625615763546798,0.0010905386284593144
mfeat_pixel,f1,entropic,quartic_spline,0.2583304344640066,1.0,False,0.25846153846153846,0.001044998204805192
mfeat_pixel,f1,entropic,radial,0.0021231786370748754,0.4458675137857238,False,-1.0,-0.0012773245263894006
mfeat_pixel,f1,entropic,rational_quadratic,0.5809061882290775,1.0,False,-0.13438735177865613,-0.00042305481497195707
mfeat_pixel,f1,entropic,rbf_gaussian,0.07732800868102664,1.0,False,-0.5769230769230769,-0.0015153503485607622
mfeat_pixel,f1,entropic,shepard,0.09861366739489426,1.0,False,-0.41125541125541126,-0.0018854913701882303
mfeat_pixel,f1,entropic,sigmoidal,0.6547208460185769,1.0,False,0.3333333333333333,1.8684024060355853e-05
mfeat_pixel,f1,entropic,softmax_radial,0.0021231786370748754,0.4458675137857238,False,-1.0,-0.0012773245263894006
mfeat_pixel,f1,entropic,student_t,0.2869523082979748,1.0,False,-0.2536231884057971,-0.001271016376773737
mfeat_pixel,f1,entropic,wendland_c2,0.2583304344640066,1.0,False,0.25846153846153846,0.001044998204805192
mfeat_pixel,f1,gen_exponential,harmonic,0.46903886224357616,1.0,False,-0.20588235294117646,-0.0007652394434003451
mfeat_pixel,f1,gen_exponential,inverse_multiquadratic,0.18313000257064027,1.0,False,-0.3241106719367589,-0.001613201005202125
mfeat_pixel,f1,gen_exponential,laplacian,0.12426370673359496,1.0,False,-0.33251231527093594,-0.0016195091548177887
mfeat_pixel,f1,gen_exponential,logarithmic,0.28122635935800167,1.0,False,-0.2683982683982684,-0.0013967507887518993
mfeat_pixel,f1,gen_exponential,lorentzian,0.07067593712546882,1.0,False,-0.4853801169590643,-0.0013866806506777074
mfeat_pixel,f1,gen_exponential,multiquadratic,0.26690855162149807,1.0,False,0.2644927536231884,0.0007483540000309263
mfeat_pixel,f1,gen_exponential,quartic_spline,0.01714803250145893,1.0,False,1.0,0.000702813576376804
mfeat_pixel,f1,gen_exponential,radial,0.12426370673359496,1.0,False,-0.33251231527093594,-0.0016195091548177887
mfeat_pixel,f1,gen_exponential,rational_quadratic,0.46903886224357616,1.0,False,-0.20588235294117646,-0.0007652394434003451
mfeat_pixel,f1,gen_exponential,rbf_gaussian,0.07271968517762482,1.0,False,-0.427536231884058,-0.0018575349769891503
mfeat_pixel,f1,gen_exponential,shepard,0.04865188636105536,1.0,False,-0.46,-0.0022276759986166184
mfeat_pixel,f1,gen_exponential,sigmoidal,0.773101193523366,1.0,False,-0.06349206349206349,-0.0003235006043680322
mfeat_pixel,f1,gen_exponential,softmax_radial,0.12426370673359496,1.0,False,-0.33251231527093594,-0.0016195091548177887
mfeat_pixel,f1,gen_exponential,student_t,0.18313000257064027,1.0,False,-0.3241106719367589,-0.001613201005202125
mfeat_pixel,f1,gen_exponential,wendland_c2,0.01714803250145893,1.0,False,1.0,0.000702813576376804
mfeat_pixel,f1,harmonic,inverse_multiquadratic,0.42043921094440084,1.0,False,-0.21052631578947367,-0.00084796156180178
mfeat_pixel,f1,harmonic,laplacian,0.5010779877922213,1.0,False,-0.15384615384615385,-0.0008542697114174436
mfeat_pixel,f1,harmonic,logarithmic,0.5857357043794078,1.0,False,-0.14619883040935672,-0.0006315113453515542
mfeat_pixel,f1,harmonic,lorentzian,0.06788915486182899,1.0,False,-1.0,-0.0006214412072773623
mfeat_pixel,f1,harmonic,multiquadratic,0.10692300357799144,1.0,False,0.38405797101449274,0.0015135934434312714
mfeat_pixel,f1,harmonic,quartic_spline,0.05973901545539241,1.0,False,0.6153846153846154,0.001468053019777149
mfeat_pixel,f1,harmonic,radial,0.5010779877922213,1.0,False,-0.15384615384615385,-0.0008542697114174436
mfeat_pixel,f1,harmonic,rational_quadratic,1.0,1.0,False,0.0,0.0
mfeat_pixel,f1,harmonic,rbf_gaussian,0.1401460614684125,1.0,False,-0.44761904761904764,-0.0010922955335888052
mfeat_pixel,f1,harmonic,shepard,0.16240284433565333,1.0,False,-0.33992094861660077,-0.0014624365552162732
mfeat_pixel,f1,harmonic,sigmoidal,0.4357553108354454,1.0,False,0.18972332015810275,0.0004417388390323129
mfeat_pixel,f1,harmonic,softmax_radial,0.5010779877922213,1.0,False,-0.15384615384615385,-0.0008542697114174436
mfeat_pixel,f1,harmonic,student_t,0.42043921094440084,1.0,False,-0.21052631578947367,-0.00084796156180178
mfeat_pixel,f1,harmonic,wendland_c2,0.05973901545539241,1.0,False,0.6153846153846154,0.001468053019777149
mfeat_pixel,f1,inverse_multiquadratic,laplacian,0.9132497016612998,1.0,False,-0.029239766081871343,-6.308149615663616e-06
mfeat_pixel,f1,inverse_multiquadratic,logarithmic,0.31731050786291415,1.0,False,1.0,0.00021645021645022577
mfeat_pixel,f1,inverse_multiquadratic,lorentzian,0.9352901580749563,1.0,False,-0.019762845849802372,0.00022652035452441766
mfeat_pixel,f1,inverse_multiquadratic,multiquadratic,0.051520353375821656,1.0,False,0.463768115942029,0.0023615550052330514
mfeat_pixel,f1,inverse_multiquadratic,quartic_spline,0.02251005805656898,1.0,False,0.5434782608695652,0.002316014581578929
mfeat_pixel,f1,inverse_multiquadratic,radial,0.9132497016612998,1.0,False,-0.029239766081871343,-6.308149615663616e-06
mfeat_pixel,f1,inverse_multiquadratic,rational_quadratic,0.42043921094440084,1.0,False,0.21052631578947367,0.00084796156180178
mfeat_pixel,f1,inverse_multiquadratic,rbf_gaussian,0.8888880131646671,1.0,False,-0.03133903133903134,-0.0002443339717870252
mfeat_pixel,f1,inverse_multiquadratic,shepard,0.10880943004054568,1.0,False,-1.0,-0.0006144749934144933
mfeat_pixel,f1,inverse_multiquadratic,sigmoidal,0.22449670828869528,1.0,False,0.2833333333333333,0.0012897004008340929
mfeat_pixel,f1,inverse_multiquadratic,softmax_radial,0.9132497016612998,1.0,False,-0.029239766081871343,-6.308149615663616e-06
mfeat_pixel,f1,inverse_multiquadratic,student_t,1.0,1.0,False,0.0,0.0
mfeat_pixel,f1,inverse_multiquadratic,wendland_c2,0.02251005805656898,1.0,False,0.5434782608695652,0.002316014581578929
mfeat_pixel,f1,laplacian,logarithmic,0.7780677781769216,1.0,False,0.07368421052631578,0.0002227583660658894
mfeat_pixel,f1,laplacian,lorentzian,0.8671175261917602,1.0,False,0.03985507246376811,0.00023282850414008127
mfeat_pixel,f1,laplacian,multiquadratic,0.15794663165823997,1.0,False,0.3054187192118227,0.002367863154848715
mfeat_pixel,f1,laplacian,quartic_spline,0.04040729367925789,1.0,False,0.4433497536945813,0.0023223227311945926
mfeat_pixel,f1,laplacian,radial,1.0,1.0,False,0.0,0.0
mfeat_pixel,f1,laplacian,rational_quadratic,0.5010779877922213,1.0,False,0.15384615384615385,0.0008542697114174436
mfeat_pixel,f1,laplacian,rbf_gaussian,0.3558239215738098,1.0,False,-0.2549019607843137,-0.0002380258221713616
mfeat_pixel,f1,laplacian,shepard,0.9176041482130133,1.0,False,-0.029411764705882353,-0.0006081668437988297
mfeat_pixel,f1,laplacian,sigmoidal,0.012903674218546813,1.0,False,0.7523809523809524,0.0012960085504497565
mfeat_pixel,f1,laplacian,softmax_radial,1.0,1.0,False,0.0,0.0
mfeat_pixel,f1,laplacian,student_t,0.9132497016612998,1.0,False,0.029239766081871343,6.308149615663616e-06
mfeat_pixel,f1,laplacian,wendland_c2,0.04040729367925789,1.0,False,0.4433497536945813,0.0023223227311945926
mfeat_pixel,f1,logarithmic,lorentzian,0.6892567158165668,1.0,False,-0.09956709956709957,1.0070138074191881e-05
mfeat_pixel,f1,logarithmic,multiquadratic,0.08289081142822007,1.0,False,0.41304347826086957,0.0021451047887828256
mfeat_pixel,f1,logarithmic,quartic_spline,0.03620777110801261,1.0,False,0.5098814229249012,0.0020995643651287033
mfeat_pixel,f1,logarithmic,radial,0.7780677781769216,1.0,False,-0.07368421052631578,-0.0002227583660658894
mfeat_pixel,f1,logarithmic,rational_quadratic,0.5857357043794078,1.0,False,0.14619883040935672,0.0006315113453515542
mfeat_pixel,f1,logarithmic,rbf_gaussian,0.7365712936331178,1.0,False,-0.07692307692307693,-0.000460784188237251
mfeat_pixel,f1,logarithmic,shepard,0.06788915486182899,1.0,False,-1.0,-0.0008309252098647191
mfeat_pixel,f1,logarithmic,sigmoidal,0.30643062717372915,1.0,False,0.23384615384615384,0.001073250184383867
mfeat_pixel,f1,logarithmic,softmax_radial,0.7780677781769216,1.0,False,-0.07368421052631578,-0.0002227583660658894
mfeat_pixel,f1,logarithmic,student_t,0.31731050786291415,1.0,False,-1.0,-0.00021645021645022577
mfeat_pixel,f1,logarithmic,wendland_c2,0.03620777110801261,1.0,False,0.5098814229249012,0.0020995643651287033
mfeat_pixel,f1,lorentzian,multiquadratic,0.02463797061744186,1.0,False,0.5138461538461538,0.0021350346507086337
mfeat_pixel,f1,lorentzian,quartic_spline,0.006318521553682498,1.0,False,0.8285714285714286,0.0020894942270545114
mfeat_pixel,f1,lorentzian,radial,0.8671175261917602,1.0,False,-0.03985507246376811,-0.00023282850414008127
mfeat_pixel,f1,lorentzian,rational_quadratic,0.06788915486182899,1.0,False,1.0,0.0006214412072773623
mfeat_pixel,f1,lorentzian,rbf_gaussian,0.272095182736126,1.0,False,-0.358974358974359,-0.00047085432631144286
mfeat_pixel,f1,lorentzian,shepard,0.42072176914087644,1.0,False,-0.21052631578947367,-0.000840995347938911
mfeat_pixel,f1,lorentzian,sigmoidal,0.23943944260504235,1.0,False,0.3,0.0010631800463096752
mfeat_pixel,f1,lorentzian,softmax_radial,0.8671175261917602,1.0,False,-0.03985507246376811,-0.00023282850414008127
mfeat_pixel,f1,lorentzian,student_t,0.9352901580749563,1.0,False,0.019762845849802372,-0.00022652035452441766
mfeat_pixel,f1,lorentzian,wendland_c2,0.006318521553682498,1.0,False,0.8285714285714286,0.0020894942270545114
mfeat_pixel,f1,multiquadratic,quartic_spline,0.6786029449987424,1.0,False,-0.09666666666666666,-4.5540423654122364e-05
mfeat_pixel,f1,multiquadratic,radial,0.15794663165823997,1.0,False,-0.3054187192118227,-0.002367863154848715
mfeat_pixel,f1,multiquadratic,rational_quadratic,0.10692300357799144,1.0,False,-0.38405797101449274,-0.0015135934434312714
mfeat_pixel,f1,multiquadratic,rbf_gaussian,0.10744347230317663,1.0,False,-0.3544973544973545,-0.0026058889770200766
mfeat_pixel,f1,multiquadratic,shepard,0.023778329117189027,1.0,False,-0.5169230769230769,-0.0029760299986475447
mfeat_pixel,f1,multiquadratic,sigmoidal,0.4592276485870532,1.0,False,-0.16009852216748768,-0.0010718546043989585
mfeat_pixel,f1,multiquadratic,softmax_radial,0.15794663165823997,1.0,False,-0.3054187192118227,-0.002367863154848715
mfeat_pixel,f1,multiquadratic,student_t,0.051520353375821656,1.0,False,-0.463768115942029,-0.0023615550052330514
mfeat_pixel,f1,multiquadratic,wendland_c2,0.6786029449987424,1.0,False,-0.09666666666666666,-4.5540423654122364e-05
mfeat_pixel,f1,quartic_spline,radial,0.04040729367925789,1.0,False,-0.4433497536945813,-0.0023223227311945926
mfeat_pixel,f1,quartic_spline,rational_quadratic,0.05973901545539241,1.0,False,-0.6153846153846154,-0.001468053019777149
mfeat_pixel,f1,quartic_spline,rbf_gaussian,0.008903385115881386,1.0,False,-0.6842105263157895,-0.0025603485533659542
mfeat_pixel,f1,quartic_spline,shepard,0.006048764333402577,1.0,False,-0.6276923076923077,-0.0029304895749934223
mfeat_pixel,f1,quartic_spline,sigmoidal,0.34621565498772255,1.0,False,-0.2153846153846154,-0.0010263141807448362
mfeat_pixel,f1,quartic_spline,softmax_radial,0.04040729367925789,1.0,False,-0.4433497536945813,-0.0023223227311945926
mfeat_pixel,f1,quartic_spline,student_t,0.02251005805656898,1.0,False,-0.5434782608695652,-0.002316014581578929
mfeat_pixel,f1,quartic_spline,wendland_c2,1.0,1.0,False,0.0,0.0
mfeat_pixel,f1,radial,rational_quadratic,0.5010779877922213,1.0,False,0.15384615384615385,0.0008542697114174436
mfeat_pixel,f1,radial,rbf_gaussian,0.3558239215738098,1.0,False,-0.2549019607843137,-0.0002380258221713616
mfeat_pixel,f1,radial,shepard,0.9176041482130133,1.0,False,-0.029411764705882353,-0.0006081668437988297
mfeat_pixel,f1,radial,sigmoidal,0.012903674218546813,1.0,False,0.7523809523809524,0.0012960085504497565
mfeat_pixel,f1,radial,softmax_radial,1.0,1.0,False,0.0,0.0
mfeat_pixel,f1,radial,student_t,0.9132497016612998,1.0,False,0.029239766081871343,6.308149615663616e-06
mfeat_pixel,f1,radial,wendland_c2,0.04040729367925789,1.0,False,0.4433497536945813,0.0023223227311945926
mfeat_pixel,f1,rational_quadratic,rbf_gaussian,0.1401460614684125,1.0,False,-0.44761904761904764,-0.0010922955335888052
mfeat_pixel,f1,rational_quadratic,shepard,0.16240284433565333,1.0,False,-0.33992094861660077,-0.0014624365552162732
mfeat_pixel,f1,rational_quadratic,sigmoidal,0.4357553108354454,1.0,False,0.18972332015810275,0.0004417388390323129
mfeat_pixel,f1,rational_quadratic,softmax_radial,0.5010779877922213,1.0,False,-0.15384615384615385,-0.0008542697114174436
mfeat_pixel,f1,rational_quadratic,student_t,0.42043921094440084,1.0,False,-0.21052631578947367,-0.00084796156180178
mfeat_pixel,f1,rational_quadratic,wendland_c2,0.05973901545539241,1.0,False,0.6153846153846154,0.001468053019777149
mfeat_pixel,f1,rbf_gaussian,shepard,0.7750522857122177,1.0,False,-0.06666666666666667,-0.0003701410216274681
mfeat_pixel,f1,rbf_gaussian,sigmoidal,0.016644883860113348,1.0,False,0.782051282051282,0.001534034372621118
mfeat_pixel,f1,rbf_gaussian,softmax_radial,0.3558239215738098,1.0,False,0.2549019607843137,0.0002380258221713616
mfeat_pixel,f1,rbf_gaussian,student_t,0.8888880131646671,1.0,False,0.03133903133903134,0.0002443339717870252
mfeat_pixel,f1,rbf_gaussian,wendland_c2,0.008903385115881386,1.0,False,0.6842105263157895,0.0025603485533659542
mfeat_pixel,f1,shepard,sigmoidal,0.08518552224779828,1.0,False,0.4189723320158103,0.0019041753942485862
mfeat_pixel,f1,shepard,softmax_radial,0.9176041482130133,1.0,False,0.029411764705882353,0.0006081668437988297
mfeat_pixel,f1,shepard,student_t,0.10880943004054568,1.0,False,1.0,0.0006144749934144933
mfeat_pixel,f1,shepard,wendland_c2,0.006048764333402577,1.0,False,0.6276923076923077,0.0029304895749934223
mfeat_pixel,f1,sigmoidal,softmax_radial,0.012903674218546813,1.0,False,-0.7523809523809524,-0.0012960085504497565
mfeat_pixel,f1,sigmoidal,student_t,0.22449670828869528,1.0,False,-0.2833333333333333,-0.0012897004008340929
mfeat_pixel,f1,sigmoidal,wendland_c2,0.34621565498772255,1.0,False,0.2153846153846154,0.0010263141807448362
mfeat_pixel,f1,softmax_radial,student_t,0.9132497016612998,1.0,False,0.029239766081871343,6.308149615663616e-06
mfeat_pixel,f1,softmax_radial,wendland_c2,0.04040729367925789,1.0,False,0.4433497536945813,0.0023223227311945926
mfeat_pixel,f1,student_t,wendland_c2,0.02251005805656898,1.0,False,0.5434782608695652,0.002316014581578929
mfeat_zernike,f1,attention,cauchy,0.22855282202363014,1.0,False,0.25591397849462366,0.0033022698431913744
mfeat_zernike,f1,attention,cosine,0.06056523136794567,1.0,False,0.3935483870967742,0.009944869802725576
mfeat_zernike,f1,attention,cubic_spline,0.06989291124045849,1.0,False,0.38064516129032255,0.010100005343403717
mfeat_zernike,f1,attention,entropic,0.9053327102078165,1.0,False,0.02528735632183908,0.0008259075364552837
mfeat_zernike,f1,attention,gen_exponential,0.15668192940348688,1.0,False,0.30114942528735633,0.0030158167454706897
mfeat_zernike,f1,attention,harmonic,0.10880943004054568,1.0,False,1.0,0.0002844886063276819
mfeat_zernike,f1,attention,inverse_multiquadratic,0.1982405546429553,1.0,False,0.2735632183908046,0.0033209406632258576
mfeat_zernike,f1,attention,laplacian,0.144409367598642,1.0,False,0.3103448275862069,0.0035273903098786974
mfeat_zernike,f1,attention,logarithmic,0.18357532003674315,1.0,False,0.2827586206896552,0.0034957232235601765
mfeat_zernike,f1,attention,lorentzian,0.33887029444588135,1.0,False,-0.20689655172413793,-0.0011526482431487572
mfeat_zernike,f1,attention,multiquadratic,0.0023674946278333664,0.452191473916173,False,0.6172043010752688,0.011270598459116155
mfeat_zernike,f1,attention,quartic_spline,0.023410143330693245,1.0,False,0.47096774193548385,0.011242759804477198
mfeat_zernike,f1,attention,radial,0.7156020623007808,1.0,False,0.07881773399014778,0.0016974740867297111
mfeat_zernike,f1,attention,rational_quadratic,0.5337772019665354,1.0,False,-0.1396011396011396,-2.1749661084480287e-05
mfeat_zernike,f1,attention,rbf_gaussian,0.19807579927146435,1.0,False,0.2731182795698925,0.0033320214042978913
mfeat_zernike,f1,attention,shepard,0.705128996462832,1.0,False,-0.08045977011494253,-0.0002569063171563579
mfeat_zernike,f1,attention,sigmoidal,0.49451667461355175,1.0,False,-0.1477832512315271,-0.0008595976656894377
mfeat_zernike,f1,attention,softmax_radial,0.144409367598642,1.0,False,0.3103448275862069,0.0035273903098786974
mfeat_zernike,f1,attention,student_t,0.1982405546429553,1.0,False,0.2735632183908046,0.0033209406632258576
mfeat_zernike,f1,attention,wendland_c2,0.022098854184150696,1.0,False,0.4752688172043011,0.01170813553819916
mfeat_zernike,f1,cauchy,cosine,0.4898460879921913,1.0,False,0.14838709677419354,0.006642599959534201
mfeat_zernike,f1,cauchy,cubic_spline,0.537722120370485,1.0,False,0.1310344827586207,0.006797735500212343
mfeat_zernike,f1,cauchy,entropic,0.22064675763249397,1.0,False,-0.26021505376344084,-0.0024763623067360907
mfeat_zernike,f1,cauchy,gen_exponential,0.9032264724373817,1.0,False,-0.02795698924731183,-0.0002864530977206847
mfeat_zernike,f1,cauchy,harmonic,0.25343610532581806,1.0,False,-0.24301075268817204,-0.0030177812368636925
mfeat_zernike,f1,cauchy,inverse_multiquadratic,0.935398668050766,1.0,False,-0.01935483870967742,1.867082003448317e-05
mfeat_zernike,f1,cauchy,laplacian,0.956888952107657,1.0,False,0.011494252873563218,0.000225120466687323
mfeat_zernike,f1,cauchy,logarithmic,0.9838335812091827,1.0,False,-0.0064516129032258064,0.0001934533803688021
mfeat_zernike,f1,cauchy,lorentzian,0.054921628907322884,1.0,False,-0.4021505376344086,-0.004454918086340132
mfeat_zernike,f1,cauchy,multiquadratic,0.0006665531545877457,0.1313109714537859,False,0.6817204301075269,0.00796832861592478
mfeat_zernike,f1,cauchy,quartic_spline,0.2621222734451294,1.0,False,0.23870967741935484,0.007940489961285824
mfeat_zernike,f1,cauchy,radial,0.48220904503166206,1.0,False,-0.14942528735632185,-0.0016047957564616633
mfeat_zernike,f1,cauchy,rational_quadratic,0.11907656863331795,1.0,False,-0.32903225806451614,-0.0033240195042758547
mfeat_zernike,f1,cauchy,rbf_gaussian,0.935398668050766,1.0,False,-0.01935483870967742,2.975156110651689e-05
mfeat_zernike,f1,cauchy,shepard,0.08560627067312218,1.0,False,-0.36551724137931035,-0.0035591761603477323
mfeat_zernike,f1,cauchy,sigmoidal,0.08793856762349606,1.0,False,-0.35913978494623655,-0.004161867508880812
mfeat_zernike,f1,cauchy,softmax_radial,0.956888952107657,1.0,False,0.011494252873563218,0.000225120466687323
mfeat_zernike,f1,cauchy,student_t,0.935398668050766,1.0,False,-0.01935483870967742,1.867082003448317e-05
mfeat_zernike,f1,cauchy,wendland_c2,0.24494642950594425,1.0,False,0.24731182795698925,0.008405865695007786
mfeat_zernike,f1,cosine,cubic_spline,0.7938390455415016,1.0,False,0.06666666666666667,0.00015513554067814184
mfeat_zernike,f1,cosine,entropic,0.010598260909318924,1.0,False,-0.5268817204301075,-0.009118962266270292
mfeat_zernike,f1,cosine,gen_exponential,0.12413446232676506,1.0,False,-0.3247311827956989,-0.006929053057254886
mfeat_zernike,f1,cosine,harmonic,0.06056523136794567,1.0,False,-0.3935483870967742,-0.009660381196397894
mfeat_zernike,f1,cosine,inverse_multiquadratic,0.25343610532581806,1.0,False,-0.24301075268817204,-0.006623929139499718
mfeat_zernike,f1,cosine,laplacian,0.15188691951334476,1.0,False,-0.3032258064516129,-0.006417479492846878
mfeat_zernike,f1,cosine,logarithmic,0.28008678182959557,1.0,False,-0.23010752688172043,-0.006449146579165399
mfeat_zernike,f1,cosine,lorentzian,0.00023163668811321259,0.047022247686982155,True,-0.7290322580645161,-0.011097518045874333
mfeat_zernike,f1,cosine,multiquadratic,0.09610157273709774,1.0,False,0.35053763440860214,0.001325728656390579
mfeat_zernike,f1,cosine,quartic_spline,0.380904893503636,1.0,False,0.19658119658119658,0.0012978900017516226
mfeat_zernike,f1,cosine,radial,0.026228994131088257,1.0,False,-0.46236559139784944,-0.008247395715995864
mfeat_zernike,f1,cosine,rational_quadratic,0.007612137123942375,1.0,False,-0.5483870967741935,-0.009966619463810056
mfeat_zernike,f1,cosine,rbf_gaussian,0.21293285302817822,1.0,False,-0.2645161290322581,-0.006612848398427684
mfeat_zernike,f1,cosine,shepard,0.00012333691120147705,0.025284066796302795,True,-0.7548387096774194,-0.010201776119881933
mfeat_zernike,f1,cosine,sigmoidal,0.0005054883658885956,0.10059218481183052,False,-0.6946236559139785,-0.010804467468415013
mfeat_zernike,f1,cosine,softmax_radial,0.15188691951334476,1.0,False,-0.3032258064516129,-0.006417479492846878
mfeat_zernike,f1,cosine,student_t,0.25343610532581806,1.0,False,-0.24301075268817204,-0.006623929139499718
mfeat_zernike,f1,cosine,wendland_c2,0.1824026039723462,1.0,False,0.29914529914529914,0.0017632657354735848
mfeat_zernike,f1,cubic_spline,entropic,0.036434996873140335,1.0,False,-0.43655913978494626,-0.009274097806948434
mfeat_zernike,f1,cubic_spline,gen_exponential,0.22064675763249397,1.0,False,-0.26021505376344084,-0.007084188597933028
mfeat_zernike,f1,cubic_spline,harmonic,0.06989291124045849,1.0,False,-0.38064516129032255,-0.009815516737076035
mfeat_zernike,f1,cubic_spline,inverse_multiquadratic,0.22855282202363014,1.0,False,-0.25591397849462366,-0.00677906468017786
mfeat_zernike,f1,cubic_spline,laplacian,0.24494642950594425,1.0,False,-0.24731182795698925,-0.00657261503352502
mfeat_zernike,f1,cubic_spline,logarithmic,0.2710056286305189,1.0,False,-0.23440860215053763,-0.006604282119843541
mfeat_zernike,f1,cubic_spline,lorentzian,0.0006665531545877457,0.1313109714537859,False,-0.6817204301075269,-0.011252653586552475
mfeat_zernike,f1,cubic_spline,multiquadratic,0.0803273618221283,1.0,False,0.36774193548387096,0.0011705931157124372
mfeat_zernike,f1,cubic_spline,quartic_spline,0.10243436499289735,1.0,False,0.45098039215686275,0.0011427544610734808
mfeat_zernike,f1,cubic_spline,radial,0.054921628907322884,1.0,False,-0.4021505376344086,-0.008402531256674006
mfeat_zernike,f1,cubic_spline,rational_quadratic,0.011303061619400978,1.0,False,-0.5225806451612903,-0.010121755004488198
mfeat_zernike,f1,cubic_spline,rbf_gaussian,0.22064675763249397,1.0,False,-0.26021505376344084,-0.006767983939105826
mfeat_zernike,f1,cubic_spline,shepard,0.0011367546008406737,0.2205303925630907,False,-0.6919540229885057,-0.010356911660560075
mfeat_zernike,f1,cubic_spline,sigmoidal,0.0020201820880174637,0.387874960899353,False,-0.6258064516129033,-0.010959603009093155
mfeat_zernike,f1,cubic_spline,softmax_radial,0.24494642950594425,1.0,False,-0.24731182795698925,-0.00657261503352502
mfeat_zernike,f1,cubic_spline,student_t,0.22855282202363014,1.0,False,-0.25591397849462366,-0.00677906468017786
mfeat_zernike,f1,cubic_spline,wendland_c2,0.017058718531494516,1.0,False,0.7,0.001608130194795443
mfeat_zernike,f1,entropic,gen_exponential,0.1182937367394973,1.0,False,0.3504273504273504,0.002189909209015406
mfeat_zernike,f1,entropic,harmonic,0.854172545006435,1.0,False,0.03908045977011494,-0.0005414189301276018
mfeat_zernike,f1,entropic,inverse_multiquadratic,0.19859833981112052,1.0,False,0.26881720430107525,0.002495033126770574
mfeat_zernike,f1,entropic,laplacian,0.02989135425663507,1.0,False,0.48717948717948717,0.0027014827734234137
mfeat_zernike,f1,entropic,logarithmic,0.15794767439365387,1.0,False,0.2989247311827957,0.002669815687104893
mfeat_zernike,f1,entropic,lorentzian,0.21087195144032855,1.0,False,-0.28615384615384615,-0.001978555779604041
mfeat_zernike,f1,entropic,multiquadratic,0.0023674946278333664,0.452191473916173,False,0.6172043010752688,0.01044469092266087
mfeat_zernike,f1,entropic,quartic_spline,0.01453801617026329,1.0,False,0.5053763440860215,0.010416852268021914
mfeat_zernike,f1,entropic,radial,0.559325613304338,1.0,False,0.12413793103448276,0.0008715665502744274
mfeat_zernike,f1,entropic,rational_quadratic,0.6389064772442071,1.0,False,-0.11688311688311688,-0.000847657197539764
mfeat_zernike,f1,entropic,rbf_gaussian,0.15794767439365387,1.0,False,0.2989247311827957,0.0025061138678426076
mfeat_zernike,f1,entropic,shepard,0.5538124142676271,1.0,False,-0.12807881773399016,-0.0010828138536116416
mfeat_zernike,f1,entropic,sigmoidal,0.27677204744647677,1.0,False,-0.2648221343873518,-0.0016855052021447214
mfeat_zernike,f1,entropic,softmax_radial,0.02989135425663507,1.0,False,0.48717948717948717,0.0027014827734234137
mfeat_zernike,f1,entropic,student_t,0.19859833981112052,1.0,False,0.26881720430107525,0.002495033126770574
mfeat_zernike,f1,entropic,wendland_c2,0.00577649287879467,1.0,False,0.5655913978494623,0.010882228001743877
mfeat_zernike,f1,gen_exponential,harmonic,0.23010529565988946,1.0,False,-0.25517241379310346,-0.0027313281391430078
mfeat_zernike,f1,gen_exponential,inverse_multiquadratic,0.8871948085725307,1.0,False,0.03225806451612903,0.0003051239177551679
mfeat_zernike,f1,gen_exponential,laplacian,0.5110675065337904,1.0,False,0.15333333333333332,0.0005115735644080077
mfeat_zernike,f1,gen_exponential,logarithmic,0.8393927440047264,1.0,False,0.04516129032258064,0.00047990647808948683
mfeat_zernike,f1,gen_exponential,lorentzian,0.028181182907209452,1.0,False,-0.4666666666666667,-0.004168464988619447
mfeat_zernike,f1,gen_exponential,multiquadratic,0.007111456245183945,1.0,False,0.5526881720430108,0.008254781713645465
mfeat_zernike,f1,gen_exponential,quartic_spline,0.10483990423381329,1.0,False,0.3419354838709677,0.008226943059006508
mfeat_zernike,f1,gen_exponential,radial,0.6113514993496755,1.0,False,-0.10804597701149425,-0.0013183426587409786
mfeat_zernike,f1,gen_exponential,rational_quadratic,0.11612964862663322,1.0,False,-0.3399014778325123,-0.00303756640655517
mfeat_zernike,f1,gen_exponential,rbf_gaussian,1.0,1.0,False,-0.002150537634408602,0.0003162046588272016
mfeat_zernike,f1,gen_exponential,shepard,0.058754196392100354,1.0,False,-0.4088669950738916,-0.0032727230626270476
mfeat_zernike,f1,gen_exponential,sigmoidal,0.038246837297851846,1.0,False,-0.4482758620689655,-0.0038754144111601274
mfeat_zernike,f1,gen_exponential,softmax_radial,0.5110675065337904,1.0,False,0.15333333333333332,0.0005115735644080077
mfeat_zernike,f1,gen_exponential,student_t,0.8871948085725307,1.0,False,0.03225806451612903,0.0003051239177551679
mfeat_zernike,f1,gen_exponential,wendland_c2,0.06056523136794567,1.0,False,0.3935483870967742,0.00869231879272847
mfeat_zernike,f1,harmonic,inverse_multiquadratic,0.22181698571454478,1.0,False,0.2597701149425287,0.0030364520568981757
mfeat_zernike,f1,harmonic,laplacian,0.1631073882292975,1.0,False,0.296551724137931,0.0032429017035510155
mfeat_zernike,f1,harmonic,logarithmic,0.20588664640290355,1.0,False,0.2689655172413793,0.0032112346172324946
mfeat_zernike,f1,harmonic,lorentzian,0.29487572721167077,1.0,False,-0.22660098522167488,-0.0014371368494764392
mfeat_zernike,f1,harmonic,multiquadratic,0.0023674946278333664,0.452191473916173,False,0.6172043010752688,0.010986109852788473
mfeat_zernike,f1,harmonic,quartic_spline,0.024786051362752914,1.0,False,0.4666666666666667,0.010958271198149516
mfeat_zernike,f1,harmonic,radial,0.7672083132559107,1.0,False,0.06403940886699508,0.0014129854804020292
mfeat_zernike,f1,harmonic,rational_quadratic,0.3672544095081207,1.0,False,-0.2022792022792023,-0.0003062382674121622
mfeat_zernike,f1,harmonic,rbf_gaussian,0.22064675763249397,1.0,False,0.26021505376344084,0.0030475327979702094
mfeat_zernike,f1,harmonic,shepard,0.6575663850187541,1.0,False,-0.09425287356321839,-0.0005413949234840398
mfeat_zernike,f1,harmonic,sigmoidal,0.3623707584699263,1.0,False,-0.19704433497536947,-0.0011440862720171197
mfeat_zernike,f1,harmonic,softmax_radial,0.1631073882292975,1.0,False,0.296551724137931,0.0032429017035510155
mfeat_zernike,f1,harmonic,student_t,0.22181698571454478,1.0,False,0.2597701149425287,0.0030364520568981757
mfeat_zernike,f1,harmonic,wendland_c2,0.022098854184150696,1.0,False,0.4752688172043011,0.011423646931871478
mfeat_zernike,f1,inverse_multiquadratic,laplacian,0.956888952107657,1.0,False,0.011494252873563218,0.00020644964665283982
mfeat_zernike,f1,inverse_multiquadratic,logarithmic,0.10880943004054568,1.0,False,1.0,0.00017478256033431894
mfeat_zernike,f1,inverse_multiquadratic,lorentzian,0.016874375859588488,1.0,False,-0.5080459770114942,-0.004473588906374615
mfeat_zernike,f1,inverse_multiquadratic,multiquadratic,0.004338232800364494,0.8025730680674314,False,0.5827956989247312,0.007949657795890297
mfeat_zernike,f1,inverse_multiquadratic,quartic_spline,0.05768792890012264,1.0,False,0.3978494623655914,0.00792181914125134
mfeat_zernike,f1,inverse_multiquadratic,radial,0.1182937367394973,1.0,False,-0.3504273504273504,-0.0016234665764961465
mfeat_zernike,f1,inverse_multiquadratic,rational_quadratic,0.027344362156579066,1.0,False,-0.5046153846153846,-0.003342690324310338
mfeat_zernike,f1,inverse_multiquadratic,rbf_gaussian,0.07873081119613402,1.0,False,0.5,1.1080741072033717e-05
mfeat_zernike,f1,inverse_multiquadratic,shepard,0.016877583744026235,1.0,False,-0.5080459770114942,-0.0035778469803822155
mfeat_zernike,f1,inverse_multiquadratic,sigmoidal,0.023844564338549933,1.0,False,-0.4804597701149425,-0.004180538328915295
mfeat_zernike,f1,inverse_multiquadratic,softmax_radial,0.956888952107657,1.0,False,0.011494252873563218,0.00020644964665283982
mfeat_zernike,f1,inverse_multiquadratic,student_t,1.0,1.0,False,0.0,0.0
mfeat_zernike,f1,inverse_multiquadratic,wendland_c2,0.0426517054438591,1.0,False,0.4236559139784946,0.008387194874973303
mfeat_zernike,f1,laplacian,logarithmic,0.9396727300650676,1.0,False,0.016091954022988506,-3.166708631852089e-05
mfeat_zernike,f1,laplacian,lorentzian,0.008142979815602303,1.0,False,-0.5440860215053763,-0.004680038553027455
mfeat_zernike,f1,laplacian,multiquadratic,0.007612137123942375,1.0,False,0.5483870967741935,0.007743208149237457
mfeat_zernike,f1,laplacian,quartic_spline,0.07672121562063694,1.0,False,0.3720430107526882,0.007715369494598501
mfeat_zernike,f1,laplacian,radial,0.4957887064737012,1.0,False,-0.14482758620689656,-0.0018299162231489863
mfeat_zernike,f1,laplacian,rational_quadratic,0.041139141993459444,1.0,False,-0.4497354497354497,-0.0035491399709631777
mfeat_zernike,f1,laplacian,rbf_gaussian,1.0,1.0,False,0.002150537634408602,-0.0001953689055808061
mfeat_zernike,f1,laplacian,shepard,0.002404892089595166,0.452191473916173,False,-0.6809116809116809,-0.0037842966270350553
mfeat_zernike,f1,laplacian,sigmoidal,0.012507961408460461,1.0,False,-0.5310344827586206,-0.004386987975568135
mfeat_zernike,f1,laplacian,softmax_radial,1.0,1.0,False,0.0,0.0
mfeat_zernike,f1,laplacian,student_t,0.956888952107657,1.0,False,-0.011494252873563218,-0.00020644964665283982
mfeat_zernike,f1,laplacian,wendland_c2,0.06056523136794567,1.0,False,0.3935483870967742,0.008180745228320463
mfeat_zernike,f1,logarithmic,lorentzian,0.011762965779526168,1.0,False,-0.535632183908046,-0.004648371466708934
mfeat_zernike,f1,logarithmic,multiquadratic,0.004338232800364494,0.8025730680674314,False,0.5827956989247312,0.007774875235555978
mfeat_zernike,f1,logarithmic,quartic_spline,0.06056523136794567,1.0,False,0.3935483870967742,0.007747036580917022
mfeat_zernike,f1,logarithmic,radial,0.10138633324386155,1.0,False,-0.36752136752136755,-0.0017982491368304654
mfeat_zernike,f1,logarithmic,rational_quadratic,0.01788862667633239,1.0,False,-0.5415384615384615,-0.003517472884644657
mfeat_zernike,f1,logarithmic,rbf_gaussian,0.15781136896845493,1.0,False,0.42857142857142855,-0.00016370181926228522
mfeat_zernike,f1,logarithmic,shepard,0.014990431977029234,1.0,False,-0.5172413793103449,-0.0037526295407165344
mfeat_zernike,f1,logarithmic,sigmoidal,0.018970134910080236,1.0,False,-0.49885057471264366,-0.004355320889249614
mfeat_zernike,f1,logarithmic,softmax_radial,0.9396727300650676,1.0,False,-0.016091954022988506,3.166708631852089e-05
mfeat_zernike,f1,logarithmic,student_t,0.10880943004054568,1.0,False,-1.0,-0.00017478256033431894
mfeat_zernike,f1,logarithmic,wendland_c2,0.054921628907322884,1.0,False,0.4021505376344086,0.008212412314638984
mfeat_zernike,f1,lorentzian,multiquadratic,5.5925920605659485e-05,0.011688517406582832,True,0.7849462365591398,0.012423246702264912
mfeat_zernike,f1,lorentzian,quartic_spline,0.00046010687947273254,0.09248148277401924,False,0.6989247311827957,0.012395408047625955
mfeat_zernike,f1,lorentzian,radial,0.09261734149401615,1.0,False,0.37037037037037035,0.0028501223298784684
mfeat_zernike,f1,lorentzian,rational_quadratic,0.7331868995612068,1.0,False,0.08300395256916997,0.001130898582064277
mfeat_zernike,f1,lorentzian,rbf_gaussian,0.008705463260412216,1.0,False,0.5397849462365591,0.0044846696474466485
mfeat_zernike,f1,lorentzian,shepard,0.7317059346728588,1.0,False,0.08,0.0008957419259923993
mfeat_zernike,f1,lorentzian,sigmoidal,0.47690655496758394,1.0,False,0.24242424242424243,0.0002930505774593195
mfeat_zernike,f1,lorentzian,softmax_radial,0.008142979815602303,1.0,False,0.5440860215053763,0.004680038553027455
mfeat_zernike,f1,lorentzian,student_t,0.016874375859588488,1.0,False,0.5080459770114942,0.004473588906374615
mfeat_zernike,f1,lorentzian,wendland_c2,7.056817412376404e-05,0.01467818021774292,True,0.7763440860215054,0.012860783781347918
mfeat_zernike,f1,multiquadratic,quartic_spline,0.338741784915328,1.0,False,-0.20430107526881722,-2.7838654638956406e-05
mfeat_zernike,f1,multiquadratic,radial,0.000283263623714447,0.0572192519903183,False,-0.7204301075268817,-0.009573124372386443
mfeat_zernike,f1,multiquadratic,rational_quadratic,0.0005054883658885956,0.10059218481183052,False,-0.6946236559139785,-0.011292348120200635
mfeat_zernike,f1,multiquadratic,rbf_gaussian,0.0038930850466589546,0.7241138186785655,False,-0.6137931034482759,-0.007938577054818263
mfeat_zernike,f1,multiquadratic,shepard,3.453157842159271e-05,0.00725163146853447,True,-0.8021505376344086,-0.011527504776272512
mfeat_zernike,f1,multiquadratic,sigmoidal,0.00011058151721954346,0.022779792547225952,True,-0.7591397849462366,-0.012130196124805592
mfeat_zernike,f1,multiquadratic,softmax_radial,0.007612137123942375,1.0,False,-0.5483870967741935,-0.007743208149237457
mfeat_zernike,f1,multiquadratic,student_t,0.004338232800364494,0.8025730680674314,False,-0.5827956989247312,-0.007949657795890297
mfeat_zernike,f1,multiquadratic,wendland_c2,0.3598779272288084,1.0,False,-0.1956989247311828,0.00043753707908300576
mfeat_zernike,f1,quartic_spline,radial,0.00993151031434536,1.0,False,-0.5311827956989247,-0.009545285717747487
mfeat_zernike,f1,quartic_spline,rational_quadratic,0.004338232800364494,0.8025730680674314,False,-0.5827956989247312,-0.011264509465561678
mfeat_zernike,f1,quartic_spline,rbf_gaussian,0.036434996873140335,1.0,False,-0.43655913978494626,-0.007910738400179307
mfeat_zernike,f1,quartic_spline,shepard,0.00046010687947273254,0.09248148277401924,False,-0.6989247311827957,-0.011499666121633556
mfeat_zernike,f1,quartic_spline,sigmoidal,0.0012321043759584427,0.23779614455997944,False,-0.6516129032258065,-0.012102357470166636
mfeat_zernike,f1,quartic_spline,softmax_radial,0.07672121562063694,1.0,False,-0.3720430107526882,-0.007715369494598501
mfeat_zernike,f1,quartic_spline,student_t,0.05768792890012264,1.0,False,-0.3978494623655914,-0.00792181914125134
mfeat_zernike,f1,quartic_spline,wendland_c2,0.13801073756865956,1.0,False,0.7333333333333333,0.00046537573372196217
mfeat_zernike,f1,radial,rational_quadratic,0.14816815637677055,1.0,False,-0.312807881773399,-0.0017192237478141914
mfeat_zernike,f1,radial,rbf_gaussian,0.09263052317984789,1.0,False,0.38461538461538464,0.0016345473175681802
mfeat_zernike,f1,radial,shepard,0.019941440619873834,1.0,False,-0.5323076923076923,-0.001954380403886069
mfeat_zernike,f1,radial,sigmoidal,0.09197210927724962,1.0,False,-0.3645320197044335,-0.002557071752419149
mfeat_zernike,f1,radial,softmax_radial,0.4957887064737012,1.0,False,0.14482758620689656,0.0018299162231489863
mfeat_zernike,f1,radial,student_t,0.1182937367394973,1.0,False,0.3504273504273504,0.0016234665764961465
mfeat_zernike,f1,radial,wendland_c2,0.00466480478644371,0.8443296663463116,False,0.578494623655914,0.01001066145146945
mfeat_zernike,f1,rational_quadratic,rbf_gaussian,0.011253439884870164,1.0,False,0.5582010582010583,0.0033537710653823716
mfeat_zernike,f1,rational_quadratic,shepard,0.9772063994750985,1.0,False,0.006666666666666667,-0.00023515665607187763
mfeat_zernike,f1,rational_quadratic,sigmoidal,0.8328664161727948,1.0,False,-0.05138339920948617,-0.0008378480046049575
mfeat_zernike,f1,rational_quadratic,softmax_radial,0.041139141993459444,1.0,False,0.4497354497354497,0.0035491399709631777
mfeat_zernike,f1,rational_quadratic,student_t,0.027344362156579066,1.0,False,0.5046153846153846,0.003342690324310338
mfeat_zernike,f1,rational_quadratic,wendland_c2,0.0009517744183540344,0.1855960115790367,False,0.6645161290322581,0.01172988519928364
mfeat_zernike,f1,rbf_gaussian,shepard,0.005382779985666275,0.9689003974199295,False,-0.5698924731182796,-0.003588927721454249
mfeat_zernike,f1,rbf_gaussian,sigmoidal,0.016431212425231934,1.0,False,-0.4967741935483871,-0.004191619069987329
mfeat_zernike,f1,rbf_gaussian,softmax_radial,1.0,1.0,False,-0.002150537634408602,0.0001953689055808061
mfeat_zernike,f1,rbf_gaussian,student_t,0.07873081119613402,1.0,False,-0.5,-1.1080741072033717e-05
mfeat_zernike,f1,rbf_gaussian,wendland_c2,0.03272089920938015,1.0,False,0.44516129032258067,0.008376114133901269
mfeat_zernike,f1,shepard,sigmoidal,0.7970684943591221,1.0,False,-0.06,-0.0006026913485330798
mfeat_zernike,f1,shepard,softmax_radial,0.002404892089595166,0.452191473916173,False,0.6809116809116809,0.0037842966270350553
mfeat_zernike,f1,shepard,student_t,0.016877583744026235,1.0,False,0.5080459770114942,0.0035778469803822155
mfeat_zernike,f1,shepard,wendland_c2,7.910653948783875e-05,0.01637505367398262,True,0.7720430107526882,0.011965041855355518
mfeat_zernike,f1,sigmoidal,softmax_radial,0.012507961408460461,1.0,False,0.5310344827586206,0.004386987975568135
mfeat_zernike,f1,sigmoidal,student_t,0.023844564338549933,1.0,False,0.4804597701149425,0.004180538328915295
mfeat_zernike,f1,sigmoidal,wendland_c2,0.00018860027194023132,0.03847445547580719,True,0.7376344086021506,0.012567733203888598
mfeat_zernike,f1,softmax_radial,student_t,0.956888952107657,1.0,False,-0.011494252873563218,-0.00020644964665283982
mfeat_zernike,f1,softmax_radial,wendland_c2,0.06056523136794567,1.0,False,0.3935483870967742,0.008180745228320463
mfeat_zernike,f1,student_t,wendland_c2,0.0426517054438591,1.0,False,0.4236559139784946,0.008387194874973303
monks_problems_1,f1,attention,cauchy,0.047456252151960754,1.0,False,-0.4365079365079365,-0.02560512772889134
monks_problems_1,f1,attention,cosine,0.08406547829508781,1.0,False,-0.3634408602150538,-0.030814898466015928
monks_problems_1,f1,attention,cubic_spline,0.08406547829508781,1.0,False,-0.3634408602150538,-0.030814898466015928
monks_problems_1,f1,attention,entropic,0.07800276823667417,1.0,False,-0.37471264367816093,-0.02015662359051329
monks_problems_1,f1,attention,gen_exponential,0.022098161101869806,1.0,False,-0.49507389162561577,-0.02210090452437896
monks_problems_1,f1,attention,harmonic,0.4058697530911799,1.0,False,0.17980295566502463,0.01040375218884615
monks_problems_1,f1,attention,inverse_multiquadratic,0.06767564114400142,1.0,False,-0.38850574712643676,-0.020236640987603915
monks_problems_1,f1,attention,laplacian,0.07953343933418376,1.0,False,-0.3793103448275862,-0.021653792672066796
monks_problems_1,f1,attention,logarithmic,0.0529563739506483,1.0,False,-0.4114942528735632,-0.02140066215162506
monks_problems_1,f1,attention,lorentzian,0.17419078747320682,1.0,False,-0.31076923076923074,-0.009412790415962102
monks_problems_1,f1,attention,multiquadratic,0.20958700422718268,1.0,False,0.2623655913978495,0.01777414483295947
monks_problems_1,f1,attention,quartic_spline,0.08406547829508781,1.0,False,-0.3634408602150538,-0.030814898466015928
monks_problems_1,f1,attention,radial,0.15188691951334476,1.0,False,-0.3032258064516129,-0.023107677193232146
monks_problems_1,f1,attention,rational_quadratic,0.012247294410381634,1.0,False,-0.541871921182266,-0.031196321293063933
monks_problems_1,f1,attention,rbf_gaussian,0.21293285302817822,1.0,False,-0.2645161290322581,-0.021224260102157944
monks_problems_1,f1,attention,shepard,0.027917336371192807,1.0,False,-0.48412698412698413,-0.027304013052710463
monks_problems_1,f1,attention,sigmoidal,0.1513879509199556,1.0,False,-0.3103448275862069,-0.0187543712768361
monks_problems_1,f1,attention,softmax_radial,0.07953343933418376,1.0,False,-0.3793103448275862,-0.021653792672066796
monks_problems_1,f1,attention,student_t,0.06767564114400142,1.0,False,-0.38850574712643676,-0.020236640987603915
monks_problems_1,f1,attention,wendland_c2,0.08406547829508781,1.0,False,-0.3634408602150538,-0.030814898466015928
monks_problems_1,f1,cauchy,cosine,0.8967667620959857,1.0,False,-0.027586206896551724,-0.005209770737124586
monks_problems_1,f1,cauchy,cubic_spline,0.8967667620959857,1.0,False,-0.027586206896551724,-0.005209770737124586
monks_problems_1,f1,cauchy,entropic,0.5448567740806481,1.0,False,0.12873563218390804,0.005448504138378052
monks_problems_1,f1,cauchy,gen_exponential,0.578638508359975,1.0,False,0.11612903225806452,0.00350422320451238
monks_problems_1,f1,cauchy,harmonic,0.0004158748176842893,0.08275908871917358,False,0.7635467980295566,0.03600887991773749
monks_problems_1,f1,cauchy,inverse_multiquadratic,0.21963066734233305,1.0,False,0.32105263157894737,0.005368486741287426
monks_problems_1,f1,cauchy,laplacian,0.32406780423722137,1.0,False,0.2578947368421053,0.003951335056824545
monks_problems_1,f1,cauchy,logarithmic,0.3410635046752465,1.0,False,0.24285714285714285,0.004204465577266281
monks_problems_1,f1,cauchy,lorentzian,0.20288646381931696,1.0,False,0.2804232804232804,0.01619233731292924
monks_problems_1,f1,cauchy,multiquadratic,0.0003587520500830563,0.07246791411677737,False,0.8005698005698005,0.04337927256185081
monks_problems_1,f1,cauchy,quartic_spline,0.8967667620959857,1.0,False,-0.027586206896551724,-0.005209770737124586
monks_problems_1,f1,cauchy,radial,0.6163913111006432,1.0,False,0.10837438423645321,0.002497450535659196
monks_problems_1,f1,cauchy,rational_quadratic,0.19649909661494191,1.0,False,-0.2953846153846154,-0.005591193564172592
monks_problems_1,f1,cauchy,rbf_gaussian,0.5769004103153874,1.0,False,0.1206896551724138,0.004380867626733398
monks_problems_1,f1,cauchy,shepard,0.8191868114675458,1.0,False,-0.05128205128205128,-0.0016988853238191215
monks_problems_1,f1,cauchy,sigmoidal,0.532200812876446,1.0,False,0.13756613756613756,0.00685075645205524
monks_problems_1,f1,cauchy,softmax_radial,0.32406780423722137,1.0,False,0.2578947368421053,0.003951335056824545
monks_problems_1,f1,cauchy,student_t,0.21963066734233305,1.0,False,0.32105263157894737,0.005368486741287426
monks_problems_1,f1,cauchy,wendland_c2,0.8967667620959857,1.0,False,-0.027586206896551724,-0.005209770737124586
monks_problems_1,f1,cosine,cubic_spline,1.0,1.0,False,0.0,0.0
monks_problems_1,f1,cosine,entropic,0.3388433836161613,1.0,False,0.2,0.010658274875502638
monks_problems_1,f1,cosine,gen_exponential,0.4527945555274224,1.0,False,0.15698924731182795,0.008713993941636966
monks_problems_1,f1,cosine,harmonic,0.008254343433611614,1.0,False,0.5714285714285714,0.04121865065486208
monks_problems_1,f1,cosine,inverse_multiquadratic,0.5170368097244535,1.0,False,0.13548387096774195,0.010578257478412012
monks_problems_1,f1,cosine,laplacian,0.636153027213092,1.0,False,0.0989247311827957,0.009161105793949131
monks_problems_1,f1,cosine,logarithmic,0.5716356143381274,1.0,False,0.11827956989247312,0.009414236314390867
monks_problems_1,f1,cosine,lorentzian,0.19807579927146435,1.0,False,0.2731182795698925,0.021402108050053825
monks_problems_1,f1,cosine,multiquadratic,0.0036337564975753973,0.7085825170272024,False,0.6183908045977011,0.0485890432989754
monks_problems_1,f1,cosine,quartic_spline,1.0,1.0,False,0.0,0.0
monks_problems_1,f1,cosine,radial,0.11823851673577485,1.0,False,0.4583333333333333,0.007707221272783782
monks_problems_1,f1,cosine,rational_quadratic,0.8554482269597542,1.0,False,-0.03940886699507389,-0.0003814228270480058
monks_problems_1,f1,cosine,rbf_gaussian,0.05046060861109359,1.0,False,0.6666666666666666,0.009590638363857984
monks_problems_1,f1,cosine,shepard,0.7000329215079546,1.0,False,0.08387096774193549,0.0035108854133054646
monks_problems_1,f1,cosine,sigmoidal,0.4051305894807967,1.0,False,0.17701149425287357,0.012060527189179826
monks_problems_1,f1,cosine,softmax_radial,0.636153027213092,1.0,False,0.0989247311827957,0.009161105793949131
monks_problems_1,f1,cosine,student_t,0.5170368097244535,1.0,False,0.13548387096774195,0.010578257478412012
monks_problems_1,f1,cosine,wendland_c2,1.0,1.0,False,0.0,0.0
monks_problems_1,f1,cubic_spline,entropic,0.3388433836161613,1.0,False,0.2,0.010658274875502638
monks_problems_1,f1,cubic_spline,gen_exponential,0.4527945555274224,1.0,False,0.15698924731182795,0.008713993941636966
monks_problems_1,f1,cubic_spline,harmonic,0.008254343433611614,1.0,False,0.5714285714285714,0.04121865065486208
monks_problems_1,f1,cubic_spline,inverse_multiquadratic,0.5170368097244535,1.0,False,0.13548387096774195,0.010578257478412012
monks_problems_1,f1,cubic_spline,laplacian,0.636153027213092,1.0,False,0.0989247311827957,0.009161105793949131
monks_problems_1,f1,cubic_spline,logarithmic,0.5716356143381274,1.0,False,0.11827956989247312,0.009414236314390867
monks_problems_1,f1,cubic_spline,lorentzian,0.19807579927146435,1.0,False,0.2731182795698925,0.021402108050053825
monks_problems_1,f1,cubic_spline,multiquadratic,0.0036337564975753973,0.7085825170272024,False,0.6183908045977011,0.0485890432989754
monks_problems_1,f1,cubic_spline,quartic_spline,1.0,1.0,False,0.0,0.0
monks_problems_1,f1,cubic_spline,radial,0.11823851673577485,1.0,False,0.4583333333333333,0.007707221272783782
monks_problems_1,f1,cubic_spline,rational_quadratic,0.8554482269597542,1.0,False,-0.03940886699507389,-0.0003814228270480058
monks_problems_1,f1,cubic_spline,rbf_gaussian,0.05046060861109359,1.0,False,0.6666666666666666,0.009590638363857984
monks_problems_1,f1,cubic_spline,shepard,0.7000329215079546,1.0,False,0.08387096774193549,0.0035108854133054646
monks_problems_1,f1,cubic_spline,sigmoidal,0.4051305894807967,1.0,False,0.17701149425287357,0.012060527189179826
monks_problems_1,f1,cubic_spline,softmax_radial,0.636153027213092,1.0,False,0.0989247311827957,0.009161105793949131
monks_problems_1,f1,cubic_spline,student_t,0.5170368097244535,1.0,False,0.13548387096774195,0.010578257478412012
monks_problems_1,f1,cubic_spline,wendland_c2,1.0,1.0,False,0.0,0.0
monks_problems_1,f1,entropic,gen_exponential,0.641437185469091,1.0,False,-0.1323529411764706,-0.001944280933865672
monks_problems_1,f1,entropic,harmonic,0.014828434876012373,1.0,False,0.5270935960591133,0.03056037577935944
monks_problems_1,f1,entropic,inverse_multiquadratic,0.7869371467657944,1.0,False,-0.05747126436781609,-8.001739709062594e-05
monks_problems_1,f1,entropic,laplacian,0.927424500241308,1.0,False,-0.019704433497536946,-0.0014971690815535066
monks_problems_1,f1,entropic,logarithmic,0.7000329215079546,1.0,False,-0.08387096774193549,-0.001244038561111771
monks_problems_1,f1,entropic,lorentzian,0.3531926033087638,1.0,False,0.2123076923076923,0.010743833174551187
monks_problems_1,f1,entropic,multiquadratic,0.01176542554947011,1.0,False,0.535632183908046,0.03793076842347276
monks_problems_1,f1,entropic,quartic_spline,0.3388433836161613,1.0,False,-0.2,-0.010658274875502638
monks_problems_1,f1,entropic,radial,0.6583220633652915,1.0,False,-0.09247311827956989,-0.002951053602718856
monks_problems_1,f1,entropic,rational_quadratic,0.289642816353995,1.0,False,-0.229064039408867,-0.011039697702550644
monks_problems_1,f1,entropic,rbf_gaussian,0.8290085803026446,1.0,False,-0.04516129032258064,-0.001067636511644654
monks_problems_1,f1,entropic,shepard,0.18413634250225153,1.0,False,-0.3473684210526316,-0.007147389462197173
monks_problems_1,f1,entropic,sigmoidal,0.480176889906077,1.0,False,0.23076923076923078,0.001402252313677188
monks_problems_1,f1,entropic,softmax_radial,0.927424500241308,1.0,False,-0.019704433497536946,-0.0014971690815535066
monks_problems_1,f1,entropic,student_t,0.7869371467657944,1.0,False,-0.05747126436781609,-8.001739709062594e-05
monks_problems_1,f1,entropic,wendland_c2,0.3388433836161613,1.0,False,-0.2,-0.010658274875502638
monks_problems_1,f1,gen_exponential,harmonic,0.014115717788651427,1.0,False,0.5218390804597701,0.03250465671322511
monks_problems_1,f1,gen_exponential,inverse_multiquadratic,0.9827475178015905,1.0,False,-0.004597701149425287,0.001864263536775046
monks_problems_1,f1,gen_exponential,laplacian,0.9396727300650676,1.0,False,0.016091954022988506,0.0004471118523121653
monks_problems_1,f1,gen_exponential,logarithmic,0.8796828630433507,1.0,False,-0.03218390804597701,0.0007002423727539009
monks_problems_1,f1,gen_exponential,lorentzian,0.18653209201088083,1.0,False,0.2962962962962963,0.01268811410841686
monks_problems_1,f1,gen_exponential,multiquadratic,0.006639536470174789,1.0,False,0.556989247311828,0.03987504935733843
monks_problems_1,f1,gen_exponential,quartic_spline,0.4527945555274224,1.0,False,-0.15698924731182795,-0.008713993941636966
monks_problems_1,f1,gen_exponential,radial,0.8290085803026446,1.0,False,-0.04516129032258064,-0.0010067726688531842
monks_problems_1,f1,gen_exponential,rational_quadratic,0.29893097469273044,1.0,False,-0.2172043010752688,-0.009095416768684972
monks_problems_1,f1,gen_exponential,rbf_gaussian,0.9917943474729133,1.0,False,0.002150537634408602,0.0008766444222210179
monks_problems_1,f1,gen_exponential,shepard,0.4319644074584664,1.0,False,-0.18333333333333332,-0.0052031085283315015
monks_problems_1,f1,gen_exponential,sigmoidal,0.5545708958584856,1.0,False,0.1471861471861472,0.00334653324754286
monks_problems_1,f1,gen_exponential,softmax_radial,0.9396727300650676,1.0,False,0.016091954022988506,0.0004471118523121653
monks_problems_1,f1,gen_exponential,student_t,0.9827475178015905,1.0,False,-0.004597701149425287,0.001864263536775046
monks_problems_1,f1,gen_exponential,wendland_c2,0.4527945555274224,1.0,False,-0.15698924731182795,-0.008713993941636966
monks_problems_1,f1,harmonic,inverse_multiquadratic,0.0003439561793303525,0.07016706058339191,False,-0.7883597883597884,-0.030640393176450065
monks_problems_1,f1,harmonic,laplacian,0.0007512164273393167,0.1487408526131847,False,-0.729064039408867,-0.032057544860912945
monks_problems_1,f1,harmonic,logarithmic,0.00022516324195508746,0.04615846460079293,True,-0.7980295566502463,-0.03180441434047121
monks_problems_1,f1,harmonic,lorentzian,0.10591639361387004,1.0,False,-0.3497536945812808,-0.01981654260480825
monks_problems_1,f1,harmonic,multiquadratic,0.38177365273413977,1.0,False,0.2,0.007370392644113322
monks_problems_1,f1,harmonic,quartic_spline,0.008254343433611614,1.0,False,-0.5714285714285714,-0.04121865065486208
monks_problems_1,f1,harmonic,radial,0.052912577284376754,1.0,False,-0.4187192118226601,-0.033511429382078295
monks_problems_1,f1,harmonic,rational_quadratic,1.2279185361336645e-05,0.0025786289258806954,True,-1.0,-0.04160007348191008
monks_problems_1,f1,harmonic,rbf_gaussian,0.04786974703376418,1.0,False,-0.4206896551724138,-0.03162801229100409
monks_problems_1,f1,harmonic,shepard,0.004113913713980744,0.785757519370322,False,-0.6206896551724138,-0.03770776524155661
monks_problems_1,f1,harmonic,sigmoidal,0.029649499408383587,1.0,False,-0.47044334975369456,-0.02915812346568225
monks_problems_1,f1,harmonic,softmax_radial,0.0007512164273393167,0.1487408526131847,False,-0.729064039408867,-0.032057544860912945
monks_problems_1,f1,harmonic,student_t,0.0003439561793303525,0.07016706058339191,False,-0.7883597883597884,-0.030640393176450065
monks_problems_1,f1,harmonic,wendland_c2,0.008254343433611614,1.0,False,-0.5714285714285714,-0.04121865065486208
monks_problems_1,f1,inverse_multiquadratic,laplacian,0.9404654549563661,1.0,False,0.01904761904761905,-0.0014171516844628806
monks_problems_1,f1,inverse_multiquadratic,logarithmic,0.31731050786291415,1.0,False,-1.0,-0.001164021164021145
monks_problems_1,f1,inverse_multiquadratic,lorentzian,0.1241193206849815,1.0,False,0.3386243386243386,0.010823850571641813
monks_problems_1,f1,inverse_multiquadratic,multiquadratic,0.00018789762959125377,0.03889480932538953,True,0.8078817733990148,0.038010785820563386
monks_problems_1,f1,inverse_multiquadratic,quartic_spline,0.5170368097244535,1.0,False,-0.13548387096774195,-0.010578257478412012
monks_problems_1,f1,inverse_multiquadratic,radial,0.87739629595377,1.0,False,-0.03225806451612903,-0.00287103620562823
monks_problems_1,f1,inverse_multiquadratic,rational_quadratic,0.04755364426345914,1.0,False,-0.4935064935064935,-0.010959680305460018
monks_problems_1,f1,inverse_multiquadratic,rbf_gaussian,0.9753865135681143,1.0,False,-0.0064516129032258064,-0.000987619114554028
monks_problems_1,f1,inverse_multiquadratic,shepard,0.4593363573147894,1.0,False,-0.16923076923076924,-0.0070673720651065475
monks_problems_1,f1,inverse_multiquadratic,sigmoidal,0.7456736843239138,1.0,False,0.07142857142857142,0.001482269710767814
monks_problems_1,f1,inverse_multiquadratic,softmax_radial,0.9404654549563661,1.0,False,0.01904761904761905,-0.0014171516844628806
monks_problems_1,f1,inverse_multiquadratic,student_t,1.0,1.0,False,0.0,0.0
monks_problems_1,f1,inverse_multiquadratic,wendland_c2,0.5170368097244535,1.0,False,-0.13548387096774195,-0.010578257478412012
monks_problems_1,f1,laplacian,logarithmic,0.7368091338044767,1.0,False,-0.08571428571428572,0.00025313052044173556
monks_problems_1,f1,laplacian,lorentzian,0.34463605620938487,1.0,False,0.2044334975369458,0.012241002256104694
monks_problems_1,f1,laplacian,multiquadratic,0.00039066838169280865,0.07852434472025453,False,0.7540229885057471,0.03942793750502627
monks_problems_1,f1,laplacian,quartic_spline,0.636153027213092,1.0,False,-0.0989247311827957,-0.009161105793949131
monks_problems_1,f1,laplacian,radial,0.828801976575787,1.0,False,0.04597701149425287,-0.0014538845211653495
monks_problems_1,f1,laplacian,rational_quadratic,0.17463464548425578,1.0,False,-0.29894179894179895,-0.009542528620997137
monks_problems_1,f1,laplacian,rbf_gaussian,0.7786261617395251,1.0,False,0.059770114942528735,0.0004295325699088526
monks_problems_1,f1,laplacian,shepard,0.5254446994648505,1.0,False,-0.14245014245014245,-0.005650220380643667
monks_problems_1,f1,laplacian,sigmoidal,0.8194552162860118,1.0,False,0.05026455026455026,0.0028994213952306946
monks_problems_1,f1,laplacian,softmax_radial,1.0,1.0,False,0.0,0.0
monks_problems_1,f1,laplacian,student_t,0.9404654549563661,1.0,False,-0.01904761904761905,0.0014171516844628806
monks_problems_1,f1,laplacian,wendland_c2,0.636153027213092,1.0,False,-0.0989247311827957,-0.009161105793949131
monks_problems_1,f1,logarithmic,lorentzian,0.0919510393873883,1.0,False,0.3645320197044335,0.011987871735662958
monks_problems_1,f1,logarithmic,multiquadratic,6.122726222952892e-05,0.012735270543742015,True,0.8669950738916257,0.03917480698458453
monks_problems_1,f1,logarithmic,quartic_spline,0.5716356143381274,1.0,False,-0.11827956989247312,-0.009414236314390867
monks_problems_1,f1,logarithmic,radial,0.9917943474729133,1.0,False,-0.002150537634408602,-0.001707015041607085
monks_problems_1,f1,logarithmic,rational_quadratic,0.10450617683615991,1.0,False,-0.3952569169960474,-0.009795659141438873
monks_problems_1,f1,logarithmic,rbf_gaussian,0.9099283966830625,1.0,False,0.023655913978494623,0.00017640204946711702
monks_problems_1,f1,logarithmic,shepard,0.5676916025573617,1.0,False,-0.1282051282051282,-0.005903350901085402
monks_problems_1,f1,logarithmic,sigmoidal,0.6735469921117139,1.0,False,0.09113300492610837,0.002646290874788959
monks_problems_1,f1,logarithmic,softmax_radial,0.7368091338044767,1.0,False,0.08571428571428572,-0.00025313052044173556
monks_problems_1,f1,logarithmic,student_t,0.31731050786291415,1.0,False,1.0,0.001164021164021145
monks_problems_1,f1,logarithmic,wendland_c2,0.5716356143381274,1.0,False,-0.11827956989247312,-0.009414236314390867
monks_problems_1,f1,lorentzian,multiquadratic,0.031598880426976866,1.0,False,0.44946236559139785,0.027186935248921573
monks_problems_1,f1,lorentzian,quartic_spline,0.19807579927146435,1.0,False,-0.2731182795698925,-0.021402108050053825
monks_problems_1,f1,lorentzian,radial,0.3581028690285257,1.0,False,-0.19540229885057472,-0.013694886777270043
monks_problems_1,f1,lorentzian,rational_quadratic,0.07202778494644195,1.0,False,-0.3891625615763547,-0.02178353087710183
monks_problems_1,f1,lorentzian,rbf_gaussian,0.48220904503166206,1.0,False,-0.14942528735632185,-0.011811469686195841
monks_problems_1,f1,lorentzian,shepard,0.0919510393873883,1.0,False,-0.3645320197044335,-0.01789122263674836
monks_problems_1,f1,lorentzian,sigmoidal,0.36052558766851794,1.0,False,-0.20512820512820512,-0.009341580860874
monks_problems_1,f1,lorentzian,softmax_radial,0.34463605620938487,1.0,False,-0.2044334975369458,-0.012241002256104694
monks_problems_1,f1,lorentzian,student_t,0.1241193206849815,1.0,False,-0.3386243386243386,-0.010823850571641813
monks_problems_1,f1,lorentzian,wendland_c2,0.19807579927146435,1.0,False,-0.2731182795698925,-0.021402108050053825
monks_problems_1,f1,multiquadratic,quartic_spline,0.0036337564975753973,0.7085825170272024,False,-0.6183908045977011,-0.0485890432989754
monks_problems_1,f1,multiquadratic,radial,0.014115717788651427,1.0,False,-0.5218390804597701,-0.04088182202619162
monks_problems_1,f1,multiquadratic,rational_quadratic,5.0497288412004736e-05,0.01055393327810899,True,-0.8768472906403941,-0.048970466126023404
monks_problems_1,f1,multiquadratic,rbf_gaussian,0.01454296769826716,1.0,False,-0.5195402298850574,-0.038998404935117414
monks_problems_1,f1,multiquadratic,shepard,0.0029472179607470846,0.5776547203064286,False,-0.632183908045977,-0.045078157885669934
monks_problems_1,f1,multiquadratic,sigmoidal,0.017453668639063835,1.0,False,-0.4924731182795699,-0.03652851610979557
monks_problems_1,f1,multiquadratic,softmax_radial,0.00039066838169280865,0.07852434472025453,False,-0.7540229885057471,-0.03942793750502627
monks_problems_1,f1,multiquadratic,student_t,0.00018789762959125377,0.03889480932538953,True,-0.8078817733990148,-0.038010785820563386
monks_problems_1,f1,multiquadratic,wendland_c2,0.0036337564975753973,0.7085825170272024,False,-0.6183908045977011,-0.0485890432989754
monks_problems_1,f1,quartic_spline,radial,0.11823851673577485,1.0,False,0.4583333333333333,0.007707221272783782
monks_problems_1,f1,quartic_spline,rational_quadratic,0.8554482269597542,1.0,False,-0.03940886699507389,-0.0003814228270480058
monks_problems_1,f1,quartic_spline,rbf_gaussian,0.05046060861109359,1.0,False,0.6666666666666666,0.009590638363857984
monks_problems_1,f1,quartic_spline,shepard,0.7000329215079546,1.0,False,0.08387096774193549,0.0035108854133054646
monks_problems_1,f1,quartic_spline,sigmoidal,0.4051305894807967,1.0,False,0.17701149425287357,0.012060527189179826
monks_problems_1,f1,quartic_spline,softmax_radial,0.636153027213092,1.0,False,0.0989247311827957,0.009161105793949131
monks_problems_1,f1,quartic_spline,student_t,0.5170368097244535,1.0,False,0.13548387096774195,0.010578257478412012
monks_problems_1,f1,quartic_spline,wendland_c2,1.0,1.0,False,0.0,0.0
monks_problems_1,f1,radial,rational_quadratic,0.41234652788813886,1.0,False,-0.17733990147783252,-0.008088644099831788
monks_problems_1,f1,radial,rbf_gaussian,0.2626182904425206,1.0,False,0.4444444444444444,0.001883417091074202
monks_problems_1,f1,radial,shepard,0.8370339826129827,1.0,False,-0.043010752688172046,-0.004196335859478317
monks_problems_1,f1,radial,sigmoidal,0.6732787363156975,1.0,False,0.0896551724137931,0.004353305916396044
monks_problems_1,f1,radial,softmax_radial,0.828801976575787,1.0,False,-0.04597701149425287,0.0014538845211653495
monks_problems_1,f1,radial,student_t,0.87739629595377,1.0,False,0.03225806451612903,0.00287103620562823
monks_problems_1,f1,radial,wendland_c2,0.11823851673577485,1.0,False,-0.4583333333333333,-0.007707221272783782
monks_problems_1,f1,rational_quadratic,rbf_gaussian,0.30013993784314685,1.0,False,0.22413793103448276,0.00997206119090599
monks_problems_1,f1,rational_quadratic,shepard,0.9043806996176059,1.0,False,0.026455026455026454,0.0038923082403534703
monks_problems_1,f1,rational_quadratic,sigmoidal,0.22747626562591206,1.0,False,0.26108374384236455,0.012441950016227832
monks_problems_1,f1,rational_quadratic,softmax_radial,0.17463464548425578,1.0,False,0.29894179894179895,0.009542528620997137
monks_problems_1,f1,rational_quadratic,student_t,0.04755364426345914,1.0,False,0.4935064935064935,0.010959680305460018
monks_problems_1,f1,rational_quadratic,wendland_c2,0.8554482269597542,1.0,False,0.03940886699507389,0.0003814228270480058
monks_problems_1,f1,rbf_gaussian,shepard,0.5978077705949545,1.0,False,-0.11397849462365592,-0.006079752950552519
monks_problems_1,f1,rbf_gaussian,sigmoidal,0.820389829874258,1.0,False,0.04827586206896552,0.002469888825321842
monks_problems_1,f1,rbf_gaussian,softmax_radial,0.7786261617395251,1.0,False,-0.059770114942528735,-0.0004295325699088526
monks_problems_1,f1,rbf_gaussian,student_t,0.9753865135681143,1.0,False,0.0064516129032258064,0.000987619114554028
monks_problems_1,f1,rbf_gaussian,wendland_c2,0.05046060861109359,1.0,False,-0.6666666666666666,-0.009590638363857984
monks_problems_1,f1,shepard,sigmoidal,0.16718404068982073,1.0,False,0.3523809523809524,0.008549641775874361
monks_problems_1,f1,shepard,softmax_radial,0.5254446994648505,1.0,False,0.14245014245014245,0.005650220380643667
monks_problems_1,f1,shepard,student_t,0.4593363573147894,1.0,False,0.16923076923076924,0.0070673720651065475
monks_problems_1,f1,shepard,wendland_c2,0.7000329215079546,1.0,False,-0.08387096774193549,-0.0035108854133054646
monks_problems_1,f1,sigmoidal,softmax_radial,0.8194552162860118,1.0,False,-0.05026455026455026,-0.0028994213952306946
monks_problems_1,f1,sigmoidal,student_t,0.7456736843239138,1.0,False,-0.07142857142857142,-0.001482269710767814
monks_problems_1,f1,sigmoidal,wendland_c2,0.4051305894807967,1.0,False,-0.17701149425287357,-0.012060527189179826
monks_problems_1,f1,softmax_radial,student_t,0.9404654549563661,1.0,False,-0.01904761904761905,0.0014171516844628806
monks_problems_1,f1,softmax_radial,wendland_c2,0.636153027213092,1.0,False,-0.0989247311827957,-0.009161105793949131
monks_problems_1,f1,student_t,wendland_c2,0.5170368097244535,1.0,False,-0.13548387096774195,-0.010578257478412012
monks_problems_2,f1,attention,cauchy,0.20142511039411004,1.0,False,-0.30434782608695654,-0.018705571422433898
monks_problems_2,f1,attention,cosine,0.3818382884127146,1.0,False,0.2,0.0046850500918950155
monks_problems_2,f1,attention,cubic_spline,0.026251372581019755,1.0,False,-0.4894179894179894,-0.03130131420792448
monks_problems_2,f1,attention,entropic,0.40419533013704767,1.0,False,-0.19076923076923077,-0.010682061301222623
monks_problems_2,f1,attention,gen_exponential,0.03995522371187776,1.0,False,-0.4523809523809524,-0.023532730547754066
monks_problems_2,f1,attention,harmonic,0.7508639985954604,1.0,False,0.07122507122507123,0.004215866107830646
monks_problems_2,f1,attention,inverse_multiquadratic,0.5009005106459345,1.0,False,-0.150997150997151,-0.0075877140168471024
monks_problems_2,f1,attention,laplacian,0.20120142662110063,1.0,False,-0.2923076923076923,-0.014377655915171705
monks_problems_2,f1,attention,logarithmic,0.5311212435190469,1.0,False,-0.1354679802955665,-0.011828970955878315
monks_problems_2,f1,attention,lorentzian,0.000327444685131554,0.0654889370263108,False,-0.8215384615384616,-0.04210313276261646
monks_problems_2,f1,attention,multiquadratic,0.0022100003867027017,0.42432007424691875,False,0.6866096866096866,0.047630877593792365
monks_problems_2,f1,attention,quartic_spline,0.16173812997406178,1.0,False,-0.3333333333333333,-0.014922234285576597
monks_problems_2,f1,attention,radial,0.6308595940264976,1.0,False,-0.10582010582010581,-0.007300190087026759
monks_problems_2,f1,attention,rational_quadratic,0.01696312036418929,1.0,False,-0.5356125356125356,-0.03047298823295408
monks_problems_2,f1,attention,rbf_gaussian,0.7702279516161411,1.0,False,-0.06552706552706553,-0.004831826026534092
monks_problems_2,f1,attention,shepard,0.43851649313450847,1.0,False,-0.1737891737891738,-0.010811164000299467
monks_problems_2,f1,attention,sigmoidal,0.3096484107556182,1.0,False,-0.22792022792022792,-0.01103863244125669
monks_problems_2,f1,attention,softmax_radial,0.20120142662110063,1.0,False,-0.2923076923076923,-0.014377655915171705
monks_problems_2,f1,attention,student_t,0.48729443667653893,1.0,False,-0.15024630541871922,-0.01275204787895512
monks_problems_2,f1,attention,wendland_c2,0.03583152865342682,1.0,False,-0.48,-0.021511261475250287
monks_problems_2,f1,cauchy,cosine,0.08766292505133104,1.0,False,0.3694581280788177,0.023390621514328913
monks_problems_2,f1,cauchy,cubic_spline,0.2757886716918513,1.0,False,-0.24923076923076923,-0.012595742785490582
monks_problems_2,f1,cauchy,entropic,0.6570395276651597,1.0,False,0.10153846153846154,0.008023510121211275
monks_problems_2,f1,cauchy,gen_exponential,0.4848112893621769,1.0,False,-0.15669515669515668,-0.0048271591253201684
monks_problems_2,f1,cauchy,harmonic,0.003097450823460641,0.5854182056340612,False,0.69,0.022921437530264543
monks_problems_2,f1,cauchy,inverse_multiquadratic,0.13641832995495057,1.0,False,0.3894736842105263,0.011117857405586795
monks_problems_2,f1,cauchy,laplacian,0.13829429092519505,1.0,False,0.5555555555555556,0.004327915507262192
monks_problems_2,f1,cauchy,logarithmic,0.40511686289263926,1.0,False,0.17701149425287357,0.0068766004665555824
monks_problems_2,f1,cauchy,lorentzian,0.023778248254869478,1.0,False,-0.5071225071225072,-0.02339756134018256
monks_problems_2,f1,cauchy,multiquadratic,8.069048699598487e-06,0.0016945002269156823,True,0.9655172413793104,0.06633644901622626
monks_problems_2,f1,cauchy,quartic_spline,0.882352226991577,1.0,False,0.033846153846153845,0.003783337136857301
monks_problems_2,f1,cauchy,radial,0.45371236574430684,1.0,False,0.16809116809116809,0.011405381335407139
monks_problems_2,f1,cauchy,rational_quadratic,0.2191855018669363,1.0,False,-0.2866666666666667,-0.011767416810520182
monks_problems_2,f1,cauchy,rbf_gaussian,0.3539129468750295,1.0,False,0.20797720797720798,0.013873745395899806
monks_problems_2,f1,cauchy,shepard,0.4839049991655332,1.0,False,0.16333333333333333,0.00789440742213443
monks_problems_2,f1,cauchy,sigmoidal,0.7163985808535398,1.0,False,0.08307692307692308,0.007666938981177207
monks_problems_2,f1,cauchy,softmax_radial,0.13829429092519505,1.0,False,0.5555555555555556,0.004327915507262192
monks_problems_2,f1,cauchy,student_t,0.4426974815264153,1.0,False,0.1632183908045977,0.005953523543478778
monks_problems_2,f1,cauchy,wendland_c2,0.5009177737861135,1.0,False,-0.150997150997151,-0.0028056900528163897
monks_problems_2,f1,cosine,cubic_spline,0.0013391590411424052,0.2624751720639114,False,-0.7063492063492064,-0.035986364299819495
monks_problems_2,f1,cosine,entropic,0.010001994140671842,1.0,False,-0.6736842105263158,-0.015367111393117638
monks_problems_2,f1,cosine,gen_exponential,0.0008634758631167839,0.1709682208971232,False,-0.8947368421052632,-0.02821778063964908
monks_problems_2,f1,cosine,harmonic,0.9727500821804274,1.0,False,-0.007389162561576354,-0.0004691839840643697
monks_problems_2,f1,cosine,inverse_multiquadratic,0.42368977533956986,1.0,False,-0.1794871794871795,-0.012272764108742118
monks_problems_2,f1,cosine,laplacian,0.18637637586110412,1.0,False,-0.291005291005291,-0.01906270600706672
monks_problems_2,f1,cosine,logarithmic,0.03180797144950338,1.0,False,-0.5476190476190477,-0.01651402104777333
monks_problems_2,f1,cosine,lorentzian,0.00023695900921291222,0.047865719861008266,True,-0.8095238095238095,-0.04678818285451147
monks_problems_2,f1,cosine,multiquadratic,0.032307666877064066,1.0,False,0.4630541871921182,0.04294582750189735
monks_problems_2,f1,cosine,quartic_spline,0.08173292275725424,1.0,False,-0.3701149425287356,-0.019607284377471612
monks_problems_2,f1,cosine,radial,0.003510363671504142,0.6564380065712746,False,-0.8857142857142857,-0.011985240178921774
monks_problems_2,f1,cosine,rational_quadratic,0.000696974119054687,0.1386978496918827,False,-0.7606837606837606,-0.035158038324849095
monks_problems_2,f1,cosine,rbf_gaussian,0.0280561241492436,1.0,False,-0.717948717948718,-0.009516876118429107
monks_problems_2,f1,cosine,shepard,0.014772349168537114,1.0,False,-0.673202614379085,-0.015496214092194482
monks_problems_2,f1,cosine,sigmoidal,0.03344999050099792,1.0,False,-0.5177865612648221,-0.015723682533151706
monks_problems_2,f1,cosine,softmax_radial,0.18637637586110412,1.0,False,-0.291005291005291,-0.01906270600706672
monks_problems_2,f1,cosine,student_t,0.02895112185545735,1.0,False,-0.5571428571428572,-0.017437097970850135
monks_problems_2,f1,cosine,wendland_c2,0.002495007691836849,0.47405146144900134,False,-0.7714285714285715,-0.026196311567145303
monks_problems_2,f1,cubic_spline,entropic,0.06743586250161072,1.0,False,0.4266666666666667,0.020619252906701857
monks_problems_2,f1,cubic_spline,gen_exponential,0.6387798017528894,1.0,False,0.11688311688311688,0.007768583660170414
monks_problems_2,f1,cubic_spline,harmonic,0.02209384790268619,1.0,False,0.49507389162561577,0.035517180315755126
monks_problems_2,f1,cubic_spline,inverse_multiquadratic,0.08553980710130557,1.0,False,0.37192118226600984,0.023713600191077377
monks_problems_2,f1,cubic_spline,laplacian,0.03569114632724945,1.0,False,0.49,0.016923658292752775
monks_problems_2,f1,cubic_spline,logarithmic,0.017654874183954734,1.0,False,0.5652173913043478,0.019472343252046165
monks_problems_2,f1,cubic_spline,lorentzian,0.4154336967644996,1.0,False,-0.19,-0.010801818554691978
monks_problems_2,f1,cubic_spline,multiquadratic,0.00013589213392036818,0.02772199531975511,True,0.7978494623655914,0.07893219180171684
monks_problems_2,f1,cubic_spline,quartic_spline,0.24137852624781364,1.0,False,0.2733333333333333,0.016379079922347883
monks_problems_2,f1,cubic_spline,radial,0.044990169681834016,1.0,False,0.4584615384615385,0.02400112412089772
monks_problems_2,f1,cubic_spline,rational_quadratic,0.9636675627988889,1.0,False,0.009852216748768473,0.0008283259749704008
monks_problems_2,f1,cubic_spline,rbf_gaussian,0.02735134586110407,1.0,False,0.5046153846153846,0.026469488181390388
monks_problems_2,f1,cubic_spline,shepard,0.08128089025949159,1.0,False,0.4066666666666667,0.020490150207625013
monks_problems_2,f1,cubic_spline,sigmoidal,0.055383933074979956,1.0,False,0.466403162055336,0.02026268176666779
monks_problems_2,f1,cubic_spline,softmax_radial,0.03569114632724945,1.0,False,0.49,0.016923658292752775
monks_problems_2,f1,cubic_spline,student_t,0.019950250038338276,1.0,False,0.5543478260869565,0.01854926632896936
monks_problems_2,f1,cubic_spline,wendland_c2,0.5589376363253675,1.0,False,0.1422924901185771,0.009790052732674193
monks_problems_2,f1,entropic,gen_exponential,0.011285575373529618,1.0,False,-0.7205882352941176,-0.012850669246531443
monks_problems_2,f1,entropic,harmonic,0.33590460617668316,1.0,False,0.2045977011494253,0.014897927409053269
monks_problems_2,f1,entropic,inverse_multiquadratic,0.7212543991592764,1.0,False,0.07586206896551724,0.0030943472843755204
monks_problems_2,f1,entropic,laplacian,0.8788761831169069,1.0,False,-0.03418803418803419,-0.0036955946139490825
monks_problems_2,f1,entropic,logarithmic,0.9898667197481297,1.0,False,0.002849002849002849,-0.0011469096546556923
monks_problems_2,f1,entropic,lorentzian,0.0063582466226383685,1.0,False,-0.6366666666666667,-0.031421071461393835
monks_problems_2,f1,entropic,multiquadratic,0.004246761366136195,0.7856508527351961,False,0.5978494623655914,0.05831293889501499
monks_problems_2,f1,entropic,quartic_spline,0.7750634573284221,1.0,False,-0.06666666666666667,-0.004240172984353974
monks_problems_2,f1,entropic,radial,0.6246637014071241,1.0,False,0.16666666666666666,0.003381871214195864
monks_problems_2,f1,entropic,rational_quadratic,0.019611516997162466,1.0,False,-0.5952380952380952,-0.019790926931731456
monks_problems_2,f1,entropic,rbf_gaussian,0.47755610290481443,1.0,False,0.20833333333333334,0.005850235274688531
monks_problems_2,f1,entropic,shepard,0.8067663226228976,1.0,False,-0.07692307692307693,-0.00012910269907684402
monks_problems_2,f1,entropic,sigmoidal,0.6741416549927048,1.0,False,-0.19047619047619047,-0.00035657114003406765
monks_problems_2,f1,entropic,softmax_radial,0.8788761831169069,1.0,False,-0.03418803418803419,-0.0036955946139490825
monks_problems_2,f1,entropic,student_t,0.8489111748515311,1.0,False,-0.042735042735042736,-0.0020699865777324966
monks_problems_2,f1,entropic,wendland_c2,0.029302504919565164,1.0,False,-0.7424242424242424,-0.010829200174027664
monks_problems_2,f1,gen_exponential,harmonic,0.07863085316217228,1.0,False,0.36774193548387096,0.027748596655584712
monks_problems_2,f1,gen_exponential,inverse_multiquadratic,0.30549813024041295,1.0,False,0.22167487684729065,0.015945016530906964
monks_problems_2,f1,gen_exponential,laplacian,0.23750577392655603,1.0,False,0.26495726495726496,0.00915507463258236
monks_problems_2,f1,gen_exponential,logarithmic,0.1229707769680048,1.0,False,0.37549407114624506,0.011703759591875751
monks_problems_2,f1,gen_exponential,lorentzian,0.17021959595917513,1.0,False,-0.32,-0.01857040221486239
monks_problems_2,f1,gen_exponential,multiquadratic,0.0010129007609265433,0.19954144990252903,False,0.6988505747126437,0.07116360814154643
monks_problems_2,f1,gen_exponential,quartic_spline,0.4003839904033025,1.0,False,0.18518518518518517,0.00861049626217747
monks_problems_2,f1,gen_exponential,radial,0.015085824244536002,1.0,False,0.6911764705882353,0.016232540460727307
monks_problems_2,f1,gen_exponential,rational_quadratic,0.5997693219593163,1.0,False,-0.12,-0.006940257685200013
monks_problems_2,f1,gen_exponential,rbf_gaussian,0.014758399183510051,1.0,False,0.673202614379085,0.018700904521219974
monks_problems_2,f1,gen_exponential,shepard,0.06418536322763828,1.0,False,0.49707602339181284,0.0127215665474546
monks_problems_2,f1,gen_exponential,sigmoidal,0.00918142110309248,1.0,False,0.7904761904761904,0.012494098106497376
monks_problems_2,f1,gen_exponential,softmax_radial,0.23750577392655603,1.0,False,0.26495726495726496,0.00915507463258236
monks_problems_2,f1,gen_exponential,student_t,0.1884699909010059,1.0,False,0.3201581027667984,0.010780682668798947
monks_problems_2,f1,gen_exponential,wendland_c2,0.777511252565573,1.0,False,0.08571428571428572,0.0020214690725037787
monks_problems_2,f1,harmonic,inverse_multiquadratic,0.005033508200606249,0.9211320007109436,False,-1.0,-0.011803580124677748
monks_problems_2,f1,harmonic,laplacian,0.025510925445774914,1.0,False,-0.5107692307692308,-0.01859352202300235
monks_problems_2,f1,harmonic,logarithmic,0.3245769000500426,1.0,False,-0.21693121693121692,-0.01604483706370896
monks_problems_2,f1,harmonic,lorentzian,0.0018803914649184632,0.3647959441941819,False,-0.6724137931034483,-0.0463189988704471
monks_problems_2,f1,harmonic,multiquadratic,4.0005834511387647e-05,0.008201196074834468,True,1.0,0.04341501148596172
monks_problems_2,f1,harmonic,quartic_spline,0.10839758357943455,1.0,False,-0.3472906403940887,-0.019138100393407242
monks_problems_2,f1,harmonic,radial,0.5165226119326061,1.0,False,-0.13793103448275862,-0.011516056194857405
monks_problems_2,f1,harmonic,rational_quadratic,0.030788941794977615,1.0,False,-0.45161290322580644,-0.034688854340784725
monks_problems_2,f1,harmonic,rbf_gaussian,0.6575663850187541,1.0,False,-0.09425287356321839,-0.009047692134364738
monks_problems_2,f1,harmonic,shepard,0.3990441940677457,1.0,False,-0.1793103448275862,-0.015027030108130113
monks_problems_2,f1,harmonic,sigmoidal,0.3469051394778403,1.0,False,-0.2,-0.015254498549087336
monks_problems_2,f1,harmonic,softmax_radial,0.025510925445774914,1.0,False,-0.5107692307692308,-0.01859352202300235
monks_problems_2,f1,harmonic,student_t,0.2904311640075321,1.0,False,-0.2328042328042328,-0.016967913986785765
monks_problems_2,f1,harmonic,wendland_c2,0.08219836881898056,1.0,False,-0.3634408602150538,-0.025727127583080933
monks_problems_2,f1,inverse_multiquadratic,laplacian,0.298787197514781,1.0,False,-0.25296442687747034,-0.006789941898324603
monks_problems_2,f1,inverse_multiquadratic,logarithmic,0.9493703474165702,1.0,False,-0.014245014245014245,-0.004241256939031213
monks_problems_2,f1,inverse_multiquadratic,lorentzian,0.008515226942788154,1.0,False,-0.5793650793650794,-0.034515418745769355
monks_problems_2,f1,inverse_multiquadratic,multiquadratic,1.8179489321282247e-05,0.0037813337788267076,True,1.0,0.05521859161063947
monks_problems_2,f1,inverse_multiquadratic,quartic_spline,0.5305994817962104,1.0,False,-0.13333333333333333,-0.007334520268729494
monks_problems_2,f1,inverse_multiquadratic,radial,0.8913174150717095,1.0,False,-0.029556650246305417,0.0002875239298203436
monks_problems_2,f1,inverse_multiquadratic,rational_quadratic,0.10029786074535653,1.0,False,-0.34942528735632183,-0.022885274216106977
monks_problems_2,f1,inverse_multiquadratic,rbf_gaussian,0.9909154182836574,1.0,False,0.0024630541871921183,0.0027558879903130107
monks_problems_2,f1,inverse_multiquadratic,shepard,0.7934140700688934,1.0,False,-0.05665024630541872,-0.0032234499834523644
monks_problems_2,f1,inverse_multiquadratic,sigmoidal,0.7375046821246309,1.0,False,-0.07126436781609195,-0.003450918424409588
monks_problems_2,f1,inverse_multiquadratic,softmax_radial,0.298787197514781,1.0,False,-0.25296442687747034,-0.006789941898324603
monks_problems_2,f1,inverse_multiquadratic,student_t,0.8093299639790972,1.0,False,-0.05413105413105413,-0.005164333862108017
monks_problems_2,f1,inverse_multiquadratic,wendland_c2,0.26545303243391527,1.0,False,-0.2367816091954023,-0.013923547458403185
monks_problems_2,f1,laplacian,logarithmic,0.7051207826903947,1.0,False,0.08045977011494253,0.0025486849592933902
monks_problems_2,f1,laplacian,lorentzian,0.006082261245019867,1.0,False,-0.6153846153846154,-0.027725476847444752
monks_problems_2,f1,laplacian,multiquadratic,3.1482872047837304e-05,0.006516954513902322,True,0.8850574712643678,0.06200853350896407
monks_problems_2,f1,laplacian,quartic_spline,0.8290790993681643,1.0,False,-0.04843304843304843,-0.0005445783704048912
monks_problems_2,f1,laplacian,radial,0.6964254688139464,1.0,False,0.08923076923076922,0.0070774658281449465
monks_problems_2,f1,laplacian,rational_quadratic,0.09747350652585786,1.0,False,-0.38666666666666666,-0.016095332317782374
monks_problems_2,f1,laplacian,rbf_gaussian,0.6204162095825689,1.0,False,0.1111111111111111,0.009545829888637614
monks_problems_2,f1,laplacian,shepard,0.736588660047325,1.0,False,0.07407407407407407,0.0035664919148722385
monks_problems_2,f1,laplacian,sigmoidal,0.8888969160246021,1.0,False,0.03133903133903134,0.003339023473915015
monks_problems_2,f1,laplacian,softmax_radial,1.0,1.0,False,0.0,0.0
monks_problems_2,f1,laplacian,student_t,0.7846487974234602,1.0,False,0.059113300492610835,0.001625608036216586
monks_problems_2,f1,laplacian,wendland_c2,0.3036811097223192,1.0,False,-0.24,-0.007133605560078582
monks_problems_2,f1,logarithmic,lorentzian,0.007711908797029876,1.0,False,-0.5763546798029556,-0.030274161806738142
monks_problems_2,f1,logarithmic,multiquadratic,0.0031259317412509913,0.5876751673551863,False,0.6507936507936508,0.05945984854967068
monks_problems_2,f1,logarithmic,quartic_spline,0.4299273120228504,1.0,False,-0.167816091954023,-0.0030932633296982814
monks_problems_2,f1,logarithmic,radial,0.7150952452706619,1.0,False,0.08695652173913043,0.004528780868851556
monks_problems_2,f1,logarithmic,rational_quadratic,0.09978629114711232,1.0,False,-0.36243386243386244,-0.018644017277075764
monks_problems_2,f1,logarithmic,rbf_gaussian,0.5372549771615922,1.0,False,0.15019762845849802,0.006997144929344223
monks_problems_2,f1,logarithmic,shepard,0.8195282889953298,1.0,False,0.05434782608695652,0.0010178069555788483
monks_problems_2,f1,logarithmic,sigmoidal,0.9886002919504131,1.0,False,-0.0033333333333333335,0.0007903385146216246
monks_problems_2,f1,logarithmic,softmax_radial,0.7051207826903947,1.0,False,-0.08045977011494253,-0.0025486849592933902
monks_problems_2,f1,logarithmic,student_t,0.31731050786291415,1.0,False,-1.0,-0.0009230769230768043
monks_problems_2,f1,logarithmic,wendland_c2,0.2207688948477543,1.0,False,-0.28,-0.009682290519371972
monks_problems_2,f1,lorentzian,multiquadratic,1.7043253563037818e-05,0.003562039994674904,True,0.9470899470899471,0.08973401035640882
monks_problems_2,f1,lorentzian,quartic_spline,0.001975453252591645,0.38126247775018746,False,0.7705627705627706,0.02718089847703986
monks_problems_2,f1,lorentzian,radial,0.00893793229772652,1.0,False,0.61,0.0348029426755897
monks_problems_2,f1,lorentzian,rational_quadratic,0.14759256826922804,1.0,False,0.4117647058823529,0.011630144529662378
monks_problems_2,f1,lorentzian,rbf_gaussian,0.007880604073348726,1.0,False,0.62,0.037271306736082366
monks_problems_2,f1,lorentzian,shepard,0.015158438877439449,1.0,False,0.5666666666666667,0.03129196876231699
monks_problems_2,f1,lorentzian,sigmoidal,0.0077802055395222,1.0,False,0.6340579710144928,0.031064500321359767
monks_problems_2,f1,lorentzian,softmax_radial,0.006082261245019867,1.0,False,0.6153846153846154,0.027725476847444752
monks_problems_2,f1,lorentzian,student_t,0.009462198914761449,1.0,False,0.5714285714285714,0.029351084883661338
monks_problems_2,f1,lorentzian,wendland_c2,0.04380372353657391,1.0,False,0.5142857142857142,0.02059187128736617
monks_problems_2,f1,multiquadratic,quartic_spline,0.0002922234842584627,0.058736920335951,False,-0.7701149425287356,-0.06255311187936896
monks_problems_2,f1,multiquadratic,radial,0.00781849284514872,1.0,False,-0.5655172413793104,-0.05493106768081912
monks_problems_2,f1,multiquadratic,rational_quadratic,0.0002173051572348426,0.04411294691867305,True,-0.7862068965517242,-0.07810386582674644
monks_problems_2,f1,multiquadratic,rbf_gaussian,0.009840196437856797,1.0,False,-0.5397849462365591,-0.052462703620326456
monks_problems_2,f1,multiquadratic,shepard,0.0043114214996144125,0.7933015559290519,False,-0.6068965517241379,-0.05844204159409183
monks_problems_2,f1,multiquadratic,sigmoidal,0.0038514264969945864,0.7163653284409931,False,-0.6043010752688172,-0.058669510035049055
monks_problems_2,f1,multiquadratic,softmax_radial,3.1482872047837304e-05,0.006516954513902322,True,-0.8850574712643678,-0.06200853350896407
monks_problems_2,f1,multiquadratic,student_t,0.0024687152258023645,0.4715246081282516,False,-0.6666666666666666,-0.060382925472747484
monks_problems_2,f1,multiquadratic,wendland_c2,0.0013808201965973637,0.2692599383364859,False,-0.6688172043010753,-0.06914213906904265
monks_problems_2,f1,quartic_spline,radial,0.6004456776538255,1.0,False,0.11330049261083744,0.007622044198549838
monks_problems_2,f1,quartic_spline,rational_quadratic,0.16265219171934764,1.0,False,-0.33992094861660077,-0.015550753947377483
monks_problems_2,f1,quartic_spline,rbf_gaussian,0.523720734804596,1.0,False,0.13793103448275862,0.010090408259042505
monks_problems_2,f1,quartic_spline,shepard,0.6271170246067389,1.0,False,0.11333333333333333,0.00411107028527713
monks_problems_2,f1,quartic_spline,sigmoidal,0.9090066841896677,1.0,False,0.02666666666666667,0.003883601844319906
monks_problems_2,f1,quartic_spline,softmax_radial,0.8290790993681643,1.0,False,0.04843304843304843,0.0005445783704048912
monks_problems_2,f1,quartic_spline,student_t,0.5235125013093522,1.0,False,0.135632183908046,0.002170186406621477
monks_problems_2,f1,quartic_spline,wendland_c2,0.4841616323000306,1.0,False,-0.16666666666666666,-0.006589027189673691
monks_problems_2,f1,radial,rational_quadratic,0.038617804344741734,1.0,False,-0.5151515151515151,-0.02317279814592732
monks_problems_2,f1,radial,rbf_gaussian,0.11585149752593009,1.0,False,0.7142857142857143,0.002468364060492667
monks_problems_2,f1,radial,shepard,0.4142161782425252,1.0,False,-0.2909090909090909,-0.003510973913272708
monks_problems_2,f1,radial,sigmoidal,0.5047392591799146,1.0,False,-0.21794871794871795,-0.0037384423542299317
monks_problems_2,f1,radial,softmax_radial,0.6964254688139464,1.0,False,-0.08923076923076922,-0.0070774658281449465
monks_problems_2,f1,radial,student_t,0.5840129658510598,1.0,False,-0.13043478260869565,-0.005451857791928361
monks_problems_2,f1,radial,wendland_c2,0.06078855986412276,1.0,False,-0.55,-0.014211071388223528
monks_problems_2,f1,rational_quadratic,rbf_gaussian,0.02613565667044285,1.0,False,0.541501976284585,0.025641162206419987
monks_problems_2,f1,rational_quadratic,shepard,0.06418280522996705,1.0,False,0.4505928853754941,0.019661824232654612
monks_problems_2,f1,rational_quadratic,sigmoidal,0.023486656784518684,1.0,False,0.6081871345029239,0.01943435579169739
monks_problems_2,f1,rational_quadratic,softmax_radial,0.09747350652585786,1.0,False,0.38666666666666666,0.016095332317782374
monks_problems_2,f1,rational_quadratic,student_t,0.11528759080662576,1.0,False,0.35327635327635326,0.01772094035399896
monks_problems_2,f1,rational_quadratic,wendland_c2,0.3410214366810601,1.0,False,0.24285714285714285,0.008961726757703792
monks_problems_2,f1,rbf_gaussian,shepard,0.17282375203419775,1.0,False,-0.42857142857142855,-0.005979337973765375
monks_problems_2,f1,rbf_gaussian,sigmoidal,0.42643498438261274,1.0,False,-0.23333333333333334,-0.006206806414722599
monks_problems_2,f1,rbf_gaussian,softmax_radial,0.6204162095825689,1.0,False,-0.1111111111111111,-0.009545829888637614
monks_problems_2,f1,rbf_gaussian,student_t,0.4169054224848773,1.0,False,-0.1976284584980237,-0.007920221852421028
monks_problems_2,f1,rbf_gaussian,wendland_c2,0.0648276487855407,1.0,False,-0.5098039215686274,-0.016679435448716196
monks_problems_2,f1,shepard,sigmoidal,0.8444601962923157,1.0,False,-0.0641025641025641,-0.00022746844095722363
monks_problems_2,f1,shepard,softmax_radial,0.736588660047325,1.0,False,-0.07407407407407407,-0.0035664919148722385
monks_problems_2,f1,shepard,student_t,0.703757712209923,1.0,False,-0.09057971014492754,-0.0019408838786556526
monks_problems_2,f1,shepard,wendland_c2,0.1913338368695522,1.0,False,-0.3333333333333333,-0.01070009747495082
monks_problems_2,f1,sigmoidal,softmax_radial,0.8888969160246021,1.0,False,-0.03133903133903134,-0.003339023473915015
monks_problems_2,f1,sigmoidal,student_t,0.897681199202653,1.0,False,-0.03,-0.001713415437698429
monks_problems_2,f1,sigmoidal,wendland_c2,0.042631440323418625,1.0,False,-0.6373626373626373,-0.010472629033993597
monks_problems_2,f1,softmax_radial,student_t,0.7846487974234602,1.0,False,0.059113300492610835,0.001625608036216586
monks_problems_2,f1,softmax_radial,wendland_c2,0.3036811097223192,1.0,False,-0.24,-0.007133605560078582
monks_problems_2,f1,student_t,wendland_c2,0.25300103876587865,1.0,False,-0.26666666666666666,-0.008759213596295168
musk,f1,attention,cauchy,0.31731050786291415,1.0,False,-1.0,-0.0004629629629629983
musk,f1,attention,cosine,5.6274243489560624e-05,0.008441136523434093,True,1.0,0.010312017586057376
musk,f1,attention,cubic_spline,5.6274243489560624e-05,0.008441136523434093,True,1.0,0.010312017586057376
musk,f1,attention,entropic,0.011412036386001651,1.0,False,-1.0,-0.0018615643615642608
musk,f1,attention,gen_exponential,0.31731050786291415,1.0,False,-1.0,-0.0004629629629629983
musk,f1,attention,harmonic,0.0070583320485281004,0.7128915369013381,False,1.0,0.002853791940918393
musk,f1,attention,inverse_multiquadratic,1.0,1.0,False,0.0,0.0
musk,f1,attention,laplacian,0.31731050786291415,1.0,False,-1.0,-0.0004629629629629983
musk,f1,attention,logarithmic,0.0009123455961962472,0.10400739796637218,False,1.0,0.0055091667411723
musk,f1,attention,lorentzian,0.31731050786291415,1.0,False,-1.0,-0.0004629629629629983
musk,f1,attention,multiquadratic,8.091599091922526e-06,0.0016102282192925826,True,1.0,0.017567890252613627
musk,f1,attention,quartic_spline,5.6274243489560624e-05,0.008441136523434093,True,1.0,0.010312017586057376
musk,f1,attention,radial,0.31731050786291415,1.0,False,-1.0,-0.0004629629629629983
musk,f1,attention,rational_quadratic,0.31731050786291415,1.0,False,-1.0,-0.0002298627298626954
musk,f1,attention,rbf_gaussian,0.31731050786291415,1.0,False,-1.0,-0.0004629629629629983
musk,f1,attention,shepard,0.31731050786291415,1.0,False,-1.0,-0.0004629629629629983
musk,f1,attention,sigmoidal,0.31731050786291415,1.0,False,-1.0,-0.0004629629629629983
musk,f1,attention,softmax_radial,0.31731050786291415,1.0,False,-1.0,-0.0004629629629629983
musk,f1,attention,student_t,1.0,1.0,False,0.0,0.0
musk,f1,attention,wendland_c2,5.6274243489560624e-05,0.008441136523434093,True,1.0,0.010312017586057376
musk,f1,cauchy,cosine,3.807499946217938e-05,0.0072342498978140825,True,1.0,0.010774980549020374
musk,f1,cauchy,cubic_spline,3.807499946217938e-05,0.0072342498978140825,True,1.0,0.010774980549020374
musk,f1,cauchy,entropic,0.014305878435429648,1.0,False,-1.0,-0.0013986013986012624
musk,f1,cauchy,gen_exponential,1.0,1.0,False,0.0,0.0
musk,f1,cauchy,harmonic,0.0047256977341214425,0.5245524484874802,False,1.0,0.0033167549038813915
musk,f1,cauchy,inverse_multiquadratic,0.31731050786291415,1.0,False,1.0,0.0004629629629629983
musk,f1,cauchy,laplacian,1.0,1.0,False,0.0,0.0
musk,f1,cauchy,logarithmic,0.0006146224121124647,0.07867166875039548,False,1.0,0.005972129704135298
musk,f1,cauchy,lorentzian,1.0,1.0,False,0.0,0.0
musk,f1,cauchy,multiquadratic,5.476675580240548e-06,0.0011446251962702746,True,1.0,0.018030853215576625
musk,f1,cauchy,quartic_spline,3.807499946217938e-05,0.0072342498978140825,True,1.0,0.010774980549020374
musk,f1,cauchy,radial,1.0,1.0,False,0.0,0.0
musk,f1,cauchy,rational_quadratic,0.31731050786291415,1.0,False,1.0,0.00023310023310030292
musk,f1,cauchy,rbf_gaussian,1.0,1.0,False,0.0,0.0
musk,f1,cauchy,shepard,1.0,1.0,False,0.0,0.0
musk,f1,cauchy,sigmoidal,1.0,1.0,False,0.0,0.0
musk,f1,cauchy,softmax_radial,1.0,1.0,False,0.0,0.0
musk,f1,cauchy,student_t,0.31731050786291415,1.0,False,1.0,0.0004629629629629983
musk,f1,cauchy,wendland_c2,3.807499946217938e-05,0.0072342498978140825,True,1.0,0.010774980549020374
musk,f1,cosine,cubic_spline,1.0,1.0,False,0.0,0.0
musk,f1,cosine,entropic,1.7475036901946903e-05,0.0034251072327815928,True,-1.0,-0.012173581947621637
musk,f1,cosine,gen_exponential,3.807499946217938e-05,0.0072342498978140825,True,-1.0,-0.010774980549020374
musk,f1,cosine,harmonic,0.00012835049314805888,0.017584017561284065,True,-1.0,-0.007458225645138983
musk,f1,cosine,inverse_multiquadratic,5.6274243489560624e-05,0.008441136523434093,True,-1.0,-0.010312017586057376
musk,f1,cosine,laplacian,3.807499946217938e-05,0.0072342498978140825,True,-1.0,-0.010774980549020374
musk,f1,cosine,logarithmic,0.0006289394206546052,0.07867166875039548,False,-1.0,-0.004802850844885076
musk,f1,cosine,lorentzian,3.807499946217938e-05,0.0072342498978140825,True,-1.0,-0.010774980549020374
musk,f1,cosine,multiquadratic,0.0002919049007944203,0.0388233518056579,True,1.0,0.007255872666556251
musk,f1,cosine,quartic_spline,1.0,1.0,False,0.0,0.0
musk,f1,cosine,radial,3.807499946217938e-05,0.0072342498978140825,True,-1.0,-0.010774980549020374
musk,f1,cosine,rational_quadratic,3.807499946217938e-05,0.0072342498978140825,True,-1.0,-0.010541880315920071
musk,f1,cosine,rbf_gaussian,3.807499946217938e-05,0.0072342498978140825,True,-1.0,-0.010774980549020374
musk,f1,cosine,shepard,3.807499946217938e-05,0.0072342498978140825,True,-1.0,-0.010774980549020374
musk,f1,cosine,sigmoidal,3.807499946217938e-05,0.0072342498978140825,True,-1.0,-0.010774980549020374
musk,f1,cosine,softmax_radial,3.807499946217938e-05,0.0072342498978140825,True,-1.0,-0.010774980549020374
musk,f1,cosine,student_t,5.6274243489560624e-05,0.008441136523434093,True,-1.0,-0.010312017586057376
musk,f1,cosine,wendland_c2,1.0,1.0,False,0.0,0.0
musk,f1,cubic_spline,entropic,1.7475036901946903e-05,0.0034251072327815928,True,-1.0,-0.012173581947621637
musk,f1,cubic_spline,gen_exponential,3.807499946217938e-05,0.0072342498978140825,True,-1.0,-0.010774980549020374
musk,f1,cubic_spline,harmonic,0.00012835049314805888,0.017584017561284065,True,-1.0,-0.007458225645138983
musk,f1,cubic_spline,inverse_multiquadratic,5.6274243489560624e-05,0.008441136523434093,True,-1.0,-0.010312017586057376
musk,f1,cubic_spline,laplacian,3.807499946217938e-05,0.0072342498978140825,True,-1.0,-0.010774980549020374
musk,f1,cubic_spline,logarithmic,0.0006289394206546052,0.07867166875039548,False,-1.0,-0.004802850844885076
musk,f1,cubic_spline,lorentzian,3.807499946217938e-05,0.0072342498978140825,True,-1.0,-0.010774980549020374
musk,f1,cubic_spline,multiquadratic,0.0002919049007944203,0.0388233518056579,True,1.0,0.007255872666556251
musk,f1,cubic_spline,quartic_spline,1.0,1.0,False,0.0,0.0
musk,f1,cubic_spline,radial,3.807499946217938e-05,0.0072342498978140825,True,-1.0,-0.010774980549020374
musk,f1,cubic_spline,rational_quadratic,3.807499946217938e-05,0.0072342498978140825,True,-1.0,-0.010541880315920071
musk,f1,cubic_spline,rbf_gaussian,3.807499946217938e-05,0.0072342498978140825,True,-1.0,-0.010774980549020374
musk,f1,cubic_spline,shepard,3.807499946217938e-05,0.0072342498978140825,True,-1.0,-0.010774980549020374
musk,f1,cubic_spline,sigmoidal,3.807499946217938e-05,0.0072342498978140825,True,-1.0,-0.010774980549020374
musk,f1,cubic_spline,softmax_radial,3.807499946217938e-05,0.0072342498978140825,True,-1.0,-0.010774980549020374
musk,f1,cubic_spline,student_t,5.6274243489560624e-05,0.008441136523434093,True,-1.0,-0.010312017586057376
musk,f1,cubic_spline,wendland_c2,1.0,1.0,False,0.0,0.0
musk,f1,entropic,gen_exponential,0.014305878435429648,1.0,False,1.0,0.0013986013986012624
musk,f1,entropic,harmonic,0.000605204125698665,0.0780713322151278,False,1.0,0.004715356302482654
musk,f1,entropic,inverse_multiquadratic,0.011412036386001651,1.0,False,1.0,0.0018615643615642608
musk,f1,entropic,laplacian,0.014305878435429648,1.0,False,1.0,0.0013986013986012624
musk,f1,entropic,logarithmic,0.00012533462016502535,0.0172961775827735,True,1.0,0.007370731102736561
musk,f1,entropic,lorentzian,0.014305878435429648,1.0,False,1.0,0.0013986013986012624
musk,f1,entropic,multiquadratic,3.7055287782285167e-06,0.0007781610434279885,True,1.0,0.019429454614177888
musk,f1,entropic,quartic_spline,1.7475036901946903e-05,0.0034251072327815928,True,1.0,0.012173581947621637
musk,f1,entropic,radial,0.014305878435429648,1.0,False,1.0,0.0013986013986012624
musk,f1,entropic,rational_quadratic,0.0081509715935027,0.7987952161632647,False,1.0,0.0016317016317015653
musk,f1,entropic,rbf_gaussian,0.014305878435429648,1.0,False,1.0,0.0013986013986012624
musk,f1,entropic,shepard,0.014305878435429648,1.0,False,1.0,0.0013986013986012624
musk,f1,entropic,sigmoidal,0.014305878435429648,1.0,False,1.0,0.0013986013986012624
musk,f1,entropic,softmax_radial,0.014305878435429648,1.0,False,1.0,0.0013986013986012624
musk,f1,entropic,student_t,0.011412036386001651,1.0,False,1.0,0.0018615643615642608
musk,f1,entropic,wendland_c2,1.7475036901946903e-05,0.0034251072327815928,True,1.0,0.012173581947621637
musk,f1,gen_exponential,harmonic,0.0047256977341214425,0.5245524484874802,False,1.0,0.0033167549038813915
musk,f1,gen_exponential,inverse_multiquadratic,0.31731050786291415,1.0,False,1.0,0.0004629629629629983
musk,f1,gen_exponential,laplacian,1.0,1.0,False,0.0,0.0
musk,f1,gen_exponential,logarithmic,0.0006146224121124647,0.07867166875039548,False,1.0,0.005972129704135298
musk,f1,gen_exponential,lorentzian,1.0,1.0,False,0.0,0.0
musk,f1,gen_exponential,multiquadratic,5.476675580240548e-06,0.0011446251962702746,True,1.0,0.018030853215576625
musk,f1,gen_exponential,quartic_spline,3.807499946217938e-05,0.0072342498978140825,True,1.0,0.010774980549020374
musk,f1,gen_exponential,radial,1.0,1.0,False,0.0,0.0
musk,f1,gen_exponential,rational_quadratic,0.31731050786291415,1.0,False,1.0,0.00023310023310030292
musk,f1,gen_exponential,rbf_gaussian,1.0,1.0,False,0.0,0.0
musk,f1,gen_exponential,shepard,1.0,1.0,False,0.0,0.0
musk,f1,gen_exponential,sigmoidal,1.0,1.0,False,0.0,0.0
musk,f1,gen_exponential,softmax_radial,1.0,1.0,False,0.0,0.0
musk,f1,gen_exponential,student_t,0.31731050786291415,1.0,False,1.0,0.0004629629629629983
musk,f1,gen_exponential,wendland_c2,3.807499946217938e-05,0.0072342498978140825,True,1.0,0.010774980549020374
musk,f1,harmonic,inverse_multiquadratic,0.0070583320485281004,0.7128915369013381,False,-1.0,-0.002853791940918393
musk,f1,harmonic,laplacian,0.0047256977341214425,0.5245524484874802,False,-1.0,-0.0033167549038813915
musk,f1,harmonic,logarithmic,0.011616044899262472,1.0,False,1.0,0.002655374800253907
musk,f1,harmonic,lorentzian,0.0047256977341214425,0.5245524484874802,False,-1.0,-0.0033167549038813915
musk,f1,harmonic,multiquadratic,1.7824487898461013e-05,0.0034251072327815928,True,1.0,0.014714098311695234
musk,f1,harmonic,quartic_spline,0.00012835049314805888,0.017584017561284065,True,1.0,0.007458225645138983
musk,f1,harmonic,radial,0.0047256977341214425,0.5245524484874802,False,-1.0,-0.0033167549038813915
musk,f1,harmonic,rational_quadratic,0.0047256977341214425,0.5245524484874802,False,-1.0,-0.0030836546707810886
musk,f1,harmonic,rbf_gaussian,0.0047256977341214425,0.5245524484874802,False,-1.0,-0.0033167549038813915
musk,f1,harmonic,shepard,0.0047256977341214425,0.5245524484874802,False,-1.0,-0.0033167549038813915
musk,f1,harmonic,sigmoidal,0.0047256977341214425,0.5245524484874802,False,-1.0,-0.0033167549038813915
musk,f1,harmonic,softmax_radial,0.0047256977341214425,0.5245524484874802,False,-1.0,-0.0033167549038813915
musk,f1,harmonic,student_t,0.0070583320485281004,0.7128915369013381,False,-1.0,-0.002853791940918393
musk,f1,harmonic,wendland_c2,0.00012835049314805888,0.017584017561284065,True,1.0,0.007458225645138983
musk,f1,inverse_multiquadratic,laplacian,0.31731050786291415,1.0,False,-1.0,-0.0004629629629629983
musk,f1,inverse_multiquadratic,logarithmic,0.0009123455961962472,0.10400739796637218,False,1.0,0.0055091667411723
musk,f1,inverse_multiquadratic,lorentzian,0.31731050786291415,1.0,False,-1.0,-0.0004629629629629983
musk,f1,inverse_multiquadratic,multiquadratic,8.091599091922526e-06,0.0016102282192925826,True,1.0,0.017567890252613627
musk,f1,inverse_multiquadratic,quartic_spline,5.6274243489560624e-05,0.008441136523434093,True,1.0,0.010312017586057376
musk,f1,inverse_multiquadratic,radial,0.31731050786291415,1.0,False,-1.0,-0.0004629629629629983
musk,f1,inverse_multiquadratic,rational_quadratic,0.31731050786291415,1.0,False,-1.0,-0.0002298627298626954
musk,f1,inverse_multiquadratic,rbf_gaussian,0.31731050786291415,1.0,False,-1.0,-0.0004629629629629983
musk,f1,inverse_multiquadratic,shepard,0.31731050786291415,1.0,False,-1.0,-0.0004629629629629983
musk,f1,inverse_multiquadratic,sigmoidal,0.31731050786291415,1.0,False,-1.0,-0.0004629629629629983
musk,f1,inverse_multiquadratic,softmax_radial,0.31731050786291415,1.0,False,-1.0,-0.0004629629629629983
musk,f1,inverse_multiquadratic,student_t,1.0,1.0,False,0.0,0.0
musk,f1,inverse_multiquadratic,wendland_c2,5.6274243489560624e-05,0.008441136523434093,True,1.0,0.010312017586057376
musk,f1,laplacian,logarithmic,0.0006146224121124647,0.07867166875039548,False,1.0,0.005972129704135298
musk,f1,laplacian,lorentzian,1.0,1.0,False,0.0,0.0
musk,f1,laplacian,multiquadratic,5.476675580240548e-06,0.0011446251962702746,True,1.0,0.018030853215576625
musk,f1,laplacian,quartic_spline,3.807499946217938e-05,0.0072342498978140825,True,1.0,0.010774980549020374
musk,f1,laplacian,radial,1.0,1.0,False,0.0,0.0
musk,f1,laplacian,rational_quadratic,0.31731050786291415,1.0,False,1.0,0.00023310023310030292
musk,f1,laplacian,rbf_gaussian,1.0,1.0,False,0.0,0.0
musk,f1,laplacian,shepard,1.0,1.0,False,0.0,0.0
musk,f1,laplacian,sigmoidal,1.0,1.0,False,0.0,0.0
musk,f1,laplacian,softmax_radial,1.0,1.0,False,0.0,0.0
musk,f1,laplacian,student_t,0.31731050786291415,1.0,False,1.0,0.0004629629629629983
musk,f1,laplacian,wendland_c2,3.807499946217938e-05,0.0072342498978140825,True,1.0,0.010774980549020374
musk,f1,logarithmic,lorentzian,0.0006146224121124647,0.07867166875039548,False,-1.0,-0.005972129704135298
musk,f1,logarithmic,multiquadratic,2.6727785855344405e-05,0.005105007098370781,True,1.0,0.012058723511441327
musk,f1,logarithmic,quartic_spline,0.0006289394206546052,0.07867166875039548,False,1.0,0.004802850844885076
musk,f1,logarithmic,radial,0.0006146224121124647,0.07867166875039548,False,-1.0,-0.005972129704135298
musk,f1,logarithmic,rational_quadratic,0.0006146224121124647,0.07867166875039548,False,-1.0,-0.005739029471034995
musk,f1,logarithmic,rbf_gaussian,0.0006146224121124647,0.07867166875039548,False,-1.0,-0.005972129704135298
musk,f1,logarithmic,shepard,0.0006146224121124647,0.07867166875039548,False,-1.0,-0.005972129704135298
musk,f1,logarithmic,sigmoidal,0.0006146224121124647,0.07867166875039548,False,-1.0,-0.005972129704135298
musk,f1,logarithmic,softmax_radial,0.0006146224121124647,0.07867166875039548,False,-1.0,-0.005972129704135298
musk,f1,logarithmic,student_t,0.0009123455961962472,0.10400739796637218,False,-1.0,-0.0055091667411723
musk,f1,logarithmic,wendland_c2,0.0006289394206546052,0.07867166875039548,False,1.0,0.004802850844885076
musk,f1,lorentzian,multiquadratic,5.476675580240548e-06,0.0011446251962702746,True,1.0,0.018030853215576625
musk,f1,lorentzian,quartic_spline,3.807499946217938e-05,0.0072342498978140825,True,1.0,0.010774980549020374
musk,f1,lorentzian,radial,1.0,1.0,False,0.0,0.0
musk,f1,lorentzian,rational_quadratic,0.31731050786291415,1.0,False,1.0,0.00023310023310030292
musk,f1,lorentzian,rbf_gaussian,1.0,1.0,False,0.0,0.0
musk,f1,lorentzian,shepard,1.0,1.0,False,0.0,0.0
musk,f1,lorentzian,sigmoidal,1.0,1.0,False,0.0,0.0
musk,f1,lorentzian,softmax_radial,1.0,1.0,False,0.0,0.0
musk,f1,lorentzian,student_t,0.31731050786291415,1.0,False,1.0,0.0004629629629629983
musk,f1,lorentzian,wendland_c2,3.807499946217938e-05,0.0072342498978140825,True,1.0,0.010774980549020374
musk,f1,multiquadratic,quartic_spline,0.0002919049007944203,0.0388233518056579,True,-1.0,-0.007255872666556251
musk,f1,multiquadratic,radial,5.476675580240548e-06,0.0011446251962702746,True,-1.0,-0.018030853215576625
musk,f1,multiquadratic,rational_quadratic,5.476675580240548e-06,0.0011446251962702746,True,-1.0,-0.017797752982476323
musk,f1,multiquadratic,rbf_gaussian,5.476675580240548e-06,0.0011446251962702746,True,-1.0,-0.018030853215576625
musk,f1,multiquadratic,shepard,5.476675580240548e-06,0.0011446251962702746,True,-1.0,-0.018030853215576625
musk,f1,multiquadratic,sigmoidal,5.476675580240548e-06,0.0011446251962702746,True,-1.0,-0.018030853215576625
musk,f1,multiquadratic,softmax_radial,5.476675580240548e-06,0.0011446251962702746,True,-1.0,-0.018030853215576625
musk,f1,multiquadratic,student_t,8.091599091922526e-06,0.0016102282192925826,True,-1.0,-0.017567890252613627
musk,f1,multiquadratic,wendland_c2,0.0002919049007944203,0.0388233518056579,True,-1.0,-0.007255872666556251
musk,f1,quartic_spline,radial,3.807499946217938e-05,0.0072342498978140825,True,-1.0,-0.010774980549020374
musk,f1,quartic_spline,rational_quadratic,3.807499946217938e-05,0.0072342498978140825,True,-1.0,-0.010541880315920071
musk,f1,quartic_spline,rbf_gaussian,3.807499946217938e-05,0.0072342498978140825,True,-1.0,-0.010774980549020374
musk,f1,quartic_spline,shepard,3.807499946217938e-05,0.0072342498978140825,True,-1.0,-0.010774980549020374
musk,f1,quartic_spline,sigmoidal,3.807499946217938e-05,0.0072342498978140825,True,-1.0,-0.010774980549020374
musk,f1,quartic_spline,softmax_radial,3.807499946217938e-05,0.0072342498978140825,True,-1.0,-0.010774980549020374
musk,f1,quartic_spline,student_t,5.6274243489560624e-05,0.008441136523434093,True,-1.0,-0.010312017586057376
musk,f1,quartic_spline,wendland_c2,1.0,1.0,False,0.0,0.0
musk,f1,radial,rational_quadratic,0.31731050786291415,1.0,False,1.0,0.00023310023310030292
musk,f1,radial,rbf_gaussian,1.0,1.0,False,0.0,0.0
musk,f1,radial,shepard,1.0,1.0,False,0.0,0.0
musk,f1,radial,sigmoidal,1.0,1.0,False,0.0,0.0
musk,f1,radial,softmax_radial,1.0,1.0,False,0.0,0.0
musk,f1,radial,student_t,0.31731050786291415,1.0,False,1.0,0.0004629629629629983
musk,f1,radial,wendland_c2,3.807499946217938e-05,0.0072342498978140825,True,1.0,0.010774980549020374
musk,f1,rational_quadratic,rbf_gaussian,0.31731050786291415,1.0,False,-1.0,-0.00023310023310030292
musk,f1,rational_quadratic,shepard,0.31731050786291415,1.0,False,-1.0,-0.00023310023310030292
musk,f1,rational_quadratic,sigmoidal,0.31731050786291415,1.0,False,-1.0,-0.00023310023310030292
musk,f1,rational_quadratic,softmax_radial,0.31731050786291415,1.0,False,-1.0,-0.00023310023310030292
musk,f1,rational_quadratic,student_t,0.31731050786291415,1.0,False,1.0,0.0002298627298626954
musk,f1,rational_quadratic,wendland_c2,3.807499946217938e-05,0.0072342498978140825,True,1.0,0.010541880315920071
musk,f1,rbf_gaussian,shepard,1.0,1.0,False,0.0,0.0
musk,f1,rbf_gaussian,sigmoidal,1.0,1.0,False,0.0,0.0
musk,f1,rbf_gaussian,softmax_radial,1.0,1.0,False,0.0,0.0
musk,f1,rbf_gaussian,student_t,0.31731050786291415,1.0,False,1.0,0.0004629629629629983
musk,f1,rbf_gaussian,wendland_c2,3.807499946217938e-05,0.0072342498978140825,True,1.0,0.010774980549020374
musk,f1,shepard,sigmoidal,1.0,1.0,False,0.0,0.0
musk,f1,shepard,softmax_radial,1.0,1.0,False,0.0,0.0
musk,f1,shepard,student_t,0.31731050786291415,1.0,False,1.0,0.0004629629629629983
musk,f1,shepard,wendland_c2,3.807499946217938e-05,0.0072342498978140825,True,1.0,0.010774980549020374
musk,f1,sigmoidal,softmax_radial,1.0,1.0,False,0.0,0.0
musk,f1,sigmoidal,student_t,0.31731050786291415,1.0,False,1.0,0.0004629629629629983
musk,f1,sigmoidal,wendland_c2,3.807499946217938e-05,0.0072342498978140825,True,1.0,0.010774980549020374
musk,f1,softmax_radial,student_t,0.31731050786291415,1.0,False,1.0,0.0004629629629629983
musk,f1,softmax_radial,wendland_c2,3.807499946217938e-05,0.0072342498978140825,True,1.0,0.010774980549020374
musk,f1,student_t,wendland_c2,5.6274243489560624e-05,0.008441136523434093,True,1.0,0.010312017586057376
page_blocks,f1,attention,cauchy,0.0027461281721087192,0.31580473979250273,False,-0.6367816091954023,-0.02879870969431997
page_blocks,f1,attention,cosine,9.067222017758301e-05,0.015232932989833945,True,0.9133333333333333,0.023042373674176386
page_blocks,f1,attention,cubic_spline,0.07032573521121915,1.0,False,0.5147058823529411,0.012593631440706021
page_blocks,f1,attention,entropic,0.369525330084544,1.0,False,-0.19080459770114944,-0.01320350109723778
page_blocks,f1,attention,gen_exponential,0.00016989745199680328,0.027693284675478935,True,-0.7419354838709677,-0.05221260085241042
page_blocks,f1,attention,harmonic,0.15793931050013033,1.0,False,0.46153846153846156,0.009784145734307192
page_blocks,f1,attention,inverse_multiquadratic,0.5296296702875958,1.0,False,-0.14666666666666667,-0.00505715085783176
page_blocks,f1,attention,laplacian,7.056817412376404e-05,0.01206715777516365,True,-0.7763440860215054,-0.05250052237696523
page_blocks,f1,attention,logarithmic,0.7915680312154841,1.0,False,0.0582010582010582,0.00843395599807406
page_blocks,f1,attention,lorentzian,0.04380372353657391,1.0,False,-0.5142857142857142,-0.007927074007155976
page_blocks,f1,attention,multiquadratic,0.0005884351465884492,0.08179248537579444,False,0.8188405797101449,0.024489071605636403
page_blocks,f1,attention,quartic_spline,0.07032573521121915,1.0,False,0.5147058823529411,0.013570070982596327
page_blocks,f1,attention,radial,0.06666470877826214,1.0,False,-0.3849462365591398,-0.032910952644606084
page_blocks,f1,attention,rational_quadratic,9.90256667137146e-05,0.016537286341190338,True,-0.7634408602150538,-0.04695625353652977
page_blocks,f1,attention,rbf_gaussian,0.08406547829508781,1.0,False,-0.3634408602150538,-0.02591337276281991
page_blocks,f1,attention,shepard,0.00012333691120147705,0.02047392725944519,True,-0.7548387096774194,-0.03896156485657665
page_blocks,f1,attention,sigmoidal,0.32461181114807214,1.0,False,-0.21693121693121692,-0.01008136112633573
page_blocks,f1,attention,softmax_radial,7.056817412376404e-05,0.01206715777516365,True,-0.7763440860215054,-0.05250052237696523
page_blocks,f1,attention,student_t,0.5296296702875958,1.0,False,-0.14666666666666667,-0.00505715085783176
page_blocks,f1,attention,wendland_c2,0.001304069820893846,0.1643127974326246,False,0.8008658008658008,0.015459879629577733
page_blocks,f1,cauchy,cosine,1.4193356037139893e-06,0.0002781897783279419,True,0.896774193548387,0.051841083368496355
page_blocks,f1,cauchy,cubic_spline,0.00029246278606886,0.04447238892316818,True,0.7701149425287356,0.04139234113502599
page_blocks,f1,cauchy,entropic,0.15794767439365387,1.0,False,0.2989247311827957,0.015595208597082189
page_blocks,f1,cauchy,gen_exponential,0.027186601854496447,1.0,False,-0.47783251231527096,-0.02341389115809045
page_blocks,f1,cauchy,harmonic,0.0003800932317972183,0.05663389153778553,False,0.7075268817204301,0.03858285542862716
page_blocks,f1,cauchy,inverse_multiquadratic,0.006313259698840443,0.6502657489805657,False,0.6246153846153846,0.023741558836488208
page_blocks,f1,cauchy,laplacian,0.008608592469900115,0.826424877110411,False,-0.5586206896551724,-0.023701812682645262
page_blocks,f1,cauchy,logarithmic,0.004169115995474121,0.45443364350667914,False,0.6091954022988506,0.03723266569239403
page_blocks,f1,cauchy,lorentzian,0.044907208532094955,1.0,False,0.41935483870967744,0.020871635687163992
page_blocks,f1,cauchy,multiquadratic,2.6885420083999634e-05,0.0048124901950359344,True,0.810752688172043,0.05328778129995637
page_blocks,f1,cauchy,quartic_spline,0.00013536081360538934,0.02233453424488924,True,0.8114942528735632,0.042368780676916296
page_blocks,f1,cauchy,radial,0.935398668050766,1.0,False,-0.01935483870967742,-0.004112242950286116
page_blocks,f1,cauchy,rational_quadratic,0.0015666364757477875,0.19112965004123006,False,-0.7094017094017094,-0.0181575438422098
page_blocks,f1,cauchy,rbf_gaussian,0.5520854520027925,1.0,False,0.12643678160919541,0.00288533693150006
page_blocks,f1,cauchy,shepard,0.011876381887516064,1.0,False,-0.5753846153846154,-0.010162855162256679
page_blocks,f1,cauchy,sigmoidal,0.028795498649410566,1.0,False,0.48148148148148145,0.018717348567984238
page_blocks,f1,cauchy,softmax_radial,0.008608592469900115,0.826424877110411,False,-0.5586206896551724,-0.023701812682645262
page_blocks,f1,cauchy,student_t,0.006313259698840443,0.6502657489805657,False,0.6246153846153846,0.023741558836488208
page_blocks,f1,cauchy,wendland_c2,2.0798295736312866e-05,0.0038476847112178802,True,0.8193548387096774,0.0442585893238977
page_blocks,f1,cosine,cubic_spline,0.00020134977414522506,0.03261866341152646,True,-0.9051383399209486,-0.010448742233470365
page_blocks,f1,cosine,entropic,0.02009902604880586,1.0,False,-0.4942528735632184,-0.036245874771414166
page_blocks,f1,cosine,gen_exponential,6.910413503646851e-07,0.00014028139412403107,True,-0.9139784946236559,-0.0752549745265868
page_blocks,f1,cosine,harmonic,5.228097759225583e-05,0.009096890101052515,True,-0.9637681159420289,-0.013258227939869194
page_blocks,f1,cosine,inverse_multiquadratic,0.0006361513664445838,0.08715273720290799,False,-0.7389162561576355,-0.028099524532008147
page_blocks,f1,cosine,laplacian,1.6391277313232422e-07,3.4421682357788086e-05,True,-0.9440860215053763,-0.07554289605114162
page_blocks,f1,cosine,logarithmic,0.005459684044325266,0.5787265086984782,False,-0.5908045977011495,-0.014608417676102325
page_blocks,f1,cosine,lorentzian,2.353592662196361e-05,0.004236466791953449,True,-0.9312169312169312,-0.030969447681332363
page_blocks,f1,cosine,multiquadratic,0.7583123742610346,1.0,False,-0.08496732026143791,0.001446697931460017
page_blocks,f1,cosine,quartic_spline,0.0008292057593073193,0.11028436598787347,False,-0.78,-0.009472302691580059
page_blocks,f1,cosine,radial,0.0007978975772857666,0.10691827535629272,False,-0.6731182795698925,-0.05595332631878247
page_blocks,f1,cosine,rational_quadratic,8.326023817062378e-07,0.00016652047634124756,True,-0.9096774193548387,-0.06999862721070615
page_blocks,f1,cosine,rbf_gaussian,0.0015832837671041489,0.191577335819602,False,-0.6387096774193548,-0.048955746436996295
page_blocks,f1,cosine,shepard,9.781652253211938e-06,0.0018389506236038443,True,-0.9402298850574713,-0.06200393853075303
page_blocks,f1,cosine,sigmoidal,0.0002461822175086417,0.03938915480138267,True,-0.7931034482758621,-0.03312373480051212
page_blocks,f1,cosine,softmax_radial,1.6391277313232422e-07,3.4421682357788086e-05,True,-0.9440860215053763,-0.07554289605114162
page_blocks,f1,cosine,student_t,0.0006361513664445838,0.08715273720290799,False,-0.7389162561576355,-0.028099524532008147
page_blocks,f1,cosine,wendland_c2,0.007630414739245609,0.7688258495181799,False,-0.8095238095238095,-0.007582494044598653
page_blocks,f1,cubic_spline,entropic,0.10256331911359984,1.0,False,-0.3471264367816092,-0.0257971325379438
page_blocks,f1,cubic_spline,gen_exponential,1.6838312149047852e-06,0.0003283470869064331,True,-0.8924731182795699,-0.06480623229311644
page_blocks,f1,cubic_spline,harmonic,0.34910194464272437,1.0,False,-0.25146198830409355,-0.0028094857063988288
page_blocks,f1,cubic_spline,inverse_multiquadratic,0.05460576776580571,1.0,False,-0.42328042328042326,-0.01765078229853778
page_blocks,f1,cubic_spline,laplacian,6.910413503646851e-07,0.00014028139412403107,True,-0.9139784946236559,-0.06509415381767125
page_blocks,f1,cubic_spline,logarithmic,0.3365521878439186,1.0,False,-0.21164021164021163,-0.00415967544263196
page_blocks,f1,cubic_spline,lorentzian,0.0010172413503286527,0.13224137554272486,False,-0.7666666666666667,-0.020520705447861998
page_blocks,f1,cubic_spline,multiquadratic,0.03845841807877782,1.0,False,0.46438746438746437,0.011895440164930382
page_blocks,f1,cubic_spline,quartic_spline,0.5001842570707944,1.0,False,-0.3333333333333333,0.000976439541890306
page_blocks,f1,cubic_spline,radial,0.007612137123942375,0.7688258495181799,False,-0.5483870967741935,-0.045504584085312105
page_blocks,f1,cubic_spline,rational_quadratic,4.421919584274292e-06,0.0008490085601806641,True,-0.8666666666666667,-0.05954988497723579
page_blocks,f1,cubic_spline,rbf_gaussian,0.010598260909318924,0.9962365254759789,False,-0.5268817204301075,-0.03850700420352593
page_blocks,f1,cubic_spline,shepard,4.421919584274292e-06,0.0008490085601806641,True,-0.8666666666666667,-0.05155519629728267
page_blocks,f1,cubic_spline,sigmoidal,0.0036366878938305404,0.40367235621519,False,-0.6524216524216524,-0.022674992567041752
page_blocks,f1,cubic_spline,softmax_radial,6.910413503646851e-07,0.00014028139412403107,True,-0.9139784946236559,-0.06509415381767125
page_blocks,f1,cubic_spline,student_t,0.05460576776580571,1.0,False,-0.42328042328042326,-0.01765078229853778
page_blocks,f1,cubic_spline,wendland_c2,0.0009815397525216685,0.12858170758033857,False,1.0,0.0028662481888717117
page_blocks,f1,entropic,gen_exponential,0.00014360856762163124,0.023551805089947524,True,-0.9057971014492754,-0.03900909975517264
page_blocks,f1,entropic,harmonic,0.1631073882292975,1.0,False,0.296551724137931,0.022987646831544972
page_blocks,f1,entropic,inverse_multiquadratic,0.8552717231214046,1.0,False,0.04086021505376344,0.00814635023940602
page_blocks,f1,entropic,laplacian,0.0004931586720966439,0.07052169010982008,False,-0.796923076923077,-0.03929702127972745
page_blocks,f1,entropic,logarithmic,0.4161298982799053,1.0,False,0.17419354838709677,0.02163745709531184
page_blocks,f1,entropic,lorentzian,0.6891349940127396,1.0,False,0.08505747126436781,0.005276427090081803
page_blocks,f1,entropic,multiquadratic,0.02977040515042219,1.0,False,0.46206896551724136,0.03769257270287418
page_blocks,f1,entropic,quartic_spline,0.10256331911359984,1.0,False,0.3471264367816092,0.026773572079834107
page_blocks,f1,entropic,radial,0.0014353518469266877,0.17941898086583596,False,-0.7150997150997151,-0.019707451547368304
page_blocks,f1,entropic,rational_quadratic,0.005096266424780682,0.545300507451533,False,-0.6059113300492611,-0.03375275243929199
page_blocks,f1,entropic,rbf_gaussian,0.0055810915679556945,0.5860146146353479,False,-0.6466666666666666,-0.012709871665582129
page_blocks,f1,entropic,shepard,0.06056523136794567,1.0,False,-0.3935483870967742,-0.025758063759338867
page_blocks,f1,entropic,sigmoidal,0.8022117949916099,1.0,False,0.054187192118226604,0.003122139970902049
page_blocks,f1,entropic,softmax_radial,0.0004931586720966439,0.07052169010982008,False,-0.796923076923077,-0.03929702127972745
page_blocks,f1,entropic,student_t,0.8552717231214046,1.0,False,0.04086021505376344,0.00814635023940602
page_blocks,f1,entropic,wendland_c2,0.06767564114400142,1.0,False,0.38850574712643676,0.028663380726815513
page_blocks,f1,gen_exponential,harmonic,7.910653948783875e-05,0.013369005173444748,True,0.7720430107526882,0.06199674658671761
page_blocks,f1,gen_exponential,inverse_multiquadratic,0.00178075699491497,0.21369083938979638,False,0.664367816091954,0.04715544999457866
page_blocks,f1,gen_exponential,laplacian,0.22732992995598733,1.0,False,-0.3157894736842105,-0.0002879215245548128
page_blocks,f1,gen_exponential,logarithmic,0.0005054883658885956,0.07127385959029198,False,0.6946236559139785,0.06064655685048448
page_blocks,f1,gen_exponential,lorentzian,0.0014574769884347916,0.17941898086583596,False,0.6430107526881721,0.04428552684525444
page_blocks,f1,gen_exponential,multiquadratic,7.994472980499268e-06,0.0015109553933143616,True,0.8494623655913979,0.07670167245804682
page_blocks,f1,gen_exponential,quartic_spline,4.7124922275543213e-07,9.707733988761902e-05,True,0.9225806451612903,0.06578267183500675
page_blocks,f1,gen_exponential,radial,0.04156975162896875,1.0,False,0.4855072463768116,0.019301648207804334
page_blocks,f1,gen_exponential,rational_quadratic,0.8190952935504228,1.0,False,-0.052307692307692305,0.0052563473158806495
page_blocks,f1,gen_exponential,rbf_gaussian,0.0022633358728580753,0.26254696125153676,False,0.8431372549019608,0.02629922808959051
page_blocks,f1,gen_exponential,shepard,0.380904893503636,1.0,False,0.19658119658119658,0.013251035995833771
page_blocks,f1,gen_exponential,sigmoidal,0.00022713112288491198,0.03656811078447083,True,0.7839080459770115,0.04213123972607469
page_blocks,f1,gen_exponential,softmax_radial,0.22732992995598733,1.0,False,-0.3157894736842105,-0.0002879215245548128
page_blocks,f1,gen_exponential,student_t,0.00178075699491497,0.21369083938979638,False,0.664367816091954,0.04715544999457866
page_blocks,f1,gen_exponential,wendland_c2,9.98377799987793e-07,0.0001986771821975708,True,0.9053763440860215,0.06767248048198815
page_blocks,f1,harmonic,inverse_multiquadratic,0.08752712680268941,1.0,False,-0.39076923076923076,-0.014841296592138953
page_blocks,f1,harmonic,laplacian,2.0798295736312866e-05,0.0038476847112178802,True,-0.8193548387096774,-0.06228466811127242
page_blocks,f1,harmonic,logarithmic,0.19451080638284968,1.0,False,-0.2857142857142857,-0.0013501897362331317
page_blocks,f1,harmonic,lorentzian,0.012948886352603273,1.0,False,-0.6190476190476191,-0.01771121974146317
page_blocks,f1,harmonic,multiquadratic,0.0011624285733496413,0.14762842881540444,False,0.8285714285714286,0.01470492587132921
page_blocks,f1,harmonic,quartic_spline,0.29542405582364173,1.0,False,0.2736842105263158,0.003785925248289135
page_blocks,f1,harmonic,radial,0.023410143330693245,1.0,False,-0.47096774193548385,-0.042695098378913277
page_blocks,f1,harmonic,rational_quadratic,4.968419671058655e-05,0.008744418621063232,True,-0.789247311827957,-0.05674039927083696
page_blocks,f1,harmonic,rbf_gaussian,0.03841841779649258,1.0,False,-0.432258064516129,-0.0356975184971271
page_blocks,f1,harmonic,shepard,6.286613643169403e-05,0.010812975466251373,True,-0.7806451612903226,-0.04874571059088384
page_blocks,f1,harmonic,sigmoidal,0.1363426134204674,1.0,False,-0.328042328042328,-0.019865506860642923
page_blocks,f1,harmonic,softmax_radial,2.0798295736312866e-05,0.0038476847112178802,True,-0.8193548387096774,-0.06228466811127242
page_blocks,f1,harmonic,student_t,0.08752712680268941,1.0,False,-0.39076923076923076,-0.014841296592138953
page_blocks,f1,harmonic,wendland_c2,0.033461641724253414,1.0,False,0.5177865612648221,0.0056757338952705405
page_blocks,f1,inverse_multiquadratic,laplacian,0.000283263623714447,0.04447238892316818,True,-0.7204301075268817,-0.04744337151913347
page_blocks,f1,inverse_multiquadratic,logarithmic,0.22747626562591206,1.0,False,0.26108374384236455,0.013491106855905821
page_blocks,f1,inverse_multiquadratic,lorentzian,0.8400716444402775,1.0,False,-0.046153846153846156,-0.002869923149324216
page_blocks,f1,inverse_multiquadratic,multiquadratic,0.002111088108921247,0.24910839685270716,False,0.6650246305418719,0.029546222463468164
page_blocks,f1,inverse_multiquadratic,quartic_spline,0.046143867885894314,1.0,False,0.43915343915343913,0.018627221840428088
page_blocks,f1,inverse_multiquadratic,radial,0.11907656863331795,1.0,False,-0.32903225806451614,-0.027853801786774324
page_blocks,f1,inverse_multiquadratic,rational_quadratic,0.0004791544897145572,0.0704357099880399,False,-0.7425287356321839,-0.04189910267869801
page_blocks,f1,inverse_multiquadratic,rbf_gaussian,0.19092952087521553,1.0,False,-0.27741935483870966,-0.020856221904988148
page_blocks,f1,inverse_multiquadratic,shepard,0.0004791544897145572,0.0704357099880399,False,-0.7425287356321839,-0.03390441399874489
page_blocks,f1,inverse_multiquadratic,sigmoidal,0.9396727300650676,1.0,False,0.016091954022988506,-0.00502421026850397
page_blocks,f1,inverse_multiquadratic,softmax_radial,0.000283263623714447,0.04447238892316818,True,-0.7204301075268817,-0.04744337151913347
page_blocks,f1,inverse_multiquadratic,student_t,1.0,1.0,False,0.0,0.0
page_blocks,f1,inverse_multiquadratic,wendland_c2,0.016802577730643323,1.0,False,0.5172413793103449,0.020517030487409493
page_blocks,f1,laplacian,logarithmic,0.000269031200173088,0.04277596082752099,True,0.7881773399014779,0.06093447837503929
page_blocks,f1,laplacian,lorentzian,0.000283263623714447,0.04447238892316818,True,0.7204301075268817,0.044573448369809254
page_blocks,f1,laplacian,multiquadratic,1.991167664527893e-06,0.00038628652691841125,True,0.8881720430107527,0.07698959398260163
page_blocks,f1,laplacian,quartic_spline,3.1478703022003174e-07,6.54757022857666e-05,True,0.9311827956989247,0.06607059335956156
page_blocks,f1,laplacian,radial,0.020633435105949553,1.0,False,0.5904761904761905,0.019589569732359147
page_blocks,f1,laplacian,rational_quadratic,1.0,1.0,False,0.0,0.005544268840435462
page_blocks,f1,laplacian,rbf_gaussian,0.007838221652520782,0.7688258495181799,False,0.6623376623376623,0.026587149614145322
page_blocks,f1,laplacian,shepard,0.1648154704539846,1.0,False,0.30049261083743845,0.013538957520388584
page_blocks,f1,laplacian,sigmoidal,2.0798295736312866e-05,0.0038476847112178802,True,0.8193548387096774,0.0424191612506295
page_blocks,f1,laplacian,softmax_radial,1.0,1.0,False,0.0,0.0
page_blocks,f1,laplacian,student_t,0.000283263623714447,0.04447238892316818,True,0.7204301075268817,0.04744337151913347
page_blocks,f1,laplacian,wendland_c2,4.7124922275543213e-07,9.707733988761902e-05,True,0.9225806451612903,0.06796040200654296
page_blocks,f1,logarithmic,lorentzian,0.1385561420166171,1.0,False,-0.31494252873563217,-0.016361030005230037
page_blocks,f1,logarithmic,multiquadratic,0.023410143330693245,1.0,False,0.47096774193548385,0.016055115607562342
page_blocks,f1,logarithmic,quartic_spline,0.3365521878439186,1.0,False,0.21164021164021163,0.0051361149845222664
page_blocks,f1,logarithmic,radial,0.0635564886033535,1.0,False,-0.38924731182795697,-0.041344908642680145
page_blocks,f1,logarithmic,rational_quadratic,5.0273850202546946e-05,0.008797923785445716,True,-0.8620689655172413,-0.05539020953460383
page_blocks,f1,logarithmic,rbf_gaussian,0.08560627067312218,1.0,False,-0.36551724137931035,-0.03434732876089397
page_blocks,f1,logarithmic,shepard,0.0006096659549769169,0.08413390178681453,False,-0.728735632183908,-0.04739552085465071
page_blocks,f1,logarithmic,sigmoidal,0.308520769700408,1.0,False,-0.2172043010752688,-0.01851531712440979
page_blocks,f1,logarithmic,softmax_radial,0.000269031200173088,0.04277596082752099,True,-0.7881773399014779,-0.06093447837503929
page_blocks,f1,logarithmic,student_t,0.22747626562591206,1.0,False,-0.26108374384236455,-0.013491106855905821
page_blocks,f1,logarithmic,wendland_c2,0.13288740647153138,1.0,False,0.3195402298850575,0.007025923631503672
page_blocks,f1,lorentzian,multiquadratic,3.527453036695768e-05,0.00624359187495151,True,0.9855072463768116,0.03241614561279238
page_blocks,f1,lorentzian,quartic_spline,0.0011253977870503726,0.1440509167424477,False,0.76,0.021497144989752304
page_blocks,f1,lorentzian,radial,0.23665234446525574,1.0,False,-0.25161290322580643,-0.024983878637450108
page_blocks,f1,lorentzian,rational_quadratic,0.0005054883658885956,0.07127385959029198,False,-0.6946236559139785,-0.03902917952937379
page_blocks,f1,lorentzian,rbf_gaussian,0.28936620615422726,1.0,False,-0.22580645161290322,-0.017986298755663932
page_blocks,f1,lorentzian,shepard,0.001053202619987542,0.13586313797839292,False,-0.696551724137931,-0.03103449084942067
page_blocks,f1,lorentzian,sigmoidal,0.3365521878439186,1.0,False,0.21164021164021163,-0.002154287119179754
page_blocks,f1,lorentzian,softmax_radial,0.000283263623714447,0.04447238892316818,True,-0.7204301075268817,-0.044573448369809254
page_blocks,f1,lorentzian,student_t,0.8400716444402775,1.0,False,0.046153846153846156,0.002869923149324216
page_blocks,f1,lorentzian,wendland_c2,5.756328369396694e-05,0.00995844807905628,True,0.92,0.02338695363673371
page_blocks,f1,multiquadratic,quartic_spline,0.09619888911292637,1.0,False,-0.3732193732193732,-0.010919000623040076
page_blocks,f1,multiquadratic,radial,0.0008718203753232956,0.11508028954267502,False,-0.6688172043010753,-0.05740002425024249
page_blocks,f1,multiquadratic,rational_quadratic,4.421919584274292e-06,0.0008490085601806641,True,-0.8666666666666667,-0.07144532514216617
page_blocks,f1,multiquadratic,rbf_gaussian,0.004031794145703316,0.44349735602736473,False,-0.5870967741935483,-0.05040244436845631
page_blocks,f1,multiquadratic,shepard,2.863113962230184e-05,0.0050963428527697275,True,-0.8896551724137931,-0.06345063646221305
page_blocks,f1,multiquadratic,sigmoidal,0.0030735452532136918,0.3473106136131472,False,-0.6403940886699507,-0.034570432731972134
page_blocks,f1,multiquadratic,softmax_radial,1.991167664527893e-06,0.00038628652691841125,True,-0.8881720430107527,-0.07698959398260163
page_blocks,f1,multiquadratic,student_t,0.002111088108921247,0.24910839685270716,False,-0.6650246305418719,-0.029546222463468164
page_blocks,f1,multiquadratic,wendland_c2,0.12832317312205774,1.0,False,-0.36231884057971014,-0.00902919197605867
page_blocks,f1,quartic_spline,radial,0.003475155681371689,0.38921743631362915,False,-0.5956989247311828,-0.04648102362720241
page_blocks,f1,quartic_spline,rational_quadratic,1.1920928955078125e-06,0.00023603439331054688,True,-0.9010752688172043,-0.060526324519126096
page_blocks,f1,quartic_spline,rbf_gaussian,0.007612137123942375,0.7688258495181799,False,-0.5483870967741935,-0.039483443745416236
page_blocks,f1,quartic_spline,shepard,1.9496331812351264e-05,0.003626317717097335,True,-0.9080459770114943,-0.052531635839172974
page_blocks,f1,quartic_spline,sigmoidal,0.0014353518469266877,0.17941898086583596,False,-0.7150997150997151,-0.023651432108932058
page_blocks,f1,quartic_spline,softmax_radial,3.1478703022003174e-07,6.54757022857666e-05,True,-0.9311827956989247,-0.06607059335956156
page_blocks,f1,quartic_spline,student_t,0.046143867885894314,1.0,False,-0.43915343915343913,-0.018627221840428088
page_blocks,f1,quartic_spline,wendland_c2,0.004853230851379527,0.5241489319489889,False,0.7777777777777778,0.0018898086469814057
page_blocks,f1,radial,rational_quadratic,0.11242805967934756,1.0,False,-0.3561253561253561,-0.014045300891923684
page_blocks,f1,radial,rbf_gaussian,0.09185084396186832,1.0,False,0.3933333333333333,0.006997579881786176
page_blocks,f1,radial,shepard,0.40449450351297855,1.0,False,-0.17849462365591398,-0.006050612211970563
page_blocks,f1,radial,sigmoidal,0.1459994912147522,1.0,False,0.30752688172043013,0.022829591518270353
page_blocks,f1,radial,softmax_radial,0.020633435105949553,1.0,False,-0.5904761904761905,-0.019589569732359147
page_blocks,f1,radial,student_t,0.11907656863331795,1.0,False,0.32903225806451614,0.027853801786774324
page_blocks,f1,radial,wendland_c2,0.0027663204818964005,0.31580473979250273,False,0.6086021505376344,0.04837083227418382
page_blocks,f1,rational_quadratic,rbf_gaussian,0.05165174631921652,1.0,False,0.42857142857142855,0.02104288077370986
page_blocks,f1,rational_quadratic,shepard,0.11535248997341421,1.0,False,0.383399209486166,0.007994688679953121
page_blocks,f1,rational_quadratic,sigmoidal,0.0003453871103895158,0.05180806655842737,False,0.7609195402298851,0.03687489241019404
page_blocks,f1,rational_quadratic,softmax_radial,1.0,1.0,False,0.0,-0.005544268840435462
page_blocks,f1,rational_quadratic,student_t,0.0004791544897145572,0.0704357099880399,False,0.7425287356321839,0.04189910267869801
page_blocks,f1,rational_quadratic,wendland_c2,1.1920928955078125e-06,0.00023603439331054688,True,0.9010752688172043,0.0624161331661075
page_blocks,f1,rbf_gaussian,shepard,0.21041384431760835,1.0,False,-0.270935960591133,-0.013048192093756739
page_blocks,f1,rbf_gaussian,sigmoidal,0.17719271034002304,1.0,False,0.2860215053763441,0.015832011636484178
page_blocks,f1,rbf_gaussian,softmax_radial,0.007838221652520782,0.7688258495181799,False,-0.6623376623376623,-0.026587149614145322
page_blocks,f1,rbf_gaussian,student_t,0.19092952087521553,1.0,False,0.27741935483870966,0.020856221904988148
page_blocks,f1,rbf_gaussian,wendland_c2,0.00577649287879467,0.6007552593946457,False,0.5655913978494623,0.04137325239239764
page_blocks,f1,shepard,sigmoidal,0.000714299422212305,0.09643042199866117,False,0.7195402298850575,0.028880203730240916
page_blocks,f1,shepard,softmax_radial,0.1648154704539846,1.0,False,-0.30049261083743845,-0.013538957520388584
page_blocks,f1,shepard,student_t,0.0004791544897145572,0.0704357099880399,False,0.7425287356321839,0.03390441399874489
page_blocks,f1,shepard,wendland_c2,1.1939031151376057e-05,0.0022325988253073226,True,0.9310344827586207,0.05442144448615438
page_blocks,f1,sigmoidal,softmax_radial,2.0798295736312866e-05,0.0038476847112178802,True,-0.8193548387096774,-0.0424191612506295
page_blocks,f1,sigmoidal,student_t,0.9396727300650676,1.0,False,-0.016091954022988506,0.00502421026850397
page_blocks,f1,sigmoidal,wendland_c2,0.00041293675625687486,0.06111463992601748,False,0.7777777777777778,0.025541240755913464
page_blocks,f1,softmax_radial,student_t,0.000283263623714447,0.04447238892316818,True,0.7204301075268817,0.04744337151913347
page_blocks,f1,softmax_radial,wendland_c2,4.7124922275543213e-07,9.707733988761902e-05,True,0.9225806451612903,0.06796040200654296
page_blocks,f1,student_t,wendland_c2,0.016802577730643323,1.0,False,0.5172413793103449,0.020517030487409493
seeds,f1,attention,cauchy,0.006729477984412969,1.0,False,0.9636363636363636,0.03510208926875602
seeds,f1,attention,cosine,0.006729477984412969,1.0,False,0.9636363636363636,0.03510208926875602
seeds,f1,attention,cubic_spline,0.006729477984412969,1.0,False,0.9636363636363636,0.03510208926875602
seeds,f1,attention,entropic,0.01296475373325301,1.0,False,0.7802197802197802,0.03204234037567377
seeds,f1,attention,gen_exponential,0.17971249487899976,1.0,False,1.0,0.0034204992538325873
seeds,f1,attention,harmonic,0.17971249487899976,1.0,False,1.0,0.0034204992538325873
seeds,f1,attention,inverse_multiquadratic,0.006729477984412969,1.0,False,0.9636363636363636,0.03510208926875602
seeds,f1,attention,laplacian,0.006729477984412969,1.0,False,0.9636363636363636,0.033351987518654314
seeds,f1,attention,logarithmic,0.004341753952516261,0.8947438739135402,False,0.9696969696969697,0.038152896486229826
seeds,f1,attention,lorentzian,1.0,1.0,False,0.0,0.0
seeds,f1,attention,multiquadratic,0.0028093057505008405,0.5899542076051765,False,0.9743589743589743,0.039850427350427375
seeds,f1,attention,quartic_spline,0.006729477984412969,1.0,False,0.9636363636363636,0.03510208926875602
seeds,f1,attention,radial,0.006729477984412969,1.0,False,0.9636363636363636,0.03510208926875602
seeds,f1,attention,rational_quadratic,1.0,1.0,False,0.0,0.0
seeds,f1,attention,rbf_gaussian,0.007489044185233656,1.0,False,0.7833333333333333,0.03617894451227782
seeds,f1,attention,shepard,0.006729477984412969,1.0,False,0.9636363636363636,0.03510208926875602
seeds,f1,attention,sigmoidal,0.17971249487899976,1.0,False,1.0,0.0034204992538325873
seeds,f1,attention,softmax_radial,0.006729477984412969,1.0,False,0.9636363636363636,0.033351987518654314
seeds,f1,attention,student_t,0.006729477984412969,1.0,False,0.9636363636363636,0.03510208926875602
seeds,f1,attention,wendland_c2,0.006729477984412969,1.0,False,0.9636363636363636,0.03510208926875602
seeds,f1,cauchy,cosine,1.0,1.0,False,0.0,0.0
seeds,f1,cauchy,cubic_spline,1.0,1.0,False,0.0,0.0
seeds,f1,cauchy,entropic,0.22491588401596185,1.0,False,-0.6,-0.003059748893082248
seeds,f1,cauchy,gen_exponential,0.00749660622116921,1.0,False,-0.9090909090909091,-0.03168159001492343
seeds,f1,cauchy,harmonic,0.00749660622116921,1.0,False,-0.9090909090909091,-0.03168159001492343
seeds,f1,cauchy,inverse_multiquadratic,1.0,1.0,False,0.0,0.0
seeds,f1,cauchy,laplacian,0.31731050786291415,1.0,False,-1.0,-0.0017501017501017069
seeds,f1,cauchy,logarithmic,0.17971249487899976,1.0,False,1.0,0.0030508072174738055
seeds,f1,cauchy,lorentzian,0.006729477984412969,1.0,False,-0.9636363636363636,-0.03510208926875602
seeds,f1,cauchy,multiquadratic,0.10247043485974937,1.0,False,1.0,0.004748338081671355
seeds,f1,cauchy,quartic_spline,1.0,1.0,False,0.0,0.0
seeds,f1,cauchy,radial,1.0,1.0,False,0.0,0.0
seeds,f1,cauchy,rational_quadratic,0.006729477984412969,1.0,False,-0.9636363636363636,-0.03510208926875602
seeds,f1,cauchy,rbf_gaussian,0.8648125041589424,1.0,False,-0.07142857142857142,0.0010768552435218015
seeds,f1,cauchy,shepard,1.0,1.0,False,0.0,0.0
seeds,f1,cauchy,sigmoidal,0.00749660622116921,1.0,False,-0.9090909090909091,-0.03168159001492343
seeds,f1,cauchy,softmax_radial,0.31731050786291415,1.0,False,-1.0,-0.0017501017501017069
seeds,f1,cauchy,student_t,1.0,1.0,False,0.0,0.0
seeds,f1,cauchy,wendland_c2,1.0,1.0,False,0.0,0.0
seeds,f1,cosine,cubic_spline,1.0,1.0,False,0.0,0.0
seeds,f1,cosine,entropic,0.22491588401596185,1.0,False,-0.6,-0.003059748893082248
seeds,f1,cosine,gen_exponential,0.00749660622116921,1.0,False,-0.9090909090909091,-0.03168159001492343
seeds,f1,cosine,harmonic,0.00749660622116921,1.0,False,-0.9090909090909091,-0.03168159001492343
seeds,f1,cosine,inverse_multiquadratic,1.0,1.0,False,0.0,0.0
seeds,f1,cosine,laplacian,0.31731050786291415,1.0,False,-1.0,-0.0017501017501017069
seeds,f1,cosine,logarithmic,0.17971249487899976,1.0,False,1.0,0.0030508072174738055
seeds,f1,cosine,lorentzian,0.006729477984412969,1.0,False,-0.9636363636363636,-0.03510208926875602
seeds,f1,cosine,multiquadratic,0.10247043485974937,1.0,False,1.0,0.004748338081671355
seeds,f1,cosine,quartic_spline,1.0,1.0,False,0.0,0.0
seeds,f1,cosine,radial,1.0,1.0,False,0.0,0.0
seeds,f1,cosine,rational_quadratic,0.006729477984412969,1.0,False,-0.9636363636363636,-0.03510208926875602
seeds,f1,cosine,rbf_gaussian,0.8648125041589424,1.0,False,-0.07142857142857142,0.0010768552435218015
seeds,f1,cosine,shepard,1.0,1.0,False,0.0,0.0
seeds,f1,cosine,sigmoidal,0.00749660622116921,1.0,False,-0.9090909090909091,-0.03168159001492343
seeds,f1,cosine,softmax_radial,0.31731050786291415,1.0,False,-1.0,-0.0017501017501017069
seeds,f1,cosine,student_t,1.0,1.0,False,0.0,0.0
seeds,f1,cosine,wendland_c2,1.0,1.0,False,0.0,0.0
seeds,f1,cubic_spline,entropic,0.22491588401596185,1.0,False,-0.6,-0.003059748893082248
seeds,f1,cubic_spline,gen_exponential,0.00749660622116921,1.0,False,-0.9090909090909091,-0.03168159001492343
seeds,f1,cubic_spline,harmonic,0.00749660622116921,1.0,False,-0.9090909090909091,-0.03168159001492343
seeds,f1,cubic_spline,inverse_multiquadratic,1.0,1.0,False,0.0,0.0
seeds,f1,cubic_spline,laplacian,0.31731050786291415,1.0,False,-1.0,-0.0017501017501017069
seeds,f1,cubic_spline,logarithmic,0.17971249487899976,1.0,False,1.0,0.0030508072174738055
seeds,f1,cubic_spline,lorentzian,0.006729477984412969,1.0,False,-0.9636363636363636,-0.03510208926875602
seeds,f1,cubic_spline,multiquadratic,0.10247043485974937,1.0,False,1.0,0.004748338081671355
seeds,f1,cubic_spline,quartic_spline,1.0,1.0,False,0.0,0.0
seeds,f1,cubic_spline,radial,1.0,1.0,False,0.0,0.0
seeds,f1,cubic_spline,rational_quadratic,0.006729477984412969,1.0,False,-0.9636363636363636,-0.03510208926875602
seeds,f1,cubic_spline,rbf_gaussian,0.8648125041589424,1.0,False,-0.07142857142857142,0.0010768552435218015
seeds,f1,cubic_spline,shepard,1.0,1.0,False,0.0,0.0
seeds,f1,cubic_spline,sigmoidal,0.00749660622116921,1.0,False,-0.9090909090909091,-0.03168159001492343
seeds,f1,cubic_spline,softmax_radial,0.31731050786291415,1.0,False,-1.0,-0.0017501017501017069
seeds,f1,cubic_spline,student_t,1.0,1.0,False,0.0,0.0
seeds,f1,cubic_spline,wendland_c2,1.0,1.0,False,0.0,0.0
seeds,f1,entropic,gen_exponential,0.0168924846294852,1.0,False,-0.7238095238095238,-0.028621841121841185
seeds,f1,entropic,harmonic,0.0168924846294852,1.0,False,-0.7238095238095238,-0.028621841121841185
seeds,f1,entropic,inverse_multiquadratic,0.22491588401596185,1.0,False,0.6,0.003059748893082248
seeds,f1,entropic,laplacian,0.4652088184521418,1.0,False,0.4,0.0013096471429805412
seeds,f1,entropic,logarithmic,0.10405923452892792,1.0,False,0.8,0.0061105561105560535
seeds,f1,entropic,lorentzian,0.01296475373325301,1.0,False,-0.7802197802197802,-0.03204234037567377
seeds,f1,entropic,multiquadratic,0.07154597258900632,1.0,False,0.8095238095238095,0.007808086974753603
seeds,f1,entropic,quartic_spline,0.22491588401596185,1.0,False,0.6,0.003059748893082248
seeds,f1,entropic,radial,0.22491588401596185,1.0,False,0.6,0.003059748893082248
seeds,f1,entropic,rational_quadratic,0.01296475373325301,1.0,False,-0.7802197802197802,-0.03204234037567377
seeds,f1,entropic,rbf_gaussian,0.15729920705028502,1.0,False,1.0,0.00413660413660405
seeds,f1,entropic,shepard,0.22491588401596185,1.0,False,0.6,0.003059748893082248
seeds,f1,entropic,sigmoidal,0.0168924846294852,1.0,False,-0.7238095238095238,-0.028621841121841185
seeds,f1,entropic,softmax_radial,0.4652088184521418,1.0,False,0.4,0.0013096471429805412
seeds,f1,entropic,student_t,0.22491588401596185,1.0,False,0.6,0.003059748893082248
seeds,f1,entropic,wendland_c2,0.22491588401596185,1.0,False,0.6,0.003059748893082248
seeds,f1,gen_exponential,harmonic,1.0,1.0,False,0.0,0.0
seeds,f1,gen_exponential,inverse_multiquadratic,0.00749660622116921,1.0,False,0.9090909090909091,0.03168159001492343
seeds,f1,gen_exponential,laplacian,0.00749660622116921,1.0,False,0.9090909090909091,0.029931488264821726
seeds,f1,gen_exponential,logarithmic,0.006693593411311255,1.0,False,0.9636363636363636,0.03473239723239724
seeds,f1,gen_exponential,lorentzian,0.17971249487899976,1.0,False,-1.0,-0.0034204992538325873
seeds,f1,gen_exponential,multiquadratic,0.004322434173495363,0.8947438739135402,False,0.9696969696969697,0.03642992809659479
seeds,f1,gen_exponential,quartic_spline,0.00749660622116921,1.0,False,0.9090909090909091,0.03168159001492343
seeds,f1,gen_exponential,radial,0.00749660622116921,1.0,False,0.9090909090909091,0.03168159001492343
seeds,f1,gen_exponential,rational_quadratic,0.17971249487899976,1.0,False,-1.0,-0.0034204992538325873
seeds,f1,gen_exponential,rbf_gaussian,0.008905320560157302,1.0,False,0.7426470588235294,0.032758445258445235
seeds,f1,gen_exponential,shepard,0.00749660622116921,1.0,False,0.9090909090909091,0.03168159001492343
seeds,f1,gen_exponential,sigmoidal,1.0,1.0,False,0.0,0.0
seeds,f1,gen_exponential,softmax_radial,0.00749660622116921,1.0,False,0.9090909090909091,0.029931488264821726
seeds,f1,gen_exponential,student_t,0.00749660622116921,1.0,False,0.9090909090909091,0.03168159001492343
seeds,f1,gen_exponential,wendland_c2,0.00749660622116921,1.0,False,0.9090909090909091,0.03168159001492343
seeds,f1,harmonic,inverse_multiquadratic,0.00749660622116921,1.0,False,0.9090909090909091,0.03168159001492343
seeds,f1,harmonic,laplacian,0.00749660622116921,1.0,False,0.9090909090909091,0.029931488264821726
seeds,f1,harmonic,logarithmic,0.006693593411311255,1.0,False,0.9636363636363636,0.03473239723239724
seeds,f1,harmonic,lorentzian,0.17971249487899976,1.0,False,-1.0,-0.0034204992538325873
seeds,f1,harmonic,multiquadratic,0.004322434173495363,0.8947438739135402,False,0.9696969696969697,0.03642992809659479
seeds,f1,harmonic,quartic_spline,0.00749660622116921,1.0,False,0.9090909090909091,0.03168159001492343
seeds,f1,harmonic,radial,0.00749660622116921,1.0,False,0.9090909090909091,0.03168159001492343
seeds,f1,harmonic,rational_quadratic,0.17971249487899976,1.0,False,-1.0,-0.0034204992538325873
seeds,f1,harmonic,rbf_gaussian,0.008905320560157302,1.0,False,0.7426470588235294,0.032758445258445235
seeds,f1,harmonic,shepard,0.00749660622116921,1.0,False,0.9090909090909091,0.03168159001492343
seeds,f1,harmonic,sigmoidal,1.0,1.0,False,0.0,0.0
seeds,f1,harmonic,softmax_radial,0.00749660622116921,1.0,False,0.9090909090909091,0.029931488264821726
seeds,f1,harmonic,student_t,0.00749660622116921,1.0,False,0.9090909090909091,0.03168159001492343
seeds,f1,harmonic,wendland_c2,0.00749660622116921,1.0,False,0.9090909090909091,0.03168159001492343
seeds,f1,inverse_multiquadratic,laplacian,0.31731050786291415,1.0,False,-1.0,-0.0017501017501017069
seeds,f1,inverse_multiquadratic,logarithmic,0.17971249487899976,1.0,False,1.0,0.0030508072174738055
seeds,f1,inverse_multiquadratic,lorentzian,0.006729477984412969,1.0,False,-0.9636363636363636,-0.03510208926875602
seeds,f1,inverse_multiquadratic,multiquadratic,0.10247043485974937,1.0,False,1.0,0.004748338081671355
seeds,f1,inverse_multiquadratic,quartic_spline,1.0,1.0,False,0.0,0.0
seeds,f1,inverse_multiquadratic,radial,1.0,1.0,False,0.0,0.0
seeds,f1,inverse_multiquadratic,rational_quadratic,0.006729477984412969,1.0,False,-0.9636363636363636,-0.03510208926875602
seeds,f1,inverse_multiquadratic,rbf_gaussian,0.8648125041589424,1.0,False,-0.07142857142857142,0.0010768552435218015
seeds,f1,inverse_multiquadratic,shepard,1.0,1.0,False,0.0,0.0
seeds,f1,inverse_multiquadratic,sigmoidal,0.00749660622116921,1.0,False,-0.9090909090909091,-0.03168159001492343
seeds,f1,inverse_multiquadratic,softmax_radial,0.31731050786291415,1.0,False,-1.0,-0.0017501017501017069
seeds,f1,inverse_multiquadratic,student_t,1.0,1.0,False,0.0,0.0
seeds,f1,inverse_multiquadratic,wendland_c2,1.0,1.0,False,0.0,0.0
seeds,f1,laplacian,logarithmic,0.10880943004054568,1.0,False,1.0,0.004800908967575512
seeds,f1,laplacian,lorentzian,0.006729477984412969,1.0,False,-0.9636363636363636,-0.033351987518654314
seeds,f1,laplacian,multiquadratic,0.06559969214707187,1.0,False,1.0,0.006498439831773062
seeds,f1,laplacian,quartic_spline,0.31731050786291415,1.0,False,1.0,0.0017501017501017069
seeds,f1,laplacian,radial,0.31731050786291415,1.0,False,1.0,0.0017501017501017069
seeds,f1,laplacian,rational_quadratic,0.006729477984412969,1.0,False,-0.9636363636363636,-0.033351987518654314
seeds,f1,laplacian,rbf_gaussian,0.9155825203905921,1.0,False,0.047619047619047616,0.0028269569936235084
seeds,f1,laplacian,shepard,0.31731050786291415,1.0,False,1.0,0.0017501017501017069
seeds,f1,laplacian,sigmoidal,0.00749660622116921,1.0,False,-0.9090909090909091,-0.029931488264821726
seeds,f1,laplacian,softmax_radial,1.0,1.0,False,0.0,0.0
seeds,f1,laplacian,student_t,0.31731050786291415,1.0,False,1.0,0.0017501017501017069
seeds,f1,laplacian,wendland_c2,0.31731050786291415,1.0,False,1.0,0.0017501017501017069
seeds,f1,logarithmic,lorentzian,0.004341753952516261,0.8947438739135402,False,-0.9696969696969697,-0.038152896486229826
seeds,f1,logarithmic,multiquadratic,0.31731050786291415,1.0,False,1.0,0.0016975308641975495
seeds,f1,logarithmic,quartic_spline,0.17971249487899976,1.0,False,-1.0,-0.0030508072174738055
seeds,f1,logarithmic,radial,0.17971249487899976,1.0,False,-1.0,-0.0030508072174738055
seeds,f1,logarithmic,rational_quadratic,0.004341753952516261,0.8947438739135402,False,-0.9696969696969697,-0.038152896486229826
seeds,f1,logarithmic,rbf_gaussian,0.6698153575994166,1.0,False,-0.17857142857142858,-0.001973951973952004
seeds,f1,logarithmic,shepard,0.17971249487899976,1.0,False,-1.0,-0.0030508072174738055
seeds,f1,logarithmic,sigmoidal,0.006693593411311255,1.0,False,-0.9636363636363636,-0.03473239723239724
seeds,f1,logarithmic,softmax_radial,0.10880943004054568,1.0,False,-1.0,-0.004800908967575512
seeds,f1,logarithmic,student_t,0.17971249487899976,1.0,False,-1.0,-0.0030508072174738055
seeds,f1,logarithmic,wendland_c2,0.17971249487899976,1.0,False,-1.0,-0.0030508072174738055
seeds,f1,lorentzian,multiquadratic,0.0028093057505008405,0.5899542076051765,False,0.9743589743589743,0.039850427350427375
seeds,f1,lorentzian,quartic_spline,0.006729477984412969,1.0,False,0.9636363636363636,0.03510208926875602
seeds,f1,lorentzian,radial,0.006729477984412969,1.0,False,0.9636363636363636,0.03510208926875602
seeds,f1,lorentzian,rational_quadratic,1.0,1.0,False,0.0,0.0
seeds,f1,lorentzian,rbf_gaussian,0.007489044185233656,1.0,False,0.7833333333333333,0.03617894451227782
seeds,f1,lorentzian,shepard,0.006729477984412969,1.0,False,0.9636363636363636,0.03510208926875602
seeds,f1,lorentzian,sigmoidal,0.17971249487899976,1.0,False,1.0,0.0034204992538325873
seeds,f1,lorentzian,softmax_radial,0.006729477984412969,1.0,False,0.9636363636363636,0.033351987518654314
seeds,f1,lorentzian,student_t,0.006729477984412969,1.0,False,0.9636363636363636,0.03510208926875602
seeds,f1,lorentzian,wendland_c2,0.006729477984412969,1.0,False,0.9636363636363636,0.03510208926875602
seeds,f1,multiquadratic,quartic_spline,0.10247043485974937,1.0,False,-1.0,-0.004748338081671355
seeds,f1,multiquadratic,radial,0.10247043485974937,1.0,False,-1.0,-0.004748338081671355
seeds,f1,multiquadratic,rational_quadratic,0.0028093057505008405,0.5899542076051765,False,-0.9743589743589743,-0.039850427350427375
seeds,f1,multiquadratic,rbf_gaussian,0.3963327614616553,1.0,False,-0.35714285714285715,-0.0036714828381495535
seeds,f1,multiquadratic,shepard,0.10247043485974937,1.0,False,-1.0,-0.004748338081671355
seeds,f1,multiquadratic,sigmoidal,0.004322434173495363,0.8947438739135402,False,-0.9696969696969697,-0.03642992809659479
seeds,f1,multiquadratic,softmax_radial,0.06559969214707187,1.0,False,-1.0,-0.006498439831773062
seeds,f1,multiquadratic,student_t,0.10247043485974937,1.0,False,-1.0,-0.004748338081671355
seeds,f1,multiquadratic,wendland_c2,0.10247043485974937,1.0,False,-1.0,-0.004748338081671355
seeds,f1,quartic_spline,radial,1.0,1.0,False,0.0,0.0
seeds,f1,quartic_spline,rational_quadratic,0.006729477984412969,1.0,False,-0.9636363636363636,-0.03510208926875602
seeds,f1,quartic_spline,rbf_gaussian,0.8648125041589424,1.0,False,-0.07142857142857142,0.0010768552435218015
seeds,f1,quartic_spline,shepard,1.0,1.0,False,0.0,0.0
seeds,f1,quartic_spline,sigmoidal,0.00749660622116921,1.0,False,-0.9090909090909091,-0.03168159001492343
seeds,f1,quartic_spline,softmax_radial,0.31731050786291415,1.0,False,-1.0,-0.0017501017501017069
seeds,f1,quartic_spline,student_t,1.0,1.0,False,0.0,0.0
seeds,f1,quartic_spline,wendland_c2,1.0,1.0,False,0.0,0.0
seeds,f1,radial,rational_quadratic,0.006729477984412969,1.0,False,-0.9636363636363636,-0.03510208926875602
seeds,f1,radial,rbf_gaussian,0.8648125041589424,1.0,False,-0.07142857142857142,0.0010768552435218015
seeds,f1,radial,shepard,1.0,1.0,False,0.0,0.0
seeds,f1,radial,sigmoidal,0.00749660622116921,1.0,False,-0.9090909090909091,-0.03168159001492343
seeds,f1,radial,softmax_radial,0.31731050786291415,1.0,False,-1.0,-0.0017501017501017069
seeds,f1,radial,student_t,1.0,1.0,False,0.0,0.0
seeds,f1,radial,wendland_c2,1.0,1.0,False,0.0,0.0
seeds,f1,rational_quadratic,rbf_gaussian,0.007489044185233656,1.0,False,0.7833333333333333,0.03617894451227782
seeds,f1,rational_quadratic,shepard,0.006729477984412969,1.0,False,0.9636363636363636,0.03510208926875602
seeds,f1,rational_quadratic,sigmoidal,0.17971249487899976,1.0,False,1.0,0.0034204992538325873
seeds,f1,rational_quadratic,softmax_radial,0.006729477984412969,1.0,False,0.9636363636363636,0.033351987518654314
seeds,f1,rational_quadratic,student_t,0.006729477984412969,1.0,False,0.9636363636363636,0.03510208926875602
seeds,f1,rational_quadratic,wendland_c2,0.006729477984412969,1.0,False,0.9636363636363636,0.03510208926875602
seeds,f1,rbf_gaussian,shepard,0.8648125041589424,1.0,False,0.07142857142857142,-0.0010768552435218015
seeds,f1,rbf_gaussian,sigmoidal,0.008905320560157302,1.0,False,-0.7426470588235294,-0.032758445258445235
seeds,f1,rbf_gaussian,softmax_radial,0.9155825203905921,1.0,False,-0.047619047619047616,-0.0028269569936235084
seeds,f1,rbf_gaussian,student_t,0.8648125041589424,1.0,False,0.07142857142857142,-0.0010768552435218015
seeds,f1,rbf_gaussian,wendland_c2,0.8648125041589424,1.0,False,0.07142857142857142,-0.0010768552435218015
seeds,f1,shepard,sigmoidal,0.00749660622116921,1.0,False,-0.9090909090909091,-0.03168159001492343
seeds,f1,shepard,softmax_radial,0.31731050786291415,1.0,False,-1.0,-0.0017501017501017069
seeds,f1,shepard,student_t,1.0,1.0,False,0.0,0.0
seeds,f1,shepard,wendland_c2,1.0,1.0,False,0.0,0.0
seeds,f1,sigmoidal,softmax_radial,0.00749660622116921,1.0,False,0.9090909090909091,0.029931488264821726
seeds,f1,sigmoidal,student_t,0.00749660622116921,1.0,False,0.9090909090909091,0.03168159001492343
seeds,f1,sigmoidal,wendland_c2,0.00749660622116921,1.0,False,0.9090909090909091,0.03168159001492343
seeds,f1,softmax_radial,student_t,0.31731050786291415,1.0,False,1.0,0.0017501017501017069
seeds,f1,softmax_radial,wendland_c2,0.31731050786291415,1.0,False,1.0,0.0017501017501017069
seeds,f1,student_t,wendland_c2,1.0,1.0,False,0.0,0.0
segment,f1,attention,cauchy,0.012507961408460461,1.0,False,-0.5310344827586206,-0.0051729364248580545
segment,f1,attention,cosine,0.0009517744183540344,0.12944132089614868,False,-0.6645161290322581,-0.007812969795449431
segment,f1,attention,cubic_spline,0.00016989745199680328,0.026164207607507706,True,-0.7419354838709677,-0.00971800029134684
segment,f1,attention,entropic,0.0003453871103895158,0.05208868160843849,False,-0.7609195402298851,-0.010507546275111523
segment,f1,attention,gen_exponential,7.910653948783875e-05,0.01392275094985962,True,-0.7720430107526882,-0.0125115233117703
segment,f1,attention,harmonic,0.4278798079182492,1.0,False,0.1746031746031746,0.0018951220523246715
segment,f1,attention,inverse_multiquadratic,0.21795726558824124,1.0,False,-0.3142857142857143,-0.0017889158780954872
segment,f1,attention,laplacian,3.049522638320923e-05,0.005824588239192963,True,-0.8064516129032258,-0.012506536930733891
segment,f1,attention,logarithmic,0.8812927086539598,1.0,False,0.0380952380952381,-5.409855863625079e-05
segment,f1,attention,lorentzian,0.013870680857770913,1.0,False,-0.6608187134502924,-0.002803763157797734
segment,f1,attention,multiquadratic,0.00037697425547733403,0.05616916406612277,False,0.783068783068783,0.008758682284673913
segment,f1,attention,quartic_spline,0.001038169488310814,0.14015288092195988,False,-0.6602150537634408,-0.008491993358604066
segment,f1,attention,radial,3.453157842159271e-05,0.006457405164837837,True,-0.8021505376344086,-0.012734846927550891
segment,f1,attention,rational_quadratic,0.013061605886398396,1.0,False,-0.5369458128078818,-0.006737542712653144
segment,f1,attention,rbf_gaussian,3.049522638320923e-05,0.005824588239192963,True,-0.8064516129032258,-0.012730539226760262
segment,f1,attention,shepard,6.748038289408785e-05,0.012146468920935814,True,-0.8620689655172413,-0.010206118838569478
segment,f1,attention,sigmoidal,0.02009902604880586,1.0,False,-0.4942528735632184,-0.004225650785411372
segment,f1,attention,softmax_radial,3.049522638320923e-05,0.005824588239192963,True,-0.8064516129032258,-0.012506536930733891
segment,f1,attention,student_t,0.21795726558824124,1.0,False,-0.3142857142857143,-0.0017889158780954872
segment,f1,attention,wendland_c2,0.00046010687947273254,0.06671549752354622,False,-0.6989247311827957,-0.009089659874237599
segment,f1,cauchy,cosine,0.705128996462832,1.0,False,-0.08045977011494253,-0.002640033370591377
segment,f1,cauchy,cubic_spline,0.14501397079599412,1.0,False,-0.31527093596059114,-0.0045450638664887855
segment,f1,cauchy,entropic,0.010077145023405218,1.0,False,-0.5566502463054187,-0.005334609850253469
segment,f1,cauchy,gen_exponential,0.0018640067428350449,0.2404568698257208,False,-0.6301075268817204,-0.007338586886912246
segment,f1,cauchy,harmonic,0.013663241639733315,1.0,False,0.5096774193548387,0.007068058477182726
segment,f1,cauchy,inverse_multiquadratic,0.07156508609119941,1.0,False,0.3968253968253968,0.0033840205467625672
segment,f1,cauchy,laplacian,0.0020201820880174637,0.25858330726623535,False,-0.6258064516129033,-0.007333600505875837
segment,f1,cauchy,logarithmic,0.023844564338549933,1.0,False,0.4804597701149425,0.005118837866221804
segment,f1,cauchy,lorentzian,0.16972956854297983,1.0,False,0.29195402298850576,0.0023691732670603205
segment,f1,cauchy,multiquadratic,1.218356192111969e-05,0.0024245288223028183,True,0.8365591397849462,0.013931618709531968
segment,f1,cauchy,quartic_spline,0.22747626562591206,1.0,False,-0.26108374384236455,-0.003319056933746012
segment,f1,cauchy,radial,0.0015832837671041489,0.2105767410248518,False,-0.6387096774193548,-0.007561910502692837
segment,f1,cauchy,rational_quadratic,0.6308719173229826,1.0,False,-0.10582010582010581,-0.0015646062877950895
segment,f1,cauchy,rbf_gaussian,0.0012321043759584427,0.16510198637843132,False,-0.6516129032258065,-0.007557602801902208
segment,f1,cauchy,shepard,5.30032340654538e-05,0.009646588599912591,True,-0.9841897233201581,-0.005033182413711423
segment,f1,cauchy,sigmoidal,0.8733537674341689,1.0,False,0.034482758620689655,0.0009472856394466822
segment,f1,cauchy,softmax_radial,0.0020201820880174637,0.25858330726623535,False,-0.6258064516129033,-0.007333600505875837
segment,f1,cauchy,student_t,0.07156508609119941,1.0,False,0.3968253968253968,0.0033840205467625672
segment,f1,cauchy,wendland_c2,0.1791056021528724,1.0,False,-0.29064039408866993,-0.003916723449379544
segment,f1,cosine,cubic_spline,0.0280561241492436,1.0,False,-0.717948717948718,-0.0019050304958974085
segment,f1,cosine,entropic,0.2666890224040941,1.0,False,-0.23225806451612904,-0.002694576479662092
segment,f1,cosine,gen_exponential,0.024960837722579045,1.0,False,-0.46881720430107526,-0.004698553516320869
segment,f1,cosine,harmonic,0.00026894582882669606,0.0408797659816578,True,0.774712643678161,0.009708091847774103
segment,f1,cosine,inverse_multiquadratic,0.003161659874246665,0.3920458244065865,False,0.6275862068965518,0.006024053917353944
segment,f1,cosine,laplacian,0.017033193186459204,1.0,False,-0.4989247311827957,-0.00469356713528446
segment,f1,cosine,logarithmic,0.0027663204818964005,0.34579006023705006,False,0.6086021505376344,0.007758871236813181
segment,f1,cosine,lorentzian,0.03272089920938015,1.0,False,0.44516129032258067,0.0050092066376516975
segment,f1,cosine,multiquadratic,9.313225746154785e-09,1.94646418094635e-06,True,0.9870967741935484,0.016571652080123345
segment,f1,cosine,quartic_spline,0.25598851167013814,1.0,False,-0.3333333333333333,-0.0006790235631546349
segment,f1,cosine,radial,0.01209351669923487,1.0,False,-0.524731182795699,-0.00492187713210146
segment,f1,cosine,rational_quadratic,0.8913244160746354,1.0,False,0.029556650246305417,0.0010754270827962875
segment,f1,cosine,rbf_gaussian,0.009550876178725375,1.0,False,-0.5419354838709678,-0.004917569431310831
segment,f1,cosine,shepard,0.05768792890012264,1.0,False,-0.3978494623655914,-0.0023931490431200464
segment,f1,cosine,sigmoidal,0.40449450351297855,1.0,False,0.17849462365591398,0.003587319010038059
segment,f1,cosine,softmax_radial,0.017033193186459204,1.0,False,-0.4989247311827957,-0.00469356713528446
segment,f1,cosine,student_t,0.003161659874246665,0.3920458244065865,False,0.6275862068965518,0.006024053917353944
segment,f1,cosine,wendland_c2,0.1771140408635976,1.0,False,-0.4095238095238095,-0.0012766900787881674
segment,f1,cubic_spline,entropic,0.5646633552614215,1.0,False,-0.12043010752688173,-0.0007895459837646834
segment,f1,cubic_spline,gen_exponential,0.122911776656408,1.0,False,-0.3225806451612903,-0.0027935230204234607
segment,f1,cubic_spline,harmonic,0.00011350707558539921,0.019182695773932466,True,0.8206896551724138,0.011613122343671511
segment,f1,cubic_spline,inverse_multiquadratic,0.00014771976188914803,0.024669200235487722,True,0.8068965517241379,0.007929084413251353
segment,f1,cubic_spline,laplacian,0.09569757283319624,1.0,False,-0.34838709677419355,-0.0027885366393870514
segment,f1,cubic_spline,logarithmic,0.00018860027194023132,0.028855841606855392,True,0.7376344086021506,0.00966390173271059
segment,f1,cubic_spline,lorentzian,0.004338232800364494,0.5205879360437393,False,0.5827956989247312,0.006914237133549106
segment,f1,cubic_spline,multiquadratic,3.725290298461914e-09,7.82310962677002e-07,True,0.9956989247311828,0.018476682576020753
segment,f1,cubic_spline,quartic_spline,0.043114446783075355,1.0,False,1.0,0.0012260069327427736
segment,f1,cubic_spline,radial,0.05069602494145255,1.0,False,-0.40860215053763443,-0.0030168466362040514
segment,f1,cubic_spline,rational_quadratic,0.17184940048457142,1.0,False,0.2955665024630542,0.002980457578693696
segment,f1,cubic_spline,rbf_gaussian,0.048312106544827406,1.0,False,-0.4129032258064516,-0.0030125389354134224
segment,f1,cubic_spline,shepard,0.3817984350025654,1.0,False,-0.1870967741935484,-0.0004881185472226379
segment,f1,cubic_spline,sigmoidal,0.05768792890012264,1.0,False,0.3978494623655914,0.005492349505935468
segment,f1,cubic_spline,softmax_radial,0.09569757283319624,1.0,False,-0.34838709677419355,-0.0027885366393870514
segment,f1,cubic_spline,student_t,0.00014771976188914803,0.024669200235487722,True,0.8068965517241379,0.007929084413251353
segment,f1,cubic_spline,wendland_c2,0.10880943004054568,1.0,False,1.0,0.000628340417109241
segment,f1,entropic,gen_exponential,0.06195278853716299,1.0,False,-0.47619047619047616,-0.0020039770366587772
segment,f1,entropic,harmonic,3.453157842159271e-05,0.006457405164837837,True,0.8021505376344086,0.012402668327436195
segment,f1,entropic,inverse_multiquadratic,0.0004071685035218594,0.060260938521235194,False,0.7517241379310344,0.008718630397016036
segment,f1,entropic,laplacian,0.07661792341167123,1.0,False,-0.4631578947368421,-0.001998990655622368
segment,f1,entropic,logarithmic,0.00013739429414272308,0.023082241415977478,True,0.7505376344086021,0.010453447716475273
segment,f1,entropic,lorentzian,0.0033902335845606745,0.4136084973164023,False,0.6229885057471264,0.007703783117313789
segment,f1,entropic,multiquadratic,8.009374141693115e-08,1.657940447330475e-05,True,0.956989247311828,0.019266228559785437
segment,f1,entropic,quartic_spline,0.33367526977713813,1.0,False,0.2021505376344086,0.002015552916507457
segment,f1,entropic,radial,0.02454049897109125,1.0,False,-0.6209150326797386,-0.002227300652439368
segment,f1,entropic,rational_quadratic,0.10039735585451126,1.0,False,0.34623655913978496,0.0037700035624583794
segment,f1,entropic,rbf_gaussian,0.02977446084184663,1.0,False,-0.5684210526315789,-0.002222992951648739
segment,f1,entropic,shepard,0.8554482269597542,1.0,False,0.03940886699507389,0.0003014274365420455
segment,f1,entropic,sigmoidal,0.013920291390102778,1.0,False,0.5320197044334976,0.006281895489700151
segment,f1,entropic,softmax_radial,0.07661792341167123,1.0,False,-0.4631578947368421,-0.001998990655622368
segment,f1,entropic,student_t,0.0004071685035218594,0.060260938521235194,False,0.7517241379310344,0.008718630397016036
segment,f1,entropic,wendland_c2,0.4224451157000655,1.0,False,0.16774193548387098,0.0014178864008739245
segment,f1,gen_exponential,harmonic,3.453157842159271e-05,0.006457405164837837,True,0.8021505376344086,0.014406645364094972
segment,f1,gen_exponential,inverse_multiquadratic,0.0001528710126876831,0.024765104055404663,True,0.7462365591397849,0.010722607433674813
segment,f1,gen_exponential,laplacian,0.892738400944348,1.0,False,0.06666666666666667,4.986381036409249e-06
segment,f1,gen_exponential,logarithmic,0.00011058151721954346,0.018798857927322388,True,0.7591397849462366,0.01245742475313405
segment,f1,gen_exponential,lorentzian,0.0006665531545877457,0.0933174416422844,False,0.6817204301075269,0.009707760153972567
segment,f1,gen_exponential,multiquadratic,2.0489096641540527e-07,4.0978193283081055e-05,True,0.9397849462365592,0.021270205596444214
segment,f1,gen_exponential,quartic_spline,0.06715569697773145,1.0,False,0.3827956989247312,0.004019529953166234
segment,f1,gen_exponential,radial,0.49896229860376107,1.0,False,-0.2857142857142857,-0.00022332361578059068
segment,f1,gen_exponential,rational_quadratic,0.03841841779649258,1.0,False,0.432258064516129,0.005773980599117157
segment,f1,gen_exponential,rbf_gaussian,0.6858304344516057,1.0,False,-0.2,-0.00021901591498996176
segment,f1,gen_exponential,shepard,0.144409367598642,1.0,False,0.3103448275862069,0.0023054044732008228
segment,f1,gen_exponential,sigmoidal,0.008705463260412216,1.0,False,0.5397849462365591,0.008285872526358928
segment,f1,gen_exponential,softmax_radial,0.892738400944348,1.0,False,0.06666666666666667,4.986381036409249e-06
segment,f1,gen_exponential,student_t,0.0001528710126876831,0.024765104055404663,True,0.7462365591397849,0.010722607433674813
segment,f1,gen_exponential,wendland_c2,0.08402656404511685,1.0,False,0.36129032258064514,0.0034218634375327017
segment,f1,harmonic,inverse_multiquadratic,0.16972956854297983,1.0,False,-0.29195402298850576,-0.0036840379304201587
segment,f1,harmonic,laplacian,1.218356192111969e-05,0.0024245288223028183,True,-0.8365591397849462,-0.014401658983058563
segment,f1,harmonic,logarithmic,0.4174403049093858,1.0,False,-0.1724137931034483,-0.0019492206109609223
segment,f1,harmonic,lorentzian,0.050359261177925704,1.0,False,-0.4160919540229885,-0.0046988852101224055
segment,f1,harmonic,multiquadratic,0.00016199305378074129,0.025137150419116114,True,0.8306878306878307,0.006863560232349242
segment,f1,harmonic,quartic_spline,0.0004417948521367102,0.0645020484119597,False,-0.7471264367816092,-0.010387115410928738
segment,f1,harmonic,radial,1.597777009010315e-05,0.003115665167570114,True,-0.8279569892473119,-0.014629968979875563
segment,f1,harmonic,rational_quadratic,0.009301122277975082,1.0,False,-0.535483870967742,-0.008632664764977815
segment,f1,harmonic,rbf_gaussian,2.366676926612854e-05,0.00454401969909668,True,-0.8150537634408602,-0.014625661279084934
segment,f1,harmonic,shepard,1.3966113328933716e-05,0.0027373582124710083,True,-0.832258064516129,-0.01210124089089415
segment,f1,harmonic,sigmoidal,0.019660815596580505,1.0,False,-0.4838709677419355,-0.006120772837736044
segment,f1,harmonic,softmax_radial,1.218356192111969e-05,0.0024245288223028183,True,-0.8365591397849462,-0.014401658983058563
segment,f1,harmonic,student_t,0.16972956854297983,1.0,False,-0.29195402298850576,-0.0036840379304201587
segment,f1,harmonic,wendland_c2,0.00014771976188914803,0.024669200235487722,True,-0.8068965517241379,-0.01098478192656227
segment,f1,inverse_multiquadratic,laplacian,0.0001528710126876831,0.024765104055404663,True,-0.7462365591397849,-0.010717621052638404
segment,f1,inverse_multiquadratic,logarithmic,0.19812291175396723,1.0,False,0.3904761904761905,0.0017348173194592365
segment,f1,inverse_multiquadratic,lorentzian,0.6848744008735368,1.0,False,-0.09881422924901186,-0.0010148472797022468
segment,f1,inverse_multiquadratic,multiquadratic,1.9496331812351264e-05,0.0037822883715961453,True,0.9080459770114943,0.0105475981627694
segment,f1,inverse_multiquadratic,quartic_spline,0.0016542055911724842,0.21835513803476791,False,-0.6689655172413793,-0.006703077480508579
segment,f1,inverse_multiquadratic,radial,9.90256667137146e-05,0.01703241467475891,True,-0.7634408602150538,-0.010945931049455404
segment,f1,inverse_multiquadratic,rational_quadratic,0.011483595636288289,1.0,False,-0.5467980295566502,-0.004948626834557657
segment,f1,inverse_multiquadratic,rbf_gaussian,7.056817412376404e-05,0.012631703168153763,True,-0.7763440860215054,-0.010941623348664775
segment,f1,inverse_multiquadratic,shepard,0.00014771976188914803,0.024669200235487722,True,-0.8068965517241379,-0.00841720296047399
segment,f1,inverse_multiquadratic,sigmoidal,0.12935307621955872,1.0,False,-0.3204301075268817,-0.002436734907315885
segment,f1,inverse_multiquadratic,softmax_radial,0.0001528710126876831,0.024765104055404663,True,-0.7462365591397849,-0.010717621052638404
segment,f1,inverse_multiquadratic,student_t,1.0,1.0,False,0.0,0.0
segment,f1,inverse_multiquadratic,wendland_c2,0.0007726592908711714,0.10739964143109283,False,-0.7149425287356321,-0.007300743996142112
segment,f1,laplacian,logarithmic,8.856505155563354e-05,0.015410318970680237,True,0.7677419354838709,0.01245243837209764
segment,f1,laplacian,lorentzian,0.00046010687947273254,0.06671549752354622,False,0.6989247311827957,0.009702773772936157
segment,f1,laplacian,multiquadratic,1.6391277313232422e-07,3.3274292945861816e-05,True,0.9440860215053763,0.021265219215407805
segment,f1,laplacian,quartic_spline,0.05069602494145255,1.0,False,0.40860215053763443,0.004014543572129825
segment,f1,laplacian,radial,0.5001842570707944,1.0,False,-0.3333333333333333,-0.00022830999681699993
segment,f1,laplacian,rational_quadratic,0.03272089920938015,1.0,False,0.44516129032258067,0.005768994218080747
segment,f1,laplacian,rbf_gaussian,0.49896229860376107,1.0,False,-0.2857142857142857,-0.000224002296026371
segment,f1,laplacian,shepard,0.1631073882292975,1.0,False,0.296551724137931,0.0023004180921644135
segment,f1,laplacian,sigmoidal,0.004338232800364494,0.5205879360437393,False,0.5827956989247312,0.008280886145322519
segment,f1,laplacian,softmax_radial,1.0,1.0,False,0.0,0.0
segment,f1,laplacian,student_t,0.0001528710126876831,0.024765104055404663,True,0.7462365591397849,0.010717621052638404
segment,f1,laplacian,wendland_c2,0.06414085908448686,1.0,False,0.3870967741935484,0.0034168770564962925
segment,f1,logarithmic,lorentzian,0.10746884001658802,1.0,False,-0.3544973544973545,-0.002749664599161483
segment,f1,logarithmic,multiquadratic,8.709526130355564e-05,0.015241670728122237,True,0.8803418803418803,0.008812780843310164
segment,f1,logarithmic,quartic_spline,0.001718590036034584,0.22341670468449593,False,-0.6344086021505376,-0.008437894799967816
segment,f1,logarithmic,radial,5.5925920605659485e-05,0.010122591629624367,True,-0.7849462365591398,-0.01268074836891464
segment,f1,logarithmic,rational_quadratic,0.007612137123942375,0.8906200435012579,False,-0.5483870967741935,-0.006683444154016893
segment,f1,logarithmic,rbf_gaussian,3.904104232788086e-05,0.007183551788330078,True,-0.7978494623655914,-0.012676440668124012
segment,f1,logarithmic,shepard,0.00016113557960971867,0.025137150419116114,True,-0.8022988505747126,-0.010152020279933227
segment,f1,logarithmic,sigmoidal,0.05768792890012264,1.0,False,-0.3978494623655914,-0.0041715522267751215
segment,f1,logarithmic,softmax_radial,8.856505155563354e-05,0.015410318970680237,True,-0.7677419354838709,-0.01245243837209764
segment,f1,logarithmic,student_t,0.19812291175396723,1.0,False,-0.3904761904761905,-0.0017348173194592365
segment,f1,logarithmic,wendland_c2,0.0008718203753232956,0.1194393914192915,False,-0.6688172043010753,-0.009035561315601348
segment,f1,lorentzian,multiquadratic,4.174619343439777e-05,0.007639553398494791,True,0.871264367816092,0.011562445442471647
segment,f1,lorentzian,quartic_spline,0.022098854184150696,1.0,False,-0.4752688172043011,-0.005688230200806332
segment,f1,lorentzian,radial,0.0005054883658885956,0.07127385959029198,False,-0.6946236559139785,-0.009931083769753157
segment,f1,lorentzian,rational_quadratic,0.10110033021878644,1.0,False,-0.35467980295566504,-0.00393377955485541
segment,f1,lorentzian,rbf_gaussian,0.0003449581563472748,0.05208868160843849,False,-0.7118279569892473,-0.009926776068962528
segment,f1,lorentzian,shepard,0.0004791544897145572,0.06803993753946712,False,-0.7425287356321839,-0.007402355680771744
segment,f1,lorentzian,sigmoidal,0.1942827986877831,1.0,False,-0.28078817733990147,-0.0014218876276136383
segment,f1,lorentzian,softmax_radial,0.00046010687947273254,0.06671549752354622,False,-0.6989247311827957,-0.009702773772936157
segment,f1,lorentzian,student_t,0.6848744008735368,1.0,False,0.09881422924901186,0.0010148472797022468
segment,f1,lorentzian,wendland_c2,0.011303061619400978,1.0,False,-0.5225806451612903,-0.006285896716439865
segment,f1,multiquadratic,quartic_spline,1.0244548320770264e-07,2.1103769540786743e-05,True,-0.9526881720430107,-0.01725067564327798
segment,f1,multiquadratic,radial,1.30385160446167e-07,2.6728957891464233e-05,True,-0.9483870967741935,-0.021493529212224805
segment,f1,multiquadratic,rational_quadratic,3.049522638320923e-05,0.005824588239192963,True,-0.8064516129032258,-0.015496224997327057
segment,f1,multiquadratic,rbf_gaussian,1.30385160446167e-07,2.6728957891464233e-05,True,-0.9483870967741935,-0.021489221511434176
segment,f1,multiquadratic,shepard,1.6391277313232422e-07,3.3274292945861816e-05,True,-0.9440860215053763,-0.01896480112324339
segment,f1,multiquadratic,sigmoidal,7.056817412376404e-05,0.012631703168153763,True,-0.7763440860215054,-0.012984333070085285
segment,f1,multiquadratic,softmax_radial,1.6391277313232422e-07,3.3274292945861816e-05,True,-0.9440860215053763,-0.021265219215407805
segment,f1,multiquadratic,student_t,1.9496331812351264e-05,0.0037822883715961453,True,-0.9080459770114943,-0.0105475981627694
segment,f1,multiquadratic,wendland_c2,2.60770320892334e-08,5.424022674560547e-06,True,-0.9741935483870968,-0.017848342158911512
segment,f1,quartic_spline,radial,0.03242240034723065,1.0,False,-0.44731182795698926,-0.004242853568946825
segment,f1,quartic_spline,rational_quadratic,0.4254511364591589,1.0,False,0.1724137931034483,0.0017544506459509224
segment,f1,quartic_spline,rbf_gaussian,0.029235110936717545,1.0,False,-0.4559139784946237,-0.004238545868156196
segment,f1,quartic_spline,shepard,0.12935307621955872,1.0,False,-0.3204301075268817,-0.0017141254799654115
segment,f1,quartic_spline,sigmoidal,0.1459994912147522,1.0,False,0.30752688172043013,0.004266342573192694
segment,f1,quartic_spline,softmax_radial,0.05069602494145255,1.0,False,-0.40860215053763443,-0.004014543572129825
segment,f1,quartic_spline,student_t,0.0016542055911724842,0.21835513803476791,False,0.6689655172413793,0.006703077480508579
segment,f1,quartic_spline,wendland_c2,0.10880943004054568,1.0,False,-1.0,-0.0005976665156335326
segment,f1,radial,rational_quadratic,0.024786051362752914,1.0,False,0.4666666666666667,0.005997304214897747
segment,f1,radial,rbf_gaussian,1.0,1.0,False,0.0,4.307700790628921e-06
segment,f1,radial,shepard,0.1631073882292975,1.0,False,0.296551724137931,0.0025287280889814134
segment,f1,radial,sigmoidal,0.0023674946278333664,0.29830432310700417,False,0.6172043010752688,0.008509196142139519
segment,f1,radial,softmax_radial,0.5001842570707944,1.0,False,0.3333333333333333,0.00022830999681699993
segment,f1,radial,student_t,9.90256667137146e-05,0.01703241467475891,True,0.7634408602150538,0.010945931049455404
segment,f1,radial,wendland_c2,0.039696969514814814,1.0,False,0.43010752688172044,0.0036451870533132924
segment,f1,rational_quadratic,rbf_gaussian,0.026228994131088257,1.0,False,-0.46236559139784944,-0.005992996514107118
segment,f1,rational_quadratic,shepard,0.04508235295510378,1.0,False,-0.43349753694581283,-0.003468576125916334
segment,f1,rational_quadratic,sigmoidal,0.3581028690285257,1.0,False,0.19540229885057472,0.0025118919272417717
segment,f1,rational_quadratic,softmax_radial,0.03272089920938015,1.0,False,-0.44516129032258067,-0.005768994218080747
segment,f1,rational_quadratic,student_t,0.011483595636288289,1.0,False,0.5467980295566502,0.004948626834557657
segment,f1,rational_quadratic,wendland_c2,0.3163713020501673,1.0,False,-0.21674876847290642,-0.002352117161584455
segment,f1,rbf_gaussian,shepard,0.1504502624314629,1.0,False,0.3057471264367816,0.0025244203881907845
segment,f1,rbf_gaussian,sigmoidal,0.004031794145703316,0.4878470916301012,False,0.5870967741935483,0.00850488844134889
segment,f1,rbf_gaussian,softmax_radial,0.49896229860376107,1.0,False,0.2857142857142857,0.000224002296026371
segment,f1,rbf_gaussian,student_t,7.056817412376404e-05,0.012631703168153763,True,0.7763440860215054,0.010941623348664775
segment,f1,rbf_gaussian,wendland_c2,0.03590284081166453,1.0,False,0.43870967741935485,0.0036408793525226635
segment,f1,shepard,sigmoidal,0.023844564338549933,1.0,False,0.4804597701149425,0.005980468053158106
segment,f1,shepard,softmax_radial,0.1631073882292975,1.0,False,-0.296551724137931,-0.0023004180921644135
segment,f1,shepard,student_t,0.00014771976188914803,0.024669200235487722,True,0.8068965517241379,0.00841720296047399
segment,f1,shepard,wendland_c2,0.21293285302817822,1.0,False,0.2645161290322581,0.001116458964331879
segment,f1,sigmoidal,softmax_radial,0.004338232800364494,0.5205879360437393,False,-0.5827956989247312,-0.008280886145322519
segment,f1,sigmoidal,student_t,0.12935307621955872,1.0,False,0.3204301075268817,0.002436734907315885
segment,f1,sigmoidal,wendland_c2,0.09610157273709774,1.0,False,-0.35053763440860214,-0.004864009088826227
segment,f1,softmax_radial,student_t,0.0001528710126876831,0.024765104055404663,True,0.7462365591397849,0.010717621052638404
segment,f1,softmax_radial,wendland_c2,0.06414085908448686,1.0,False,0.3870967741935484,0.0034168770564962925
segment,f1,student_t,wendland_c2,0.0007726592908711714,0.10739964143109283,False,-0.7149425287356321,-0.007300743996142112
spambase,f1,attention,cauchy,8.709697898265945e-05,0.014371001532138808,True,-0.9347826086956522,-0.00463540434796661
spambase,f1,attention,cosine,0.8913244160746354,1.0,False,-0.029556650246305417,-2.9548587134442528e-05
spambase,f1,attention,cubic_spline,0.11199148595825233,1.0,False,-0.33793103448275863,-0.0031027447594030866
spambase,f1,attention,entropic,0.24782248252602024,1.0,False,0.25925925925925924,0.0017140455775722652
spambase,f1,attention,gen_exponential,0.028181182907209452,1.0,False,-0.4666666666666667,-0.004737253978007505
spambase,f1,attention,harmonic,8.804538063577626e-06,0.001576012313380395,True,0.9788359788359788,0.009622710854660377
spambase,f1,attention,inverse_multiquadratic,0.7103183482536846,1.0,False,-0.08666666666666667,-0.0008152404651393663
spambase,f1,attention,laplacian,0.005382779985666275,0.7212925180792809,False,-0.5698924731182796,-0.006217769317350852
spambase,f1,attention,logarithmic,0.2488283231255456,1.0,False,0.25396825396825395,0.0019748439553836095
spambase,f1,attention,lorentzian,0.0007052632543947224,0.10508422490481364,False,-0.746031746031746,-0.005245168853747817
spambase,f1,attention,multiquadratic,3.725290298461914e-09,7.674098014831543e-07,True,0.9956989247311828,0.02906516080603805
spambase,f1,attention,quartic_spline,0.06767564114400142,1.0,False,-0.38850574712643676,-0.004102587322779017
spambase,f1,attention,radial,0.022987998807596024,1.0,False,0.52,0.003574771493317863
spambase,f1,attention,rational_quadratic,0.0004127378561453175,0.06273615413408826,False,-0.7777777777777778,-0.006328088387889674
spambase,f1,attention,rbf_gaussian,0.5666346521781178,1.0,False,0.12183908045977011,0.0015145294853108338
spambase,f1,attention,shepard,0.013576939229941094,1.0,False,-0.5161290322580645,-0.0051552249433448605
spambase,f1,attention,sigmoidal,0.008826199156108227,1.0,False,-0.5665024630541872,-0.005690402428396912
spambase,f1,attention,softmax_radial,0.005382779985666275,0.7212925180792809,False,-0.5698924731182796,-0.006217769317350852
spambase,f1,attention,student_t,0.37577150825113037,1.0,False,-0.20666666666666667,-0.0010311777640932274
spambase,f1,attention,wendland_c2,0.07443762498218096,1.0,False,-0.3793103448275862,-0.003780204568938572
spambase,f1,cauchy,cosine,0.05769938573406042,1.0,False,0.41798941798941797,0.004605855760832167
spambase,f1,cauchy,cubic_spline,0.7212543991592764,1.0,False,0.07586206896551724,0.001532659588563523
spambase,f1,cauchy,entropic,0.0019161536661946872,0.2720938205996456,False,0.6597701149425287,0.006349449925538875
spambase,f1,cauchy,gen_exponential,0.8022055175961754,1.0,False,0.054187192118226604,-0.00010184963004089553
spambase,f1,cauchy,harmonic,2.60770320892334e-08,5.163252353668213e-06,True,0.9741935483870968,0.014258115202626986
spambase,f1,cauchy,inverse_multiquadratic,0.01424976334167987,1.0,False,0.5498575498575499,0.0038201638828272433
spambase,f1,cauchy,laplacian,0.4299677487600704,1.0,False,-0.167816091954023,-0.0015823649693842423
spambase,f1,cauchy,logarithmic,0.0004070093146287878,0.06227242513820454,False,0.7517241379310344,0.006610248303350219
spambase,f1,cauchy,lorentzian,0.5805408265510619,1.0,False,-0.12169312169312169,-0.0006097645057812073
spambase,f1,cauchy,multiquadratic,1.862645149230957e-09,3.91155481338501e-07,True,1.0,0.03370056515400466
spambase,f1,cauchy,quartic_spline,0.8372436745517969,1.0,False,-0.04367816091954023,0.000532817025187593
spambase,f1,cauchy,radial,0.00037509047363186817,0.05813902341293957,False,0.7563218390804598,0.008210175841284473
spambase,f1,cauchy,rational_quadratic,0.19085683742387016,1.0,False,-0.2934472934472934,-0.0016926840399230647
spambase,f1,cauchy,rbf_gaussian,0.010598260909318924,1.0,False,0.5268817204301075,0.006149933833277443
spambase,f1,cauchy,shepard,0.5235367753132003,1.0,False,-0.135632183908046,-0.0005198205953782509
spambase,f1,cauchy,sigmoidal,0.48220904503166206,1.0,False,-0.14942528735632185,-0.0010549980804303027
spambase,f1,cauchy,softmax_radial,0.4299677487600704,1.0,False,-0.167816091954023,-0.0015823649693842423
spambase,f1,cauchy,student_t,0.0035650346308531587,0.48840974442688273,False,0.68,0.0036042265838733822
spambase,f1,cauchy,wendland_c2,0.9396727300650676,1.0,False,0.016091954022988506,0.0008551997790280375
spambase,f1,cosine,cubic_spline,0.054289292968104905,1.0,False,-0.4091954022988506,-0.003073196172268644
spambase,f1,cosine,entropic,0.3284698575735092,1.0,False,0.2086021505376344,0.0017435941647067077
spambase,f1,cosine,gen_exponential,0.06989291124045849,1.0,False,-0.38064516129032255,-0.004707705390873063
spambase,f1,cosine,harmonic,0.0011314544826745987,0.1674552634358406,False,0.6559139784946236,0.00965225944179482
spambase,f1,cosine,inverse_multiquadratic,0.8882248121928067,1.0,False,-0.029885057471264367,-0.0007856918780049238
spambase,f1,cosine,laplacian,0.04757850903792886,1.0,False,-0.42857142857142855,-0.006188220730216409
spambase,f1,cosine,logarithmic,0.3146663265696793,1.0,False,0.21379310344827587,0.002004392542518052
spambase,f1,cosine,lorentzian,0.04320018979244315,1.0,False,-0.4298850574712644,-0.005215620266613374
spambase,f1,cosine,multiquadratic,5.587935447692871e-09,1.1399388313293457e-06,True,0.9913978494623656,0.02909470939317249
spambase,f1,cosine,quartic_spline,0.0074962550020793856,0.9445281302620026,False,-0.5591397849462365,-0.004073038735644574
spambase,f1,cosine,radial,0.12413446232676506,1.0,False,0.3247311827956989,0.0036043200804523057
spambase,f1,cosine,rational_quadratic,0.005641330671809802,0.7390143180070841,False,-0.5885057471264368,-0.006298539800755232
spambase,f1,cosine,rbf_gaussian,0.4771064817905426,1.0,False,0.15268817204301074,0.0015440780724452763
spambase,f1,cosine,shepard,0.00993151031434536,1.0,False,-0.5311827956989247,-0.005125676356210418
spambase,f1,cosine,sigmoidal,0.020106996529998974,1.0,False,-0.4860215053763441,-0.00566085384126247
spambase,f1,cosine,softmax_radial,0.04757850903792886,1.0,False,-0.42857142857142855,-0.006188220730216409
spambase,f1,cosine,student_t,0.7498782331919757,1.0,False,-0.06896551724137931,-0.0010016291769587848
spambase,f1,cosine,wendland_c2,0.006625724418861497,0.8613441744519946,False,-0.567741935483871,-0.0037506559818041296
spambase,f1,cubic_spline,entropic,0.054921628907322884,1.0,False,0.4021505376344086,0.004816790336975352
spambase,f1,cubic_spline,gen_exponential,0.3990471451293842,1.0,False,-0.17634408602150536,-0.0016345092186044186
spambase,f1,cubic_spline,harmonic,0.00011058151721954346,0.018024787306785583,True,0.7591397849462366,0.012725455614063463
spambase,f1,cubic_spline,inverse_multiquadratic,0.2748455584207301,1.0,False,0.23218390804597702,0.0022875042942637203
spambase,f1,cubic_spline,laplacian,0.18001240706239563,1.0,False,-0.2850574712643678,-0.0031150245579477653
spambase,f1,cubic_spline,logarithmic,0.02084985189139843,1.0,False,0.47956989247311826,0.005077588714786696
spambase,f1,cubic_spline,lorentzian,0.4161298982799053,1.0,False,-0.17419354838709677,-0.0021424240943447304
spambase,f1,cubic_spline,multiquadratic,1.30385160446167e-08,2.6207417249679565e-06,True,0.9827956989247312,0.032167905565441135
spambase,f1,cubic_spline,quartic_spline,0.03665792867221451,1.0,False,-0.7454545454545455,-0.00099984256337593
spambase,f1,cubic_spline,radial,0.012047622352838516,1.0,False,0.5182795698924731,0.00667751625272095
spambase,f1,cubic_spline,rational_quadratic,0.1459994912147522,1.0,False,-0.30752688172043013,-0.0032253436284865877
spambase,f1,cubic_spline,rbf_gaussian,0.06056523136794567,1.0,False,0.3935483870967742,0.00461727424471392
spambase,f1,cubic_spline,shepard,0.32347966181784216,1.0,False,-0.2064516129032258,-0.002052480183941774
spambase,f1,cubic_spline,sigmoidal,0.20540969260036945,1.0,False,-0.26881720430107525,-0.0025876576689938258
spambase,f1,cubic_spline,softmax_radial,0.18001240706239563,1.0,False,-0.2850574712643678,-0.0031150245579477653
spambase,f1,cubic_spline,student_t,0.13473508320748806,1.0,False,0.3161290322580645,0.002071566995309859
spambase,f1,cubic_spline,wendland_c2,0.03798263464326016,1.0,False,-0.7777777777777778,-0.0006774598095354856
spambase,f1,entropic,gen_exponential,0.0002803580208633987,0.0437358512546902,True,-0.7724137931034483,-0.00645129955557977
spambase,f1,entropic,harmonic,0.0001528710126876831,0.02461223304271698,True,0.7462365591397849,0.007908665277088112
spambase,f1,entropic,inverse_multiquadratic,0.21083064726017464,1.0,False,-0.28615384615384615,-0.0025292860427116315
spambase,f1,entropic,laplacian,1.8603228206427745e-05,0.003274168164331283,True,-0.9261083743842364,-0.007931814894923117
spambase,f1,entropic,logarithmic,0.9093510601128354,1.0,False,-0.024630541871921183,0.0002607983778113443
spambase,f1,entropic,lorentzian,0.00018902307587696237,0.03024369214031398,True,-0.7806451612903226,-0.006959214431320082
spambase,f1,entropic,multiquadratic,2.848903312076321e-06,0.0005327449193582721,True,0.9954022988505747,0.027351115228465783
spambase,f1,entropic,quartic_spline,0.02084985189139843,1.0,False,-0.47956989247311826,-0.005816632900351282
spambase,f1,entropic,radial,0.07932167969676177,1.0,False,0.44761904761904764,0.001860725915745598
spambase,f1,entropic,rational_quadratic,3.904104232788086e-05,0.006597936153411865,True,-0.7978494623655914,-0.00804213396546194
spambase,f1,entropic,rbf_gaussian,0.854172545006435,1.0,False,-0.03908045977011494,-0.0001995160922614314
spambase,f1,entropic,shepard,0.0003800932317972183,0.05853435769677162,False,-0.7075268817204301,-0.006869270520917126
spambase,f1,entropic,sigmoidal,3.453157842159271e-05,0.005870368331670761,True,-0.8021505376344086,-0.0074044480059691775
spambase,f1,entropic,softmax_radial,1.8603228206427745e-05,0.003274168164331283,True,-0.9261083743842364,-0.007931814894923117
spambase,f1,entropic,student_t,0.09618547644470221,1.0,False,-0.3732193732193732,-0.0027452233416654925
spambase,f1,entropic,wendland_c2,0.024786051362752914,1.0,False,-0.4666666666666667,-0.005494250146510837
spambase,f1,gen_exponential,harmonic,4.421919584274292e-06,0.0008136332035064697,True,0.8666666666666667,0.014359964832667882
spambase,f1,gen_exponential,inverse_multiquadratic,0.07953343933418376,1.0,False,0.3793103448275862,0.003922013512868139
spambase,f1,gen_exponential,laplacian,0.22168189824117768,1.0,False,-0.2597701149425287,-0.0014805153393433468
spambase,f1,gen_exponential,logarithmic,0.0032670269726070497,0.4508497222197729,False,0.6150537634408603,0.006712097933391115
spambase,f1,gen_exponential,lorentzian,0.6735469921117139,1.0,False,-0.09113300492610837,-0.0005079148757403118
spambase,f1,gen_exponential,multiquadratic,1.7333066441991056e-06,0.00033106156904202916,True,1.0,0.033802414784045554
spambase,f1,gen_exponential,quartic_spline,0.765513273408791,1.0,False,0.06236559139784946,0.0006346666552284885
spambase,f1,gen_exponential,radial,2.1476619002203304e-05,0.003736931706383375,True,0.903448275862069,0.008312025471325368
spambase,f1,gen_exponential,rational_quadratic,0.1791056021528724,1.0,False,-0.29064039408866993,-0.0015908344098821692
spambase,f1,gen_exponential,rbf_gaussian,0.0013233159364778179,0.19176692396655556,False,0.6945812807881774,0.006251783463318339
spambase,f1,gen_exponential,shepard,0.7731171162909528,1.0,False,-0.06349206349206349,-0.00041797096533735534
spambase,f1,gen_exponential,sigmoidal,0.1840316934035593,1.0,False,-0.3567251461988304,-0.0009531484503894072
spambase,f1,gen_exponential,softmax_radial,0.22168189824117768,1.0,False,-0.2597701149425287,-0.0014805153393433468
spambase,f1,gen_exponential,student_t,0.058754196392100354,1.0,False,0.4088669950738916,0.0037060762139142778
spambase,f1,gen_exponential,wendland_c2,0.5520738335717081,1.0,False,0.12643678160919541,0.000957049409068933
spambase,f1,harmonic,inverse_multiquadratic,1.0809064248240008e-05,0.0019240134361867213,True,-0.9356321839080459,-0.010437951319799743
spambase,f1,harmonic,laplacian,2.0489096641540527e-07,3.974884748458862e-05,True,-0.9397849462365592,-0.01584048017201123
spambase,f1,harmonic,logarithmic,8.166649308920539e-05,0.013556637852808095,True,-0.8522167487684729,-0.007647866899276767
spambase,f1,harmonic,lorentzian,1.0244548320770264e-07,2.0079314708709717e-05,True,-0.9526881720430107,-0.014867879708408194
spambase,f1,harmonic,multiquadratic,5.144625902175903e-06,0.0009414665400981903,True,0.8623655913978494,0.01944244995137767
spambase,f1,harmonic,quartic_spline,0.0002085902932042624,0.03295726632627346,True,-0.7885057471264367,-0.013725298177439393
spambase,f1,harmonic,radial,0.0029870010912418365,0.4151931516826153,False,-0.6043010752688172,-0.006047939361342514
spambase,f1,harmonic,rational_quadratic,1.30385160446167e-07,2.5425106287002563e-05,True,-0.9483870967741935,-0.01595079924255005
spambase,f1,harmonic,rbf_gaussian,0.007100609066184297,0.90887796047159,False,-0.5724137931034483,-0.008108181369349543
spambase,f1,harmonic,shepard,2.348795533180237e-06,0.0004415735602378845,True,-0.8838709677419355,-0.014777935798005237
spambase,f1,harmonic,sigmoidal,1.6838312149047852e-06,0.00032329559326171875,True,-0.8924731182795699,-0.01531311328305729
spambase,f1,harmonic,softmax_radial,2.0489096641540527e-07,3.974884748458862e-05,True,-0.9397849462365592,-0.01584048017201123
spambase,f1,harmonic,student_t,1.227150510297099e-05,0.0021720564032258654,True,-0.9629629629629629,-0.010653888618753604
spambase,f1,harmonic,wendland_c2,0.00026894582882669606,0.04222449512579128,True,-0.774712643678161,-0.013402915423598949
spambase,f1,inverse_multiquadratic,laplacian,0.024786051362752914,1.0,False,-0.4666666666666667,-0.005402528852211486
spambase,f1,inverse_multiquadratic,logarithmic,0.0005934167947217433,0.0890125192082615,False,0.8761904761904762,0.002790084420522976
spambase,f1,inverse_multiquadratic,lorentzian,0.00905187892933492,1.0,False,-0.5969230769230769,-0.004429928388608451
spambase,f1,inverse_multiquadratic,multiquadratic,3.5390257835388184e-08,6.971880793571472e-06,True,0.9698924731182795,0.029880401271177415
spambase,f1,inverse_multiquadratic,quartic_spline,0.11199148595825233,1.0,False,-0.33793103448275863,-0.0032873468576396503
spambase,f1,inverse_multiquadratic,radial,0.023923853164438725,1.0,False,0.4973544973544973,0.0043900119584572295
spambase,f1,inverse_multiquadratic,rational_quadratic,0.002234577508303178,0.3150754286707481,False,-0.7133333333333334,-0.005512847922750308
spambase,f1,inverse_multiquadratic,rbf_gaussian,0.362355202130101,1.0,False,0.19704433497536947,0.0023297699504502
spambase,f1,inverse_multiquadratic,shepard,0.027409848487010918,1.0,False,-0.4689655172413793,-0.004339984478205494
spambase,f1,inverse_multiquadratic,sigmoidal,0.024786051362752914,1.0,False,-0.4666666666666667,-0.004875161963257546
spambase,f1,inverse_multiquadratic,softmax_radial,0.024786051362752914,1.0,False,-0.4666666666666667,-0.005402528852211486
spambase,f1,inverse_multiquadratic,student_t,0.584034711473647,1.0,False,-0.13043478260869565,-0.00021593729895386105
spambase,f1,inverse_multiquadratic,wendland_c2,0.1504502624314629,1.0,False,-0.3057471264367816,-0.002964964103799206
spambase,f1,laplacian,logarithmic,0.0013225305101141763,0.19176692396655556,False,0.6827586206896552,0.008192613272734461
spambase,f1,laplacian,lorentzian,0.8372389846976191,1.0,False,0.04367816091954023,0.000972600463603035
spambase,f1,laplacian,multiquadratic,1.7333066441991056e-06,0.00033106156904202916,True,1.0,0.0352829301233889
spambase,f1,laplacian,quartic_spline,0.32517235217929885,1.0,False,0.20919540229885059,0.0021151819945718353
spambase,f1,laplacian,radial,5.256413325850834e-06,0.0009566672253048517,True,0.9852216748768473,0.009792540810668715
spambase,f1,laplacian,rational_quadratic,0.8882248121928067,1.0,False,-0.029885057471264367,-0.0001103190705388224
spambase,f1,laplacian,rbf_gaussian,7.252170003228448e-05,0.012183645605423793,True,0.8436781609195402,0.007732298802661686
spambase,f1,laplacian,shepard,0.3492113798856735,1.0,False,0.2,0.0010625443740059914
spambase,f1,laplacian,sigmoidal,0.5628391753742974,1.0,False,0.13230769230769232,0.0005273668889539396
spambase,f1,laplacian,softmax_radial,1.0,1.0,False,0.0,0.0
spambase,f1,laplacian,student_t,0.017873515819031526,1.0,False,0.5123152709359606,0.0051865915532576246
spambase,f1,laplacian,wendland_c2,0.2748315317027048,1.0,False,0.23218390804597702,0.0024375647484122798
spambase,f1,logarithmic,lorentzian,9.000232001487763e-05,0.014760380482439932,True,-0.8624338624338624,-0.007220012809131426
spambase,f1,logarithmic,multiquadratic,6.5306818420991045e-06,0.001175522731577839,True,0.9586206896551724,0.02709031685065444
spambase,f1,logarithmic,quartic_spline,0.016431212425231934,1.0,False,-0.4967741935483871,-0.006077431278162626
spambase,f1,logarithmic,radial,0.3146521845178628,1.0,False,0.21379310344827587,0.0015999275379342537
spambase,f1,logarithmic,rational_quadratic,0.00013536081360538934,0.021928451804073074,True,-0.8114942528735632,-0.008302932343273284
spambase,f1,logarithmic,rbf_gaussian,0.9636746235039864,1.0,False,-0.009852216748768473,-0.0004603144700727757
spambase,f1,logarithmic,shepard,0.0005054883658885956,0.07632874324917793,False,-0.6946236559139785,-0.00713006889872847
spambase,f1,logarithmic,sigmoidal,0.002497651343088305,0.34967118803236275,False,-0.632258064516129,-0.007665246383780522
spambase,f1,logarithmic,softmax_radial,0.0013225305101141763,0.19176692396655556,False,-0.6827586206896552,-0.008192613272734461
spambase,f1,logarithmic,student_t,0.004583287516424454,0.6233271022337257,False,-0.6243386243386243,-0.003006021719476837
spambase,f1,logarithmic,wendland_c2,0.018529480323195457,1.0,False,-0.4881720430107527,-0.005755048524322182
spambase,f1,lorentzian,multiquadratic,1.862645149230957e-09,3.91155481338501e-07,True,1.0,0.034310329659785865
spambase,f1,lorentzian,quartic_spline,0.8078304156661034,1.0,False,0.053763440860215055,0.0011425815309688003
spambase,f1,lorentzian,radial,2.1476619002203304e-05,0.003736931706383375,True,0.903448275862069,0.00881994034706568
spambase,f1,lorentzian,rational_quadratic,0.13295729296233563,1.0,False,-0.4725274725274725,-0.0010829195341418574
spambase,f1,lorentzian,rbf_gaussian,0.005319840880657582,0.7181785188887735,False,0.6137566137566137,0.006759698339058651
spambase,f1,lorentzian,shepard,0.7317059346728588,1.0,False,-0.08,8.994391040295646e-05
spambase,f1,lorentzian,sigmoidal,0.7498782331919757,1.0,False,-0.06896551724137931,-0.0004452335746490954
spambase,f1,lorentzian,softmax_radial,0.8372389846976191,1.0,False,-0.04367816091954023,-0.000972600463603035
spambase,f1,lorentzian,student_t,0.005459684044325266,0.7212925180792809,False,0.5908045977011495,0.00421399108965459
spambase,f1,lorentzian,wendland_c2,0.7151329666376114,1.0,False,0.07956989247311828,0.0014649642848092448
spambase,f1,multiquadratic,quartic_spline,1.862645149230957e-08,3.725290298461914e-06,True,-0.978494623655914,-0.033167748128817065
spambase,f1,multiquadratic,radial,9.313225746154785e-09,1.8905848264694214e-06,True,-0.9870967741935484,-0.025490389312720185
spambase,f1,multiquadratic,rational_quadratic,3.725290298461914e-09,7.674098014831543e-07,True,-0.9956989247311828,-0.03539324919392772
spambase,f1,multiquadratic,rbf_gaussian,3.5149630812742274e-06,0.0006537831331170063,True,-0.9862068965517241,-0.027550631320727215
spambase,f1,multiquadratic,shepard,1.862645149230957e-09,3.91155481338501e-07,True,-1.0,-0.03422038574938291
spambase,f1,multiquadratic,sigmoidal,1.862645149230957e-09,3.91155481338501e-07,True,-1.0,-0.03475556323443496
spambase,f1,multiquadratic,softmax_radial,1.7333066441991056e-06,0.00033106156904202916,True,-1.0,-0.0352829301233889
spambase,f1,multiquadratic,student_t,9.313225746154785e-09,1.8905848264694214e-06,True,-0.9870967741935484,-0.030096338570131276
spambase,f1,multiquadratic,wendland_c2,1.862645149230957e-08,3.725290298461914e-06,True,-0.978494623655914,-0.03284536537497662
spambase,f1,quartic_spline,radial,0.007111456245183945,0.90887796047159,False,0.5526881720430108,0.00767735881609688
spambase,f1,quartic_spline,rational_quadratic,0.3930404723199349,1.0,False,-0.18160919540229886,-0.0022255010651106577
spambase,f1,quartic_spline,rbf_gaussian,0.030005544473084983,1.0,False,0.45376344086021503,0.00561711680808985
spambase,f1,quartic_spline,shepard,0.7265856088858341,1.0,False,-0.07311827956989247,-0.0010526376205658439
spambase,f1,quartic_spline,sigmoidal,0.4898460879921913,1.0,False,-0.14838709677419354,-0.0015878151056178957
spambase,f1,quartic_spline,softmax_radial,0.32517235217929885,1.0,False,-0.20919540229885059,-0.0021151819945718353
spambase,f1,quartic_spline,student_t,0.0780201614093598,1.0,False,0.37471264367816093,0.0030714095586857892
spambase,f1,quartic_spline,wendland_c2,0.28504940740261275,1.0,False,0.6666666666666666,0.00032238275384044446
spambase,f1,radial,rational_quadratic,2.364745945098838e-05,0.004067363025570001,True,-0.8988505747126436,-0.009902859881207537
spambase,f1,radial,rbf_gaussian,0.22064675763249397,1.0,False,-0.26021505376344084,-0.0020602420080070294
spambase,f1,radial,shepard,3.146609947780487e-05,0.005380703010704633,True,-0.8850574712643678,-0.008729996436662724
spambase,f1,radial,sigmoidal,4.228408847246097e-06,0.0007822556367405279,True,-0.9950738916256158,-0.009265173921714775
spambase,f1,radial,softmax_radial,5.256413325850834e-06,0.0009566672253048517,True,-0.9852216748768473,-0.009792540810668715
spambase,f1,radial,student_t,0.011500916397185087,1.0,False,-0.5669515669515669,-0.0046059492574110905
spambase,f1,radial,wendland_c2,0.008142979815602303,1.0,False,-0.5440860215053763,-0.007354976062256435
spambase,f1,rational_quadratic,rbf_gaussian,0.0012226530433656197,0.17850734433138046,False,0.6995073891625616,0.007842617873200508
spambase,f1,rational_quadratic,shepard,0.44607788674329574,1.0,False,0.17094017094017094,0.0011728634445448138
spambase,f1,rational_quadratic,sigmoidal,0.6113514993496755,1.0,False,0.10804597701149425,0.000637685959492762
spambase,f1,rational_quadratic,softmax_radial,0.8882248121928067,1.0,False,0.029885057471264367,0.0001103190705388224
spambase,f1,rational_quadratic,student_t,0.0011319097923779117,0.1674552634358406,False,0.716931216931217,0.005296910623796447
spambase,f1,rational_quadratic,wendland_c2,0.2844624901630102,1.0,False,0.22758620689655173,0.002547883818951102
spambase,f1,rbf_gaussian,shepard,0.00665340320299728,0.8613441744519946,False,-0.5770114942528736,-0.006669754428655694
spambase,f1,rbf_gaussian,sigmoidal,0.0001961882109451873,0.03119392554028478,True,-0.8201058201058201,-0.007204931913707746
spambase,f1,rbf_gaussian,softmax_radial,7.252170003228448e-05,0.012183645605423793,True,-0.8436781609195402,-0.007732298802661686
spambase,f1,rbf_gaussian,student_t,0.3284698575735092,1.0,False,-0.2086021505376344,-0.002545707249404061
spambase,f1,rbf_gaussian,wendland_c2,0.03326423839289795,1.0,False,-0.44516129032258067,-0.005294734054249406
spambase,f1,shepard,sigmoidal,0.7891646777424939,1.0,False,-0.05591397849462366,-0.0005351774850520519
spambase,f1,shepard,softmax_radial,0.3492113798856735,1.0,False,-0.2,-0.0010625443740059914
spambase,f1,shepard,student_t,0.019523892856619037,1.0,False,0.496551724137931,0.004124047179251633
spambase,f1,shepard,wendland_c2,0.5927846322229917,1.0,False,0.11182795698924732,0.0013750203744062883
spambase,f1,sigmoidal,softmax_radial,0.5628391753742974,1.0,False,-0.13230769230769232,-0.0005273668889539396
spambase,f1,sigmoidal,student_t,0.025220968988406898,1.0,False,0.47586206896551725,0.004659224664303685
spambase,f1,sigmoidal,wendland_c2,0.370740607380867,1.0,False,0.1913978494623656,0.0019101978594583402
spambase,f1,softmax_radial,student_t,0.017873515819031526,1.0,False,0.5123152709359606,0.0051865915532576246
spambase,f1,softmax_radial,wendland_c2,0.2748315317027048,1.0,False,0.23218390804597702,0.0024375647484122798
spambase,f1,student_t,wendland_c2,0.08961703998973654,1.0,False,-0.36091954022988504,-0.002749026804845345
tic_tac_toe,f1,attention,cauchy,0.2583519867664329,1.0,False,-0.25846153846153846,-0.0038829960693713694
tic_tac_toe,f1,attention,cosine,1.3598150832506132e-05,0.0021893022840334874,True,-0.9576719576719577,-0.021246810858582266
tic_tac_toe,f1,attention,cubic_spline,0.1647744043700039,1.0,False,0.30049261083743845,0.005815325796309612
tic_tac_toe,f1,attention,entropic,7.794687193147096e-06,0.001371864945993889,True,-0.9841269841269841,-0.026914647731813734
tic_tac_toe,f1,attention,gen_exponential,0.0009000626736537137,0.08460589132344909,False,-0.7057471264367816,-0.01159658203780567
tic_tac_toe,f1,attention,harmonic,8.291147751986402e-06,0.0014509508565976204,True,1.0,0.016863792585691373
tic_tac_toe,f1,attention,inverse_multiquadratic,0.22582078345392476,1.0,False,-0.27692307692307694,-0.0038695965039001745
tic_tac_toe,f1,attention,laplacian,2.617960272184512e-05,0.004110197627329684,True,-0.9430199430199431,-0.020527623435713793
tic_tac_toe,f1,attention,logarithmic,0.22582078345392476,1.0,False,-0.27692307692307694,-0.0038695965039001745
tic_tac_toe,f1,attention,lorentzian,0.00016657311394998375,0.02098821235769795,True,-0.894927536231884,-0.009682602917839067
tic_tac_toe,f1,attention,multiquadratic,0.8290451668985259,1.0,False,-0.04843304843304843,-0.00015293929488124913
tic_tac_toe,f1,attention,quartic_spline,8.291147751986402e-06,0.0014509508565976204,True,1.0,0.016863792585691373
tic_tac_toe,f1,attention,radial,3.2516977719381766e-05,0.005040131546504174,True,-0.9316239316239316,-0.019822316948119867
tic_tac_toe,f1,attention,rational_quadratic,6.81184981491208e-05,0.009740945235324275,True,-0.9107692307692308,-0.016711767859853288
tic_tac_toe,f1,attention,rbf_gaussian,1.8556875333310467e-05,0.0029691000533296746,True,-0.9261083743842364,-0.01947516077129019
tic_tac_toe,f1,attention,shepard,1.975490581106023e-05,0.0031212751181475163,True,-0.9753846153846154,-0.014583391758245634
tic_tac_toe,f1,attention,sigmoidal,1.0179450805557067e-05,0.0017305066369447013,True,-0.9379310344827586,-0.023717070944300978
tic_tac_toe,f1,attention,softmax_radial,2.617960272184512e-05,0.004110197627329684,True,-0.9430199430199431,-0.020527623435713793
tic_tac_toe,f1,attention,student_t,0.18721709796866848,1.0,False,-0.30153846153846153,-0.004211476845780493
tic_tac_toe,f1,attention,wendland_c2,8.291147751986402e-06,0.0014509508565976204,True,1.0,0.016863792585691373
tic_tac_toe,f1,cauchy,cosine,0.0003581613675271374,0.03581613675271374,True,-0.8005698005698005,-0.017363814789210896
tic_tac_toe,f1,cauchy,cubic_spline,0.03995522371187776,1.0,False,0.4523809523809524,0.009698321865680981
tic_tac_toe,f1,cauchy,entropic,1.164077109012307e-05,0.0019207272298703065,True,-0.9482758620689655,-0.023031651662442365
tic_tac_toe,f1,cauchy,gen_exponential,0.017942434135888523,1.0,False,-0.5211640211640212,-0.0077135859684343
tic_tac_toe,f1,cauchy,harmonic,0.0002175828219322205,0.024603124489642327,True,0.7862068965517242,0.020746788655062742
tic_tac_toe,f1,cauchy,inverse_multiquadratic,0.6547208460185769,1.0,False,0.3333333333333333,1.3399565471194919e-05
tic_tac_toe,f1,cauchy,laplacian,0.00014732400764517296,0.01885747297858214,True,-0.8068965517241379,-0.016644627366342424
tic_tac_toe,f1,cauchy,logarithmic,0.6547208460185769,1.0,False,0.3333333333333333,1.3399565471194919e-05
tic_tac_toe,f1,cauchy,lorentzian,0.09430512066655297,1.0,False,-0.39855072463768115,-0.005799606848467698
tic_tac_toe,f1,cauchy,multiquadratic,0.23253690964591656,1.0,False,0.2678062678062678,0.0037300567744901203
tic_tac_toe,f1,cauchy,quartic_spline,0.0002175828219322205,0.024603124489642327,True,0.7862068965517242,0.020746788655062742
tic_tac_toe,f1,cauchy,radial,0.0001256892514227537,0.01696804894207175,True,-0.8769230769230769,-0.015939320878748497
tic_tac_toe,f1,cauchy,rational_quadratic,0.0002805329182500173,0.030578088089251887,True,-0.8148148148148148,-0.012828771790481919
tic_tac_toe,f1,cauchy,rbf_gaussian,0.00011896023617565202,0.016297552356064327,True,-0.8632478632478633,-0.01559216470191882
tic_tac_toe,f1,cauchy,shepard,0.008689928617776203,0.6517446463332153,False,-0.6,-0.010700395688874265
tic_tac_toe,f1,cauchy,sigmoidal,3.764511247976271e-05,0.005759702209403694,True,-0.9074074074074074,-0.019834074874929608
tic_tac_toe,f1,cauchy,softmax_radial,0.00014732400764517296,0.01885747297858214,True,-0.8068965517241379,-0.016644627366342424
tic_tac_toe,f1,cauchy,student_t,0.31731050786291415,1.0,False,-1.0,-0.00032848077640912354
tic_tac_toe,f1,cauchy,wendland_c2,0.0002175828219322205,0.024603124489642327,True,0.7862068965517242,0.020746788655062742
tic_tac_toe,f1,cosine,cubic_spline,5.318462175958051e-06,0.001047737048663736,True,0.967816091954023,0.027062136654891877
tic_tac_toe,f1,cosine,entropic,0.004408971264023413,0.3438997585938262,False,-0.8088235294117647,-0.005667836873231469
tic_tac_toe,f1,cosine,gen_exponential,0.0005225753951242465,0.05016723793192766,False,0.8260869565217391,0.009650228820776596
tic_tac_toe,f1,cosine,harmonic,3.786882511451119e-06,0.0007838846798703817,True,1.0,0.03811060344427364
tic_tac_toe,f1,cosine,inverse_multiquadratic,0.0002851507178442951,0.03079627752718387,True,0.798941798941799,0.01737721435468209
tic_tac_toe,f1,cosine,laplacian,0.6091628911933872,1.0,False,0.15,0.0007191874228684725
tic_tac_toe,f1,cosine,logarithmic,0.0002851507178442951,0.03079627752718387,True,0.798941798941799,0.01737721435468209
tic_tac_toe,f1,cosine,lorentzian,0.0011778863639330121,0.1060097727539711,False,0.7566666666666667,0.011564207940743199
tic_tac_toe,f1,cosine,multiquadratic,0.0001429826689058285,0.01844476428885188,True,0.8226600985221675,0.021093871563701017
tic_tac_toe,f1,cosine,quartic_spline,3.786882511451119e-06,0.0007838846798703817,True,1.0,0.03811060344427364
tic_tac_toe,f1,cosine,radial,0.7019796971898048,1.0,False,0.1,0.0014244939104623988
tic_tac_toe,f1,cosine,rational_quadratic,0.21031035160377387,1.0,False,0.270935960591133,0.0045350429987289775
tic_tac_toe,f1,cosine,rbf_gaussian,0.49261392194989906,1.0,False,0.15692307692307692,0.001771650087292076
tic_tac_toe,f1,cosine,shepard,0.038333415525389686,1.0,False,0.46438746438746437,0.006663419100336632
tic_tac_toe,f1,cosine,sigmoidal,0.19802463195842512,1.0,False,-0.3203463203463203,-0.002470260085718712
tic_tac_toe,f1,cosine,softmax_radial,0.6091628911933872,1.0,False,0.15,0.0007191874228684725
tic_tac_toe,f1,cosine,student_t,0.0003581613675271374,0.03581613675271374,True,0.8005698005698005,0.017035334012801773
tic_tac_toe,f1,cosine,wendland_c2,3.786882511451119e-06,0.0007838846798703817,True,1.0,0.03811060344427364
tic_tac_toe,f1,cubic_spline,entropic,3.894056164281242e-06,0.0007838846798703817,True,-0.9816091954022989,-0.032729973528123346
tic_tac_toe,f1,cubic_spline,gen_exponential,0.0001755382028541781,0.02184644026944311,True,-0.7977011494252874,-0.01741190783411528
tic_tac_toe,f1,cubic_spline,harmonic,0.049710121005773544,1.0,False,0.410752688172043,0.011048466789381761
tic_tac_toe,f1,cubic_spline,inverse_multiquadratic,0.03768750009528758,1.0,False,-0.4576719576719577,-0.009684922300209786
tic_tac_toe,f1,cubic_spline,laplacian,7.2533329372472125e-06,0.001334613260453487,True,-0.9704433497536946,-0.026342949232023405
tic_tac_toe,f1,cubic_spline,logarithmic,0.03768750009528758,1.0,False,-0.4576719576719577,-0.009684922300209786
tic_tac_toe,f1,cubic_spline,lorentzian,0.0016102338039827573,0.1433108085544654,False,-0.6822660098522167,-0.015497928714148679
tic_tac_toe,f1,cubic_spline,multiquadratic,0.21041384431760835,1.0,False,-0.270935960591133,-0.005968265091190861
tic_tac_toe,f1,cubic_spline,quartic_spline,0.049710121005773544,1.0,False,0.410752688172043,0.011048466789381761
tic_tac_toe,f1,cubic_spline,radial,9.971093492746526e-06,0.001705056987259656,True,-0.9556650246305419,-0.02563764274442948
tic_tac_toe,f1,cubic_spline,rational_quadratic,0.00038165112590681795,0.037401810338868156,True,-0.7684729064039408,-0.0225270936561629
tic_tac_toe,f1,cubic_spline,rbf_gaussian,9.702788570222863e-05,0.013777959769716465,True,-0.8150537634408602,-0.0252904865675998
tic_tac_toe,f1,cubic_spline,shepard,0.0003345502218090388,0.03479322306814003,True,-0.7758620689655172,-0.020398717554555246
tic_tac_toe,f1,cubic_spline,sigmoidal,8.95404186384851e-06,0.0015400952005819436,True,-0.9605911330049262,-0.02953239674061059
tic_tac_toe,f1,cubic_spline,softmax_radial,7.2533329372472125e-06,0.001334613260453487,True,-0.9704433497536946,-0.026342949232023405
tic_tac_toe,f1,cubic_spline,student_t,0.03153030787306484,1.0,False,-0.47354497354497355,-0.010026802642090105
tic_tac_toe,f1,cubic_spline,wendland_c2,0.049710121005773544,1.0,False,0.410752688172043,0.011048466789381761
tic_tac_toe,f1,entropic,gen_exponential,3.580320415402561e-05,0.005513693439719944,True,0.9446153846153846,0.015318065694008065
tic_tac_toe,f1,entropic,harmonic,3.786882511451119e-06,0.0007838846798703817,True,1.0,0.04377844031750511
tic_tac_toe,f1,entropic,inverse_multiquadratic,1.2241192996080341e-05,0.002007555651357176,True,0.9458128078817734,0.02304505122791356
tic_tac_toe,f1,entropic,laplacian,0.001742717909985974,0.1533591760787657,False,0.8627450980392157,0.006387024296099941
tic_tac_toe,f1,entropic,logarithmic,1.2241192996080341e-05,0.002007555651357176,True,0.9458128078817734,0.02304505122791356
tic_tac_toe,f1,entropic,lorentzian,6.245422001434814e-05,0.008993407682066131,True,0.8809523809523809,0.017232044813974667
tic_tac_toe,f1,entropic,multiquadratic,1.0973171265012944e-05,0.0018544659437871875,True,0.9682539682539683,0.026761708436932485
tic_tac_toe,f1,entropic,quartic_spline,3.786882511451119e-06,0.0007838846798703817,True,1.0,0.04377844031750511
tic_tac_toe,f1,entropic,radial,0.01000188946321161,0.7301379308144476,False,0.6406926406926406,0.007092330783693868
tic_tac_toe,f1,entropic,rational_quadratic,0.000956783193553262,0.08898083700045337,False,0.7407407407407407,0.010202879871960446
tic_tac_toe,f1,entropic,rbf_gaussian,0.03351671566407357,1.0,False,0.48615384615384616,0.007439486960523545
tic_tac_toe,f1,entropic,shepard,0.00041392570439961724,0.04015079332676287,True,0.8061538461538461,0.0123312559735681
tic_tac_toe,f1,entropic,sigmoidal,0.05817890921662685,1.0,False,0.5367647058823529,0.003197576787512757
tic_tac_toe,f1,entropic,softmax_radial,0.001742717909985974,0.1533591760787657,False,0.8627450980392157,0.006387024296099941
tic_tac_toe,f1,entropic,student_t,1.2241192996080341e-05,0.002007555651357176,True,0.9458128078817734,0.02270317088603324
tic_tac_toe,f1,entropic,wendland_c2,3.786882511451119e-06,0.0007838846798703817,True,1.0,0.04377844031750511
tic_tac_toe,f1,gen_exponential,harmonic,1.134724871135013e-05,0.0019063377835068216,True,0.9333333333333333,0.028460374623497042
tic_tac_toe,f1,gen_exponential,inverse_multiquadratic,0.015233173162488614,1.0,False,0.5343915343915344,0.007726985533905495
tic_tac_toe,f1,gen_exponential,laplacian,0.003283342123713038,0.2692340541444691,False,-0.7154150197628458,-0.008931041397908124
tic_tac_toe,f1,gen_exponential,logarithmic,0.015233173162488614,1.0,False,0.5343915343915344,0.007726985533905495
tic_tac_toe,f1,gen_exponential,lorentzian,0.20332241158901032,1.0,False,0.2966666666666667,0.0019139791199666023
tic_tac_toe,f1,gen_exponential,multiquadratic,0.010073054746263271,0.7301379308144476,False,0.5471264367816092,0.01144364274292442
tic_tac_toe,f1,gen_exponential,quartic_spline,1.134724871135013e-05,0.0019063377835068216,True,0.9333333333333333,0.028460374623497042
tic_tac_toe,f1,gen_exponential,radial,5.6054787035533956e-05,0.008226812161104439,True,-1.0,-0.008225734910314197
tic_tac_toe,f1,gen_exponential,rational_quadratic,0.15119223999273868,1.0,False,-0.32193732193732194,-0.005115185822047619
tic_tac_toe,f1,gen_exponential,rbf_gaussian,0.16147053692178182,1.0,False,-0.32666666666666666,-0.00787857873348452
tic_tac_toe,f1,gen_exponential,shepard,0.45497117289876543,1.0,False,-0.18181818181818182,-0.0029868097204399646
tic_tac_toe,f1,gen_exponential,sigmoidal,0.00029445906681603557,0.03121266108249977,True,-0.8276923076923077,-0.012120488906495308
tic_tac_toe,f1,gen_exponential,softmax_radial,0.003283342123713038,0.2692340541444691,False,-0.7154150197628458,-0.008931041397908124
tic_tac_toe,f1,gen_exponential,student_t,0.01853742781613275,1.0,False,0.5185185185185185,0.0073851051920251765
tic_tac_toe,f1,gen_exponential,wendland_c2,1.134724871135013e-05,0.0019063377835068216,True,0.9333333333333333,0.028460374623497042
tic_tac_toe,f1,harmonic,inverse_multiquadratic,0.00020850105499696888,0.024603124489642327,True,-0.7885057471264367,-0.020733389089591547
tic_tac_toe,f1,harmonic,laplacian,5.601761882966655e-06,0.0010979453290614644,True,-1.0,-0.037391416021405166
tic_tac_toe,f1,harmonic,logarithmic,0.00020850105499696888,0.024603124489642327,True,-0.7885057471264367,-0.020733389089591547
tic_tac_toe,f1,harmonic,lorentzian,7.424284169696091e-06,0.0013512197188846886,True,-0.9867724867724867,-0.02654639550353044
tic_tac_toe,f1,harmonic,multiquadratic,0.0018085818425179886,0.155538038456547,False,-0.6748768472906403,-0.017016731880572622
tic_tac_toe,f1,harmonic,quartic_spline,1.0,1.0,False,0.0,0.0
tic_tac_toe,f1,harmonic,radial,5.892981974599416e-06,0.0011019876292500909,True,-0.9632183908045977,-0.03668610953381124
tic_tac_toe,f1,harmonic,rational_quadratic,7.424284169696091e-06,0.0013512197188846886,True,-0.9867724867724867,-0.03357556044554466
tic_tac_toe,f1,harmonic,rbf_gaussian,3.879899515846691e-06,0.0007838846798703817,True,-0.9655913978494624,-0.03633895335698156
tic_tac_toe,f1,harmonic,shepard,5.601761882966655e-06,0.0010979453290614644,True,-1.0,-0.03144718434393701
tic_tac_toe,f1,harmonic,sigmoidal,2.8432034993556707e-06,0.0005970727348646908,True,-0.9954022988505747,-0.04058086352999235
tic_tac_toe,f1,harmonic,softmax_radial,5.601761882966655e-06,0.0010979453290614644,True,-1.0,-0.037391416021405166
tic_tac_toe,f1,harmonic,student_t,0.00019139527496484011,0.023350223545710494,True,-0.7931034482758621,-0.021075269431471866
tic_tac_toe,f1,harmonic,wendland_c2,1.0,1.0,False,0.0,0.0
tic_tac_toe,f1,inverse_multiquadratic,laplacian,0.00013462843124606246,0.017905581355726306,True,-0.8114942528735632,-0.01665802693181362
tic_tac_toe,f1,inverse_multiquadratic,logarithmic,1.0,1.0,False,0.0,0.0
tic_tac_toe,f1,inverse_multiquadratic,lorentzian,0.09430512066655297,1.0,False,-0.39855072463768115,-0.005813006413938893
tic_tac_toe,f1,inverse_multiquadratic,multiquadratic,0.21324144740101336,1.0,False,0.2792022792022792,0.0037166572090189254
tic_tac_toe,f1,inverse_multiquadratic,quartic_spline,0.00020850105499696888,0.024603124489642327,True,0.7885057471264367,0.020733389089591547
tic_tac_toe,f1,inverse_multiquadratic,radial,0.00010083382796772143,0.014217569743448722,True,-0.8892307692307693,-0.015952720444219692
tic_tac_toe,f1,inverse_multiquadratic,rational_quadratic,0.0003443455468786788,0.03546759132850392,True,-0.8184615384615385,-0.012842171355953114
tic_tac_toe,f1,inverse_multiquadratic,rbf_gaussian,0.00010714419275134904,0.014893042792437515,True,-0.8689458689458689,-0.015605564267390015
tic_tac_toe,f1,inverse_multiquadratic,shepard,0.007415144378486311,0.5709661171434459,False,-0.6123076923076923,-0.01071379525434546
tic_tac_toe,f1,inverse_multiquadratic,sigmoidal,3.9505764083987144e-05,0.006004876140766046,True,-0.9047619047619048,-0.019847474440400803
tic_tac_toe,f1,inverse_multiquadratic,softmax_radial,0.00013462843124606246,0.017905581355726306,True,-0.8114942528735632,-0.01665802693181362
tic_tac_toe,f1,inverse_multiquadratic,student_t,0.31731050786291415,1.0,False,-1.0,-0.00034188034188031846
tic_tac_toe,f1,inverse_multiquadratic,wendland_c2,0.00020850105499696888,0.024603124489642327,True,0.7885057471264367,0.020733389089591547
tic_tac_toe,f1,laplacian,logarithmic,0.00013462843124606246,0.017905581355726306,True,0.8114942528735632,0.01665802693181362
tic_tac_toe,f1,laplacian,lorentzian,0.0011325621288262666,0.10419571585201653,False,0.7753623188405797,0.010845020517874726
tic_tac_toe,f1,laplacian,multiquadratic,5.558656865611108e-05,0.008226812161104439,True,0.8719211822660099,0.020374684140832544
tic_tac_toe,f1,laplacian,quartic_spline,5.601761882966655e-06,0.0010979453290614644,True,1.0,0.037391416021405166
tic_tac_toe,f1,laplacian,radial,0.9652133375010897,1.0,False,-0.011695906432748537,0.0007053064875939263
tic_tac_toe,f1,laplacian,rational_quadratic,0.2351849683385977,1.0,False,0.27666666666666667,0.003815855575860505
tic_tac_toe,f1,laplacian,rbf_gaussian,0.628124548564729,1.0,False,0.11076923076923077,0.0010524626644236035
tic_tac_toe,f1,laplacian,shepard,0.03676359389968726,1.0,False,0.4866666666666667,0.005944231677468159
tic_tac_toe,f1,laplacian,sigmoidal,0.02413388710584149,1.0,False,-0.6397058823529411,-0.0031894475085871843
tic_tac_toe,f1,laplacian,softmax_radial,1.0,1.0,False,0.0,0.0
tic_tac_toe,f1,laplacian,student_t,0.00017477152215554487,0.02184644026944311,True,0.7977011494252874,0.0163161465899333
tic_tac_toe,f1,laplacian,wendland_c2,5.601761882966655e-06,0.0010979453290614644,True,1.0,0.037391416021405166
tic_tac_toe,f1,logarithmic,lorentzian,0.09430512066655297,1.0,False,-0.39855072463768115,-0.005813006413938893
tic_tac_toe,f1,logarithmic,multiquadratic,0.21324144740101336,1.0,False,0.2792022792022792,0.0037166572090189254
tic_tac_toe,f1,logarithmic,quartic_spline,0.00020850105499696888,0.024603124489642327,True,0.7885057471264367,0.020733389089591547
tic_tac_toe,f1,logarithmic,radial,0.00010083382796772143,0.014217569743448722,True,-0.8892307692307693,-0.015952720444219692
tic_tac_toe,f1,logarithmic,rational_quadratic,0.0003443455468786788,0.03546759132850392,True,-0.8184615384615385,-0.012842171355953114
tic_tac_toe,f1,logarithmic,rbf_gaussian,0.00010714419275134904,0.014893042792437515,True,-0.8689458689458689,-0.015605564267390015
tic_tac_toe,f1,logarithmic,shepard,0.007415144378486311,0.5709661171434459,False,-0.6123076923076923,-0.01071379525434546
tic_tac_toe,f1,logarithmic,sigmoidal,3.9505764083987144e-05,0.006004876140766046,True,-0.9047619047619048,-0.019847474440400803
tic_tac_toe,f1,logarithmic,softmax_radial,0.00013462843124606246,0.017905581355726306,True,-0.8114942528735632,-0.01665802693181362
tic_tac_toe,f1,logarithmic,student_t,0.31731050786291415,1.0,False,-1.0,-0.00034188034188031846
tic_tac_toe,f1,logarithmic,wendland_c2,0.00020850105499696888,0.024603124489642327,True,0.7885057471264367,0.020733389089591547
tic_tac_toe,f1,lorentzian,multiquadratic,0.011842155701262558,0.828950899088379,False,0.5443349753694581,0.009529663622957818
tic_tac_toe,f1,lorentzian,quartic_spline,7.424284169696091e-06,0.0013512197188846886,True,0.9867724867724867,0.02654639550353044
tic_tac_toe,f1,lorentzian,radial,0.0023534214202828195,0.195333977883474,False,-0.6693121693121693,-0.0101397140302808
tic_tac_toe,f1,lorentzian,rational_quadratic,0.01876983119514465,1.0,False,-0.5270655270655271,-0.007029164942014221
tic_tac_toe,f1,lorentzian,rbf_gaussian,0.010065007375975123,0.7301379308144476,False,-0.5566502463054187,-0.009792557853451123
tic_tac_toe,f1,lorentzian,shepard,0.003314452996697005,0.2692340541444691,False,-1.0,-0.004900788840406567
tic_tac_toe,f1,lorentzian,sigmoidal,0.0002035963406565337,0.02422796453812751,True,-0.8029556650246306,-0.01403446802646191
tic_tac_toe,f1,lorentzian,softmax_radial,0.0011325621288262666,0.10419571585201653,False,-0.7753623188405797,-0.010845020517874726
tic_tac_toe,f1,lorentzian,student_t,0.10797380145746664,1.0,False,0.391304347826087,0.005471126072058574
tic_tac_toe,f1,lorentzian,wendland_c2,7.424284169696091e-06,0.0013512197188846886,True,0.9867724867724867,0.02654639550353044
tic_tac_toe,f1,multiquadratic,quartic_spline,0.0018085818425179886,0.155538038456547,False,0.6748768472906403,0.017016731880572622
tic_tac_toe,f1,multiquadratic,radial,0.0003206717636447732,0.03367053518270119,True,-0.7783251231527094,-0.019669377653238618
tic_tac_toe,f1,multiquadratic,rational_quadratic,5.6639448098827545e-05,0.008226812161104439,True,-0.9031339031339032,-0.01655882856497204
tic_tac_toe,f1,multiquadratic,rbf_gaussian,1.944184016303919e-05,0.003091252585923231,True,-0.9080459770114943,-0.01932222147640894
tic_tac_toe,f1,multiquadratic,shepard,0.0008342457544878118,0.07925334667634212,False,-0.7103448275862069,-0.014430452463364385
tic_tac_toe,f1,multiquadratic,sigmoidal,3.981143440041749e-05,0.006004876140766046,True,-0.9047619047619048,-0.02356413164941973
tic_tac_toe,f1,multiquadratic,softmax_radial,5.558656865611108e-05,0.008226812161104439,True,-0.8719211822660099,-0.020374684140832544
tic_tac_toe,f1,multiquadratic,student_t,0.19514581016111388,1.0,False,-0.2905982905982906,-0.004058537550899244
tic_tac_toe,f1,multiquadratic,wendland_c2,0.0018085818425179886,0.155538038456547,False,0.6748768472906403,0.017016731880572622
tic_tac_toe,f1,quartic_spline,radial,5.892981974599416e-06,0.0011019876292500909,True,-0.9632183908045977,-0.03668610953381124
tic_tac_toe,f1,quartic_spline,rational_quadratic,7.424284169696091e-06,0.0013512197188846886,True,-0.9867724867724867,-0.03357556044554466
tic_tac_toe,f1,quartic_spline,rbf_gaussian,3.879899515846691e-06,0.0007838846798703817,True,-0.9655913978494624,-0.03633895335698156
tic_tac_toe,f1,quartic_spline,shepard,5.601761882966655e-06,0.0010979453290614644,True,-1.0,-0.03144718434393701
tic_tac_toe,f1,quartic_spline,sigmoidal,2.8432034993556707e-06,0.0005970727348646908,True,-0.9954022988505747,-0.04058086352999235
tic_tac_toe,f1,quartic_spline,softmax_radial,5.601761882966655e-06,0.0010979453290614644,True,-1.0,-0.037391416021405166
tic_tac_toe,f1,quartic_spline,student_t,0.00019139527496484011,0.023350223545710494,True,-0.7931034482758621,-0.021075269431471866
tic_tac_toe,f1,quartic_spline,wendland_c2,1.0,1.0,False,0.0,0.0
tic_tac_toe,f1,radial,rational_quadratic,0.36804692920308124,1.0,False,0.21,0.0031105490882665787
tic_tac_toe,f1,radial,rbf_gaussian,0.5676135161610922,1.0,False,0.1282051282051282,0.00034715617682967714
tic_tac_toe,f1,radial,shepard,0.06514393037329139,1.0,False,0.43,0.005238925189874233
tic_tac_toe,f1,radial,sigmoidal,0.15009684358390354,1.0,False,-0.36666666666666664,-0.0038947539961811106
tic_tac_toe,f1,radial,softmax_radial,0.9652133375010897,1.0,False,0.011695906432748537,-0.0007053064875939263
tic_tac_toe,f1,radial,student_t,0.0001256892514227537,0.01696804894207175,True,0.8769230769230769,0.015610840102339374
tic_tac_toe,f1,radial,wendland_c2,5.892981974599416e-06,0.0011019876292500909,True,0.9632183908045977,0.03668610953381124
tic_tac_toe,f1,rational_quadratic,rbf_gaussian,0.5676301130422853,1.0,False,-0.13333333333333333,-0.0027633929114369016
tic_tac_toe,f1,rational_quadratic,shepard,0.35312722689325626,1.0,False,0.2123076923076923,0.002128376101607654
tic_tac_toe,f1,rational_quadratic,sigmoidal,0.04858293092335841,1.0,False,-0.46,-0.007005303084447689
tic_tac_toe,f1,rational_quadratic,softmax_radial,0.2351849683385977,1.0,False,-0.27666666666666667,-0.003815855575860505
tic_tac_toe,f1,rational_quadratic,student_t,0.0003443455468786788,0.03546759132850392,True,0.8184615384615385,0.012500291014072795
tic_tac_toe,f1,rational_quadratic,wendland_c2,7.424284169696091e-06,0.0013512197188846886,True,0.9867724867724867,0.03357556044554466
tic_tac_toe,f1,rbf_gaussian,shepard,0.2948444271161259,1.0,False,0.22660098522167488,0.004891769013044556
tic_tac_toe,f1,rbf_gaussian,sigmoidal,0.12500246385257716,1.0,False,-0.3507692307692308,-0.004241910173010788
tic_tac_toe,f1,rbf_gaussian,softmax_radial,0.628124548564729,1.0,False,-0.11076923076923077,-0.0010524626644236035
tic_tac_toe,f1,rbf_gaussian,student_t,0.00011896023617565202,0.016297552356064327,True,0.8632478632478633,0.015263683925509697
tic_tac_toe,f1,rbf_gaussian,wendland_c2,3.879899515846691e-06,0.0007838846798703817,True,0.9655913978494624,0.03633895335698156
tic_tac_toe,f1,shepard,sigmoidal,0.004114597157615142,0.3250531754515962,False,-0.7142857142857143,-0.009133679186055343
tic_tac_toe,f1,shepard,softmax_radial,0.03676359389968726,1.0,False,-0.4866666666666667,-0.005944231677468159
tic_tac_toe,f1,shepard,student_t,0.00940776522992085,0.6961746270141429,False,0.5938461538461538,0.010371914912465141
tic_tac_toe,f1,shepard,wendland_c2,5.601761882966655e-06,0.0010979453290614644,True,1.0,0.03144718434393701
tic_tac_toe,f1,sigmoidal,softmax_radial,0.02413388710584149,1.0,False,0.6397058823529411,0.0031894475085871843
tic_tac_toe,f1,sigmoidal,student_t,3.9505764083987144e-05,0.006004876140766046,True,0.9047619047619048,0.019505594098520485
tic_tac_toe,f1,sigmoidal,wendland_c2,2.8432034993556707e-06,0.0005970727348646908,True,0.9954022988505747,0.04058086352999235
tic_tac_toe,f1,softmax_radial,student_t,0.00017477152215554487,0.02184644026944311,True,0.7977011494252874,0.0163161465899333
tic_tac_toe,f1,softmax_radial,wendland_c2,5.601761882966655e-06,0.0010979453290614644,True,1.0,0.037391416021405166
tic_tac_toe,f1,student_t,wendland_c2,0.00019139527496484011,0.023350223545710494,True,0.7931034482758621,0.021075269431471866
wine,f1,attention,cauchy,0.11585149752593009,1.0,False,0.7142857142857143,0.013768114601448
wine,f1,attention,cosine,0.00038126325768650886,0.07549012502192876,False,0.9532163742690059,0.058397682564349185
wine,f1,attention,cubic_spline,0.00038126325768650886,0.07549012502192876,False,0.9532163742690059,0.058397682564349185
wine,f1,attention,entropic,0.07189213122806544,1.0,False,0.5428571428571428,0.02323614656947981
wine,f1,attention,gen_exponential,0.10247043485974937,1.0,False,-1.0,-0.007081807081807057
wine,f1,attention,harmonic,1.0,1.0,False,0.0,0.0
wine,f1,attention,inverse_multiquadratic,0.11585149752593009,1.0,False,0.7142857142857143,0.013768114601448
wine,f1,attention,laplacian,0.03604929557974721,1.0,False,0.7454545454545455,0.020155615988949216
wine,f1,attention,logarithmic,0.11585149752593009,1.0,False,0.7142857142857143,0.013768114601448
wine,f1,attention,lorentzian,0.4496917979688909,1.0,False,-0.4,-0.004707638040971407
wine,f1,attention,multiquadratic,0.07961580146011343,1.0,False,0.8666666666666667,0.014290431790431768
wine,f1,attention,quartic_spline,0.00038126325768650886,0.07549012502192876,False,0.9532163742690059,0.058397682564349185
wine,f1,attention,radial,0.07189213122806544,1.0,False,0.5428571428571428,0.02323614656947981
wine,f1,attention,rational_quadratic,0.9155825203905921,1.0,False,-0.047619047619047616,-0.0014140180806847535
wine,f1,attention,rbf_gaussian,0.07189213122806544,1.0,False,0.5428571428571428,0.02323614656947981
wine,f1,attention,shepard,0.046399461870904594,1.0,False,0.9047619047619048,0.018476739310072765
wine,f1,attention,sigmoidal,1.0,1.0,False,0.0,0.0
wine,f1,attention,softmax_radial,0.03604929557974721,1.0,False,0.7454545454545455,0.020155615988949216
wine,f1,attention,student_t,0.11585149752593009,1.0,False,0.7142857142857143,0.013768114601448
wine,f1,attention,wendland_c2,0.00038126325768650886,0.07549012502192876,False,0.9532163742690059,0.058397682564349185
wine,f1,cauchy,cosine,0.0009674284502477448,0.17994169174608052,False,1.0,0.044629567962901184
wine,f1,cauchy,cubic_spline,0.0009674284502477448,0.17994169174608052,False,1.0,0.044629567962901184
wine,f1,cauchy,entropic,0.34202633727507514,1.0,False,0.3076923076923077,0.00946803196803181
wine,f1,cauchy,gen_exponential,0.028263033165028862,1.0,False,-0.8222222222222222,-0.020849921683255057
wine,f1,cauchy,harmonic,0.11585149752593009,1.0,False,-0.7142857142857143,-0.013768114601448
wine,f1,cauchy,inverse_multiquadratic,1.0,1.0,False,0.0,0.0
wine,f1,cauchy,laplacian,0.3937686346429927,1.0,False,0.35714285714285715,0.006387501387501215
wine,f1,cauchy,logarithmic,1.0,1.0,False,0.0,0.0
wine,f1,cauchy,lorentzian,0.05867619965239266,1.0,False,-0.6727272727272727,-0.018475752642419407
wine,f1,cauchy,multiquadratic,0.31731050786291415,1.0,False,1.0,0.0005223171889837674
wine,f1,cauchy,quartic_spline,0.0009674284502477448,0.17994169174608052,False,1.0,0.044629567962901184
wine,f1,cauchy,radial,0.34202633727507514,1.0,False,0.3076923076923077,0.00946803196803181
wine,f1,cauchy,rational_quadratic,0.0912895702260051,1.0,False,-0.6666666666666666,-0.015182132682132754
wine,f1,cauchy,rbf_gaussian,0.34202633727507514,1.0,False,0.3076923076923077,0.00946803196803181
wine,f1,cauchy,shepard,0.17971249487899976,1.0,False,1.0,0.0047086247086247646
wine,f1,cauchy,sigmoidal,0.11585149752593009,1.0,False,-0.7142857142857143,-0.013768114601448
wine,f1,cauchy,softmax_radial,0.3937686346429927,1.0,False,0.35714285714285715,0.006387501387501215
wine,f1,cauchy,student_t,1.0,1.0,False,0.0,0.0
wine,f1,cauchy,wendland_c2,0.0009674284502477448,0.17994169174608052,False,1.0,0.044629567962901184
wine,f1,cosine,cubic_spline,1.0,1.0,False,0.0,0.0
wine,f1,cosine,entropic,0.005133553545126377,0.7751665853140829,False,-0.7315789473684211,-0.035161535994869375
wine,f1,cosine,gen_exponential,0.00012094386355213575,0.025398211345948506,True,-0.9567099567099567,-0.06547948964615624
wine,f1,cosine,harmonic,0.00038126325768650886,0.07549012502192876,False,-0.9532163742690059,-0.058397682564349185
wine,f1,cosine,inverse_multiquadratic,0.0009674284502477448,0.17994169174608052,False,-1.0,-0.044629567962901184
wine,f1,cosine,laplacian,0.00160049004943684,0.26568134820651546,False,-0.8970588235294118,-0.03824206657539997
wine,f1,cosine,logarithmic,0.0009674284502477448,0.17994169174608052,False,-1.0,-0.044629567962901184
wine,f1,cosine,lorentzian,0.00018682418472122645,0.03848578205257265,True,-0.9523809523809523,-0.06310532060532059
wine,f1,cosine,multiquadratic,0.0009758787856927137,0.17994169174608052,False,-1.0,-0.04410725077391742
wine,f1,cosine,quartic_spline,1.0,1.0,False,0.0,0.0
wine,f1,cosine,radial,0.005133553545126377,0.7751665853140829,False,-0.7315789473684211,-0.035161535994869375
wine,f1,cosine,rational_quadratic,0.0002149437262600279,0.04341863270452564,True,-0.9428571428571428,-0.05981170064503394
wine,f1,cosine,rbf_gaussian,0.005133553545126377,0.7751665853140829,False,-0.7315789473684211,-0.035161535994869375
wine,f1,cosine,shepard,0.0028305778354599906,0.4472312980026785,False,-0.9047619047619048,-0.03992094325427642
wine,f1,cosine,sigmoidal,0.00038126325768650886,0.07549012502192876,False,-0.9532163742690059,-0.058397682564349185
wine,f1,cosine,softmax_radial,0.00160049004943684,0.26568134820651546,False,-0.8970588235294118,-0.03824206657539997
wine,f1,cosine,student_t,0.0009674284502477448,0.17994169174608052,False,-1.0,-0.044629567962901184
wine,f1,cosine,wendland_c2,1.0,1.0,False,0.0,0.0
wine,f1,cubic_spline,entropic,0.005133553545126377,0.7751665853140829,False,-0.7315789473684211,-0.035161535994869375
wine,f1,cubic_spline,gen_exponential,0.00012094386355213575,0.025398211345948506,True,-0.9567099567099567,-0.06547948964615624
wine,f1,cubic_spline,harmonic,0.00038126325768650886,0.07549012502192876,False,-0.9532163742690059,-0.058397682564349185
wine,f1,cubic_spline,inverse_multiquadratic,0.0009674284502477448,0.17994169174608052,False,-1.0,-0.044629567962901184
wine,f1,cubic_spline,laplacian,0.00160049004943684,0.26568134820651546,False,-0.8970588235294118,-0.03824206657539997
wine,f1,cubic_spline,logarithmic,0.0009674284502477448,0.17994169174608052,False,-1.0,-0.044629567962901184
wine,f1,cubic_spline,lorentzian,0.00018682418472122645,0.03848578205257265,True,-0.9523809523809523,-0.06310532060532059
wine,f1,cubic_spline,multiquadratic,0.0009758787856927137,0.17994169174608052,False,-1.0,-0.04410725077391742
wine,f1,cubic_spline,quartic_spline,1.0,1.0,False,0.0,0.0
wine,f1,cubic_spline,radial,0.005133553545126377,0.7751665853140829,False,-0.7315789473684211,-0.035161535994869375
wine,f1,cubic_spline,rational_quadratic,0.0002149437262600279,0.04341863270452564,True,-0.9428571428571428,-0.05981170064503394
wine,f1,cubic_spline,rbf_gaussian,0.005133553545126377,0.7751665853140829,False,-0.7315789473684211,-0.035161535994869375
wine,f1,cubic_spline,shepard,0.0028305778354599906,0.4472312980026785,False,-0.9047619047619048,-0.03992094325427642
wine,f1,cubic_spline,sigmoidal,0.00038126325768650886,0.07549012502192876,False,-0.9532163742690059,-0.058397682564349185
wine,f1,cubic_spline,softmax_radial,0.00160049004943684,0.26568134820651546,False,-0.8970588235294118,-0.03824206657539997
wine,f1,cubic_spline,student_t,0.0009674284502477448,0.17994169174608052,False,-1.0,-0.044629567962901184
wine,f1,cubic_spline,wendland_c2,1.0,1.0,False,0.0,0.0
wine,f1,entropic,gen_exponential,0.004245648288725709,0.6538298364637591,False,-0.9696969696969697,-0.030317953651286866
wine,f1,entropic,harmonic,0.07189213122806544,1.0,False,-0.5428571428571428,-0.02323614656947981
wine,f1,entropic,inverse_multiquadratic,0.34202633727507514,1.0,False,-0.3076923076923077,-0.00946803196803181
wine,f1,entropic,laplacian,0.6754324550472048,1.0,False,-0.15555555555555556,-0.003080530580530594
wine,f1,entropic,logarithmic,0.34202633727507514,1.0,False,-0.3076923076923077,-0.00946803196803181
wine,f1,entropic,lorentzian,0.006551076724151545,0.9105996646570647,False,-0.9636363636363636,-0.027943784610451217
wine,f1,entropic,multiquadratic,0.34188618066929244,1.0,False,-0.2967032967032967,-0.008945714779048042
wine,f1,entropic,quartic_spline,0.005133553545126377,0.7751665853140829,False,0.7315789473684211,0.035161535994869375
wine,f1,entropic,radial,1.0,1.0,False,0.0,0.0
wine,f1,entropic,rational_quadratic,0.010177442378203762,1.0,False,-0.9555555555555556,-0.024650164650164563
wine,f1,entropic,rbf_gaussian,1.0,1.0,False,0.0,0.0
wine,f1,entropic,shepard,0.7175615245939908,1.0,False,-0.12727272727272726,-0.004759407259407045
wine,f1,entropic,sigmoidal,0.07189213122806544,1.0,False,-0.5428571428571428,-0.02323614656947981
wine,f1,entropic,softmax_radial,0.6754324550472048,1.0,False,-0.15555555555555556,-0.003080530580530594
wine,f1,entropic,student_t,0.34202633727507514,1.0,False,-0.3076923076923077,-0.00946803196803181
wine,f1,entropic,wendland_c2,0.005133553545126377,0.7751665853140829,False,0.7315789473684211,0.035161535994869375
wine,f1,gen_exponential,harmonic,0.10247043485974937,1.0,False,1.0,0.007081807081807057
wine,f1,gen_exponential,inverse_multiquadratic,0.028263033165028862,1.0,False,0.8222222222222222,0.020849921683255057
wine,f1,gen_exponential,laplacian,0.01775592261403605,1.0,False,1.0,0.027237423070756273
wine,f1,gen_exponential,logarithmic,0.028263033165028862,1.0,False,0.8222222222222222,0.020849921683255057
wine,f1,gen_exponential,lorentzian,0.31731050786291415,1.0,False,1.0,0.0023741690408356497
wine,f1,gen_exponential,multiquadratic,0.02488399513396536,1.0,False,0.8888888888888888,0.021372238872238825
wine,f1,gen_exponential,quartic_spline,0.00012094386355213575,0.025398211345948506,True,0.9567099567099567,0.06547948964615624
wine,f1,gen_exponential,radial,0.004245648288725709,0.6538298364637591,False,0.9696969696969697,0.030317953651286866
wine,f1,gen_exponential,rational_quadratic,0.28504940740261275,1.0,False,0.6666666666666666,0.005667789001122303
wine,f1,gen_exponential,rbf_gaussian,0.004245648288725709,0.6538298364637591,False,0.9696969696969697,0.030317953651286866
wine,f1,gen_exponential,shepard,0.010585735359396723,1.0,False,0.9555555555555556,0.02555854639187982
wine,f1,gen_exponential,sigmoidal,0.10247043485974937,1.0,False,1.0,0.007081807081807057
wine,f1,gen_exponential,softmax_radial,0.01775592261403605,1.0,False,1.0,0.027237423070756273
wine,f1,gen_exponential,student_t,0.028263033165028862,1.0,False,0.8222222222222222,0.020849921683255057
wine,f1,gen_exponential,wendland_c2,0.00012094386355213575,0.025398211345948506,True,0.9567099567099567,0.06547948964615624
wine,f1,harmonic,inverse_multiquadratic,0.11585149752593009,1.0,False,0.7142857142857143,0.013768114601448
wine,f1,harmonic,laplacian,0.03604929557974721,1.0,False,0.7454545454545455,0.020155615988949216
wine,f1,harmonic,logarithmic,0.11585149752593009,1.0,False,0.7142857142857143,0.013768114601448
wine,f1,harmonic,lorentzian,0.4496917979688909,1.0,False,-0.4,-0.004707638040971407
wine,f1,harmonic,multiquadratic,0.07961580146011343,1.0,False,0.8666666666666667,0.014290431790431768
wine,f1,harmonic,quartic_spline,0.00038126325768650886,0.07549012502192876,False,0.9532163742690059,0.058397682564349185
wine,f1,harmonic,radial,0.07189213122806544,1.0,False,0.5428571428571428,0.02323614656947981
wine,f1,harmonic,rational_quadratic,0.9155825203905921,1.0,False,-0.047619047619047616,-0.0014140180806847535
wine,f1,harmonic,rbf_gaussian,0.07189213122806544,1.0,False,0.5428571428571428,0.02323614656947981
wine,f1,harmonic,shepard,0.046399461870904594,1.0,False,0.9047619047619048,0.018476739310072765
wine,f1,harmonic,sigmoidal,1.0,1.0,False,0.0,0.0
wine,f1,harmonic,softmax_radial,0.03604929557974721,1.0,False,0.7454545454545455,0.020155615988949216
wine,f1,harmonic,student_t,0.11585149752593009,1.0,False,0.7142857142857143,0.013768114601448
wine,f1,harmonic,wendland_c2,0.00038126325768650886,0.07549012502192876,False,0.9532163742690059,0.058397682564349185
wine,f1,inverse_multiquadratic,laplacian,0.3937686346429927,1.0,False,0.35714285714285715,0.006387501387501215
wine,f1,inverse_multiquadratic,logarithmic,1.0,1.0,False,0.0,0.0
wine,f1,inverse_multiquadratic,lorentzian,0.05867619965239266,1.0,False,-0.6727272727272727,-0.018475752642419407
wine,f1,inverse_multiquadratic,multiquadratic,0.31731050786291415,1.0,False,1.0,0.0005223171889837674
wine,f1,inverse_multiquadratic,quartic_spline,0.0009674284502477448,0.17994169174608052,False,1.0,0.044629567962901184
wine,f1,inverse_multiquadratic,radial,0.34202633727507514,1.0,False,0.3076923076923077,0.00946803196803181
wine,f1,inverse_multiquadratic,rational_quadratic,0.0912895702260051,1.0,False,-0.6666666666666666,-0.015182132682132754
wine,f1,inverse_multiquadratic,rbf_gaussian,0.34202633727507514,1.0,False,0.3076923076923077,0.00946803196803181
wine,f1,inverse_multiquadratic,shepard,0.17971249487899976,1.0,False,1.0,0.0047086247086247646
wine,f1,inverse_multiquadratic,sigmoidal,0.11585149752593009,1.0,False,-0.7142857142857143,-0.013768114601448
wine,f1,inverse_multiquadratic,softmax_radial,0.3937686346429927,1.0,False,0.35714285714285715,0.006387501387501215
wine,f1,inverse_multiquadratic,student_t,1.0,1.0,False,0.0,0.0
wine,f1,inverse_multiquadratic,wendland_c2,0.0009674284502477448,0.17994169174608052,False,1.0,0.044629567962901184
wine,f1,laplacian,logarithmic,0.3937686346429927,1.0,False,-0.35714285714285715,-0.006387501387501215
wine,f1,laplacian,lorentzian,0.027281171477617997,1.0,False,-1.0,-0.024863254029920623
wine,f1,laplacian,multiquadratic,0.3946268662430952,1.0,False,-0.35714285714285715,-0.005865184198517448
wine,f1,laplacian,quartic_spline,0.00160049004943684,0.26568134820651546,False,0.8970588235294118,0.03824206657539997
wine,f1,laplacian,radial,0.6754324550472048,1.0,False,0.15555555555555556,0.003080530580530594
wine,f1,laplacian,rational_quadratic,0.039359508888249725,1.0,False,-1.0,-0.02156963406963397
wine,f1,laplacian,rbf_gaussian,0.6754324550472048,1.0,False,0.15555555555555556,0.003080530580530594
wine,f1,laplacian,shepard,0.6830913983096087,1.0,False,-0.2,-0.0016788766788764509
wine,f1,laplacian,sigmoidal,0.03604929557974721,1.0,False,-0.7454545454545455,-0.020155615988949216
wine,f1,laplacian,softmax_radial,1.0,1.0,False,0.0,0.0
wine,f1,laplacian,student_t,0.3937686346429927,1.0,False,-0.35714285714285715,-0.006387501387501215
wine,f1,laplacian,wendland_c2,0.00160049004943684,0.26568134820651546,False,0.8970588235294118,0.03824206657539997
wine,f1,logarithmic,lorentzian,0.05867619965239266,1.0,False,-0.6727272727272727,-0.018475752642419407
wine,f1,logarithmic,multiquadratic,0.31731050786291415,1.0,False,1.0,0.0005223171889837674
wine,f1,logarithmic,quartic_spline,0.0009674284502477448,0.17994169174608052,False,1.0,0.044629567962901184
wine,f1,logarithmic,radial,0.34202633727507514,1.0,False,0.3076923076923077,0.00946803196803181
wine,f1,logarithmic,rational_quadratic,0.0912895702260051,1.0,False,-0.6666666666666666,-0.015182132682132754
wine,f1,logarithmic,rbf_gaussian,0.34202633727507514,1.0,False,0.3076923076923077,0.00946803196803181
wine,f1,logarithmic,shepard,0.17971249487899976,1.0,False,1.0,0.0047086247086247646
wine,f1,logarithmic,sigmoidal,0.11585149752593009,1.0,False,-0.7142857142857143,-0.013768114601448
wine,f1,logarithmic,softmax_radial,0.3937686346429927,1.0,False,0.35714285714285715,0.006387501387501215
wine,f1,logarithmic,student_t,1.0,1.0,False,0.0,0.0
wine,f1,logarithmic,wendland_c2,0.0009674284502477448,0.17994169174608052,False,1.0,0.044629567962901184
wine,f1,lorentzian,multiquadratic,0.04980366802257659,1.0,False,0.7333333333333333,0.018998069831403175
wine,f1,lorentzian,quartic_spline,0.00018682418472122645,0.03848578205257265,True,0.9523809523809523,0.06310532060532059
wine,f1,lorentzian,radial,0.006551076724151545,0.9105996646570647,False,0.9636363636363636,0.027943784610451217
wine,f1,lorentzian,rational_quadratic,0.6547208460185769,1.0,False,0.3333333333333333,0.0032936199602866534
wine,f1,lorentzian,rbf_gaussian,0.006551076724151545,0.9105996646570647,False,0.9636363636363636,0.027943784610451217
wine,f1,lorentzian,shepard,0.017153601700200603,1.0,False,0.9444444444444444,0.023184377351044172
wine,f1,lorentzian,sigmoidal,0.4496917979688909,1.0,False,0.4,0.004707638040971407
wine,f1,lorentzian,softmax_radial,0.027281171477617997,1.0,False,1.0,0.024863254029920623
wine,f1,lorentzian,student_t,0.05867619965239266,1.0,False,0.6727272727272727,0.018475752642419407
wine,f1,lorentzian,wendland_c2,0.00018682418472122645,0.03848578205257265,True,0.9523809523809523,0.06310532060532059
wine,f1,multiquadratic,quartic_spline,0.0009758787856927137,0.17994169174608052,False,1.0,0.04410725077391742
wine,f1,multiquadratic,radial,0.34188618066929244,1.0,False,0.2967032967032967,0.008945714779048042
wine,f1,multiquadratic,rational_quadratic,0.08473112189471733,1.0,False,-0.6444444444444445,-0.01570444987111652
wine,f1,multiquadratic,rbf_gaussian,0.34188618066929244,1.0,False,0.2967032967032967,0.008945714779048042
wine,f1,multiquadratic,shepard,0.28504940740261275,1.0,False,0.6666666666666666,0.004186307519640997
wine,f1,multiquadratic,sigmoidal,0.07961580146011343,1.0,False,-0.8666666666666667,-0.014290431790431768
wine,f1,multiquadratic,softmax_radial,0.3946268662430952,1.0,False,0.35714285714285715,0.005865184198517448
wine,f1,multiquadratic,student_t,0.31731050786291415,1.0,False,-1.0,-0.0005223171889837674
wine,f1,multiquadratic,wendland_c2,0.0009758787856927137,0.17994169174608052,False,1.0,0.04410725077391742
wine,f1,quartic_spline,radial,0.005133553545126377,0.7751665853140829,False,-0.7315789473684211,-0.035161535994869375
wine,f1,quartic_spline,rational_quadratic,0.0002149437262600279,0.04341863270452564,True,-0.9428571428571428,-0.05981170064503394
wine,f1,quartic_spline,rbf_gaussian,0.005133553545126377,0.7751665853140829,False,-0.7315789473684211,-0.035161535994869375
wine,f1,quartic_spline,shepard,0.0028305778354599906,0.4472312980026785,False,-0.9047619047619048,-0.03992094325427642
wine,f1,quartic_spline,sigmoidal,0.00038126325768650886,0.07549012502192876,False,-0.9532163742690059,-0.058397682564349185
wine,f1,quartic_spline,softmax_radial,0.00160049004943684,0.26568134820651546,False,-0.8970588235294118,-0.03824206657539997
wine,f1,quartic_spline,student_t,0.0009674284502477448,0.17994169174608052,False,-1.0,-0.044629567962901184
wine,f1,quartic_spline,wendland_c2,1.0,1.0,False,0.0,0.0
wine,f1,radial,rational_quadratic,0.010177442378203762,1.0,False,-0.9555555555555556,-0.024650164650164563
wine,f1,radial,rbf_gaussian,1.0,1.0,False,0.0,0.0
wine,f1,radial,shepard,0.7175615245939908,1.0,False,-0.12727272727272726,-0.004759407259407045
wine,f1,radial,sigmoidal,0.07189213122806544,1.0,False,-0.5428571428571428,-0.02323614656947981
wine,f1,radial,softmax_radial,0.6754324550472048,1.0,False,-0.15555555555555556,-0.003080530580530594
wine,f1,radial,student_t,0.34202633727507514,1.0,False,-0.3076923076923077,-0.00946803196803181
wine,f1,radial,wendland_c2,0.005133553545126377,0.7751665853140829,False,0.7315789473684211,0.035161535994869375
wine,f1,rational_quadratic,rbf_gaussian,0.010177442378203762,1.0,False,0.9555555555555556,0.024650164650164563
wine,f1,rational_quadratic,shepard,0.027281171477617997,1.0,False,1.0,0.01989075739075752
wine,f1,rational_quadratic,sigmoidal,0.9155825203905921,1.0,False,0.047619047619047616,0.0014140180806847535
wine,f1,rational_quadratic,softmax_radial,0.039359508888249725,1.0,False,1.0,0.02156963406963397
wine,f1,rational_quadratic,student_t,0.0912895702260051,1.0,False,0.6666666666666666,0.015182132682132754
wine,f1,rational_quadratic,wendland_c2,0.0002149437262600279,0.04341863270452564,True,0.9428571428571428,0.05981170064503394
wine,f1,rbf_gaussian,shepard,0.7175615245939908,1.0,False,-0.12727272727272726,-0.004759407259407045
wine,f1,rbf_gaussian,sigmoidal,0.07189213122806544,1.0,False,-0.5428571428571428,-0.02323614656947981
wine,f1,rbf_gaussian,softmax_radial,0.6754324550472048,1.0,False,-0.15555555555555556,-0.003080530580530594
wine,f1,rbf_gaussian,student_t,0.34202633727507514,1.0,False,-0.3076923076923077,-0.00946803196803181
wine,f1,rbf_gaussian,wendland_c2,0.005133553545126377,0.7751665853140829,False,0.7315789473684211,0.035161535994869375
wine,f1,shepard,sigmoidal,0.046399461870904594,1.0,False,-0.9047619047619048,-0.018476739310072765
wine,f1,shepard,softmax_radial,0.6830913983096087,1.0,False,0.2,0.0016788766788764509
wine,f1,shepard,student_t,0.17971249487899976,1.0,False,-1.0,-0.0047086247086247646
wine,f1,shepard,wendland_c2,0.0028305778354599906,0.4472312980026785,False,0.9047619047619048,0.03992094325427642
wine,f1,sigmoidal,softmax_radial,0.03604929557974721,1.0,False,0.7454545454545455,0.020155615988949216
wine,f1,sigmoidal,student_t,0.11585149752593009,1.0,False,0.7142857142857143,0.013768114601448
wine,f1,sigmoidal,wendland_c2,0.00038126325768650886,0.07549012502192876,False,0.9532163742690059,0.058397682564349185
wine,f1,softmax_radial,student_t,0.3937686346429927,1.0,False,-0.35714285714285715,-0.006387501387501215
wine,f1,softmax_radial,wendland_c2,0.00160049004943684,0.26568134820651546,False,0.8970588235294118,0.03824206657539997
wine,f1,student_t,wendland_c2,0.0009674284502477448,0.17994169174608052,False,1.0,0.044629567962901184
zoo,f1,attention,cauchy,0.0832645166635504,1.0,False,1.0,0.010476190476190417
zoo,f1,attention,cosine,0.02435791571803699,1.0,False,1.0,0.033333333333333215
zoo,f1,attention,cubic_spline,0.02435791571803699,1.0,False,1.0,0.033333333333333215
zoo,f1,attention,entropic,0.3345942595854855,1.0,False,-0.42857142857142855,-0.01619047619047609
zoo,f1,attention,gen_exponential,0.0832645166635504,1.0,False,-1.0,-0.026666666666666727
zoo,f1,attention,harmonic,0.019630657257290667,1.0,False,1.0,0.04999999999999993
zoo,f1,attention,inverse_multiquadratic,0.03843393023678171,1.0,False,1.0,0.02825396825396831
zoo,f1,attention,laplacian,0.0832645166635504,1.0,False,-1.0,-0.026666666666666727
zoo,f1,attention,logarithmic,0.016351221575805885,1.0,False,1.0,0.04269841269841257
zoo,f1,attention,lorentzian,0.3345942595854855,1.0,False,-0.42857142857142855,-0.01619047619047609
zoo,f1,attention,multiquadratic,0.00017313723815709143,0.034454310393261196,True,1.0,0.21666666666666656
zoo,f1,attention,quartic_spline,0.02435791571803699,1.0,False,1.0,0.033333333333333215
zoo,f1,attention,radial,0.0832645166635504,1.0,False,-1.0,-0.026666666666666727
zoo,f1,attention,rational_quadratic,1.0,1.0,False,0.0,0.0
zoo,f1,attention,rbf_gaussian,0.0832645166635504,1.0,False,-1.0,-0.026666666666666727
zoo,f1,attention,shepard,0.3345942595854855,1.0,False,-0.42857142857142855,-0.01619047619047609
zoo,f1,attention,sigmoidal,0.0832645166635504,1.0,False,-1.0,-0.026666666666666727
zoo,f1,attention,softmax_radial,0.0832645166635504,1.0,False,-1.0,-0.026666666666666727
zoo,f1,attention,student_t,0.0832645166635504,1.0,False,1.0,0.010476190476190417
zoo,f1,attention,wendland_c2,0.02435791571803699,1.0,False,1.0,0.033333333333333215
zoo,f1,cauchy,cosine,0.0832645166635504,1.0,False,1.0,0.022857142857142798
zoo,f1,cauchy,cubic_spline,0.0832645166635504,1.0,False,1.0,0.022857142857142798
zoo,f1,cauchy,entropic,0.0832645166635504,1.0,False,-1.0,-0.026666666666666505
zoo,f1,cauchy,gen_exponential,0.02435791571803699,1.0,False,-1.0,-0.037142857142857144
zoo,f1,cauchy,harmonic,0.045797938810819776,1.0,False,0.7333333333333333,0.03952380952380952
zoo,f1,cauchy,inverse_multiquadratic,0.15729920705028502,1.0,False,1.0,0.017777777777777892
zoo,f1,cauchy,laplacian,0.02435791571803699,1.0,False,-1.0,-0.037142857142857144
zoo,f1,cauchy,logarithmic,0.05878172135535886,1.0,False,1.0,0.03222222222222215
zoo,f1,cauchy,lorentzian,0.0832645166635504,1.0,False,-1.0,-0.026666666666666505
zoo,f1,cauchy,multiquadratic,0.00012934604098538638,0.025998554238062663,True,0.948051948051948,0.20619047619047615
zoo,f1,cauchy,quartic_spline,0.0832645166635504,1.0,False,1.0,0.022857142857142798
zoo,f1,cauchy,radial,0.02435791571803699,1.0,False,-1.0,-0.037142857142857144
zoo,f1,cauchy,rational_quadratic,0.0832645166635504,1.0,False,-1.0,-0.010476190476190417
zoo,f1,cauchy,rbf_gaussian,0.02435791571803699,1.0,False,-1.0,-0.037142857142857144
zoo,f1,cauchy,shepard,0.0832645166635504,1.0,False,-1.0,-0.026666666666666505
zoo,f1,cauchy,sigmoidal,0.02435791571803699,1.0,False,-1.0,-0.037142857142857144
zoo,f1,cauchy,softmax_radial,0.02435791571803699,1.0,False,-1.0,-0.037142857142857144
zoo,f1,cauchy,student_t,1.0,1.0,False,0.0,0.0
zoo,f1,cauchy,wendland_c2,0.0832645166635504,1.0,False,1.0,0.022857142857142798
zoo,f1,cosine,cubic_spline,1.0,1.0,False,0.0,0.0
zoo,f1,cosine,entropic,0.02435791571803699,1.0,False,-1.0,-0.0495238095238093
zoo,f1,cosine,gen_exponential,0.0070583320485281004,1.0,False,-1.0,-0.05999999999999994
zoo,f1,cosine,harmonic,0.23421254136330594,1.0,False,0.38461538461538464,0.01666666666666672
zoo,f1,cosine,inverse_multiquadratic,0.6788452994243183,1.0,False,0.2,-0.005079365079364906
zoo,f1,cosine,laplacian,0.0070583320485281004,1.0,False,-1.0,-0.05999999999999994
zoo,f1,cosine,logarithmic,0.3911725228101395,1.0,False,0.35714285714285715,0.009365079365079354
zoo,f1,cosine,lorentzian,0.02435791571803699,1.0,False,-1.0,-0.0495238095238093
zoo,f1,cosine,multiquadratic,0.00023507955946376385,0.04607559365489772,True,0.9090909090909091,0.18333333333333335
zoo,f1,cosine,quartic_spline,1.0,1.0,False,0.0,0.0
zoo,f1,cosine,radial,0.0070583320485281004,1.0,False,-1.0,-0.05999999999999994
zoo,f1,cosine,rational_quadratic,0.02435791571803699,1.0,False,-1.0,-0.033333333333333215
zoo,f1,cosine,rbf_gaussian,0.0070583320485281004,1.0,False,-1.0,-0.05999999999999994
zoo,f1,cosine,shepard,0.02435791571803699,1.0,False,-1.0,-0.0495238095238093
zoo,f1,cosine,sigmoidal,0.0070583320485281004,1.0,False,-1.0,-0.05999999999999994
zoo,f1,cosine,softmax_radial,0.0070583320485281004,1.0,False,-1.0,-0.05999999999999994
zoo,f1,cosine,student_t,0.0832645166635504,1.0,False,-1.0,-0.022857142857142798
zoo,f1,cosine,wendland_c2,1.0,1.0,False,0.0,0.0
zoo,f1,cubic_spline,entropic,0.02435791571803699,1.0,False,-1.0,-0.0495238095238093
zoo,f1,cubic_spline,gen_exponential,0.0070583320485281004,1.0,False,-1.0,-0.05999999999999994
zoo,f1,cubic_spline,harmonic,0.23421254136330594,1.0,False,0.38461538461538464,0.01666666666666672
zoo,f1,cubic_spline,inverse_multiquadratic,0.6788452994243183,1.0,False,0.2,-0.005079365079364906
zoo,f1,cubic_spline,laplacian,0.0070583320485281004,1.0,False,-1.0,-0.05999999999999994
zoo,f1,cubic_spline,logarithmic,0.3911725228101395,1.0,False,0.35714285714285715,0.009365079365079354
zoo,f1,cubic_spline,lorentzian,0.02435791571803699,1.0,False,-1.0,-0.0495238095238093
zoo,f1,cubic_spline,multiquadratic,0.00023507955946376385,0.04607559365489772,True,0.9090909090909091,0.18333333333333335
zoo,f1,cubic_spline,quartic_spline,1.0,1.0,False,0.0,0.0
zoo,f1,cubic_spline,radial,0.0070583320485281004,1.0,False,-1.0,-0.05999999999999994
zoo,f1,cubic_spline,rational_quadratic,0.02435791571803699,1.0,False,-1.0,-0.033333333333333215
zoo,f1,cubic_spline,rbf_gaussian,0.0070583320485281004,1.0,False,-1.0,-0.05999999999999994
zoo,f1,cubic_spline,shepard,0.02435791571803699,1.0,False,-1.0,-0.0495238095238093
zoo,f1,cubic_spline,sigmoidal,0.0070583320485281004,1.0,False,-1.0,-0.05999999999999994
zoo,f1,cubic_spline,softmax_radial,0.0070583320485281004,1.0,False,-1.0,-0.05999999999999994
zoo,f1,cubic_spline,student_t,0.0832645166635504,1.0,False,-1.0,-0.022857142857142798
zoo,f1,cubic_spline,wendland_c2,1.0,1.0,False,0.0,0.0
zoo,f1,entropic,gen_exponential,0.0832645166635504,1.0,False,-1.0,-0.010476190476190639
zoo,f1,entropic,harmonic,0.007338787997984809,1.0,False,0.8461538461538461,0.06619047619047602
zoo,f1,entropic,inverse_multiquadratic,0.025347318677468252,1.0,False,1.0,0.0444444444444444
zoo,f1,entropic,laplacian,0.0832645166635504,1.0,False,-1.0,-0.010476190476190639
zoo,f1,entropic,logarithmic,0.011412036386001651,1.0,False,1.0,0.05888888888888866
zoo,f1,entropic,lorentzian,1.0,1.0,False,0.0,0.0
zoo,f1,entropic,multiquadratic,3.4742274831712544e-05,0.0072958777146596345,True,0.96,0.23285714285714265
zoo,f1,entropic,quartic_spline,0.02435791571803699,1.0,False,1.0,0.0495238095238093
zoo,f1,entropic,radial,0.0832645166635504,1.0,False,-1.0,-0.010476190476190639
zoo,f1,entropic,rational_quadratic,0.3345942595854855,1.0,False,0.42857142857142855,0.01619047619047609
zoo,f1,entropic,rbf_gaussian,0.0832645166635504,1.0,False,-1.0,-0.010476190476190639
zoo,f1,entropic,shepard,1.0,1.0,False,0.0,0.0
zoo,f1,entropic,sigmoidal,0.0832645166635504,1.0,False,-1.0,-0.010476190476190639
zoo,f1,entropic,softmax_radial,0.0832645166635504,1.0,False,-1.0,-0.010476190476190639
zoo,f1,entropic,student_t,0.0832645166635504,1.0,False,1.0,0.026666666666666505
zoo,f1,entropic,wendland_c2,0.02435791571803699,1.0,False,1.0,0.0495238095238093
zoo,f1,gen_exponential,harmonic,0.003892417122778628,0.7395592533279394,False,1.0,0.07666666666666666
zoo,f1,gen_exponential,inverse_multiquadratic,0.009374768459434876,1.0,False,1.0,0.054920634920635036
zoo,f1,gen_exponential,laplacian,1.0,1.0,False,0.0,0.0
zoo,f1,gen_exponential,logarithmic,0.004016514660032747,0.7395592533279394,False,1.0,0.0693650793650793
zoo,f1,gen_exponential,lorentzian,0.0832645166635504,1.0,False,1.0,0.010476190476190639
zoo,f1,gen_exponential,multiquadratic,5.111912646434444e-05,0.010581659178119299,True,1.0,0.2433333333333333
zoo,f1,gen_exponential,quartic_spline,0.0070583320485281004,1.0,False,1.0,0.05999999999999994
zoo,f1,gen_exponential,radial,1.0,1.0,False,0.0,0.0
zoo,f1,gen_exponential,rational_quadratic,0.0832645166635504,1.0,False,1.0,0.026666666666666727
zoo,f1,gen_exponential,rbf_gaussian,1.0,1.0,False,0.0,0.0
zoo,f1,gen_exponential,shepard,0.0832645166635504,1.0,False,1.0,0.010476190476190639
zoo,f1,gen_exponential,sigmoidal,1.0,1.0,False,0.0,0.0
zoo,f1,gen_exponential,softmax_radial,1.0,1.0,False,0.0,0.0
zoo,f1,gen_exponential,student_t,0.02435791571803699,1.0,False,1.0,0.037142857142857144
zoo,f1,gen_exponential,wendland_c2,0.0070583320485281004,1.0,False,1.0,0.05999999999999994
zoo,f1,harmonic,inverse_multiquadratic,0.17006696145390476,1.0,False,-0.5714285714285714,-0.021746031746031624
zoo,f1,harmonic,laplacian,0.003892417122778628,0.7395592533279394,False,-1.0,-0.07666666666666666
zoo,f1,harmonic,logarithmic,0.6788452994243183,1.0,False,-0.2,-0.0073015873015873645
zoo,f1,harmonic,lorentzian,0.007338787997984809,1.0,False,-0.8461538461538461,-0.06619047619047602
zoo,f1,harmonic,multiquadratic,0.0005581332264257344,0.10660344624731528,False,1.0,0.16666666666666663
zoo,f1,harmonic,quartic_spline,0.23421254136330594,1.0,False,-0.38461538461538464,-0.01666666666666672
zoo,f1,harmonic,radial,0.003892417122778628,0.7395592533279394,False,-1.0,-0.07666666666666666
zoo,f1,harmonic,rational_quadratic,0.019630657257290667,1.0,False,-1.0,-0.04999999999999993
zoo,f1,harmonic,rbf_gaussian,0.003892417122778628,0.7395592533279394,False,-1.0,-0.07666666666666666
zoo,f1,harmonic,shepard,0.007338787997984809,1.0,False,-0.8461538461538461,-0.06619047619047602
zoo,f1,harmonic,sigmoidal,0.003892417122778628,0.7395592533279394,False,-1.0,-0.07666666666666666
zoo,f1,harmonic,softmax_radial,0.003892417122778628,0.7395592533279394,False,-1.0,-0.07666666666666666
zoo,f1,harmonic,student_t,0.045797938810819776,1.0,False,-0.7333333333333333,-0.03952380952380952
zoo,f1,harmonic,wendland_c2,0.23421254136330594,1.0,False,-0.38461538461538464,-0.01666666666666672
zoo,f1,inverse_multiquadratic,laplacian,0.009374768459434876,1.0,False,-1.0,-0.054920634920635036
zoo,f1,inverse_multiquadratic,logarithmic,0.17971249487899976,1.0,False,1.0,0.01444444444444426
zoo,f1,inverse_multiquadratic,lorentzian,0.025347318677468252,1.0,False,-1.0,-0.0444444444444444
zoo,f1,inverse_multiquadratic,multiquadratic,0.00020078795922531134,0.039555227967386336,True,0.9428571428571428,0.18841269841269825
zoo,f1,inverse_multiquadratic,quartic_spline,0.6788452994243183,1.0,False,-0.2,0.005079365079364906
zoo,f1,inverse_multiquadratic,radial,0.009374768459434876,1.0,False,-1.0,-0.054920634920635036
zoo,f1,inverse_multiquadratic,rational_quadratic,0.03843393023678171,1.0,False,-1.0,-0.02825396825396831
zoo,f1,inverse_multiquadratic,rbf_gaussian,0.009374768459434876,1.0,False,-1.0,-0.054920634920635036
zoo,f1,inverse_multiquadratic,shepard,0.025347318677468252,1.0,False,-1.0,-0.0444444444444444
zoo,f1,inverse_multiquadratic,sigmoidal,0.009374768459434876,1.0,False,-1.0,-0.054920634920635036
zoo,f1,inverse_multiquadratic,softmax_radial,0.009374768459434876,1.0,False,-1.0,-0.054920634920635036
zoo,f1,inverse_multiquadratic,student_t,0.15729920705028502,1.0,False,-1.0,-0.017777777777777892
zoo,f1,inverse_multiquadratic,wendland_c2,0.6788452994243183,1.0,False,-0.2,0.005079365079364906
zoo,f1,laplacian,logarithmic,0.004016514660032747,0.7395592533279394,False,1.0,0.0693650793650793
zoo,f1,laplacian,lorentzian,0.0832645166635504,1.0,False,1.0,0.010476190476190639
zoo,f1,laplacian,multiquadratic,5.111912646434444e-05,0.010581659178119299,True,1.0,0.2433333333333333
zoo,f1,laplacian,quartic_spline,0.0070583320485281004,1.0,False,1.0,0.05999999999999994
zoo,f1,laplacian,radial,1.0,1.0,False,0.0,0.0
zoo,f1,laplacian,rational_quadratic,0.0832645166635504,1.0,False,1.0,0.026666666666666727
zoo,f1,laplacian,rbf_gaussian,1.0,1.0,False,0.0,0.0
zoo,f1,laplacian,shepard,0.0832645166635504,1.0,False,1.0,0.010476190476190639
zoo,f1,laplacian,sigmoidal,1.0,1.0,False,0.0,0.0
zoo,f1,laplacian,softmax_radial,1.0,1.0,False,0.0,0.0
zoo,f1,laplacian,student_t,0.02435791571803699,1.0,False,1.0,0.037142857142857144
zoo,f1,laplacian,wendland_c2,0.0070583320485281004,1.0,False,1.0,0.05999999999999994
zoo,f1,logarithmic,lorentzian,0.011412036386001651,1.0,False,-1.0,-0.05888888888888866
zoo,f1,logarithmic,multiquadratic,0.00048439145491353304,0.09300315934339834,False,0.9298245614035088,0.173968253968254
zoo,f1,logarithmic,quartic_spline,0.3911725228101395,1.0,False,-0.35714285714285715,-0.009365079365079354
zoo,f1,logarithmic,radial,0.004016514660032747,0.7395592533279394,False,-1.0,-0.0693650793650793
zoo,f1,logarithmic,rational_quadratic,0.016351221575805885,1.0,False,-1.0,-0.04269841269841257
zoo,f1,logarithmic,rbf_gaussian,0.004016514660032747,0.7395592533279394,False,-1.0,-0.0693650793650793
zoo,f1,logarithmic,shepard,0.011412036386001651,1.0,False,-1.0,-0.05888888888888866
zoo,f1,logarithmic,sigmoidal,0.004016514660032747,0.7395592533279394,False,-1.0,-0.0693650793650793
zoo,f1,logarithmic,softmax_radial,0.004016514660032747,0.7395592533279394,False,-1.0,-0.0693650793650793
zoo,f1,logarithmic,student_t,0.05878172135535886,1.0,False,-1.0,-0.03222222222222215
zoo,f1,logarithmic,wendland_c2,0.3911725228101395,1.0,False,-0.35714285714285715,-0.009365079365079354
zoo,f1,lorentzian,multiquadratic,3.4742274831712544e-05,0.0072958777146596345,True,0.96,0.23285714285714265
zoo,f1,lorentzian,quartic_spline,0.02435791571803699,1.0,False,1.0,0.0495238095238093
zoo,f1,lorentzian,radial,0.0832645166635504,1.0,False,-1.0,-0.010476190476190639
zoo,f1,lorentzian,rational_quadratic,0.3345942595854855,1.0,False,0.42857142857142855,0.01619047619047609
zoo,f1,lorentzian,rbf_gaussian,0.0832645166635504,1.0,False,-1.0,-0.010476190476190639
zoo,f1,lorentzian,shepard,1.0,1.0,False,0.0,0.0
zoo,f1,lorentzian,sigmoidal,0.0832645166635504,1.0,False,-1.0,-0.010476190476190639
zoo,f1,lorentzian,softmax_radial,0.0832645166635504,1.0,False,-1.0,-0.010476190476190639
zoo,f1,lorentzian,student_t,0.0832645166635504,1.0,False,1.0,0.026666666666666505
zoo,f1,lorentzian,wendland_c2,0.02435791571803699,1.0,False,1.0,0.0495238095238093
zoo,f1,multiquadratic,quartic_spline,0.00023507955946376385,0.04607559365489772,True,-0.9090909090909091,-0.18333333333333335
zoo,f1,multiquadratic,radial,5.111912646434444e-05,0.010581659178119299,True,-1.0,-0.2433333333333333
zoo,f1,multiquadratic,rational_quadratic,0.00017313723815709143,0.034454310393261196,True,-1.0,-0.21666666666666656
zoo,f1,multiquadratic,rbf_gaussian,5.111912646434444e-05,0.010581659178119299,True,-1.0,-0.2433333333333333
zoo,f1,multiquadratic,shepard,3.4742274831712544e-05,0.0072958777146596345,True,-0.96,-0.23285714285714265
zoo,f1,multiquadratic,sigmoidal,5.111912646434444e-05,0.010581659178119299,True,-1.0,-0.2433333333333333
zoo,f1,multiquadratic,softmax_radial,5.111912646434444e-05,0.010581659178119299,True,-1.0,-0.2433333333333333
zoo,f1,multiquadratic,student_t,0.00012934604098538638,0.025998554238062663,True,-0.948051948051948,-0.20619047619047615
zoo,f1,multiquadratic,wendland_c2,0.00023507955946376385,0.04607559365489772,True,-0.9090909090909091,-0.18333333333333335
zoo,f1,quartic_spline,radial,0.0070583320485281004,1.0,False,-1.0,-0.05999999999999994
zoo,f1,quartic_spline,rational_quadratic,0.02435791571803699,1.0,False,-1.0,-0.033333333333333215
zoo,f1,quartic_spline,rbf_gaussian,0.0070583320485281004,1.0,False,-1.0,-0.05999999999999994
zoo,f1,quartic_spline,shepard,0.02435791571803699,1.0,False,-1.0,-0.0495238095238093
zoo,f1,quartic_spline,sigmoidal,0.0070583320485281004,1.0,False,-1.0,-0.05999999999999994
zoo,f1,quartic_spline,softmax_radial,0.0070583320485281004,1.0,False,-1.0,-0.05999999999999994
zoo,f1,quartic_spline,student_t,0.0832645166635504,1.0,False,-1.0,-0.022857142857142798
zoo,f1,quartic_spline,wendland_c2,1.0,1.0,False,0.0,0.0
zoo,f1,radial,rational_quadratic,0.0832645166635504,1.0,False,1.0,0.026666666666666727
zoo,f1,radial,rbf_gaussian,1.0,1.0,False,0.0,0.0
zoo,f1,radial,shepard,0.0832645166635504,1.0,False,1.0,0.010476190476190639
zoo,f1,radial,sigmoidal,1.0,1.0,False,0.0,0.0
zoo,f1,radial,softmax_radial,1.0,1.0,False,0.0,0.0
zoo,f1,radial,student_t,0.02435791571803699,1.0,False,1.0,0.037142857142857144
zoo,f1,radial,wendland_c2,0.0070583320485281004,1.0,False,1.0,0.05999999999999994
zoo,f1,rational_quadratic,rbf_gaussian,0.0832645166635504,1.0,False,-1.0,-0.026666666666666727
zoo,f1,rational_quadratic,shepard,0.3345942595854855,1.0,False,-0.42857142857142855,-0.01619047619047609
zoo,f1,rational_quadratic,sigmoidal,0.0832645166635504,1.0,False,-1.0,-0.026666666666666727
zoo,f1,rational_quadratic,softmax_radial,0.0832645166635504,1.0,False,-1.0,-0.026666666666666727
zoo,f1,rational_quadratic,student_t,0.0832645166635504,1.0,False,1.0,0.010476190476190417
zoo,f1,rational_quadratic,wendland_c2,0.02435791571803699,1.0,False,1.0,0.033333333333333215
zoo,f1,rbf_gaussian,shepard,0.0832645166635504,1.0,False,1.0,0.010476190476190639
zoo,f1,rbf_gaussian,sigmoidal,1.0,1.0,False,0.0,0.0
zoo,f1,rbf_gaussian,softmax_radial,1.0,1.0,False,0.0,0.0
zoo,f1,rbf_gaussian,student_t,0.02435791571803699,1.0,False,1.0,0.037142857142857144
zoo,f1,rbf_gaussian,wendland_c2,0.0070583320485281004,1.0,False,1.0,0.05999999999999994
zoo,f1,shepard,sigmoidal,0.0832645166635504,1.0,False,-1.0,-0.010476190476190639
zoo,f1,shepard,softmax_radial,0.0832645166635504,1.0,False,-1.0,-0.010476190476190639
zoo,f1,shepard,student_t,0.0832645166635504,1.0,False,1.0,0.026666666666666505
zoo,f1,shepard,wendland_c2,0.02435791571803699,1.0,False,1.0,0.0495238095238093
zoo,f1,sigmoidal,softmax_radial,1.0,1.0,False,0.0,0.0
zoo,f1,sigmoidal,student_t,0.02435791571803699,1.0,False,1.0,0.037142857142857144
zoo,f1,sigmoidal,wendland_c2,0.0070583320485281004,1.0,False,1.0,0.05999999999999994
zoo,f1,softmax_radial,student_t,0.02435791571803699,1.0,False,1.0,0.037142857142857144
zoo,f1,softmax_radial,wendland_c2,0.0070583320485281004,1.0,False,1.0,0.05999999999999994
zoo,f1,student_t,wendland_c2,0.0832645166635504,1.0,False,1.0,0.022857142857142798
